[
  {
    "notificationLogId": 30,
    "tradingPartnerId": "TPCSUP",
    "transactionType": "214",
    "status": "SUCCESS",
    "processedDateTime": {
      "dayOfYear": 201,
      "monthValue": 7,
      "month": "JULY",
      "year": 2016,
      "dayOfMonth": 19,
      "dayOfWeek": "TUESDAY",
      "hour": 5,
      "minute": 9,
      "nano": 168000000,
      "second": 28,
      "chronology": {
        "id": "ISO",
        "calendarType": "iso8601"
      }
    },
    "stop": 56,
    "referenceNumber": null,
    "callType": null,
    "shipId": "615812096",
    "transactionSetNumber": null,
    "interchangeControlNumber": null,
    "groupSetNumber": null,
    "errorMessage": null
  },
  {
    "notificationLogId": 31,
    "tradingPartnerId": "TPCSUP",
    "transactionType": "214",
    "status": null,
    "processedDateTime": {
      "dayOfYear": 201,
      "monthValue": 7,
      "month": "JULY",
      "year": 2016,
      "dayOfMonth": 19,
      "dayOfWeek": "TUESDAY",
      "hour": 5,
      "minute": 9,
      "nano": 168000000,
      "second": 28,
      "chronology": {
        "id": "ISO",
        "calendarType": "iso8601"
      }
    },
    "stop": 56,
    "referenceNumber": null,
    "callType": null,
    "shipId": "615812096",
    "transactionSetNumber": null,
    "interchangeControlNumber": null,
    "groupSetNumber": null,
    "errorMessage": null
  }
]