{
  "_embedded": {
    "orderRuleTypes": [
      {
        "@id": 1,
        "orderRuleTypeDescription": "Business Unit Rule Type",
        "effectiveTimestamp": "2016-01-01T00:00:00",
        "expirationTimestamp": "2199-12-31T23:59:59",
        "lastUpdateTimestampString": "2017-04-20T11:52:45.3629688",
        "_links": {
          "self": {
            "href": "http://jvdweb12801.jbhunt.com/ordermanagementruleservices/orderRuleTypes/BusUnit"
          },
          "orderRuleType": {
            "href": "http://jvdweb12801.jbhunt.com/ordermanagementruleservices/orderRuleTypes/BusUnit"
          }
        }
      },
      {
        "@id": 2,
        "orderRuleTypeDescription": "Company Rule Type",
        "effectiveTimestamp": "2016-01-01T00:00:00",
        "expirationTimestamp": "2199-12-31T23:59:59",
        "lastUpdateTimestampString": "2017-04-20T11:52:45.3629688",
        "_links": {
          "self": {
            "href": "http://jvdweb12801.jbhunt.com/ordermanagementruleservices/orderRuleTypes/Company"
          },
          "orderRuleType": {
            "href": "http://jvdweb12801.jbhunt.com/ordermanagementruleservices/orderRuleTypes/Company"
          }
        }
      },
      {
        "@id": 3,
        "orderRuleTypeDescription": "Customer Rule Type",
        "effectiveTimestamp": "2016-01-01T00:00:00",
        "expirationTimestamp": "2199-12-31T23:59:59",
        "lastUpdateTimestampString": "2017-04-20T11:52:45.3629688",
        "_links": {
          "self": {
            "href": "http://jvdweb12801.jbhunt.com/ordermanagementruleservices/orderRuleTypes/Customer"
          },
          "orderRuleType": {
            "href": "http://jvdweb12801.jbhunt.com/ordermanagementruleservices/orderRuleTypes/Customer"
          }
        }
      },
      {
        "@id": 4,
        "orderRuleTypeDescription": "Service Offering",
        "effectiveTimestamp": "2017-04-22T06:36:14.4151167",
        "expirationTimestamp": "2199-12-31T23:59:59",
        "lastUpdateTimestampString": "2017-04-22T06:36:14.4151167",
        "_links": {
          "self": {
            "href": "http://jvdweb12801.jbhunt.com/ordermanagementruleservices/orderRuleTypes/ServOff"
          },
          "orderRuleType": {
            "href": "http://jvdweb12801.jbhunt.com/ordermanagementruleservices/orderRuleTypes/ServOff"
          }
        }
      }
    ]
  },
  "_links": {
    "self": {
      "href": "http://jvdweb12801.jbhunt.com/ordermanagementruleservices/orderRuleTypes"
    },
    "profile": {
      "href": "http://jvdweb12801.jbhunt.com/ordermanagementruleservices/profile/orderRuleTypes"
    }
  },
  "page": {
    "size": 20,
    "totalElements": 4,
    "totalPages": 1,
    "number": 0
  }
}