{
  "_embedded": {
    "orderRuleCategories": [
      {
        "@id": 1,
        "orderRuleCategoryDescription": "Alternate Service Offering",
        "effectiveTimestamp": "2017-04-22T06:32:28.0156002",
        "expirationTimestamp": "2199-12-31T23:59:59",
        "lastUpdateTimestampString": "2017-04-22T06:32:28.0156002",
        "_links": {
          "self": {
            "href": "http://jvdweb12801.jbhunt.com/ordermanagementruleservices/orderRuleCategories/AltServOff"
          },
          "orderRuleCategory": {
            "href": "http://jvdweb12801.jbhunt.com/ordermanagementruleservices/orderRuleCategories/AltServOff"
          }
        }
      },
      {
        "@id": 2,
        "orderRuleCategoryDescription": "Appoint Category",
        "effectiveTimestamp": "2016-01-01T00:00:00",
        "expirationTimestamp": "2199-12-31T23:59:59",
        "lastUpdateTimestampString": "2017-04-20T11:51:15.187324",
        "_links": {
          "self": {
            "href": "http://jvdweb12801.jbhunt.com/ordermanagementruleservices/orderRuleCategories/Appoint"
          },
          "orderRuleCategory": {
            "href": "http://jvdweb12801.jbhunt.com/ordermanagementruleservices/orderRuleCategories/Appoint"
          }
        }
      },
      {
        "@id": 3,
        "orderRuleCategoryDescription": "Auto Accept Category",
        "effectiveTimestamp": "2016-01-01T00:00:00",
        "expirationTimestamp": "2199-12-31T23:59:59",
        "lastUpdateTimestampString": "2017-04-20T11:51:15.2029491",
        "_links": {
          "self": {
            "href": "http://jvdweb12801.jbhunt.com/ordermanagementruleservices/orderRuleCategories/AutoAccept"
          },
          "orderRuleCategory": {
            "href": "http://jvdweb12801.jbhunt.com/ordermanagementruleservices/orderRuleCategories/AutoAccept"
          }
        }
      },
      {
        "@id": 4,
        "orderRuleCategoryDescription": "Auto Updates Category",
        "effectiveTimestamp": "2016-01-01T00:00:00",
        "expirationTimestamp": "2199-12-31T23:59:59",
        "lastUpdateTimestampString": "2017-04-20T11:51:15.2029491",
        "_links": {
          "self": {
            "href": "http://jvdweb12801.jbhunt.com/ordermanagementruleservices/orderRuleCategories/AutoUpdate"
          },
          "orderRuleCategory": {
            "href": "http://jvdweb12801.jbhunt.com/ordermanagementruleservices/orderRuleCategories/AutoUpdate"
          }
        }
      },
      {
        "@id": 5,
        "orderRuleCategoryDescription": "Capacity Qualification Category",
        "effectiveTimestamp": "2016-01-01T00:00:00",
        "expirationTimestamp": "2199-12-31T23:59:59",
        "lastUpdateTimestampString": "2017-04-20T11:51:15.2029491",
        "_links": {
          "self": {
            "href": "http://jvdweb12801.jbhunt.com/ordermanagementruleservices/orderRuleCategories/Capacity"
          },
          "orderRuleCategory": {
            "href": "http://jvdweb12801.jbhunt.com/ordermanagementruleservices/orderRuleCategories/Capacity"
          }
        }
      },
      {
        "@id": 6,
        "orderRuleCategoryDescription": "Commitment Category",
        "effectiveTimestamp": "2016-01-01T00:00:00",
        "expirationTimestamp": "2199-12-31T23:59:59",
        "lastUpdateTimestampString": "2017-04-20T11:51:15.2029491",
        "_links": {
          "self": {
            "href": "http://jvdweb12801.jbhunt.com/ordermanagementruleservices/orderRuleCategories/Commitment"
          },
          "orderRuleCategory": {
            "href": "http://jvdweb12801.jbhunt.com/ordermanagementruleservices/orderRuleCategories/Commitment"
          }
        }
      },
      {
        "@id": 7,
        "orderRuleCategoryDescription": "Defaults Category",
        "effectiveTimestamp": "2016-01-01T00:00:00",
        "expirationTimestamp": "2199-12-31T23:59:59",
        "lastUpdateTimestampString": "2017-04-20T11:51:15.2029491",
        "_links": {
          "self": {
            "href": "http://jvdweb12801.jbhunt.com/ordermanagementruleservices/orderRuleCategories/Defaults"
          },
          "orderRuleCategory": {
            "href": "http://jvdweb12801.jbhunt.com/ordermanagementruleservices/orderRuleCategories/Defaults"
          }
        }
      },
      {
        "@id": 8,
        "orderRuleCategoryDescription": "Destination Delivery Appoint",
        "effectiveTimestamp": "2016-01-01T00:00:00",
        "expirationTimestamp": "2199-12-31T23:59:59",
        "lastUpdateTimestampString": "2017-04-20T11:51:15.2029491",
        "_links": {
          "self": {
            "href": "http://jvdweb12801.jbhunt.com/ordermanagementruleservices/orderRuleCategories/DestDelApo"
          },
          "orderRuleCategory": {
            "href": "http://jvdweb12801.jbhunt.com/ordermanagementruleservices/orderRuleCategories/DestDelApo"
          }
        }
      },
      {
        "@id": 9,
        "orderRuleCategoryDescription": "Dwell",
        "effectiveTimestamp": "2016-01-01T00:00:00",
        "expirationTimestamp": "2199-12-31T23:59:59",
        "lastUpdateTimestampString": "2017-04-20T11:51:15.2029491",
        "_links": {
          "self": {
            "href": "http://jvdweb12801.jbhunt.com/ordermanagementruleservices/orderRuleCategories/Dwell"
          },
          "orderRuleCategory": {
            "href": "http://jvdweb12801.jbhunt.com/ordermanagementruleservices/orderRuleCategories/Dwell"
          }
        }
      },
      {
        "@id": 10,
        "orderRuleCategoryDescription": "Edi Exceptions",
        "effectiveTimestamp": "2016-01-01T00:00:00",
        "expirationTimestamp": "2199-12-31T23:59:59",
        "lastUpdateTimestampString": "2017-04-20T11:51:15.218573",
        "_links": {
          "self": {
            "href": "http://jvdweb12801.jbhunt.com/ordermanagementruleservices/orderRuleCategories/EdiExcep"
          },
          "orderRuleCategory": {
            "href": "http://jvdweb12801.jbhunt.com/ordermanagementruleservices/orderRuleCategories/EdiExcep"
          }
        }
      },
      {
        "@id": 11,
        "orderRuleCategoryDescription": "Equipment Qualification Category",
        "effectiveTimestamp": "2016-01-01T00:00:00",
        "expirationTimestamp": "2199-12-31T23:59:59",
        "lastUpdateTimestampString": "2017-04-20T11:51:15.2029491",
        "_links": {
          "self": {
            "href": "http://jvdweb12801.jbhunt.com/ordermanagementruleservices/orderRuleCategories/Equipment"
          },
          "orderRuleCategory": {
            "href": "http://jvdweb12801.jbhunt.com/ordermanagementruleservices/orderRuleCategories/Equipment"
          }
        }
      },
      {
        "@id": 12,
        "orderRuleCategoryDescription": "Exception Management",
        "effectiveTimestamp": "2016-01-01T00:00:00",
        "expirationTimestamp": "2199-12-31T23:59:59",
        "lastUpdateTimestampString": "2017-04-20T11:51:15.2029491",
        "_links": {
          "self": {
            "href": "http://jvdweb12801.jbhunt.com/ordermanagementruleservices/orderRuleCategories/ExcepManag"
          },
          "orderRuleCategory": {
            "href": "http://jvdweb12801.jbhunt.com/ordermanagementruleservices/orderRuleCategories/ExcepManag"
          }
        }
      },
      {
        "@id": 13,
        "orderRuleCategoryDescription": "Exclusion Category",
        "effectiveTimestamp": "2016-01-01T00:00:00",
        "expirationTimestamp": "2199-12-31T23:59:59",
        "lastUpdateTimestampString": "2017-04-20T11:51:15.187324",
        "_links": {
          "self": {
            "href": "http://jvdweb12801.jbhunt.com/ordermanagementruleservices/orderRuleCategories/Exclusion"
          },
          "orderRuleCategory": {
            "href": "http://jvdweb12801.jbhunt.com/ordermanagementruleservices/orderRuleCategories/Exclusion"
          }
        }
      },
      {
        "@id": 14,
        "orderRuleCategoryDescription": "Items Category",
        "effectiveTimestamp": "2016-01-01T00:00:00",
        "expirationTimestamp": "2199-12-31T23:59:59",
        "lastUpdateTimestampString": "2017-04-20T11:51:15.187324",
        "_links": {
          "self": {
            "href": "http://jvdweb12801.jbhunt.com/ordermanagementruleservices/orderRuleCategories/Items"
          },
          "orderRuleCategory": {
            "href": "http://jvdweb12801.jbhunt.com/ordermanagementruleservices/orderRuleCategories/Items"
          }
        }
      },
      {
        "@id": 15,
        "orderRuleCategoryDescription": "Link UCR ",
        "effectiveTimestamp": "2016-01-01T00:00:00",
        "expirationTimestamp": "2199-12-31T23:59:59",
        "lastUpdateTimestampString": "2017-04-20T11:51:15.2029491",
        "_links": {
          "self": {
            "href": "http://jvdweb12801.jbhunt.com/ordermanagementruleservices/orderRuleCategories/LinkUCR"
          },
          "orderRuleCategory": {
            "href": "http://jvdweb12801.jbhunt.com/ordermanagementruleservices/orderRuleCategories/LinkUCR"
          }
        }
      },
      {
        "@id": 16,
        "orderRuleCategoryDescription": "Notification Category",
        "effectiveTimestamp": "2016-01-01T00:00:00",
        "expirationTimestamp": "2199-12-31T23:59:59",
        "lastUpdateTimestampString": "2017-04-20T11:51:15.2029491",
        "_links": {
          "self": {
            "href": "http://jvdweb12801.jbhunt.com/ordermanagementruleservices/orderRuleCategories/Notify"
          },
          "orderRuleCategory": {
            "href": "http://jvdweb12801.jbhunt.com/ordermanagementruleservices/orderRuleCategories/Notify"
          }
        }
      },
      {
        "@id": 17,
        "orderRuleCategoryDescription": "Opportunity Category",
        "effectiveTimestamp": "2016-01-01T00:00:00",
        "expirationTimestamp": "2199-12-31T23:59:59",
        "lastUpdateTimestampString": "2017-04-20T11:51:15.2029491",
        "_links": {
          "self": {
            "href": "http://jvdweb12801.jbhunt.com/ordermanagementruleservices/orderRuleCategories/Opprtunity"
          },
          "orderRuleCategory": {
            "href": "http://jvdweb12801.jbhunt.com/ordermanagementruleservices/orderRuleCategories/Opprtunity"
          }
        }
      },
      {
        "@id": 18,
        "orderRuleCategoryDescription": "Order Update Category",
        "effectiveTimestamp": "2016-01-01T00:00:00",
        "expirationTimestamp": "2199-12-31T23:59:59",
        "lastUpdateTimestampString": "2017-04-20T11:51:15.2029491",
        "_links": {
          "self": {
            "href": "http://jvdweb12801.jbhunt.com/ordermanagementruleservices/orderRuleCategories/OrderUpdt"
          },
          "orderRuleCategory": {
            "href": "http://jvdweb12801.jbhunt.com/ordermanagementruleservices/orderRuleCategories/OrderUpdt"
          }
        }
      },
      {
        "@id": 19,
        "orderRuleCategoryDescription": "Other Qualification Category",
        "effectiveTimestamp": "2016-01-01T00:00:00",
        "expirationTimestamp": "2199-12-31T23:59:59",
        "lastUpdateTimestampString": "2017-04-20T11:51:15.2029491",
        "_links": {
          "self": {
            "href": "http://jvdweb12801.jbhunt.com/ordermanagementruleservices/orderRuleCategories/OtherQual"
          },
          "orderRuleCategory": {
            "href": "http://jvdweb12801.jbhunt.com/ordermanagementruleservices/orderRuleCategories/OtherQual"
          }
        }
      },
      {
        "@id": 20,
        "orderRuleCategoryDescription": "Parameters Category",
        "effectiveTimestamp": "2016-01-01T00:00:00",
        "expirationTimestamp": "2199-12-31T23:59:59",
        "lastUpdateTimestampString": "2017-04-20T11:51:15.2029491",
        "_links": {
          "self": {
            "href": "http://jvdweb12801.jbhunt.com/ordermanagementruleservices/orderRuleCategories/Parameters"
          },
          "orderRuleCategory": {
            "href": "http://jvdweb12801.jbhunt.com/ordermanagementruleservices/orderRuleCategories/Parameters"
          }
        }
      }
    ]
  },
  "_links": {
    "first": {
      "href": "http://jvdweb12801.jbhunt.com/ordermanagementruleservices/orderRuleCategories?page=0&size=20"
    },
    "self": {
      "href": "http://jvdweb12801.jbhunt.com/ordermanagementruleservices/orderRuleCategories"
    },
    "next": {
      "href": "http://jvdweb12801.jbhunt.com/ordermanagementruleservices/orderRuleCategories?page=1&size=20"
    },
    "last": {
      "href": "http://jvdweb12801.jbhunt.com/ordermanagementruleservices/orderRuleCategories?page=1&size=20"
    },
    "profile": {
      "href": "http://jvdweb12801.jbhunt.com/ordermanagementruleservices/profile/orderRuleCategories"
    }
  },
  "page": {
    "size": 20,
    "totalElements": 31,
    "totalPages": 2,
    "number": 0
  }
}