{
  "answerLogs": null,
  "answerLogDTOs": [
    {
      "answerLog": {
        "answerLogID": 247,
        "questionID": 1,
        "appointmentID": 205,
        "freeTextAnswerLog": null,
        "multipleChoiceAnswerLog": null,
        "numericAnswerLog": null,
        "dateAnswerLog": null,
        "lastUpdateTimestampString": "2018-01-02T00:22:52.781"
      },
      "question": {
        "questionID": 1,
        "applicationDomainCode": "OrdMgmnt",
        "questionTypeCode": "MultChoice",
        "questionCategoryCode": "ApptCreate",
        "questionText": "Delivery Type",
        "possibleAnswers": [
          {
            "answerOptionID": 1,
            "questionID": 1,
            "answerOptionText": "Home",
            "answerOptionSequenceNumber": 1,
            "questionDependencyList": [
              {
                "questionDependencyID": 1,
                "answerOptionID": 1,
                "question": {
                  "questionID": 2,
                  "applicationDomainCode": "OrdMgmnt",
                  "questionTypeCode": "MultChoice",
                  "questionCategoryCode": "ApptCreate",
                  "questionText": "Is There A Clear Path To The Door Free Of Obstructions?",
                  "possibleAnswers": [
                    {
                      "answerOptionID": 4,
                      "questionID": 2,
                      "answerOptionText": "Yes",
                      "answerOptionSequenceNumber": 1,
                      "questionDependencyList": [
                        
                      ],
                      "lastUpdateTimestampString": "2017-12-18T06:08:19.4462305"
                    },
                    {
                      "answerOptionID": 5,
                      "questionID": 2,
                      "answerOptionText": "No",
                      "answerOptionSequenceNumber": 2,
                      "questionDependencyList": [
                        
                      ],
                      "lastUpdateTimestampString": "2017-12-18T06:08:19.461858"
                    }
                  ],
                  "lastUpdateTimestampString": "2017-12-18T06:08:18.3680725"
                },
                "lastUpdateTimestampString": "2017-12-18T06:08:20.6337541"
              },
              {
                "questionDependencyID": 3,
                "answerOptionID": 1,
                "question": {
                  "questionID": 3,
                  "applicationDomainCode": "OrdMgmnt",
                  "questionTypeCode": "MultChoice",
                  "questionCategoryCode": "ApptCreate",
                  "questionText": "Is There A Paved Access To The Front Door?",
                  "possibleAnswers": [
                    {
                      "answerOptionID": 6,
                      "questionID": 3,
                      "answerOptionText": "Yes",
                      "answerOptionSequenceNumber": 1,
                      "questionDependencyList": [
                        
                      ],
                      "lastUpdateTimestampString": "2017-12-18T06:08:19.461858"
                    },
                    {
                      "answerOptionID": 7,
                      "questionID": 3,
                      "answerOptionText": "No",
                      "answerOptionSequenceNumber": 2,
                      "questionDependencyList": [
                        
                      ],
                      "lastUpdateTimestampString": "2017-12-18T06:08:19.4774831"
                    }
                  ],
                  "lastUpdateTimestampString": "2017-12-18T06:08:18.3680725"
                },
                "lastUpdateTimestampString": "2017-12-18T06:08:20.6494241"
              },
              {
                "questionDependencyID": 5,
                "answerOptionID": 1,
                "question": {
                  "questionID": 4,
                  "applicationDomainCode": "OrdMgmnt",
                  "questionTypeCode": "FreeText",
                  "questionCategoryCode": "ApptCreate",
                  "questionText": "Is Your Doorway Wide Enough For The Product? Is It Wider Than 36\"?",
                  "possibleAnswers": [
                    
                  ],
                  "lastUpdateTimestampString": "2017-12-18T06:08:18.3837057"
                },
                "lastUpdateTimestampString": "2017-12-18T06:08:20.6650418"
              },
              {
                "questionDependencyID": 7,
                "answerOptionID": 1,
                "question": {
                  "questionID": 5,
                  "applicationDomainCode": "OrdMgmnt",
                  "questionTypeCode": "FreeText",
                  "questionCategoryCode": "ApptCreate",
                  "questionText": "Type Of Floor Materials In Hall.",
                  "possibleAnswers": [
                    
                  ],
                  "lastUpdateTimestampString": "2017-12-18T06:08:18.3837057"
                },
                "lastUpdateTimestampString": "2017-12-18T06:08:20.6806606"
              },
              {
                "questionDependencyID": 9,
                "answerOptionID": 1,
                "question": {
                  "questionID": 6,
                  "applicationDomainCode": "OrdMgmnt",
                  "questionTypeCode": "FreeText",
                  "questionCategoryCode": "ApptCreate",
                  "questionText": "Type Of Floor Material In Kitchen.",
                  "possibleAnswers": [
                    
                  ],
                  "lastUpdateTimestampString": "2017-12-18T06:08:18.3993367"
                },
                "lastUpdateTimestampString": "2017-12-18T06:08:20.6962696"
              },
              {
                "questionDependencyID": 11,
                "answerOptionID": 1,
                "question": {
                  "questionID": 7,
                  "applicationDomainCode": "OrdMgmnt",
                  "questionTypeCode": "MultChoice",
                  "questionCategoryCode": "ApptCreate",
                  "questionText": "Is There An Appliance In Place Where We Will Be Setting The New One?",
                  "possibleAnswers": [
                    {
                      "answerOptionID": 8,
                      "questionID": 7,
                      "answerOptionText": "Yes",
                      "answerOptionSequenceNumber": 1,
                      "questionDependencyList": [
                        {
                          "questionDependencyID": 13,
                          "answerOptionID": 8,
                          "question": {
                            "questionID": 8,
                            "applicationDomainCode": "OrdMgmnt",
                            "questionTypeCode": "MultChoice",
                            "questionCategoryCode": "ApptCreate",
                            "questionText": "How Is The Current Appliance Wired?",
                            "possibleAnswers": [
                              {
                                "answerOptionID": 11,
                                "questionID": 8,
                                "answerOptionText": "Plugged in",
                                "answerOptionSequenceNumber": 1,
                                "questionDependencyList": [
                                  
                                ],
                                "lastUpdateTimestampString": "2017-12-18T06:08:19.5087386"
                              },
                              {
                                "answerOptionID": 12,
                                "questionID": 8,
                                "answerOptionText": "Hardwired",
                                "answerOptionSequenceNumber": 2,
                                "questionDependencyList": [
                                  
                                ],
                                "lastUpdateTimestampString": "2017-12-18T06:08:19.5087386"
                              }
                            ],
                            "lastUpdateTimestampString": "2017-12-18T06:08:18.3993367"
                          },
                          "lastUpdateTimestampString": "2017-12-18T06:08:20.7275167"
                        }
                      ],
                      "lastUpdateTimestampString": "2017-12-18T06:08:19.4774831"
                    },
                    {
                      "answerOptionID": 9,
                      "questionID": 7,
                      "answerOptionText": "No",
                      "answerOptionSequenceNumber": 2,
                      "questionDependencyList": [
                        
                      ],
                      "lastUpdateTimestampString": "2017-12-18T06:08:19.4931019"
                    },
                    {
                      "answerOptionID": 10,
                      "questionID": 7,
                      "answerOptionText": "NA",
                      "answerOptionSequenceNumber": 3,
                      "questionDependencyList": [
                        
                      ],
                      "lastUpdateTimestampString": "2017-12-18T06:08:19.4931019"
                    }
                  ],
                  "lastUpdateTimestampString": "2017-12-18T06:08:18.3993367"
                },
                "lastUpdateTimestampString": "2017-12-18T06:08:20.6962696"
              },
              {
                "questionDependencyID": 14,
                "answerOptionID": 1,
                "question": {
                  "questionID": 9,
                  "applicationDomainCode": "OrdMgmnt",
                  "questionTypeCode": "MultChoice",
                  "questionCategoryCode": "ApptCreate",
                  "questionText": "Is The Electric Service In The House On?",
                  "possibleAnswers": [
                    {
                      "answerOptionID": 13,
                      "questionID": 9,
                      "answerOptionText": "Yes",
                      "answerOptionSequenceNumber": 1,
                      "questionDependencyList": [
                        
                      ],
                      "lastUpdateTimestampString": "2017-12-18T06:08:19.5399852"
                    },
                    {
                      "answerOptionID": 14,
                      "questionID": 9,
                      "answerOptionText": "No",
                      "answerOptionSequenceNumber": 2,
                      "questionDependencyList": [
                        
                      ],
                      "lastUpdateTimestampString": "2017-12-18T06:08:19.5556062"
                    },
                    {
                      "answerOptionID": 15,
                      "questionID": 9,
                      "answerOptionText": "NA",
                      "answerOptionSequenceNumber": 3,
                      "questionDependencyList": [
                        
                      ],
                      "lastUpdateTimestampString": "2017-12-18T06:08:19.5556062"
                    }
                  ],
                  "lastUpdateTimestampString": "2017-12-18T06:08:18.4149541"
                },
                "lastUpdateTimestampString": "2017-12-18T06:08:20.7275167"
              },
              {
                "questionDependencyID": 16,
                "answerOptionID": 1,
                "question": {
                  "questionID": 10,
                  "applicationDomainCode": "OrdMgmnt",
                  "questionTypeCode": "MultChoice",
                  "questionCategoryCode": "ApptCreate",
                  "questionText": "Is Water Service On, Shut-Off Value Installed/Accessible, And Line Installed For Icemaker Hookup?",
                  "possibleAnswers": [
                    {
                      "answerOptionID": 16,
                      "questionID": 10,
                      "answerOptionText": "Yes",
                      "answerOptionSequenceNumber": 1,
                      "questionDependencyList": [
                        
                      ],
                      "lastUpdateTimestampString": "2017-12-18T06:08:19.5556062"
                    },
                    {
                      "answerOptionID": 17,
                      "questionID": 10,
                      "answerOptionText": "No",
                      "answerOptionSequenceNumber": 2,
                      "questionDependencyList": [
                        
                      ],
                      "lastUpdateTimestampString": "2017-12-18T06:08:19.5712369"
                    },
                    {
                      "answerOptionID": 18,
                      "questionID": 10,
                      "answerOptionText": "NA",
                      "answerOptionSequenceNumber": 3,
                      "questionDependencyList": [
                        
                      ],
                      "lastUpdateTimestampString": "2017-12-18T06:08:19.5712369"
                    }
                  ],
                  "lastUpdateTimestampString": "2017-12-18T06:08:18.4149541"
                },
                "lastUpdateTimestampString": "2017-12-18T06:08:20.7431406"
              },
              {
                "questionDependencyID": 18,
                "answerOptionID": 1,
                "question": {
                  "questionID": 11,
                  "applicationDomainCode": "OrdMgmnt",
                  "questionTypeCode": "MultChoice",
                  "questionCategoryCode": "ApptCreate",
                  "questionText": "Is Installation On Entry Floor Level?",
                  "possibleAnswers": [
                    {
                      "answerOptionID": 19,
                      "questionID": 11,
                      "answerOptionText": "Yes",
                      "answerOptionSequenceNumber": 1,
                      "questionDependencyList": [
                        
                      ],
                      "lastUpdateTimestampString": "2017-12-18T06:08:19.5712369"
                    },
                    {
                      "answerOptionID": 20,
                      "questionID": 11,
                      "answerOptionText": "No",
                      "answerOptionSequenceNumber": 2,
                      "questionDependencyList": [
                        {
                          "questionDependencyID": 20,
                          "answerOptionID": 20,
                          "question": {
                            "questionID": 12,
                            "applicationDomainCode": "OrdMgmnt",
                            "questionTypeCode": "FreeText",
                            "questionCategoryCode": "ApptCreate",
                            "questionText": "What Floor?",
                            "possibleAnswers": [
                              
                            ],
                            "lastUpdateTimestampString": "2017-12-18T06:08:18.4305791"
                          },
                          "lastUpdateTimestampString": "2017-12-18T06:08:20.7743895"
                        }
                      ],
                      "lastUpdateTimestampString": "2017-12-18T06:08:19.5868624"
                    },
                    {
                      "answerOptionID": 21,
                      "questionID": 11,
                      "answerOptionText": "NA",
                      "answerOptionSequenceNumber": 3,
                      "questionDependencyList": [
                        
                      ],
                      "lastUpdateTimestampString": "2017-12-18T06:08:19.6024859"
                    }
                  ],
                  "lastUpdateTimestampString": "2017-12-18T06:08:18.4149541"
                },
                "lastUpdateTimestampString": "2017-12-18T06:08:20.7587577"
              },
              {
                "questionDependencyID": 21,
                "answerOptionID": 1,
                "question": {
                  "questionID": 13,
                  "applicationDomainCode": "OrdMgmnt",
                  "questionTypeCode": "Message",
                  "questionCategoryCode": "ApptCreate",
                  "questionText": "Generally, The Products That We Deliver Are Large And May Exceed The Normal Threshold. Our Personnel May Also Need To Add Protective Coverings To The Door Jamb And/Or The Delivery Pathway. Please Keep This In Mind When Choosing The Ideal Entrance Point.",
                  "possibleAnswers": [
                    
                  ],
                  "lastUpdateTimestampString": "2017-12-18T06:08:18.4305791"
                },
                "lastUpdateTimestampString": "2017-12-18T06:08:20.7743895"
              },
              {
                "questionDependencyID": 23,
                "answerOptionID": 1,
                "question": {
                  "questionID": 14,
                  "applicationDomainCode": "OrdMgmnt",
                  "questionTypeCode": "FreeText",
                  "questionCategoryCode": "ApptCreate",
                  "questionText": "How Many Stairs Will Our Delivery Crew Have To Get Over To Put Your Unit In Its Final Resting Place?",
                  "possibleAnswers": [
                    
                  ],
                  "lastUpdateTimestampString": "2017-12-18T06:08:18.4305791"
                },
                "lastUpdateTimestampString": "2017-12-18T06:08:20.790055"
              },
              {
                "questionDependencyID": 25,
                "answerOptionID": 1,
                "question": {
                  "questionID": 15,
                  "applicationDomainCode": "OrdMgmnt",
                  "questionTypeCode": "MultChoice",
                  "questionCategoryCode": "ApptCreate",
                  "questionText": "How Many Landings To Get To The Installation Location?",
                  "possibleAnswers": [
                    {
                      "answerOptionID": 22,
                      "questionID": 15,
                      "answerOptionText": "1",
                      "answerOptionSequenceNumber": 1,
                      "questionDependencyList": [
                        
                      ],
                      "lastUpdateTimestampString": "2017-12-18T06:08:19.6181178"
                    },
                    {
                      "answerOptionID": 23,
                      "questionID": 15,
                      "answerOptionText": "2",
                      "answerOptionSequenceNumber": 2,
                      "questionDependencyList": [
                        
                      ],
                      "lastUpdateTimestampString": "2017-12-18T06:08:19.6181178"
                    },
                    {
                      "answerOptionID": 24,
                      "questionID": 15,
                      "answerOptionText": "3",
                      "answerOptionSequenceNumber": 3,
                      "questionDependencyList": [
                        
                      ],
                      "lastUpdateTimestampString": "2017-12-18T06:08:19.6181178"
                    },
                    {
                      "answerOptionID": 25,
                      "questionID": 15,
                      "answerOptionText": "4",
                      "answerOptionSequenceNumber": 4,
                      "questionDependencyList": [
                        
                      ],
                      "lastUpdateTimestampString": "2017-12-18T06:08:19.6337719"
                    },
                    {
                      "answerOptionID": 26,
                      "questionID": 15,
                      "answerOptionText": "5",
                      "answerOptionSequenceNumber": 5,
                      "questionDependencyList": [
                        
                      ],
                      "lastUpdateTimestampString": "2017-12-18T06:08:19.6337719"
                    },
                    {
                      "answerOptionID": 27,
                      "questionID": 15,
                      "answerOptionText": "More than 5",
                      "answerOptionSequenceNumber": 6,
                      "questionDependencyList": [
                        
                      ],
                      "lastUpdateTimestampString": "2017-12-18T06:08:19.6493643"
                    },
                    {
                      "answerOptionID": 28,
                      "questionID": 15,
                      "answerOptionText": "NA",
                      "answerOptionSequenceNumber": 7,
                      "questionDependencyList": [
                        
                      ],
                      "lastUpdateTimestampString": "2017-12-18T06:08:19.6493643"
                    }
                  ],
                  "lastUpdateTimestampString": "2017-12-18T06:08:18.4462405"
                },
                "lastUpdateTimestampString": "2017-12-18T06:08:20.790055"
              },
              {
                "questionDependencyID": 27,
                "answerOptionID": 1,
                "question": {
                  "questionID": 16,
                  "applicationDomainCode": "OrdMgmnt",
                  "questionTypeCode": "FreeText",
                  "questionCategoryCode": "ApptCreate",
                  "questionText": "Do You Have Any Narrow Landings?",
                  "possibleAnswers": [
                    
                  ],
                  "lastUpdateTimestampString": "2017-12-18T06:08:18.4462405"
                },
                "lastUpdateTimestampString": "2017-12-18T06:08:20.8213005"
              },
              {
                "questionDependencyID": 29,
                "answerOptionID": 1,
                "question": {
                  "questionID": 17,
                  "applicationDomainCode": "OrdMgmnt",
                  "questionTypeCode": "MultChoice",
                  "questionCategoryCode": "ApptCreate",
                  "questionText": "Will The Person Signing For Delivery Be Over The Age Of 18?",
                  "possibleAnswers": [
                    {
                      "answerOptionID": 29,
                      "questionID": 17,
                      "answerOptionText": "Yes",
                      "answerOptionSequenceNumber": 1,
                      "questionDependencyList": [
                        
                      ],
                      "lastUpdateTimestampString": "2017-12-18T06:08:19.6649798"
                    },
                    {
                      "answerOptionID": 30,
                      "questionID": 17,
                      "answerOptionText": "No",
                      "answerOptionSequenceNumber": 2,
                      "questionDependencyList": [
                        
                      ],
                      "lastUpdateTimestampString": "2017-12-18T06:08:19.6649798"
                    }
                  ],
                  "lastUpdateTimestampString": "2017-12-18T06:08:18.4462405"
                },
                "lastUpdateTimestampString": "2017-12-18T06:08:20.8213005"
              },
              {
                "questionDependencyID": 31,
                "answerOptionID": 1,
                "question": {
                  "questionID": 18,
                  "applicationDomainCode": "OrdMgmnt",
                  "questionTypeCode": "FreeText",
                  "questionCategoryCode": "ApptCreate",
                  "questionText": "What Is The Name Of Person Who Will Sign For The Delivery?",
                  "possibleAnswers": [
                    
                  ],
                  "lastUpdateTimestampString": "2017-12-18T06:08:18.4618306"
                },
                "lastUpdateTimestampString": "2017-12-18T06:08:20.8369264"
              },
              {
                "questionDependencyID": 33,
                "answerOptionID": 1,
                "question": {
                  "questionID": 19,
                  "applicationDomainCode": "OrdMgmnt",
                  "questionTypeCode": "MultChoice",
                  "questionCategoryCode": "ApptCreate",
                  "questionText": "Will We Be Hauling Your Old Appliances? Like Appliances Only",
                  "possibleAnswers": [
                    {
                      "answerOptionID": 31,
                      "questionID": 19,
                      "answerOptionText": "Yes",
                      "answerOptionSequenceNumber": 1,
                      "questionDependencyList": [
                        
                      ],
                      "lastUpdateTimestampString": "2017-12-18T06:08:19.6649798"
                    },
                    {
                      "answerOptionID": 32,
                      "questionID": 19,
                      "answerOptionText": "No",
                      "answerOptionSequenceNumber": 2,
                      "questionDependencyList": [
                        
                      ],
                      "lastUpdateTimestampString": "2017-12-18T06:08:19.6806475"
                    }
                  ],
                  "lastUpdateTimestampString": "2017-12-18T06:08:18.4618306"
                },
                "lastUpdateTimestampString": "2017-12-18T06:08:20.8525578"
              }
            ],
            "lastUpdateTimestampString": "2017-12-18T06:08:19.4306082"
          },
          {
            "answerOptionID": 2,
            "questionID": 1,
            "answerOptionText": "Builder",
            "answerOptionSequenceNumber": 2,
            "questionDependencyList": [
              {
                "questionDependencyID": 2,
                "answerOptionID": 2,
                "question": {
                  "questionID": 2,
                  "applicationDomainCode": "OrdMgmnt",
                  "questionTypeCode": "MultChoice",
                  "questionCategoryCode": "ApptCreate",
                  "questionText": "Is There A Clear Path To The Door Free Of Obstructions?",
                  "possibleAnswers": [
                    {
                      "answerOptionID": 4,
                      "questionID": 2,
                      "answerOptionText": "Yes",
                      "answerOptionSequenceNumber": 1,
                      "questionDependencyList": [
                        
                      ],
                      "lastUpdateTimestampString": "2017-12-18T06:08:19.4462305"
                    },
                    {
                      "answerOptionID": 5,
                      "questionID": 2,
                      "answerOptionText": "No",
                      "answerOptionSequenceNumber": 2,
                      "questionDependencyList": [
                        
                      ],
                      "lastUpdateTimestampString": "2017-12-18T06:08:19.461858"
                    }
                  ],
                  "lastUpdateTimestampString": "2017-12-18T06:08:18.3680725"
                },
                "lastUpdateTimestampString": "2017-12-18T06:08:20.6494241"
              },
              {
                "questionDependencyID": 4,
                "answerOptionID": 2,
                "question": {
                  "questionID": 3,
                  "applicationDomainCode": "OrdMgmnt",
                  "questionTypeCode": "MultChoice",
                  "questionCategoryCode": "ApptCreate",
                  "questionText": "Is There A Paved Access To The Front Door?",
                  "possibleAnswers": [
                    {
                      "answerOptionID": 6,
                      "questionID": 3,
                      "answerOptionText": "Yes",
                      "answerOptionSequenceNumber": 1,
                      "questionDependencyList": [
                        
                      ],
                      "lastUpdateTimestampString": "2017-12-18T06:08:19.461858"
                    },
                    {
                      "answerOptionID": 7,
                      "questionID": 3,
                      "answerOptionText": "No",
                      "answerOptionSequenceNumber": 2,
                      "questionDependencyList": [
                        
                      ],
                      "lastUpdateTimestampString": "2017-12-18T06:08:19.4774831"
                    }
                  ],
                  "lastUpdateTimestampString": "2017-12-18T06:08:18.3680725"
                },
                "lastUpdateTimestampString": "2017-12-18T06:08:20.6494241"
              },
              {
                "questionDependencyID": 6,
                "answerOptionID": 2,
                "question": {
                  "questionID": 4,
                  "applicationDomainCode": "OrdMgmnt",
                  "questionTypeCode": "FreeText",
                  "questionCategoryCode": "ApptCreate",
                  "questionText": "Is Your Doorway Wide Enough For The Product? Is It Wider Than 36\"?",
                  "possibleAnswers": [
                    
                  ],
                  "lastUpdateTimestampString": "2017-12-18T06:08:18.3837057"
                },
                "lastUpdateTimestampString": "2017-12-18T06:08:20.6650418"
              },
              {
                "questionDependencyID": 8,
                "answerOptionID": 2,
                "question": {
                  "questionID": 5,
                  "applicationDomainCode": "OrdMgmnt",
                  "questionTypeCode": "FreeText",
                  "questionCategoryCode": "ApptCreate",
                  "questionText": "Type Of Floor Materials In Hall.",
                  "possibleAnswers": [
                    
                  ],
                  "lastUpdateTimestampString": "2017-12-18T06:08:18.3837057"
                },
                "lastUpdateTimestampString": "2017-12-18T06:08:20.6806606"
              },
              {
                "questionDependencyID": 10,
                "answerOptionID": 2,
                "question": {
                  "questionID": 6,
                  "applicationDomainCode": "OrdMgmnt",
                  "questionTypeCode": "FreeText",
                  "questionCategoryCode": "ApptCreate",
                  "questionText": "Type Of Floor Material In Kitchen.",
                  "possibleAnswers": [
                    
                  ],
                  "lastUpdateTimestampString": "2017-12-18T06:08:18.3993367"
                },
                "lastUpdateTimestampString": "2017-12-18T06:08:20.6962696"
              },
              {
                "questionDependencyID": 12,
                "answerOptionID": 2,
                "question": {
                  "questionID": 7,
                  "applicationDomainCode": "OrdMgmnt",
                  "questionTypeCode": "MultChoice",
                  "questionCategoryCode": "ApptCreate",
                  "questionText": "Is There An Appliance In Place Where We Will Be Setting The New One?",
                  "possibleAnswers": [
                    {
                      "answerOptionID": 8,
                      "questionID": 7,
                      "answerOptionText": "Yes",
                      "answerOptionSequenceNumber": 1,
                      "questionDependencyList": [
                        {
                          "questionDependencyID": 13,
                          "answerOptionID": 8,
                          "question": {
                            "questionID": 8,
                            "applicationDomainCode": "OrdMgmnt",
                            "questionTypeCode": "MultChoice",
                            "questionCategoryCode": "ApptCreate",
                            "questionText": "How Is The Current Appliance Wired?",
                            "possibleAnswers": [
                              {
                                "answerOptionID": 11,
                                "questionID": 8,
                                "answerOptionText": "Plugged in",
                                "answerOptionSequenceNumber": 1,
                                "questionDependencyList": [
                                  
                                ],
                                "lastUpdateTimestampString": "2017-12-18T06:08:19.5087386"
                              },
                              {
                                "answerOptionID": 12,
                                "questionID": 8,
                                "answerOptionText": "Hardwired",
                                "answerOptionSequenceNumber": 2,
                                "questionDependencyList": [
                                  
                                ],
                                "lastUpdateTimestampString": "2017-12-18T06:08:19.5087386"
                              }
                            ],
                            "lastUpdateTimestampString": "2017-12-18T06:08:18.3993367"
                          },
                          "lastUpdateTimestampString": "2017-12-18T06:08:20.7275167"
                        }
                      ],
                      "lastUpdateTimestampString": "2017-12-18T06:08:19.4774831"
                    },
                    {
                      "answerOptionID": 9,
                      "questionID": 7,
                      "answerOptionText": "No",
                      "answerOptionSequenceNumber": 2,
                      "questionDependencyList": [
                        
                      ],
                      "lastUpdateTimestampString": "2017-12-18T06:08:19.4931019"
                    },
                    {
                      "answerOptionID": 10,
                      "questionID": 7,
                      "answerOptionText": "NA",
                      "answerOptionSequenceNumber": 3,
                      "questionDependencyList": [
                        
                      ],
                      "lastUpdateTimestampString": "2017-12-18T06:08:19.4931019"
                    }
                  ],
                  "lastUpdateTimestampString": "2017-12-18T06:08:18.3993367"
                },
                "lastUpdateTimestampString": "2017-12-18T06:08:20.7119247"
              },
              {
                "questionDependencyID": 15,
                "answerOptionID": 2,
                "question": {
                  "questionID": 9,
                  "applicationDomainCode": "OrdMgmnt",
                  "questionTypeCode": "MultChoice",
                  "questionCategoryCode": "ApptCreate",
                  "questionText": "Is The Electric Service In The House On?",
                  "possibleAnswers": [
                    {
                      "answerOptionID": 13,
                      "questionID": 9,
                      "answerOptionText": "Yes",
                      "answerOptionSequenceNumber": 1,
                      "questionDependencyList": [
                        
                      ],
                      "lastUpdateTimestampString": "2017-12-18T06:08:19.5399852"
                    },
                    {
                      "answerOptionID": 14,
                      "questionID": 9,
                      "answerOptionText": "No",
                      "answerOptionSequenceNumber": 2,
                      "questionDependencyList": [
                        
                      ],
                      "lastUpdateTimestampString": "2017-12-18T06:08:19.5556062"
                    },
                    {
                      "answerOptionID": 15,
                      "questionID": 9,
                      "answerOptionText": "NA",
                      "answerOptionSequenceNumber": 3,
                      "questionDependencyList": [
                        
                      ],
                      "lastUpdateTimestampString": "2017-12-18T06:08:19.5556062"
                    }
                  ],
                  "lastUpdateTimestampString": "2017-12-18T06:08:18.4149541"
                },
                "lastUpdateTimestampString": "2017-12-18T06:08:20.7275167"
              },
              {
                "questionDependencyID": 17,
                "answerOptionID": 2,
                "question": {
                  "questionID": 10,
                  "applicationDomainCode": "OrdMgmnt",
                  "questionTypeCode": "MultChoice",
                  "questionCategoryCode": "ApptCreate",
                  "questionText": "Is Water Service On, Shut-Off Value Installed/Accessible, And Line Installed For Icemaker Hookup?",
                  "possibleAnswers": [
                    {
                      "answerOptionID": 16,
                      "questionID": 10,
                      "answerOptionText": "Yes",
                      "answerOptionSequenceNumber": 1,
                      "questionDependencyList": [
                        
                      ],
                      "lastUpdateTimestampString": "2017-12-18T06:08:19.5556062"
                    },
                    {
                      "answerOptionID": 17,
                      "questionID": 10,
                      "answerOptionText": "No",
                      "answerOptionSequenceNumber": 2,
                      "questionDependencyList": [
                        
                      ],
                      "lastUpdateTimestampString": "2017-12-18T06:08:19.5712369"
                    },
                    {
                      "answerOptionID": 18,
                      "questionID": 10,
                      "answerOptionText": "NA",
                      "answerOptionSequenceNumber": 3,
                      "questionDependencyList": [
                        
                      ],
                      "lastUpdateTimestampString": "2017-12-18T06:08:19.5712369"
                    }
                  ],
                  "lastUpdateTimestampString": "2017-12-18T06:08:18.4149541"
                },
                "lastUpdateTimestampString": "2017-12-18T06:08:20.7431406"
              },
              {
                "questionDependencyID": 19,
                "answerOptionID": 2,
                "question": {
                  "questionID": 11,
                  "applicationDomainCode": "OrdMgmnt",
                  "questionTypeCode": "MultChoice",
                  "questionCategoryCode": "ApptCreate",
                  "questionText": "Is Installation On Entry Floor Level?",
                  "possibleAnswers": [
                    {
                      "answerOptionID": 19,
                      "questionID": 11,
                      "answerOptionText": "Yes",
                      "answerOptionSequenceNumber": 1,
                      "questionDependencyList": [
                        
                      ],
                      "lastUpdateTimestampString": "2017-12-18T06:08:19.5712369"
                    },
                    {
                      "answerOptionID": 20,
                      "questionID": 11,
                      "answerOptionText": "No",
                      "answerOptionSequenceNumber": 2,
                      "questionDependencyList": [
                        {
                          "questionDependencyID": 20,
                          "answerOptionID": 20,
                          "question": {
                            "questionID": 12,
                            "applicationDomainCode": "OrdMgmnt",
                            "questionTypeCode": "FreeText",
                            "questionCategoryCode": "ApptCreate",
                            "questionText": "What Floor?",
                            "possibleAnswers": [
                              
                            ],
                            "lastUpdateTimestampString": "2017-12-18T06:08:18.4305791"
                          },
                          "lastUpdateTimestampString": "2017-12-18T06:08:20.7743895"
                        }
                      ],
                      "lastUpdateTimestampString": "2017-12-18T06:08:19.5868624"
                    },
                    {
                      "answerOptionID": 21,
                      "questionID": 11,
                      "answerOptionText": "NA",
                      "answerOptionSequenceNumber": 3,
                      "questionDependencyList": [
                        
                      ],
                      "lastUpdateTimestampString": "2017-12-18T06:08:19.6024859"
                    }
                  ],
                  "lastUpdateTimestampString": "2017-12-18T06:08:18.4149541"
                },
                "lastUpdateTimestampString": "2017-12-18T06:08:20.7587577"
              },
              {
                "questionDependencyID": 22,
                "answerOptionID": 2,
                "question": {
                  "questionID": 13,
                  "applicationDomainCode": "OrdMgmnt",
                  "questionTypeCode": "Message",
                  "questionCategoryCode": "ApptCreate",
                  "questionText": "Generally, The Products That We Deliver Are Large And May Exceed The Normal Threshold. Our Personnel May Also Need To Add Protective Coverings To The Door Jamb And/Or The Delivery Pathway. Please Keep This In Mind When Choosing The Ideal Entrance Point.",
                  "possibleAnswers": [
                    
                  ],
                  "lastUpdateTimestampString": "2017-12-18T06:08:18.4305791"
                },
                "lastUpdateTimestampString": "2017-12-18T06:08:20.7743895"
              },
              {
                "questionDependencyID": 24,
                "answerOptionID": 2,
                "question": {
                  "questionID": 14,
                  "applicationDomainCode": "OrdMgmnt",
                  "questionTypeCode": "FreeText",
                  "questionCategoryCode": "ApptCreate",
                  "questionText": "How Many Stairs Will Our Delivery Crew Have To Get Over To Put Your Unit In Its Final Resting Place?",
                  "possibleAnswers": [
                    
                  ],
                  "lastUpdateTimestampString": "2017-12-18T06:08:18.4305791"
                },
                "lastUpdateTimestampString": "2017-12-18T06:08:20.790055"
              },
              {
                "questionDependencyID": 26,
                "answerOptionID": 2,
                "question": {
                  "questionID": 15,
                  "applicationDomainCode": "OrdMgmnt",
                  "questionTypeCode": "MultChoice",
                  "questionCategoryCode": "ApptCreate",
                  "questionText": "How Many Landings To Get To The Installation Location?",
                  "possibleAnswers": [
                    {
                      "answerOptionID": 22,
                      "questionID": 15,
                      "answerOptionText": "1",
                      "answerOptionSequenceNumber": 1,
                      "questionDependencyList": [
                        
                      ],
                      "lastUpdateTimestampString": "2017-12-18T06:08:19.6181178"
                    },
                    {
                      "answerOptionID": 23,
                      "questionID": 15,
                      "answerOptionText": "2",
                      "answerOptionSequenceNumber": 2,
                      "questionDependencyList": [
                        
                      ],
                      "lastUpdateTimestampString": "2017-12-18T06:08:19.6181178"
                    },
                    {
                      "answerOptionID": 24,
                      "questionID": 15,
                      "answerOptionText": "3",
                      "answerOptionSequenceNumber": 3,
                      "questionDependencyList": [
                        
                      ],
                      "lastUpdateTimestampString": "2017-12-18T06:08:19.6181178"
                    },
                    {
                      "answerOptionID": 25,
                      "questionID": 15,
                      "answerOptionText": "4",
                      "answerOptionSequenceNumber": 4,
                      "questionDependencyList": [
                        
                      ],
                      "lastUpdateTimestampString": "2017-12-18T06:08:19.6337719"
                    },
                    {
                      "answerOptionID": 26,
                      "questionID": 15,
                      "answerOptionText": "5",
                      "answerOptionSequenceNumber": 5,
                      "questionDependencyList": [
                        
                      ],
                      "lastUpdateTimestampString": "2017-12-18T06:08:19.6337719"
                    },
                    {
                      "answerOptionID": 27,
                      "questionID": 15,
                      "answerOptionText": "More than 5",
                      "answerOptionSequenceNumber": 6,
                      "questionDependencyList": [
                        
                      ],
                      "lastUpdateTimestampString": "2017-12-18T06:08:19.6493643"
                    },
                    {
                      "answerOptionID": 28,
                      "questionID": 15,
                      "answerOptionText": "NA",
                      "answerOptionSequenceNumber": 7,
                      "questionDependencyList": [
                        
                      ],
                      "lastUpdateTimestampString": "2017-12-18T06:08:19.6493643"
                    }
                  ],
                  "lastUpdateTimestampString": "2017-12-18T06:08:18.4462405"
                },
                "lastUpdateTimestampString": "2017-12-18T06:08:20.8056908"
              },
              {
                "questionDependencyID": 28,
                "answerOptionID": 2,
                "question": {
                  "questionID": 16,
                  "applicationDomainCode": "OrdMgmnt",
                  "questionTypeCode": "FreeText",
                  "questionCategoryCode": "ApptCreate",
                  "questionText": "Do You Have Any Narrow Landings?",
                  "possibleAnswers": [
                    
                  ],
                  "lastUpdateTimestampString": "2017-12-18T06:08:18.4462405"
                },
                "lastUpdateTimestampString": "2017-12-18T06:08:20.8213005"
              },
              {
                "questionDependencyID": 30,
                "answerOptionID": 2,
                "question": {
                  "questionID": 17,
                  "applicationDomainCode": "OrdMgmnt",
                  "questionTypeCode": "MultChoice",
                  "questionCategoryCode": "ApptCreate",
                  "questionText": "Will The Person Signing For Delivery Be Over The Age Of 18?",
                  "possibleAnswers": [
                    {
                      "answerOptionID": 29,
                      "questionID": 17,
                      "answerOptionText": "Yes",
                      "answerOptionSequenceNumber": 1,
                      "questionDependencyList": [
                        
                      ],
                      "lastUpdateTimestampString": "2017-12-18T06:08:19.6649798"
                    },
                    {
                      "answerOptionID": 30,
                      "questionID": 17,
                      "answerOptionText": "No",
                      "answerOptionSequenceNumber": 2,
                      "questionDependencyList": [
                        
                      ],
                      "lastUpdateTimestampString": "2017-12-18T06:08:19.6649798"
                    }
                  ],
                  "lastUpdateTimestampString": "2017-12-18T06:08:18.4462405"
                },
                "lastUpdateTimestampString": "2017-12-18T06:08:20.8369264"
              },
              {
                "questionDependencyID": 32,
                "answerOptionID": 2,
                "question": {
                  "questionID": 18,
                  "applicationDomainCode": "OrdMgmnt",
                  "questionTypeCode": "FreeText",
                  "questionCategoryCode": "ApptCreate",
                  "questionText": "What Is The Name Of Person Who Will Sign For The Delivery?",
                  "possibleAnswers": [
                    
                  ],
                  "lastUpdateTimestampString": "2017-12-18T06:08:18.4618306"
                },
                "lastUpdateTimestampString": "2017-12-18T06:08:20.8369264"
              },
              {
                "questionDependencyID": 34,
                "answerOptionID": 2,
                "question": {
                  "questionID": 20,
                  "applicationDomainCode": "OrdMgmnt",
                  "questionTypeCode": "MultChoice",
                  "questionCategoryCode": "ApptCreate",
                  "questionText": "Are Cabinets Installed",
                  "possibleAnswers": [
                    {
                      "answerOptionID": 33,
                      "questionID": 20,
                      "answerOptionText": "Yes",
                      "answerOptionSequenceNumber": 1,
                      "questionDependencyList": [
                        
                      ],
                      "lastUpdateTimestampString": "2017-12-18T06:08:19.6806475"
                    },
                    {
                      "answerOptionID": 34,
                      "questionID": 20,
                      "answerOptionText": "No",
                      "answerOptionSequenceNumber": 2,
                      "questionDependencyList": [
                        
                      ],
                      "lastUpdateTimestampString": "2017-12-18T06:08:19.6962359"
                    },
                    {
                      "answerOptionID": 35,
                      "questionID": 20,
                      "answerOptionText": "NA",
                      "answerOptionSequenceNumber": 3,
                      "questionDependencyList": [
                        
                      ],
                      "lastUpdateTimestampString": "2017-12-18T06:08:19.6962359"
                    }
                  ],
                  "lastUpdateTimestampString": "2017-12-18T06:08:18.4618306"
                },
                "lastUpdateTimestampString": "2017-12-18T06:08:20.8525578"
              },
              {
                "questionDependencyID": 35,
                "answerOptionID": 2,
                "question": {
                  "questionID": 21,
                  "applicationDomainCode": "OrdMgmnt",
                  "questionTypeCode": "MultChoice",
                  "questionCategoryCode": "ApptCreate",
                  "questionText": "Are Countertops Installed?",
                  "possibleAnswers": [
                    {
                      "answerOptionID": 36,
                      "questionID": 21,
                      "answerOptionText": "Yes",
                      "answerOptionSequenceNumber": 1,
                      "questionDependencyList": [
                        
                      ],
                      "lastUpdateTimestampString": "2017-12-18T06:08:19.6962359"
                    },
                    {
                      "answerOptionID": 37,
                      "questionID": 21,
                      "answerOptionText": "No",
                      "answerOptionSequenceNumber": 2,
                      "questionDependencyList": [
                        
                      ],
                      "lastUpdateTimestampString": "2017-12-18T06:08:19.6962359"
                    },
                    {
                      "answerOptionID": 38,
                      "questionID": 21,
                      "answerOptionText": "NA",
                      "answerOptionSequenceNumber": 3,
                      "questionDependencyList": [
                        
                      ],
                      "lastUpdateTimestampString": "2017-12-18T06:08:19.7118591"
                    }
                  ],
                  "lastUpdateTimestampString": "2017-12-18T06:08:18.4774916"
                },
                "lastUpdateTimestampString": "2017-12-18T06:08:20.8681788"
              }
            ],
            "lastUpdateTimestampString": "2017-12-18T06:08:19.4306082"
          },
          {
            "answerOptionID": 3,
            "questionID": 1,
            "answerOptionText": "Retail",
            "answerOptionSequenceNumber": 3,
            "questionDependencyList": [
              
            ],
            "lastUpdateTimestampString": "2017-12-18T06:08:19.4462305"
          }
        ],
        "lastUpdateTimestampString": "2017-12-18T06:08:18.3680725"
      }
    },
    {
      "answerLog": {
        "answerLogID": 248,
        "questionID": 2,
        "appointmentID": 205,
        "freeTextAnswerLog": null,
        "multipleChoiceAnswerLog": null,
        "numericAnswerLog": null,
        "dateAnswerLog": null,
        "lastUpdateTimestampString": "2018-01-02T00:22:52.813"
      },
      "question": {
        "questionID": 2,
        "applicationDomainCode": "OrdMgmnt",
        "questionTypeCode": "MultChoice",
        "questionCategoryCode": "ApptCreate",
        "questionText": "Is There A Clear Path To The Door Free Of Obstructions?",
        "possibleAnswers": [
          {
            "answerOptionID": 4,
            "questionID": 2,
            "answerOptionText": "Yes",
            "answerOptionSequenceNumber": 1,
            "questionDependencyList": [
              
            ],
            "lastUpdateTimestampString": "2017-12-18T06:08:19.4462305"
          },
          {
            "answerOptionID": 5,
            "questionID": 2,
            "answerOptionText": "No",
            "answerOptionSequenceNumber": 2,
            "questionDependencyList": [
              
            ],
            "lastUpdateTimestampString": "2017-12-18T06:08:19.461858"
          }
        ],
        "lastUpdateTimestampString": "2017-12-18T06:08:18.3680725"
      }
    },
    {
      "answerLog": {
        "answerLogID": 249,
        "questionID": 3,
        "appointmentID": 205,
        "freeTextAnswerLog": null,
        "multipleChoiceAnswerLog": null,
        "numericAnswerLog": null,
        "dateAnswerLog": null,
        "lastUpdateTimestampString": "2018-01-02T00:22:52.845"
      },
      "question": {
        "questionID": 3,
        "applicationDomainCode": "OrdMgmnt",
        "questionTypeCode": "MultChoice",
        "questionCategoryCode": "ApptCreate",
        "questionText": "Is There A Paved Access To The Front Door?",
        "possibleAnswers": [
          {
            "answerOptionID": 6,
            "questionID": 3,
            "answerOptionText": "Yes",
            "answerOptionSequenceNumber": 1,
            "questionDependencyList": [
              
            ],
            "lastUpdateTimestampString": "2017-12-18T06:08:19.461858"
          },
          {
            "answerOptionID": 7,
            "questionID": 3,
            "answerOptionText": "No",
            "answerOptionSequenceNumber": 2,
            "questionDependencyList": [
              
            ],
            "lastUpdateTimestampString": "2017-12-18T06:08:19.4774831"
          }
        ],
        "lastUpdateTimestampString": "2017-12-18T06:08:18.3680725"
      }
    },
    {
      "answerLog": {
        "answerLogID": 250,
        "questionID": 4,
        "appointmentID": 205,
        "freeTextAnswerLog": {
          "answerText": "Yes populate success1",
          "lastUpdateTimestampString": "2017-12-26T03:48:10.11"
      },
        "multipleChoiceAnswerLog": null,
        "numericAnswerLog": null,
        "dateAnswerLog": null,
        "lastUpdateTimestampString": "2018-01-02T00:22:52.878"
      },
      "question": {
        "questionID": 4,
        "applicationDomainCode": "OrdMgmnt",
        "questionTypeCode": "FreeText",
        "questionCategoryCode": "ApptCreate",
        "questionText": "Is Your Doorway Wide Enough For The Product? Is It Wider Than 36\"?",
        "possibleAnswers": [
          
        ],
        "lastUpdateTimestampString": "2017-12-18T06:08:18.3837057"
      }
    },
    {
      "answerLog": {
        "answerLogID": 251,
        "questionID": 5,
        "appointmentID": 205,
        "freeTextAnswerLog": {
          "answerText": "Yes populate success2",
          "lastUpdateTimestampString": "2017-12-26T03:48:10.11"
      },
        "multipleChoiceAnswerLog": null,
        "numericAnswerLog": null,
        "dateAnswerLog": null,
        "lastUpdateTimestampString": "2018-01-02T00:22:52.91"
      },
      "question": {
        "questionID": 5,
        "applicationDomainCode": "OrdMgmnt",
        "questionTypeCode": "FreeText",
        "questionCategoryCode": "ApptCreate",
        "questionText": "Type Of Floor Materials In Hall.",
        "possibleAnswers": [
          
        ],
        "lastUpdateTimestampString": "2017-12-18T06:08:18.3837057"
      }
    },
    {
      "answerLog": {
        "answerLogID": 252,
        "questionID": 6,
        "appointmentID": 205,
        "freeTextAnswerLog": null,
        "multipleChoiceAnswerLog": null,
        "numericAnswerLog": null,
        "dateAnswerLog": null,
        "lastUpdateTimestampString": "2018-01-02T00:22:52.942"
      },
      "question": {
        "questionID": 6,
        "applicationDomainCode": "OrdMgmnt",
        "questionTypeCode": "FreeText",
        "questionCategoryCode": "ApptCreate",
        "questionText": "Type Of Floor Material In Kitchen.",
        "possibleAnswers": [
          
        ],
        "lastUpdateTimestampString": "2017-12-18T06:08:18.3993367"
      }
    },
    {
      "answerLog": {
        "answerLogID": 253,
        "questionID": 7,
        "appointmentID": 205,
        "freeTextAnswerLog": null,
        "multipleChoiceAnswerLog": null,
        "numericAnswerLog": null,
        "dateAnswerLog": null,
        "lastUpdateTimestampString": "2018-01-02T00:22:52.974"
      },
      "question": {
        "questionID": 7,
        "applicationDomainCode": "OrdMgmnt",
        "questionTypeCode": "MultChoice",
        "questionCategoryCode": "ApptCreate",
        "questionText": "Is There An Appliance In Place Where We Will Be Setting The New One?",
        "possibleAnswers": [
          {
            "answerOptionID": 8,
            "questionID": 7,
            "answerOptionText": "Yes",
            "answerOptionSequenceNumber": 1,
            "questionDependencyList": [
              {
                "questionDependencyID": 13,
                "answerOptionID": 8,
                "question": {
                  "questionID": 8,
                  "applicationDomainCode": "OrdMgmnt",
                  "questionTypeCode": "MultChoice",
                  "questionCategoryCode": "ApptCreate",
                  "questionText": "How Is The Current Appliance Wired?",
                  "possibleAnswers": [
                    {
                      "answerOptionID": 11,
                      "questionID": 8,
                      "answerOptionText": "Plugged in",
                      "answerOptionSequenceNumber": 1,
                      "questionDependencyList": [
                        
                      ],
                      "lastUpdateTimestampString": "2017-12-18T06:08:19.5087386"
                    },
                    {
                      "answerOptionID": 12,
                      "questionID": 8,
                      "answerOptionText": "Hardwired",
                      "answerOptionSequenceNumber": 2,
                      "questionDependencyList": [
                        
                      ],
                      "lastUpdateTimestampString": "2017-12-18T06:08:19.5087386"
                    }
                  ],
                  "lastUpdateTimestampString": "2017-12-18T06:08:18.3993367"
                },
                "lastUpdateTimestampString": "2017-12-18T06:08:20.7275167"
              }
            ],
            "lastUpdateTimestampString": "2017-12-18T06:08:19.4774831"
          },
          {
            "answerOptionID": 9,
            "questionID": 7,
            "answerOptionText": "No",
            "answerOptionSequenceNumber": 2,
            "questionDependencyList": [
              
            ],
            "lastUpdateTimestampString": "2017-12-18T06:08:19.4931019"
          },
          {
            "answerOptionID": 10,
            "questionID": 7,
            "answerOptionText": "NA",
            "answerOptionSequenceNumber": 3,
            "questionDependencyList": [
              
            ],
            "lastUpdateTimestampString": "2017-12-18T06:08:19.4931019"
          }
        ],
        "lastUpdateTimestampString": "2017-12-18T06:08:18.3993367"
      }
    },
    {
      "answerLog": {
        "answerLogID": 254,
        "questionID": 8,
        "appointmentID": 205,
        "freeTextAnswerLog": null,
        "multipleChoiceAnswerLog": null,
        "numericAnswerLog": null,
        "dateAnswerLog": null,
        "lastUpdateTimestampString": "2018-01-02T00:22:53.006"
      },
      "question": {
        "questionID": 8,
        "applicationDomainCode": "OrdMgmnt",
        "questionTypeCode": "MultChoice",
        "questionCategoryCode": "ApptCreate",
        "questionText": "How Is The Current Appliance Wired?",
        "possibleAnswers": [
          {
            "answerOptionID": 11,
            "questionID": 8,
            "answerOptionText": "Plugged in",
            "answerOptionSequenceNumber": 1,
            "questionDependencyList": [
              
            ],
            "lastUpdateTimestampString": "2017-12-18T06:08:19.5087386"
          },
          {
            "answerOptionID": 12,
            "questionID": 8,
            "answerOptionText": "Hardwired",
            "answerOptionSequenceNumber": 2,
            "questionDependencyList": [
              
            ],
            "lastUpdateTimestampString": "2017-12-18T06:08:19.5087386"
          }
        ],
        "lastUpdateTimestampString": "2017-12-18T06:08:18.3993367"
      }
    },
    {
      "answerLog": {
        "answerLogID": 255,
        "questionID": 9,
        "appointmentID": 205,
        "freeTextAnswerLog": null,
        "multipleChoiceAnswerLog": null,
        "numericAnswerLog": null,
        "dateAnswerLog": null,
        "lastUpdateTimestampString": "2018-01-02T00:22:53.038"
      },
      "question": {
        "questionID": 9,
        "applicationDomainCode": "OrdMgmnt",
        "questionTypeCode": "MultChoice",
        "questionCategoryCode": "ApptCreate",
        "questionText": "Is The Electric Service In The House On?",
        "possibleAnswers": [
          {
            "answerOptionID": 13,
            "questionID": 9,
            "answerOptionText": "Yes",
            "answerOptionSequenceNumber": 1,
            "questionDependencyList": [
              
            ],
            "lastUpdateTimestampString": "2017-12-18T06:08:19.5399852"
          },
          {
            "answerOptionID": 14,
            "questionID": 9,
            "answerOptionText": "No",
            "answerOptionSequenceNumber": 2,
            "questionDependencyList": [
              
            ],
            "lastUpdateTimestampString": "2017-12-18T06:08:19.5556062"
          },
          {
            "answerOptionID": 15,
            "questionID": 9,
            "answerOptionText": "NA",
            "answerOptionSequenceNumber": 3,
            "questionDependencyList": [
              
            ],
            "lastUpdateTimestampString": "2017-12-18T06:08:19.5556062"
          }
        ],
        "lastUpdateTimestampString": "2017-12-18T06:08:18.4149541"
      }
    },
    {
      "answerLog": {
        "answerLogID": 256,
        "questionID": 10,
        "appointmentID": 205,
        "freeTextAnswerLog": null,
        "multipleChoiceAnswerLog": null,
        "numericAnswerLog": null,
        "dateAnswerLog": null,
        "lastUpdateTimestampString": "2018-01-02T00:22:53.069"
      },
      "question": {
        "questionID": 10,
        "applicationDomainCode": "OrdMgmnt",
        "questionTypeCode": "MultChoice",
        "questionCategoryCode": "ApptCreate",
        "questionText": "Is Water Service On, Shut-Off Value Installed/Accessible, And Line Installed For Icemaker Hookup?",
        "possibleAnswers": [
          {
            "answerOptionID": 16,
            "questionID": 10,
            "answerOptionText": "Yes",
            "answerOptionSequenceNumber": 1,
            "questionDependencyList": [
              
            ],
            "lastUpdateTimestampString": "2017-12-18T06:08:19.5556062"
          },
          {
            "answerOptionID": 17,
            "questionID": 10,
            "answerOptionText": "No",
            "answerOptionSequenceNumber": 2,
            "questionDependencyList": [
              
            ],
            "lastUpdateTimestampString": "2017-12-18T06:08:19.5712369"
          },
          {
            "answerOptionID": 18,
            "questionID": 10,
            "answerOptionText": "NA",
            "answerOptionSequenceNumber": 3,
            "questionDependencyList": [
              
            ],
            "lastUpdateTimestampString": "2017-12-18T06:08:19.5712369"
          }
        ],
        "lastUpdateTimestampString": "2017-12-18T06:08:18.4149541"
      }
    },
    {
      "answerLog": {
        "answerLogID": 257,
        "questionID": 11,
        "appointmentID": 205,
        "freeTextAnswerLog": null,
        "multipleChoiceAnswerLog": null,
        "numericAnswerLog": null,
        "dateAnswerLog": null,
        "lastUpdateTimestampString": "2018-01-02T00:22:53.103"
      },
      "question": {
        "questionID": 11,
        "applicationDomainCode": "OrdMgmnt",
        "questionTypeCode": "MultChoice",
        "questionCategoryCode": "ApptCreate",
        "questionText": "Is Installation On Entry Floor Level?",
        "possibleAnswers": [
          {
            "answerOptionID": 19,
            "questionID": 11,
            "answerOptionText": "Yes",
            "answerOptionSequenceNumber": 1,
            "questionDependencyList": [
              
            ],
            "lastUpdateTimestampString": "2017-12-18T06:08:19.5712369"
          },
          {
            "answerOptionID": 20,
            "questionID": 11,
            "answerOptionText": "No",
            "answerOptionSequenceNumber": 2,
            "questionDependencyList": [
              {
                "questionDependencyID": 20,
                "answerOptionID": 20,
                "question": {
                  "questionID": 12,
                  "applicationDomainCode": "OrdMgmnt",
                  "questionTypeCode": "FreeText",
                  "questionCategoryCode": "ApptCreate",
                  "questionText": "What Floor?",
                  "possibleAnswers": [
                    
                  ],
                  "lastUpdateTimestampString": "2017-12-18T06:08:18.4305791"
                },
                "lastUpdateTimestampString": "2017-12-18T06:08:20.7743895"
              }
            ],
            "lastUpdateTimestampString": "2017-12-18T06:08:19.5868624"
          },
          {
            "answerOptionID": 21,
            "questionID": 11,
            "answerOptionText": "NA",
            "answerOptionSequenceNumber": 3,
            "questionDependencyList": [
              
            ],
            "lastUpdateTimestampString": "2017-12-18T06:08:19.6024859"
          }
        ],
        "lastUpdateTimestampString": "2017-12-18T06:08:18.4149541"
      }
    },
    {
      "answerLog": {
        "answerLogID": 258,
        "questionID": 12,
        "appointmentID": 205,
        "freeTextAnswerLog": null,
        "multipleChoiceAnswerLog": null,
        "numericAnswerLog": null,
        "dateAnswerLog": null,
        "lastUpdateTimestampString": "2018-01-02T00:22:53.134"
      },
      "question": {
        "questionID": 12,
        "applicationDomainCode": "OrdMgmnt",
        "questionTypeCode": "FreeText",
        "questionCategoryCode": "ApptCreate",
        "questionText": "What Floor?",
        "possibleAnswers": [
          
        ],
        "lastUpdateTimestampString": "2017-12-18T06:08:18.4305791"
      }
    },
    {
      "answerLog": {
        "answerLogID": 259,
        "questionID": 13,
        "appointmentID": 205,
        "freeTextAnswerLog": null,
        "multipleChoiceAnswerLog": null,
        "numericAnswerLog": null,
        "dateAnswerLog": null,
        "lastUpdateTimestampString": "2018-01-02T00:22:53.166"
      },
      "question": {
        "questionID": 13,
        "applicationDomainCode": "OrdMgmnt",
        "questionTypeCode": "Message",
        "questionCategoryCode": "ApptCreate",
        "questionText": "Generally, The Products That We Deliver Are Large And May Exceed The Normal Threshold. Our Personnel May Also Need To Add Protective Coverings To The Door Jamb And/Or The Delivery Pathway. Please Keep This In Mind When Choosing The Ideal Entrance Point.",
        "possibleAnswers": [
          
        ],
        "lastUpdateTimestampString": "2017-12-18T06:08:18.4305791"
      }
    },
    {
      "answerLog": {
        "answerLogID": 260,
        "questionID": 14,
        "appointmentID": 205,
        "freeTextAnswerLog": null,
        "multipleChoiceAnswerLog": null,
        "numericAnswerLog": null,
        "dateAnswerLog": null,
        "lastUpdateTimestampString": "2018-01-02T00:22:53.199"
      },
      "question": {
        "questionID": 14,
        "applicationDomainCode": "OrdMgmnt",
        "questionTypeCode": "FreeText",
        "questionCategoryCode": "ApptCreate",
        "questionText": "How Many Stairs Will Our Delivery Crew Have To Get Over To Put Your Unit In Its Final Resting Place?",
        "possibleAnswers": [
          
        ],
        "lastUpdateTimestampString": "2017-12-18T06:08:18.4305791"
      }
    },
    {
      "answerLog": {
        "answerLogID": 261,
        "questionID": 15,
        "appointmentID": 205,
        "freeTextAnswerLog": null,
        "multipleChoiceAnswerLog": null,
        "numericAnswerLog": null,
        "dateAnswerLog": null,
        "lastUpdateTimestampString": "2018-01-02T00:22:53.231"
      },
      "question": {
        "questionID": 15,
        "applicationDomainCode": "OrdMgmnt",
        "questionTypeCode": "MultChoice",
        "questionCategoryCode": "ApptCreate",
        "questionText": "How Many Landings To Get To The Installation Location?",
        "possibleAnswers": [
          {
            "answerOptionID": 22,
            "questionID": 15,
            "answerOptionText": "1",
            "answerOptionSequenceNumber": 1,
            "questionDependencyList": [
              
            ],
            "lastUpdateTimestampString": "2017-12-18T06:08:19.6181178"
          },
          {
            "answerOptionID": 23,
            "questionID": 15,
            "answerOptionText": "2",
            "answerOptionSequenceNumber": 2,
            "questionDependencyList": [
              
            ],
            "lastUpdateTimestampString": "2017-12-18T06:08:19.6181178"
          },
          {
            "answerOptionID": 24,
            "questionID": 15,
            "answerOptionText": "3",
            "answerOptionSequenceNumber": 3,
            "questionDependencyList": [
              
            ],
            "lastUpdateTimestampString": "2017-12-18T06:08:19.6181178"
          },
          {
            "answerOptionID": 25,
            "questionID": 15,
            "answerOptionText": "4",
            "answerOptionSequenceNumber": 4,
            "questionDependencyList": [
              
            ],
            "lastUpdateTimestampString": "2017-12-18T06:08:19.6337719"
          },
          {
            "answerOptionID": 26,
            "questionID": 15,
            "answerOptionText": "5",
            "answerOptionSequenceNumber": 5,
            "questionDependencyList": [
              
            ],
            "lastUpdateTimestampString": "2017-12-18T06:08:19.6337719"
          },
          {
            "answerOptionID": 27,
            "questionID": 15,
            "answerOptionText": "More than 5",
            "answerOptionSequenceNumber": 6,
            "questionDependencyList": [
              
            ],
            "lastUpdateTimestampString": "2017-12-18T06:08:19.6493643"
          },
          {
            "answerOptionID": 28,
            "questionID": 15,
            "answerOptionText": "NA",
            "answerOptionSequenceNumber": 7,
            "questionDependencyList": [
              
            ],
            "lastUpdateTimestampString": "2017-12-18T06:08:19.6493643"
          }
        ],
        "lastUpdateTimestampString": "2017-12-18T06:08:18.4462405"
      }
    },
    {
      "answerLog": {
        "answerLogID": 262,
        "questionID": 16,
        "appointmentID": 205,
        "freeTextAnswerLog": null,
        "multipleChoiceAnswerLog": null,
        "numericAnswerLog": null,
        "dateAnswerLog": null,
        "lastUpdateTimestampString": "2018-01-02T00:22:53.265"
      },
      "question": {
        "questionID": 16,
        "applicationDomainCode": "OrdMgmnt",
        "questionTypeCode": "FreeText",
        "questionCategoryCode": "ApptCreate",
        "questionText": "Do You Have Any Narrow Landings?",
        "possibleAnswers": [
          
        ],
        "lastUpdateTimestampString": "2017-12-18T06:08:18.4462405"
      }
    },
    {
      "answerLog": {
        "answerLogID": 263,
        "questionID": 17,
        "appointmentID": 205,
        "freeTextAnswerLog": null,
        "multipleChoiceAnswerLog": null,
        "numericAnswerLog": null,
        "dateAnswerLog": null,
        "lastUpdateTimestampString": "2018-01-02T00:22:53.296"
      },
      "question": {
        "questionID": 17,
        "applicationDomainCode": "OrdMgmnt",
        "questionTypeCode": "MultChoice",
        "questionCategoryCode": "ApptCreate",
        "questionText": "Will The Person Signing For Delivery Be Over The Age Of 18?",
        "possibleAnswers": [
          {
            "answerOptionID": 29,
            "questionID": 17,
            "answerOptionText": "Yes",
            "answerOptionSequenceNumber": 1,
            "questionDependencyList": [
              
            ],
            "lastUpdateTimestampString": "2017-12-18T06:08:19.6649798"
          },
          {
            "answerOptionID": 30,
            "questionID": 17,
            "answerOptionText": "No",
            "answerOptionSequenceNumber": 2,
            "questionDependencyList": [
              
            ],
            "lastUpdateTimestampString": "2017-12-18T06:08:19.6649798"
          }
        ],
        "lastUpdateTimestampString": "2017-12-18T06:08:18.4462405"
      }
    },
    {
      "answerLog": {
        "answerLogID": 264,
        "questionID": 18,
        "appointmentID": 205,
        "freeTextAnswerLog": null,
        "multipleChoiceAnswerLog": null,
        "numericAnswerLog": null,
        "dateAnswerLog": null,
        "lastUpdateTimestampString": "2018-01-02T00:22:53.328"
      },
      "question": {
        "questionID": 18,
        "applicationDomainCode": "OrdMgmnt",
        "questionTypeCode": "FreeText",
        "questionCategoryCode": "ApptCreate",
        "questionText": "What Is The Name Of Person Who Will Sign For The Delivery?",
        "possibleAnswers": [
          
        ],
        "lastUpdateTimestampString": "2017-12-18T06:08:18.4618306"
      }
    },
    {
      "answerLog": {
        "answerLogID": 265,
        "questionID": 19,
        "appointmentID": 205,
        "freeTextAnswerLog": null,
        "multipleChoiceAnswerLog": null,
        "numericAnswerLog": null,
        "dateAnswerLog": null,
        "lastUpdateTimestampString": "2018-01-02T00:22:53.36"
      },
      "question": {
        "questionID": 19,
        "applicationDomainCode": "OrdMgmnt",
        "questionTypeCode": "MultChoice",
        "questionCategoryCode": "ApptCreate",
        "questionText": "Will We Be Hauling Your Old Appliances? Like Appliances Only",
        "possibleAnswers": [
          {
            "answerOptionID": 31,
            "questionID": 19,
            "answerOptionText": "Yes",
            "answerOptionSequenceNumber": 1,
            "questionDependencyList": [
              
            ],
            "lastUpdateTimestampString": "2017-12-18T06:08:19.6649798"
          },
          {
            "answerOptionID": 32,
            "questionID": 19,
            "answerOptionText": "No",
            "answerOptionSequenceNumber": 2,
            "questionDependencyList": [
              
            ],
            "lastUpdateTimestampString": "2017-12-18T06:08:19.6806475"
          }
        ],
        "lastUpdateTimestampString": "2017-12-18T06:08:18.4618306"
      }
    },
    {
      "answerLog": {
        "answerLogID": 266,
        "questionID": 20,
        "appointmentID": 205,
        "freeTextAnswerLog": null,
        "multipleChoiceAnswerLog": null,
        "numericAnswerLog": null,
        "dateAnswerLog": null,
        "lastUpdateTimestampString": "2018-01-02T00:22:53.393"
      },
      "question": {
        "questionID": 20,
        "applicationDomainCode": "OrdMgmnt",
        "questionTypeCode": "MultChoice",
        "questionCategoryCode": "ApptCreate",
        "questionText": "Are Cabinets Installed",
        "possibleAnswers": [
          {
            "answerOptionID": 33,
            "questionID": 20,
            "answerOptionText": "Yes",
            "answerOptionSequenceNumber": 1,
            "questionDependencyList": [
              
            ],
            "lastUpdateTimestampString": "2017-12-18T06:08:19.6806475"
          },
          {
            "answerOptionID": 34,
            "questionID": 20,
            "answerOptionText": "No",
            "answerOptionSequenceNumber": 2,
            "questionDependencyList": [
              
            ],
            "lastUpdateTimestampString": "2017-12-18T06:08:19.6962359"
          },
          {
            "answerOptionID": 35,
            "questionID": 20,
            "answerOptionText": "NA",
            "answerOptionSequenceNumber": 3,
            "questionDependencyList": [
              
            ],
            "lastUpdateTimestampString": "2017-12-18T06:08:19.6962359"
          }
        ],
        "lastUpdateTimestampString": "2017-12-18T06:08:18.4618306"
      }
    },
    {
      "answerLog": {
        "answerLogID": 267,
        "questionID": 21,
        "appointmentID": 205,
        "freeTextAnswerLog": null,
        "multipleChoiceAnswerLog": null,
        "numericAnswerLog": null,
        "dateAnswerLog": null,
        "lastUpdateTimestampString": "2018-01-02T00:22:53.424"
      },
      "question": {
        "questionID": 21,
        "applicationDomainCode": "OrdMgmnt",
        "questionTypeCode": "MultChoice",
        "questionCategoryCode": "ApptCreate",
        "questionText": "Are Countertops Installed?",
        "possibleAnswers": [
          {
            "answerOptionID": 36,
            "questionID": 21,
            "answerOptionText": "Yes",
            "answerOptionSequenceNumber": 1,
            "questionDependencyList": [
              
            ],
            "lastUpdateTimestampString": "2017-12-18T06:08:19.6962359"
          },
          {
            "answerOptionID": 37,
            "questionID": 21,
            "answerOptionText": "No",
            "answerOptionSequenceNumber": 2,
            "questionDependencyList": [
              
            ],
            "lastUpdateTimestampString": "2017-12-18T06:08:19.6962359"
          },
          {
            "answerOptionID": 38,
            "questionID": 21,
            "answerOptionText": "NA",
            "answerOptionSequenceNumber": 3,
            "questionDependencyList": [
              
            ],
            "lastUpdateTimestampString": "2017-12-18T06:08:19.7118591"
          }
        ],
        "lastUpdateTimestampString": "2017-12-18T06:08:18.4774916"
      }
    },
    {
      "answerLog": {
        "answerLogID": 268,
        "questionID": 22,
        "appointmentID": 205,
        "freeTextAnswerLog": null,
        "multipleChoiceAnswerLog": null,
        "numericAnswerLog": null,
        "dateAnswerLog": null,
        "lastUpdateTimestampString": "2018-01-02T00:22:53.455"
      },
      "question": {
        "questionID": 22,
        "applicationDomainCode": "OrdMgmnt",
        "questionTypeCode": "MultChoice",
        "questionCategoryCode": "ApptCreate",
        "questionText": "Are Full Size Truck Permitted?",
        "possibleAnswers": [
          {
            "answerOptionID": 39,
            "questionID": 22,
            "answerOptionText": "Yes",
            "answerOptionSequenceNumber": 1,
            "questionDependencyList": [
              
            ],
            "lastUpdateTimestampString": "2017-12-18T06:08:19.7118591"
          },
          {
            "answerOptionID": 40,
            "questionID": 22,
            "answerOptionText": "Straight truck only",
            "answerOptionSequenceNumber": 2,
            "questionDependencyList": [
              
            ],
            "lastUpdateTimestampString": "2017-12-18T06:08:19.7118591"
          },
          {
            "answerOptionID": 41,
            "questionID": 22,
            "answerOptionText": "I don't know",
            "answerOptionSequenceNumber": 3,
            "questionDependencyList": [
              
            ],
            "lastUpdateTimestampString": "2017-12-18T06:08:19.7274807"
          }
        ],
        "lastUpdateTimestampString": "2017-12-18T06:08:18.4774916"
      }
    },
    {
      "answerLog": {
        "answerLogID": 269,
        "questionID": 23,
        "appointmentID": 205,
        "freeTextAnswerLog": null,
        "multipleChoiceAnswerLog": null,
        "numericAnswerLog": null,
        "dateAnswerLog": null,
        "lastUpdateTimestampString": "2018-01-02T00:22:53.488"
      },
      "question": {
        "questionID": 23,
        "applicationDomainCode": "OrdMgmnt",
        "questionTypeCode": "FreeText",
        "questionCategoryCode": "ApptCreate",
        "questionText": "Nearest Cross Street Or Special Instruction",
        "possibleAnswers": [
          
        ],
        "lastUpdateTimestampString": "2017-12-18T06:08:18.4774916"
      }
    },
    {
      "answerLog": {
        "answerLogID": 270,
        "questionID": 24,
        "appointmentID": 205,
        "freeTextAnswerLog": null,
        "multipleChoiceAnswerLog": null,
        "numericAnswerLog": null,
        "dateAnswerLog": null,
        "lastUpdateTimestampString": "2018-01-02T00:22:53.52"
      },
      "question": {
        "questionID": 24,
        "applicationDomainCode": "OrdMgmnt",
        "questionTypeCode": "Message",
        "questionCategoryCode": "ApptCreate",
        "questionText": "Generally, The Products That We Deliver Are Large And May Exceed The Normal Threshold. Our Personnel May Also Need To Add Protective Coverings To The Door Jamb And/Or The Delivery Pathway. Please Keep This In Mind When Choosing The Ideal Entrance Point.",
        "possibleAnswers": [
          
        ],
        "lastUpdateTimestampString": "2017-12-18T06:08:18.4931174"
      }
    }
  ],
  "questions": null
}