[{
      "index": 0,
      "title": "Business Unit",
      "key": "financeBusinessUnitServiceOfferingAssociation.financeBusinessUnitCode",
	  "checkSelectionKey": "financeBusinessUnitServiceOfferingAssociation.financeBusinessUnitCode",
      "componentType": "lsitType",
	  "rootVal": ["_embedded", "serviceOfferingBusinessUnitTransitModeAssociations"],
      "url":"exceptionMaintenanceBU",
	  "deepNestFlag": true
    }, {
      "index": 1,
      "key": "serviceOfferingCode",
      "title": "Service Offering",
      "checkSelectionKey": "text",
      "componentType": "lsitType",
      "rootVal": ["_embedded", "buso"],
      "url": "getBuSO",
      "params": {}
    }, {
      "index": 2,
      "title": "Status",
      "key": "status",
	  "checkSelectionKey": "status",
      "componentType": "lsitType",
	  "rootVal": ["statusList"],
	  "deepNestFlag": false,
      "url":"exceptionMaintenanceStatus"
    }]