{
   "exceptionMaintenance": {
      "data": [
         {
            "flexGrow": 0.12,
            "sortable": false,
            "canAutoResize": true,
            "draggable": false,
            "resizeable": false,
            "headerCheckboxable": true,
            "checkboxable": true,
            "maxChar": 60
         },
         {
            "name": "Exception Name",
            "prop": "ruleName",
            "flexGrow": 0.7,
            "draggable": false,
            "resizeable": false,
            "reorderable": false,
            "maxChar": 60
         },
         {
            "name": "Attribute",
            "prop": "ruleAttribute",
            "flexGrow": 0.7,
            "draggable": false,
            "resizeable": false,
            "reorderable": false,
            "maxChar": 60
         },
         {
            "name": "Value",
            "prop": "ruleValue",
            "flexGrow": 0.7,
            "draggable": false,
            "resizeable": false,
            "reorderable": false,
            "maxChar": 60
         },
         {
            "name": "Service Offering",
            "prop": "ruleBUSO",
            "flexGrow": 0.7,
            "draggable": false,
            "resizeable": false,
            "reorderable": false,
            "maxChar": 60
         },
         {
            "name": "Status",
            "prop": "ruleStatus",
            "flexGrow": 0.7,
            "draggable": false,
            "resizeable": false,
            "reorderable": false,
            "maxChar": 60
         }
      ]
   }
   }