[{
    "name": "Task Assignment" 
}, {
    "name": "Bill To"
}, {
    "name": "Solicitor"
}, {
    "name": "Origin"
}, {
    "name": "Destination" 
}, {
    "name": "National Account" 
}, {
    "name": "Origin Area"  
}, {
    "name": "Destination Area" 
}, {
    "name": "Origin Ramp"
}, {
    "name": "Destination Ramp"
}, {
    "name": "Business Unit"
}, {
    "name": "Service Offering"
}, {
    "name": "Create User ID"
}, {
    "name": "Team"     
}, {
    "name": "Line of Business"   
}, {
    "name": "Local Distribution Center"   
}, {
    "name": "Delivery Service Type"   
}, {
    "name": "Task Group"  
}, {
    "name": "Operational Owner"   
}, {
    "name": "Order Owner"  
}, {
    "name": "Appointment Owner"  
}]