{
  "_embedded" : {
    "serviceTypes" : [ {
      "serviceTypeCode" : "GuaranDelv",
      "serviceCategoryCode" : "ReqServ",
      "chargeCode" : null,
      "serviceTypeDescription" : "Guaranteed Delivery",
      "effectiveTimestamp" : "2016-01-01T00:00",
      "expirationTimestamp" : "2199-12-31T23:59:59",
      "lastUpdateTimestampString" : "2017-03-31T23:34:27.141774300",
      "_links" : {
        "self" : {
          "href" : "https://ordermanagementreferencedataservices-dev.jbhunt.com/ordermanagementreferencedataservices/serviceTypes/GuaranDelv"
        },
        "serviceType" : {
          "href" : "https://ordermanagementreferencedataservices-dev.jbhunt.com/ordermanagementreferencedataservices/serviceTypes/GuaranDelv{?projection}",
          "templated" : true
        }
      }
    }, {
      "serviceTypeCode" : "Homedelv",
      "serviceCategoryCode" : "DelStpServ",
      "chargeCode" : null,
      "serviceTypeDescription" : "Home Delivery",
      "effectiveTimestamp" : "2016-01-01T00:00",
      "expirationTimestamp" : "2199-12-31T23:59:59",
      "lastUpdateTimestampString" : "2017-03-31T23:34:27.141774300",
      "_links" : {
        "self" : {
          "href" : "https://ordermanagementreferencedataservices-dev.jbhunt.com/ordermanagementreferencedataservices/serviceTypes/Homedelv"
        },
        "serviceType" : {
          "href" : "https://ordermanagementreferencedataservices-dev.jbhunt.com/ordermanagementreferencedataservices/serviceTypes/Homedelv{?projection}",
          "templated" : true
        }
      }
    }, {
      "serviceTypeCode" : "Homedelv0",
      "serviceCategoryCode" : "DelStpServ",
      "chargeCode" : null,
      "serviceTypeDescription" : "Home Delivery",
      "effectiveTimestamp" : "2016-01-01T00:00",
      "expirationTimestamp" : "2199-12-31T23:59:59",
      "lastUpdateTimestampString" : "2017-03-31T23:34:27.141774300",
      "_links" : {
        "self" : {
          "href" : "https://ordermanagementreferencedataservices-dev.jbhunt.com/ordermanagementreferencedataservices/serviceTypes/Homedelv"
        },
        "serviceType" : {
          "href" : "https://ordermanagementreferencedataservices-dev.jbhunt.com/ordermanagementreferencedataservices/serviceTypes/Homedelv{?projection}",
          "templated" : true
        }
      }
    }, {
      "serviceTypeCode" : "Homedelv1",
      "serviceCategoryCode" : "DelStpServ",
      "chargeCode" : null,
      "serviceTypeDescription" : "Home Delivery",
      "effectiveTimestamp" : "2016-01-01T00:00",
      "expirationTimestamp" : "2199-12-31T23:59:59",
      "lastUpdateTimestampString" : "2017-03-31T23:34:27.141774300",
      "_links" : {
        "self" : {
          "href" : "https://ordermanagementreferencedataservices-dev.jbhunt.com/ordermanagementreferencedataservices/serviceTypes/Homedelv"
        },
        "serviceType" : {
          "href" : "https://ordermanagementreferencedataservices-dev.jbhunt.com/ordermanagementreferencedataservices/serviceTypes/Homedelv{?projection}",
          "templated" : true
        }
      }
    }, {
      "serviceTypeCode" : "Homedelv2",
      "serviceCategoryCode" : "DelStpServ",
      "chargeCode" : null,
      "serviceTypeDescription" : "Home Delivery",
      "effectiveTimestamp" : "2016-01-01T00:00",
      "expirationTimestamp" : "2199-12-31T23:59:59",
      "lastUpdateTimestampString" : "2017-03-31T23:34:27.141774300",
      "_links" : {
        "self" : {
          "href" : "https://ordermanagementreferencedataservices-dev.jbhunt.com/ordermanagementreferencedataservices/serviceTypes/Homedelv"
        },
        "serviceType" : {
          "href" : "https://ordermanagementreferencedataservices-dev.jbhunt.com/ordermanagementreferencedataservices/serviceTypes/Homedelv{?projection}",
          "templated" : true
        }
      }
    } ]
  },
  "_links" : {
    "self" : {
      "href" : "https://ordermanagementreferencedataservices-dev.jbhunt.com/ordermanagementreferencedataservices/serviceTypes/search/findByServiceTypeCodeContaining?serviceTypeCode=del"
    }
  }
}