{
  "_embedded": {
    "associationLevel": [
      {
        "Customer": "companyA",
        "serviceOfferingDescription": "Backhaul Service",
        "lastUpdateTimestampString": "2017-05-17T00:39:59.198704200",
        "_links": {
          "self": {
            "href": "https://order-dev.jbhunt.com/order/referencedataservices/serviceOfferings/Backhaul"
          },
          "serviceOffering": {
            "href": "https://order-dev.jbhunt.com/order/referencedataservices/serviceOfferings/Backhaul"
          }
        }
      },
      {
        "Customer": "companyB",
        "serviceOfferingDescription": "Brokerage Service",
        "lastUpdateTimestampString": "2017-05-17T00:39:59.198704200",
        "_links": {
          "self": {
            "href": "https://order-dev.jbhunt.com/order/referencedataservices/serviceOfferings/Brokerage"
          },
          "serviceOffering": {
            "href": "https://order-dev.jbhunt.com/order/referencedataservices/serviceOfferings/Brokerage"
          }
        }
      },
      {
        "Customer": "company1",
        "serviceOfferingDescription": "Dedicated Service",
        "lastUpdateTimestampString": "2017-05-17T00:39:59.198704200",
        "_links": {
          "self": {
            "href": "https://order-dev.jbhunt.com/order/referencedataservices/serviceOfferings/Dedicated"
          },
          "serviceOffering": {
            "href": "https://order-dev.jbhunt.com/order/referencedataservices/serviceOfferings/Dedicated"
          }
        }
      },
      {
        "Customer": "company2",
        "serviceOfferingDescription": "Final Mile Service",
        "lastUpdateTimestampString": "2017-05-17T00:39:59.198704200",
        "_links": {
          "self": {
            "href": "https://order-dev.jbhunt.com/order/referencedataservices/serviceOfferings/FinalMile"
          },
          "serviceOffering": {
            "href": "https://order-dev.jbhunt.com/order/referencedataservices/serviceOfferings/FinalMile"
          }
        }
      },
      {
        "Customer": "company3",
        "serviceOfferingDescription": "Flatbed Service",
        "lastUpdateTimestampString": "2017-05-17T00:39:59.198704200",
        "_links": {
          "self": {
            "href": "https://order-dev.jbhunt.com/order/referencedataservices/serviceOfferings/Flatbed"
          },
          "serviceOffering": {
            "href": "https://order-dev.jbhunt.com/order/referencedataservices/serviceOfferings/Flatbed"
          }
        }
      },
      {
        "Customer": "company4",
        "serviceOfferingDescription": "Refrigerated Service",
        "lastUpdateTimestampString": "2017-05-17T00:39:59.198704200",
        "_links": {
          "self": {
            "href": "https://order-dev.jbhunt.com/order/referencedataservices/serviceOfferings/Freezer"
          },
          "serviceOffering": {
            "href": "https://order-dev.jbhunt.com/order/referencedataservices/serviceOfferings/Freezer"
          }
        }
      },
      {
        "Customer": "company5",
        "serviceOfferingDescription": "Intermodal Service",
        "lastUpdateTimestampString": "2017-05-17T00:39:59.198704200",
        "_links": {
          "self": {
            "href": "https://order-dev.jbhunt.com/order/referencedataservices/serviceOfferings/Intermodal"
          },
          "serviceOffering": {
            "href": "https://order-dev.jbhunt.com/order/referencedataservices/serviceOfferings/Intermodal"
          }
        }
      },
      {
        "Customer": "company6",
        "serviceOfferingDescription": "LTL Service",
        "lastUpdateTimestampString": "2017-05-17T00:39:59.198704200",
        "_links": {
          "self": {
            "href": "https://order-dev.jbhunt.com/order/referencedataservices/serviceOfferings/LTL"
          },
          "serviceOffering": {
            "href": "https://order-dev.jbhunt.com/order/referencedataservices/serviceOfferings/LTL"
          }
        }
      },
      {
        "Customer": "company7",
        "serviceOfferingDescription": "Maritime Service",
        "lastUpdateTimestampString": "2017-05-17T00:39:59.198704200",
        "_links": {
          "self": {
            "href": "https://order-dev.jbhunt.com/order/referencedataservices/serviceOfferings/Maritime"
          },
          "serviceOffering": {
            "href": "https://order-dev.jbhunt.com/order/referencedataservices/serviceOfferings/Maritime"
          }
        }
      },
      {
        "Customer": "company8",
        "serviceOfferingDescription": "OTR Service",
        "lastUpdateTimestampString": "2017-05-17T00:39:59.198704200",
        "_links": {
          "self": {
            "href": "https://order-dev.jbhunt.com/order/referencedataservices/serviceOfferings/OTR"
          },
          "serviceOffering": {
            "href": "https://order-dev.jbhunt.com/order/referencedataservices/serviceOfferings/OTR"
          }
        }
      }
    ]
  },
  "_links": {
    "self": {
      "href": "https://order-dev.jbhunt.com/order/referencedataservices/serviceOfferings"
    },
    "profile": {
      "href": "https://order-dev.jbhunt.com/order/referencedataservices/profile/serviceOfferings"
    },
    "search": {
      "href": "https://order-dev.jbhunt.com/order/referencedataservices/serviceOfferings/search"
    }
  }
}