[{
                "bulkOrderUploadID": "G8I2354",
                "status": "In progress",
                "totalCount": 5,
                "successCount": 1,
                "failureCount": 0,
                "processedCount": 2,
                "uploadedUserId":"jcon123",
                "uploadedUserName":"John",
                "uploadedDateTime": "2017-05-04T08:40:32.590"
 
},
{
                "bulkOrderUploadID": "G8I2354",
                "status": "In progress",
                "totalCount": 10,
                "successCount": 1,
                "failureCount": 0,
                "processedCount": 2,
                "uploadedUserId":"jcon123",
                "uploadedUserName":"John",
                "uploadedDateTime": "2017-05-04T08:40:32.590"
 
},
{
                "bulkOrderUploadID": "G8I2354",
                "status": "completed",
                "totalCount": 20,
                "successCount": 1,
                "failureCount": 0,
                "processedCount": 20,
                "uploadedUserId":"jcon123",
                "uploadedUserName":"John",
                "uploadedDateTime": "2017-05-04T08:40:32.590"
 
},
{
                "bulkOrderUploadID": "G8I2354",
                "status": "completed",
                "totalCount": 20,
                "successCount": 1,
                "failureCount": 0,
                "processedCount": 20,
                "uploadedUserId":"jcon123",
                "uploadedUserName":"John",
                "uploadedDateTime": "2017-05-04T08:40:32.590"
 
},
{
                "bulkOrderUploadID": "G8I2354",
                "status": "In progress",
                "totalCount": 1,
                "successCount": 1,
                "failureCount": 0,
                "processedCount": 0,
                "uploadedUserId":"jcon123",
                "uploadedUserName":"John",
                "uploadedDateTime": "2017-05-04T08:40:32.590"
 
},
{
                "bulkOrderUploadID": "G8I2354",
                "name": "order_upload_02232017.xls",
                "status": "In progress",
                "totalCount": 1,
                "successCount": 1,
                "failureCount": 0,
                "processedCount": 0,
                "uploadedUserId":"jcon123",
                "uploadedUserName":"John",
                "uploadedDateTime": "2017-05-04T08:40:32.590"
 
},
{
                "bulkOrderUploadID": "G8I2354",
                "name": "order_upload_02232017.xls",
                "status": "In progress",
                "totalCount": 1,
                "successCount": 1,
                "failureCount": 0,
                "processedCount": 0,
                "uploadedUserId":"jcon123",
                "uploadedUserName":"John",
                "uploadedDateTime": "2017-05-04T08:40:32.590"
 
}
]
