{
    "data": [{
            "CustomerData": "Not Scheduled ",
            "Existing": "Nov 16",
            "AppointmentLocation": "Mike’s Fine Furniture ",
            "StopNumber": "DC Pickup",
            "ShipmentOrgin": "Pending",
            "ShipmentDestination": "99.89%",
            "ShipmentID": "05/01/2017",
            "Ageing": "2 days"

        },
        {
            "CustomerData": "Not Scheduled ",
            "Existing": "Nov 16",
            "AppointmentLocation": "Mike’s Fine Furniture ",
            "StopNumber": "DC Pickup",
            "ShipmentOrgin": "Pending",
            "ShipmentDestination": "99.89%",
            "ShipmentID": "05/01/2017",
            "Ageing": "2 days"

        },
        {
            "CustomerData": "Not Scheduled ",
            "Existing": "Nov 17",
            "AppointmentLocation": "Mike’s Fine Furniture ",
            "StopNumber": "DC Pickup",
            "ShipmentOrgin": "Pending",
            "ShipmentDestination": "99.89%",
            "ShipmentID": "05/01/2017",
            "Ageing": "2 days"

        },
        {
            "CustomerData": "Not Scheduled ",
            "Existing": "Nov 17",
            "AppointmentLocation": "Mike’s Fine Furniture ",
            "StopNumber": "DC Pickup",
            "ShipmentOrgin": "Pending",
            "ShipmentDestination": "99.89%",
            "ShipmentID": "05/01/2017",
            "Ageing": "2 days"

        },
        {
            "CustomerData": "Not Scheduled ",
            "Existing": "Nov 18",
            "AppointmentLocation": "Mike’s Fine Furniture ",
            "StopNumber": "DC Pickup",
            "ShipmentOrgin": "Pending",
            "ShipmentDestination": "99.89%",
            "ShipmentID": "05/01/2017",
            "Ageing": "2 days"

        },
        {
            "CustomerData": "Not Scheduled ",
            "Existing": "Nov 19",
            "AppointmentLocation": "Mike’s Fine Furniture ",
            "StopNumber": "DC Pickup",
            "ShipmentOrgin": "Pending",
            "ShipmentDestination": "99.89%",
            "ShipmentID": "05/01/2017",
            "Ageing": "2 days"

        },
        {
            "CustomerData": "Not Scheduled ",
            "Existing": "Nov 20",
            "AppointmentLocation": "Mike’s Fine Furniture ",
            "StopNumber": "DC Pickup",
            "ShipmentOrgin": "Pending",
            "ShipmentDestination": "99.89%",
            "ShipmentID": "05/01/2017",
            "Ageing": "2 days"

        }
    ]
}