{
  "took": 398,
  "timed_out": false,
  "_shards": {
    "total": 5,
    "successful": 5,
    "failed": 0
  },
  "hits": {
    "total": 69,
    "max_score": 81.06996,
    "hits": [
      {
        "_index": "loc_details",
        "_type": "location_info",
        "_id": "621431",
        "_score": 81.06996,
        "highlight": {
          "locations.PostalCode": [
            "<em>8088</em>",
            "<em>8088</em>"
          ]
        },
        "inner_hits": {
          "locations": {
            "hits": {
              "total": 2,
              "max_score": 81.06996,
              "hits": [
                {
                  "_nested": {
                    "field": "locations",
                    "offset": 1
                  },
                  "_score": 81.06996,
                  "_source": {
                    "locations": {
                      "AddressLine2": null,
                      "AddressLine1": "107 FLYATT RD",
                      "CountryName": "UNITED STATES OF AMERICA",
                      "StateName": "NEW JERSEY",
                      "PostalCode": "8088",
                      "CityName": "VINCENTOWN"
                    }
                  }
                }
              ]
            }
          }
        }
      },
      {
        "_index": "loc_details",
        "_type": "location_info",
        "_id": "318395",
        "_score": 66.65429,
        "highlight": {
          "locations.PostalCode": [
            "<em>82301</em>",
            "<em>82301</em>"
          ]
        },
        "inner_hits": {
          "locations": {
            "hits": {
              "total": 2,
              "max_score": 66.65429,
              "hits": [
                {
                  "_nested": {
                    "field": "locations",
                    "offset": 1
                  },
                  "_score": 66.65429,
                  "_source": {
                    "locations": {
                      "AddressLine2": null,
                      "AddressLine1": "1400 HIGLEY BLVD.",
                      "CountryName": "UNITED STATES OF AMERICA",
                      "StateName": "WYOMING",
                      "PostalCode": "82301",
                      "CityName": "RAWLINS"
                    }
                  }
                }
              ]
            }
          }
        }
      },
      {
        "_index": "loc_details",
        "_type": "location_info",
        "_id": "322703",
        "_score": 66.65429,
        "highlight": {
          "locations.PostalCode": [
            "<em>86047</em>",
            "<em>86047</em>"
          ]
        },
        "inner_hits": {
          "locations": {
            "hits": {
              "total": 2,
              "max_score": 66.65429,
              "hits": [
                {
                  "_nested": {
                    "field": "locations",
                    "offset": 1
                  },
                  "_score": 66.65429,
                  "_source": {
                    "locations": {
                      "AddressLine2": null,
                      "AddressLine1": "412 TRANSCON LANE",
                      "CountryName": "UNITED STATES OF AMERICA",
                      "StateName": "ARIZONA",
                      "PostalCode": "86047",
                      "CityName": "WINSLOW"
                    }
                  }
                }
              ]
            }
          }
        }
      },
      {
        "_index": "loc_details",
        "_type": "location_info",
        "_id": "325880",
        "_score": 65.74797,
        "highlight": {
          "locations.PostalCode": [
            "<em>88100</em>",
            "<em>88100</em>"
          ]
        },
        "inner_hits": {
          "locations": {
            "hits": {
              "total": 2,
              "max_score": 65.74797,
              "hits": [
                {
                  "_nested": {
                    "field": "locations",
                    "offset": 1
                  },
                  "_score": 65.74797,
                  "_source": {
                    "locations": {
                      "AddressLine2": null,
                      "AddressLine1": "CARR PIEDRAS NEGRAS KM 14.3",
                      "CountryName": "UNITED STATES OF AMERICA",
                      "StateName": null,
                      "PostalCode": "88100",
                      "CityName": null
                    }
                  }
                }
              ]
            }
          }
        }
      },
      {
        "_index": "loc_details",
        "_type": "location_info",
        "_id": "272532",
        "_score": 65.74797,
        "highlight": {
          "locations.PostalCode": [
            "<em>89431</em>",
            "<em>89431</em>"
          ]
        },
        "inner_hits": {
          "locations": {
            "hits": {
              "total": 2,
              "max_score": 65.74797,
              "hits": [
                {
                  "_nested": {
                    "field": "locations",
                    "offset": 1
                  },
                  "_score": 65.74797,
                  "_source": {
                    "locations": {
                      "AddressLine2": null,
                      "AddressLine1": "2255 LARKIN CIRCLE",
                      "CountryName": "UNITED STATES OF AMERICA",
                      "StateName": "NEVADA",
                      "PostalCode": "89431",
                      "CityName": "SPARKS"
                    }
                  }
                }
              ]
            }
          }
        }
      },
      {
        "_index": "loc_details",
        "_type": "location_info",
        "_id": "290531",
        "_score": 63.193283,
        "highlight": {
          "locations.PostalCode": [
            "<em>83605</em>",
            "<em>83605</em>"
          ]
        },
        "inner_hits": {
          "locations": {
            "hits": {
              "total": 2,
              "max_score": 63.193283,
              "hits": [
                {
                  "_nested": {
                    "field": "locations",
                    "offset": 2
                  },
                  "_score": 63.193283,
                  "_source": {
                    "locations": {
                      "AddressLine2": null,
                      "AddressLine1": "10224 HWY 20/26",
                      "CountryName": "UNITED STATES OF AMERICA",
                      "StateName": "IDAHO",
                      "PostalCode": "83605",
                      "CityName": "CALDWELL"
                    }
                  }
                }
              ]
            }
          }
        }
      },
      {
        "_index": "loc_details",
        "_type": "location_info",
        "_id": "548609",
        "_score": 63.193283,
        "highlight": {
          "locations.PostalCode": [
            "<em>85061</em>",
            "<em>85061</em>"
          ],
          "locations.AddressLine2": [
            "<em>800</em>-266-2211-FAX:602-233-9256",
            "<em>800</em>-266-2211-FAX:602-233-9256"
          ]
        },
        "inner_hits": {
          "locations": {
            "hits": {
              "total": 2,
              "max_score": 63.193283,
              "hits": [
                {
                  "_nested": {
                    "field": "locations",
                    "offset": 1
                  },
                  "_score": 63.193283,
                  "_source": {
                    "locations": {
                      "AddressLine2": "800-266-2211-FAX:602-233-9256",
                      "AddressLine1": "2702 W ENCANTO BLVD",
                      "CountryName": "UNITED STATES OF AMERICA",
                      "StateName": "ARIZONA",
                      "PostalCode": "85061",
                      "CityName": "PHOENIX"
                    }
                  }
                }
              ]
            }
          }
        }
      },
      {
        "_index": "loc_details",
        "_type": "location_info",
        "_id": "240348",
        "_score": 62.68338,
        "highlight": {
          "locations.PostalCode": [
            "<em>80202</em>",
            "<em>80202</em>"
          ]
        },
        "inner_hits": {
          "locations": {
            "hits": {
              "total": 2,
              "max_score": 62.68338,
              "hits": [
                {
                  "_nested": {
                    "field": "locations",
                    "offset": 1
                  },
                  "_score": 62.68338,
                  "_source": {
                    "locations": {
                      "AddressLine2": "I70 EXIT 276A",
                      "AddressLine1": "4640 STEELE STREET",
                      "CountryName": "UNITED STATES OF AMERICA",
                      "StateName": "COLORADO",
                      "PostalCode": "80202",
                      "CityName": "DENVER"
                    }
                  }
                }
              ]
            }
          }
        }
      },
      {
        "_index": "loc_details",
        "_type": "location_info",
        "_id": "260193",
        "_score": 59.870106,
        "highlight": {
          "locations.PostalCode": [
            "<em>8816</em>",
            "<em>8816</em>",
            "<em>8816</em>",
            "<em>8816</em>"
          ]
        },
        "inner_hits": {
          "locations": {
            "hits": {
              "total": 4,
              "max_score": 59.870106,
              "hits": [
                {
                  "_nested": {
                    "field": "locations",
                    "offset": 6
                  },
                  "_score": 59.870106,
                  "_source": {
                    "locations": {
                      "AddressLine2": "I95 EXIT 9 RTE 18 SOUTH",
                      "AddressLine1": "19 EDGEBORO RD",
                      "CountryName": "UNITED STATES OF AMERICA",
                      "StateName": "NEW JERSEY",
                      "PostalCode": "8816",
                      "CityName": "E BRUNSWICK"
                    }
                  }
                }
              ]
            }
          }
        }
      },
      {
        "_index": "loc_details",
        "_type": "location_info",
        "_id": "574604",
        "_score": 56.19286,
        "highlight": {
          "locations.PostalCode": [
            "<em>85009</em>",
            "<em>85009</em>",
            "<em>85009</em>",
            "<em>85009</em>",
            "<em>85009</em>"
          ]
        },
        "inner_hits": {
          "locations": {
            "hits": {
              "total": 6,
              "max_score": 56.192856,
              "hits": [
                {
                  "_nested": {
                    "field": "locations",
                    "offset": 5
                  },
                  "_score": 56.192856,
                  "_source": {
                    "locations": {
                      "AddressLine2": null,
                      "AddressLine1": "4065 W LOWER BUCKEYE ROAD",
                      "CountryName": "UNITED STATES OF AMERICA",
                      "StateName": "ARIZONA",
                      "PostalCode": "85009",
                      "CityName": "PHOENIX"
                    }
                  }
                }
              ]
            }
          }
        }
      }
    ]
  }
}