{
    "areaTypeResponse": [
        {
            "areaTypeCode": "Capacity",
            "areaTypeDescription": "Capacity"
        },
        {
            "areaTypeCode": "Detention",
            "areaTypeDescription": "Detention Area"
        },
        {
            "areaTypeCode": "Detnight",
            "areaTypeDescription": "Detention Night Area"
        },
        {
            "areaTypeCode": "Ira",
            "areaTypeDescription": "Intermodal Region"
        },
        {
            "areaTypeCode": "Mkt",
            "areaTypeDescription": "Marketing Area Type"
        },
        {
            "areaTypeCode": "Mktlocal",
            "areaTypeDescription": "Local Geographic Areas."
        },
        {
            "areaTypeCode": "Nightmkt",
            "areaTypeDescription": "Night Marketing"
        },
        {
            "areaTypeCode": "Operlocal",
            "areaTypeDescription": "Local Operations Areas"
        },
        {
            "areaTypeCode": "Operregn",
            "areaTypeDescription": "Regional Operations Area"
        },
        {
            "areaTypeCode": "Pflocal",
            "areaTypeDescription": "Local Picket Fence Area"
        },
        {
            "areaTypeCode": "Pfregion",
            "areaTypeDescription": "Regional Picket Fence Region"
        },
        {
            "areaTypeCode": "Pricing",
            "areaTypeDescription": "Pricing Area Type"
        },
        {
            "areaTypeCode": "Ramparea",
            "areaTypeDescription": "Intermodal Area For Ramp Group"
        },
        {
            "areaTypeCode": "Sales",
            "areaTypeDescription": "Sales Area Type"
        }
    ]
}