{
  "_embedded" : {
    "areas" : [ {
      "areaID" : 5502,
      "areaName" : "AMAZON DROP YARD",
      "_links" : {
        "self" : {
          "href" : "http://jvdweb09701.jbhunt.com/ws_masterdata_geography/arearepo/5502"
        },
        "area" : {
          "href" : "http://jvdweb09701.jbhunt.com/ws_masterdata_geography/arearepo/5502{?projection}",
          "templated" : true
        },
        "areaPostalCodeAssociations" : {
          "href" : "http://jvdweb09701.jbhunt.com/ws_masterdata_geography/arearepo/5502/areaPostalCodeAssociations"
        }
      }
    }, {
      "areaID" : 5504,
      "areaName" : "AMAZON DROP YARD",
      "_links" : {
        "self" : {
          "href" : "http://jvdweb09701.jbhunt.com/ws_masterdata_geography/arearepo/5504"
        },
        "area" : {
          "href" : "http://jvdweb09701.jbhunt.com/ws_masterdata_geography/arearepo/5504{?projection}",
          "templated" : true
        },
        "areaPostalCodeAssociations" : {
          "href" : "http://jvdweb09701.jbhunt.com/ws_masterdata_geography/arearepo/5504/areaPostalCodeAssociations"
        }
      }
    }, {
      "areaID" : 5380,
      "areaName" : "AMAZON DROP YARD HIGHLAND,CA",
      "_links" : {
        "self" : {
          "href" : "http://jvdweb09701.jbhunt.com/ws_masterdata_geography/arearepo/5380"
        },
        "area" : {
          "href" : "http://jvdweb09701.jbhunt.com/ws_masterdata_geography/arearepo/5380{?projection}",
          "templated" : true
        },
        "areaPostalCodeAssociations" : {
          "href" : "http://jvdweb09701.jbhunt.com/ws_masterdata_geography/arearepo/5380/areaPostalCodeAssociations"
        }
      }
    }, {
      "areaID" : 3181,
      "areaName" : "AMAZON DROP YARD PHOAZ",
      "_links" : {
        "self" : {
          "href" : "http://jvdweb09701.jbhunt.com/ws_masterdata_geography/arearepo/3181"
        },
        "area" : {
          "href" : "http://jvdweb09701.jbhunt.com/ws_masterdata_geography/arearepo/3181{?projection}",
          "templated" : true
        },
        "areaPostalCodeAssociations" : {
          "href" : "http://jvdweb09701.jbhunt.com/ws_masterdata_geography/arearepo/3181/areaPostalCodeAssociations"
        }
      }
    }, {
      "areaID" : 3191,
      "areaName" : "AMAZON DROP YARD PHOAZ",
      "_links" : {
        "self" : {
          "href" : "http://jvdweb09701.jbhunt.com/ws_masterdata_geography/arearepo/3191"
        },
        "area" : {
          "href" : "http://jvdweb09701.jbhunt.com/ws_masterdata_geography/arearepo/3191{?projection}",
          "templated" : true
        },
        "areaPostalCodeAssociations" : {
          "href" : "http://jvdweb09701.jbhunt.com/ws_masterdata_geography/arearepo/3191/areaPostalCodeAssociations"
        }
      }
    } ]
  },
  "_links" : {
    "self" : {
      "href" : "http://jvdweb09701.jbhunt.com/ws_masterdata_geography/arearepo/search/areasByName?areaName=ard&page=0&size=5"
    }
  }
}