{
    "content": [
        {
            "areaID": 3099,
            "areaName": "NO ZIP AREA TO REMOVE ZIPS",
            "financialBusinessUnit": "HJBT JBHA",
            "areaType": "Capacity",
            "status": "Active"
        },
        {
            "areaID": 3101,
            "areaName": "NO ZIPS",
            "financialBusinessUnit": "HJBT JBHA",
            "areaType": "Marketing Area Type",
            "status": "Active"
        },
        {
            "areaID": 3103,
            "areaName": "NO ZIP AREA TO REMOVE ZIPS",
            "financialBusinessUnit": "HJBT JBVAN",
            "areaType": "Capacity",
            "status": "Active"
        },
        {
            "areaID": 3537,
            "areaName": "PUERTO RICO, US",
            "financialBusinessUnit": "HJBT JBVAN",
            "areaType": "Intermodal Area For Ramp Group",
            "status": "Active"
        },
        {
            "areaID": 2469,
            "areaName": "MEXICO LAREDO TX IRAMP AREA",
            "financialBusinessUnit": "HJBT JBVAN",
            "areaType": "Intermodal Region",
            "status": "Active"
        },
        {
            "areaID": 2577,
            "areaName": "MASSACHUSETTS",
            "financialBusinessUnit": "HJBT JBDCS",
            "areaType": "Marketing Area Type",
            "status": "Active"
        },
        {
            "areaID": 2578,
            "areaName": "MASSASCHUSETTS",
            "financialBusinessUnit": "HJBT JBDCS",
            "areaType": "Sales Area Type",
            "status": "Active"
        },
        {
            "areaID": 2580,
            "areaName": "MASSACHUSETTS",
            "financialBusinessUnit": "HJBT JBHA",
            "areaType": "Marketing Area Type",
            "status": "Active"
        },
        {
            "areaID": 2583,
            "areaName": "MASSACHUSETTS",
            "financialBusinessUnit": "HJBT JBVAN",
            "areaType": "Capacity",
            "status": "Active"
        },
        {
            "areaID": 2585,
            "areaName": "MASSACHUSETTS",
            "financialBusinessUnit": "HJBT JBVAN",
            "areaType": "Marketing Area Type",
            "status": "Active"
        }
    ],
    "last": false,
    "totalElements": 2115,
    "totalPages": 212,
    "size": 10,
    "number": 0,
    "sort": null,
    "numberOfElements": 10,
    "first": true
}