{
  "createTimestamp" : "2017-06-06T04:11:41.606362",
  "createProgramName" : "NXTCCI",
  "lastUpdateTimestamp" : "2017-06-06T04:11:41.606362",
  "lastUpdateProgramName" : "NXTCCI",
  "createUserId" : "pidnext",
  "lastUpdateUserId" : "pidnext",
  "areaID" : 3103,
  "areaType" : {
    "areaTypeCode" : "CAPACITY",
    "areaTypeDescription" : "Capacity"
  },
  "areaName" : "NO ZIP AREA TO REMOVE ZIPS",
  "financialBusinessUnitCode" : "HJBT JBVAN",
  "areaPostalCodeAssociations" : [ {
    "createTimestamp" : "2017-06-06T04:11:54.469246",
    "createProgramName" : "NXTCCI",
    "lastUpdateTimestamp" : "2017-06-06T04:11:54.469246",
    "lastUpdateProgramName" : "NXTCCI",
    "createUserId" : "pidnext",
    "lastUpdateUserId" : "pidnext",
    "areaPostalCodeAssociationID" : 4,
    "postalCode" : {
      "createTimestamp" : "2017-06-06T02:09:54.6202115",
      "createProgramName" : "NXTCCI",
      "lastUpdateTimestamp" : "2017-06-06T02:09:54.6202115",
      "lastUpdateProgramName" : "NXTCCI",
      "createUserId" : "pidnext",
      "lastUpdateUserId" : "pidnext",
      "postalCodeID" : 395,
      "country" : {
        "countryCode" : "PUE",
        "countryName" : "PUERTO RICO",
        "countryCallingCode" : "01101"
      },
      "postalCodeLengthSpecification" : {
        "postalCodeLengthSpecificationCode" : "5",
        "postalCodeLengthSpecificationDescription" : "Five Digit Code"
      },
      "postalCode" : "00725",
      "effectiveTimestamp" : "1993-01-01T00:00:00-06:00",
      "expirationTimestamp" : "2099-12-31T23:59:59.454Z"
    },
    "areaPostalCodeInclusionExclusionType" : {
      "areaPostalCodeInclusionExclusionTypeCode" : "Include",
      "areaPostalCodeInclusionExclusionTypeDescription" : "Include"
    },
    "effectiveTimestamp" : "1993-01-01T00:00:00Z",
    "expirationTimestamp" : "2099-12-31T23:59:59.454Z"
  }, {
    "createTimestamp" : "2017-06-06T04:11:54.469246",
    "createProgramName" : "NXTCCI",
    "lastUpdateTimestamp" : "2017-06-06T04:11:54.469246",
    "lastUpdateProgramName" : "NXTCCI",
    "createUserId" : "pidnext",
    "lastUpdateUserId" : "pidnext",
    "areaPostalCodeAssociationID" : 9,
    "postalCode" : {
      "createTimestamp" : "2017-06-06T02:09:54.6202115",
      "createProgramName" : "NXTCCI",
      "lastUpdateTimestamp" : "2017-06-06T02:09:54.6202115",
      "lastUpdateProgramName" : "NXTCCI",
      "createUserId" : "pidnext",
      "lastUpdateUserId" : "pidnext",
      "postalCodeID" : 396,
      "country" : {
        "countryCode" : "USA",
        "countryName" : "UNITED STATES OF AMERICA",
        "countryCallingCode" : "01101"
      },
      "postalCodeLengthSpecification" : {
        "postalCodeLengthSpecificationCode" : "5",
        "postalCodeLengthSpecificationDescription" : "Five Digit Code"
      },
      "postalCode" : "00725",
      "effectiveTimestamp" : "1993-01-01T00:00:00-06:00",
      "expirationTimestamp" : "2099-12-31T23:59:59.454Z"
    },
    "areaPostalCodeInclusionExclusionType" : {
      "areaPostalCodeInclusionExclusionTypeCode" : "Include",
      "areaPostalCodeInclusionExclusionTypeDescription" : "Include"
    },
    "effectiveTimestamp" : "1993-01-01T00:00:00Z",
    "expirationTimestamp" : "2099-12-31T23:59:59.454Z"
  }, {
    "createTimestamp" : "2017-06-06T04:11:54.469246",
    "createProgramName" : "NXTCCI",
    "lastUpdateTimestamp" : "2017-06-06T04:11:54.469246",
    "lastUpdateProgramName" : "NXTCCI",
    "createUserId" : "pidnext",
    "lastUpdateUserId" : "pidnext",
    "areaPostalCodeAssociationID" : 852,
    "postalCode" : {
      "createTimestamp" : "2017-06-06T02:09:54.6202115",
      "createProgramName" : "NXTCCI",
      "lastUpdateTimestamp" : "2017-06-06T02:09:54.6202115",
      "lastUpdateProgramName" : "NXTCCI",
      "createUserId" : "pidnext",
      "lastUpdateUserId" : "pidnext",
      "postalCodeID" : 395,
      "country" : {
        "countryCode" : "PUE",
        "countryName" : "PUERTO RICO",
        "countryCallingCode" : "01101"
      },
      "postalCodeLengthSpecification" : {
        "postalCodeLengthSpecificationCode" : "5",
        "postalCodeLengthSpecificationDescription" : "Five Digit Code"
      },
      "postalCode" : "00725",
      "effectiveTimestamp" : "1993-01-01T00:00:00-06:00",
      "expirationTimestamp" : "2099-12-31T23:59:59.454Z"
    },
    "areaPostalCodeInclusionExclusionType" : {
      "areaPostalCodeInclusionExclusionTypeCode" : "Exclude",
      "areaPostalCodeInclusionExclusionTypeDescription" : "Exclude"
    },
    "effectiveTimestamp" : "1993-01-01T00:00:00Z",
    "expirationTimestamp" : "2099-12-31T23:59:59.454Z"
  }, {
    "createTimestamp" : "2017-06-06T04:11:54.469246",
    "createProgramName" : "NXTCCI",
    "lastUpdateTimestamp" : "2017-06-06T04:11:54.469246",
    "lastUpdateProgramName" : "NXTCCI",
    "createUserId" : "pidnext",
    "lastUpdateUserId" : "pidnext",
    "areaPostalCodeAssociationID" : 856,
    "postalCode" : {
      "createTimestamp" : "2017-06-06T02:09:54.6202115",
      "createProgramName" : "NXTCCI",
      "lastUpdateTimestamp" : "2017-06-06T02:09:54.6202115",
      "lastUpdateProgramName" : "NXTCCI",
      "createUserId" : "pidnext",
      "lastUpdateUserId" : "pidnext",
      "postalCodeID" : 396,
      "country" : {
        "countryCode" : "USA",
        "countryName" : "UNITED STATES OF AMERICA",
        "countryCallingCode" : "01101"
      },
      "postalCodeLengthSpecification" : {
        "postalCodeLengthSpecificationCode" : "5",
        "postalCodeLengthSpecificationDescription" : "Five Digit Code"
      },
      "postalCode" : "00725",
      "effectiveTimestamp" : "1993-01-01T00:00:00-06:00",
      "expirationTimestamp" : "2099-12-31T23:59:59.454Z"
    },
    "areaPostalCodeInclusionExclusionType" : {
      "areaPostalCodeInclusionExclusionTypeCode" : "Exclude",
      "areaPostalCodeInclusionExclusionTypeDescription" : "Exclude"
    },
    "effectiveTimestamp" : "1993-01-01T00:00:00Z",
    "expirationTimestamp" : "2099-12-31T23:59:59.454Z"
  }, {
    "createTimestamp" : "2017-06-06T04:11:54.469246",
    "createProgramName" : "NXTCCI",
    "lastUpdateTimestamp" : "2017-06-06T04:11:54.469246",
    "lastUpdateProgramName" : "NXTCCI",
    "createUserId" : "pidnext",
    "lastUpdateUserId" : "pidnext",
    "areaPostalCodeAssociationID" : 5201,
    "postalCode" : {
      "createTimestamp" : "2017-06-06T02:09:54.6202115",
      "createProgramName" : "NXTCCI",
      "lastUpdateTimestamp" : "2017-06-06T02:09:54.6202115",
      "lastUpdateProgramName" : "NXTCCI",
      "createUserId" : "pidnext",
      "lastUpdateUserId" : "pidnext",
      "postalCodeID" : 7048,
      "country" : {
        "countryCode" : "USA",
        "countryName" : "UNITED STATES OF AMERICA",
        "countryCallingCode" : "01101"
      },
      "postalCodeLengthSpecification" : {
        "postalCodeLengthSpecificationCode" : "9",
        "postalCodeLengthSpecificationDescription" : "Nine Digit Code"
      },
      "postalCode" : "070324302",
      "effectiveTimestamp" : "1993-01-01T00:00:00-06:00",
      "expirationTimestamp" : "2099-12-31T23:59:59.454Z"
    },
    "areaPostalCodeInclusionExclusionType" : {
      "areaPostalCodeInclusionExclusionTypeCode" : "Include",
      "areaPostalCodeInclusionExclusionTypeDescription" : "Include"
    },
    "effectiveTimestamp" : "1993-01-01T00:00:00Z",
    "expirationTimestamp" : "2099-12-31T23:59:59.454Z"
  } ],
  "effectiveTimestamp" : "1993-01-01T00:00:00Z",
  "expirationTimestamp" : "2099-12-31T23:59:59.454Z",
  "countryCode" : "PUE"
}