{
  "_embedded" : {
    "postalCodes" : [ {
      "postalCode" : "123",
      "postalCodeID" : 11498,
      "_links" : {
        "self" : {
          "href" : "http://jvdweb09701.jbhunt.com/ws_masterdata_geography/postalcoderepo/11498"
        },
        "postalCode" : {
          "href" : "http://jvdweb09701.jbhunt.com/ws_masterdata_geography/postalcoderepo/11498{?projection}",
          "templated" : true
        },
        "country" : {
          "href" : "http://jvdweb09701.jbhunt.com/ws_masterdata_geography/postalcoderepo/11498/country"
        },
        "postalCodeLengthSpecification" : {
          "href" : "http://jvdweb09701.jbhunt.com/ws_masterdata_geography/postalcoderepo/11498/postalCodeLengthSpecification"
        }
      }
    }, {
      "postalCode" : "12300",
      "postalCodeID" : 11499,
      "_links" : {
        "self" : {
          "href" : "http://jvdweb09701.jbhunt.com/ws_masterdata_geography/postalcoderepo/11499"
        },
        "postalCode" : {
          "href" : "http://jvdweb09701.jbhunt.com/ws_masterdata_geography/postalcoderepo/11499{?projection}",
          "templated" : true
        },
        "country" : {
          "href" : "http://jvdweb09701.jbhunt.com/ws_masterdata_geography/postalcoderepo/11499/country"
        },
        "postalCodeLengthSpecification" : {
          "href" : "http://jvdweb09701.jbhunt.com/ws_masterdata_geography/postalcoderepo/11499/postalCodeLengthSpecification"
        }
      }
    }, {
      "postalCode" : "12301",
      "postalCodeID" : 11500,
      "_links" : {
        "self" : {
          "href" : "http://jvdweb09701.jbhunt.com/ws_masterdata_geography/postalcoderepo/11500"
        },
        "postalCode" : {
          "href" : "http://jvdweb09701.jbhunt.com/ws_masterdata_geography/postalcoderepo/11500{?projection}",
          "templated" : true
        },
        "country" : {
          "href" : "http://jvdweb09701.jbhunt.com/ws_masterdata_geography/postalcoderepo/11500/country"
        },
        "postalCodeLengthSpecification" : {
          "href" : "http://jvdweb09701.jbhunt.com/ws_masterdata_geography/postalcoderepo/11500/postalCodeLengthSpecification"
        }
      }
    }, {
      "postalCode" : "12302",
      "postalCodeID" : 11501,
      "_links" : {
        "self" : {
          "href" : "http://jvdweb09701.jbhunt.com/ws_masterdata_geography/postalcoderepo/11501"
        },
        "postalCode" : {
          "href" : "http://jvdweb09701.jbhunt.com/ws_masterdata_geography/postalcoderepo/11501{?projection}",
          "templated" : true
        },
        "country" : {
          "href" : "http://jvdweb09701.jbhunt.com/ws_masterdata_geography/postalcoderepo/11501/country"
        },
        "postalCodeLengthSpecification" : {
          "href" : "http://jvdweb09701.jbhunt.com/ws_masterdata_geography/postalcoderepo/11501/postalCodeLengthSpecification"
        }
      }
    }, {
      "postalCode" : "12303",
      "postalCodeID" : 11502,
      "_links" : {
        "self" : {
          "href" : "http://jvdweb09701.jbhunt.com/ws_masterdata_geography/postalcoderepo/11502"
        },
        "postalCode" : {
          "href" : "http://jvdweb09701.jbhunt.com/ws_masterdata_geography/postalcoderepo/11502{?projection}",
          "templated" : true
        },
        "country" : {
          "href" : "http://jvdweb09701.jbhunt.com/ws_masterdata_geography/postalcoderepo/11502/country"
        },
        "postalCodeLengthSpecification" : {
          "href" : "http://jvdweb09701.jbhunt.com/ws_masterdata_geography/postalcoderepo/11502/postalCodeLengthSpecification"
        }
      }
    }, {
      "postalCode" : "12304",
      "postalCodeID" : 11503,
      "_links" : {
        "self" : {
          "href" : "http://jvdweb09701.jbhunt.com/ws_masterdata_geography/postalcoderepo/11503"
        },
        "postalCode" : {
          "href" : "http://jvdweb09701.jbhunt.com/ws_masterdata_geography/postalcoderepo/11503{?projection}",
          "templated" : true
        },
        "country" : {
          "href" : "http://jvdweb09701.jbhunt.com/ws_masterdata_geography/postalcoderepo/11503/country"
        },
        "postalCodeLengthSpecification" : {
          "href" : "http://jvdweb09701.jbhunt.com/ws_masterdata_geography/postalcoderepo/11503/postalCodeLengthSpecification"
        }
      }
    }, {
      "postalCode" : "12305",
      "postalCodeID" : 11504,
      "_links" : {
        "self" : {
          "href" : "http://jvdweb09701.jbhunt.com/ws_masterdata_geography/postalcoderepo/11504"
        },
        "postalCode" : {
          "href" : "http://jvdweb09701.jbhunt.com/ws_masterdata_geography/postalcoderepo/11504{?projection}",
          "templated" : true
        },
        "country" : {
          "href" : "http://jvdweb09701.jbhunt.com/ws_masterdata_geography/postalcoderepo/11504/country"
        },
        "postalCodeLengthSpecification" : {
          "href" : "http://jvdweb09701.jbhunt.com/ws_masterdata_geography/postalcoderepo/11504/postalCodeLengthSpecification"
        }
      }
    }, {
      "postalCode" : "12306",
      "postalCodeID" : 11505,
      "_links" : {
        "self" : {
          "href" : "http://jvdweb09701.jbhunt.com/ws_masterdata_geography/postalcoderepo/11505"
        },
        "postalCode" : {
          "href" : "http://jvdweb09701.jbhunt.com/ws_masterdata_geography/postalcoderepo/11505{?projection}",
          "templated" : true
        },
        "country" : {
          "href" : "http://jvdweb09701.jbhunt.com/ws_masterdata_geography/postalcoderepo/11505/country"
        },
        "postalCodeLengthSpecification" : {
          "href" : "http://jvdweb09701.jbhunt.com/ws_masterdata_geography/postalcoderepo/11505/postalCodeLengthSpecification"
        }
      }
    }, {
      "postalCode" : "12307",
      "postalCodeID" : 11506,
      "_links" : {
        "self" : {
          "href" : "http://jvdweb09701.jbhunt.com/ws_masterdata_geography/postalcoderepo/11506"
        },
        "postalCode" : {
          "href" : "http://jvdweb09701.jbhunt.com/ws_masterdata_geography/postalcoderepo/11506{?projection}",
          "templated" : true
        },
        "country" : {
          "href" : "http://jvdweb09701.jbhunt.com/ws_masterdata_geography/postalcoderepo/11506/country"
        },
        "postalCodeLengthSpecification" : {
          "href" : "http://jvdweb09701.jbhunt.com/ws_masterdata_geography/postalcoderepo/11506/postalCodeLengthSpecification"
        }
      }
    }, {
      "postalCode" : "12308",
      "postalCodeID" : 11507,
      "_links" : {
        "self" : {
          "href" : "http://jvdweb09701.jbhunt.com/ws_masterdata_geography/postalcoderepo/11507"
        },
        "postalCode" : {
          "href" : "http://jvdweb09701.jbhunt.com/ws_masterdata_geography/postalcoderepo/11507{?projection}",
          "templated" : true
        },
        "country" : {
          "href" : "http://jvdweb09701.jbhunt.com/ws_masterdata_geography/postalcoderepo/11507/country"
        },
        "postalCodeLengthSpecification" : {
          "href" : "http://jvdweb09701.jbhunt.com/ws_masterdata_geography/postalcoderepo/11507/postalCodeLengthSpecification"
        }
      }
    }, {
      "postalCode" : "12309",
      "postalCodeID" : 11508,
      "_links" : {
        "self" : {
          "href" : "http://jvdweb09701.jbhunt.com/ws_masterdata_geography/postalcoderepo/11508"
        },
        "postalCode" : {
          "href" : "http://jvdweb09701.jbhunt.com/ws_masterdata_geography/postalcoderepo/11508{?projection}",
          "templated" : true
        },
        "country" : {
          "href" : "http://jvdweb09701.jbhunt.com/ws_masterdata_geography/postalcoderepo/11508/country"
        },
        "postalCodeLengthSpecification" : {
          "href" : "http://jvdweb09701.jbhunt.com/ws_masterdata_geography/postalcoderepo/11508/postalCodeLengthSpecification"
        }
      }
    }, {
      "postalCode" : "12310",
      "postalCodeID" : 11509,
      "_links" : {
        "self" : {
          "href" : "http://jvdweb09701.jbhunt.com/ws_masterdata_geography/postalcoderepo/11509"
        },
        "postalCode" : {
          "href" : "http://jvdweb09701.jbhunt.com/ws_masterdata_geography/postalcoderepo/11509{?projection}",
          "templated" : true
        },
        "country" : {
          "href" : "http://jvdweb09701.jbhunt.com/ws_masterdata_geography/postalcoderepo/11509/country"
        },
        "postalCodeLengthSpecification" : {
          "href" : "http://jvdweb09701.jbhunt.com/ws_masterdata_geography/postalcoderepo/11509/postalCodeLengthSpecification"
        }
      }
    }, {
      "postalCode" : "12311",
      "postalCodeID" : 11510,
      "_links" : {
        "self" : {
          "href" : "http://jvdweb09701.jbhunt.com/ws_masterdata_geography/postalcoderepo/11510"
        },
        "postalCode" : {
          "href" : "http://jvdweb09701.jbhunt.com/ws_masterdata_geography/postalcoderepo/11510{?projection}",
          "templated" : true
        },
        "country" : {
          "href" : "http://jvdweb09701.jbhunt.com/ws_masterdata_geography/postalcoderepo/11510/country"
        },
        "postalCodeLengthSpecification" : {
          "href" : "http://jvdweb09701.jbhunt.com/ws_masterdata_geography/postalcoderepo/11510/postalCodeLengthSpecification"
        }
      }
    }, {
      "postalCode" : "12312",
      "postalCodeID" : 11511,
      "_links" : {
        "self" : {
          "href" : "http://jvdweb09701.jbhunt.com/ws_masterdata_geography/postalcoderepo/11511"
        },
        "postalCode" : {
          "href" : "http://jvdweb09701.jbhunt.com/ws_masterdata_geography/postalcoderepo/11511{?projection}",
          "templated" : true
        },
        "country" : {
          "href" : "http://jvdweb09701.jbhunt.com/ws_masterdata_geography/postalcoderepo/11511/country"
        },
        "postalCodeLengthSpecification" : {
          "href" : "http://jvdweb09701.jbhunt.com/ws_masterdata_geography/postalcoderepo/11511/postalCodeLengthSpecification"
        }
      }
    }, {
      "postalCode" : "12313",
      "postalCodeID" : 11512,
      "_links" : {
        "self" : {
          "href" : "http://jvdweb09701.jbhunt.com/ws_masterdata_geography/postalcoderepo/11512"
        },
        "postalCode" : {
          "href" : "http://jvdweb09701.jbhunt.com/ws_masterdata_geography/postalcoderepo/11512{?projection}",
          "templated" : true
        },
        "country" : {
          "href" : "http://jvdweb09701.jbhunt.com/ws_masterdata_geography/postalcoderepo/11512/country"
        },
        "postalCodeLengthSpecification" : {
          "href" : "http://jvdweb09701.jbhunt.com/ws_masterdata_geography/postalcoderepo/11512/postalCodeLengthSpecification"
        }
      }
    }, {
      "postalCode" : "12314",
      "postalCodeID" : 11513,
      "_links" : {
        "self" : {
          "href" : "http://jvdweb09701.jbhunt.com/ws_masterdata_geography/postalcoderepo/11513"
        },
        "postalCode" : {
          "href" : "http://jvdweb09701.jbhunt.com/ws_masterdata_geography/postalcoderepo/11513{?projection}",
          "templated" : true
        },
        "country" : {
          "href" : "http://jvdweb09701.jbhunt.com/ws_masterdata_geography/postalcoderepo/11513/country"
        },
        "postalCodeLengthSpecification" : {
          "href" : "http://jvdweb09701.jbhunt.com/ws_masterdata_geography/postalcoderepo/11513/postalCodeLengthSpecification"
        }
      }
    }, {
      "postalCode" : "12315",
      "postalCodeID" : 11514,
      "_links" : {
        "self" : {
          "href" : "http://jvdweb09701.jbhunt.com/ws_masterdata_geography/postalcoderepo/11514"
        },
        "postalCode" : {
          "href" : "http://jvdweb09701.jbhunt.com/ws_masterdata_geography/postalcoderepo/11514{?projection}",
          "templated" : true
        },
        "country" : {
          "href" : "http://jvdweb09701.jbhunt.com/ws_masterdata_geography/postalcoderepo/11514/country"
        },
        "postalCodeLengthSpecification" : {
          "href" : "http://jvdweb09701.jbhunt.com/ws_masterdata_geography/postalcoderepo/11514/postalCodeLengthSpecification"
        }
      }
    }, {
      "postalCode" : "12316",
      "postalCodeID" : 11515,
      "_links" : {
        "self" : {
          "href" : "http://jvdweb09701.jbhunt.com/ws_masterdata_geography/postalcoderepo/11515"
        },
        "postalCode" : {
          "href" : "http://jvdweb09701.jbhunt.com/ws_masterdata_geography/postalcoderepo/11515{?projection}",
          "templated" : true
        },
        "country" : {
          "href" : "http://jvdweb09701.jbhunt.com/ws_masterdata_geography/postalcoderepo/11515/country"
        },
        "postalCodeLengthSpecification" : {
          "href" : "http://jvdweb09701.jbhunt.com/ws_masterdata_geography/postalcoderepo/11515/postalCodeLengthSpecification"
        }
      }
    }, {
      "postalCode" : "12317",
      "postalCodeID" : 11516,
      "_links" : {
        "self" : {
          "href" : "http://jvdweb09701.jbhunt.com/ws_masterdata_geography/postalcoderepo/11516"
        },
        "postalCode" : {
          "href" : "http://jvdweb09701.jbhunt.com/ws_masterdata_geography/postalcoderepo/11516{?projection}",
          "templated" : true
        },
        "country" : {
          "href" : "http://jvdweb09701.jbhunt.com/ws_masterdata_geography/postalcoderepo/11516/country"
        },
        "postalCodeLengthSpecification" : {
          "href" : "http://jvdweb09701.jbhunt.com/ws_masterdata_geography/postalcoderepo/11516/postalCodeLengthSpecification"
        }
      }
    }, {
      "postalCode" : "12318",
      "postalCodeID" : 11517,
      "_links" : {
        "self" : {
          "href" : "http://jvdweb09701.jbhunt.com/ws_masterdata_geography/postalcoderepo/11517"
        },
        "postalCode" : {
          "href" : "http://jvdweb09701.jbhunt.com/ws_masterdata_geography/postalcoderepo/11517{?projection}",
          "templated" : true
        },
        "country" : {
          "href" : "http://jvdweb09701.jbhunt.com/ws_masterdata_geography/postalcoderepo/11517/country"
        },
        "postalCodeLengthSpecification" : {
          "href" : "http://jvdweb09701.jbhunt.com/ws_masterdata_geography/postalcoderepo/11517/postalCodeLengthSpecification"
        }
      }
    }, {
      "postalCode" : "12319",
      "postalCodeID" : 11518,
      "_links" : {
        "self" : {
          "href" : "http://jvdweb09701.jbhunt.com/ws_masterdata_geography/postalcoderepo/11518"
        },
        "postalCode" : {
          "href" : "http://jvdweb09701.jbhunt.com/ws_masterdata_geography/postalcoderepo/11518{?projection}",
          "templated" : true
        },
        "country" : {
          "href" : "http://jvdweb09701.jbhunt.com/ws_masterdata_geography/postalcoderepo/11518/country"
        },
        "postalCodeLengthSpecification" : {
          "href" : "http://jvdweb09701.jbhunt.com/ws_masterdata_geography/postalcoderepo/11518/postalCodeLengthSpecification"
        }
      }
    }, {
      "postalCode" : "12320",
      "postalCodeID" : 11519,
      "_links" : {
        "self" : {
          "href" : "http://jvdweb09701.jbhunt.com/ws_masterdata_geography/postalcoderepo/11519"
        },
        "postalCode" : {
          "href" : "http://jvdweb09701.jbhunt.com/ws_masterdata_geography/postalcoderepo/11519{?projection}",
          "templated" : true
        },
        "country" : {
          "href" : "http://jvdweb09701.jbhunt.com/ws_masterdata_geography/postalcoderepo/11519/country"
        },
        "postalCodeLengthSpecification" : {
          "href" : "http://jvdweb09701.jbhunt.com/ws_masterdata_geography/postalcoderepo/11519/postalCodeLengthSpecification"
        }
      }
    }, {
      "postalCode" : "12321",
      "postalCodeID" : 11520,
      "_links" : {
        "self" : {
          "href" : "http://jvdweb09701.jbhunt.com/ws_masterdata_geography/postalcoderepo/11520"
        },
        "postalCode" : {
          "href" : "http://jvdweb09701.jbhunt.com/ws_masterdata_geography/postalcoderepo/11520{?projection}",
          "templated" : true
        },
        "country" : {
          "href" : "http://jvdweb09701.jbhunt.com/ws_masterdata_geography/postalcoderepo/11520/country"
        },
        "postalCodeLengthSpecification" : {
          "href" : "http://jvdweb09701.jbhunt.com/ws_masterdata_geography/postalcoderepo/11520/postalCodeLengthSpecification"
        }
      }
    }, {
      "postalCode" : "12322",
      "postalCodeID" : 11521,
      "_links" : {
        "self" : {
          "href" : "http://jvdweb09701.jbhunt.com/ws_masterdata_geography/postalcoderepo/11521"
        },
        "postalCode" : {
          "href" : "http://jvdweb09701.jbhunt.com/ws_masterdata_geography/postalcoderepo/11521{?projection}",
          "templated" : true
        },
        "country" : {
          "href" : "http://jvdweb09701.jbhunt.com/ws_masterdata_geography/postalcoderepo/11521/country"
        },
        "postalCodeLengthSpecification" : {
          "href" : "http://jvdweb09701.jbhunt.com/ws_masterdata_geography/postalcoderepo/11521/postalCodeLengthSpecification"
        }
      }
    }, {
      "postalCode" : "12323",
      "postalCodeID" : 11522,
      "_links" : {
        "self" : {
          "href" : "http://jvdweb09701.jbhunt.com/ws_masterdata_geography/postalcoderepo/11522"
        },
        "postalCode" : {
          "href" : "http://jvdweb09701.jbhunt.com/ws_masterdata_geography/postalcoderepo/11522{?projection}",
          "templated" : true
        },
        "country" : {
          "href" : "http://jvdweb09701.jbhunt.com/ws_masterdata_geography/postalcoderepo/11522/country"
        },
        "postalCodeLengthSpecification" : {
          "href" : "http://jvdweb09701.jbhunt.com/ws_masterdata_geography/postalcoderepo/11522/postalCodeLengthSpecification"
        }
      }
    }, {
      "postalCode" : "12324",
      "postalCodeID" : 11523,
      "_links" : {
        "self" : {
          "href" : "http://jvdweb09701.jbhunt.com/ws_masterdata_geography/postalcoderepo/11523"
        },
        "postalCode" : {
          "href" : "http://jvdweb09701.jbhunt.com/ws_masterdata_geography/postalcoderepo/11523{?projection}",
          "templated" : true
        },
        "country" : {
          "href" : "http://jvdweb09701.jbhunt.com/ws_masterdata_geography/postalcoderepo/11523/country"
        },
        "postalCodeLengthSpecification" : {
          "href" : "http://jvdweb09701.jbhunt.com/ws_masterdata_geography/postalcoderepo/11523/postalCodeLengthSpecification"
        }
      }
    }, {
      "postalCode" : "12325",
      "postalCodeID" : 11524,
      "_links" : {
        "self" : {
          "href" : "http://jvdweb09701.jbhunt.com/ws_masterdata_geography/postalcoderepo/11524"
        },
        "postalCode" : {
          "href" : "http://jvdweb09701.jbhunt.com/ws_masterdata_geography/postalcoderepo/11524{?projection}",
          "templated" : true
        },
        "country" : {
          "href" : "http://jvdweb09701.jbhunt.com/ws_masterdata_geography/postalcoderepo/11524/country"
        },
        "postalCodeLengthSpecification" : {
          "href" : "http://jvdweb09701.jbhunt.com/ws_masterdata_geography/postalcoderepo/11524/postalCodeLengthSpecification"
        }
      }
    }, {
      "postalCode" : "12326",
      "postalCodeID" : 11525,
      "_links" : {
        "self" : {
          "href" : "http://jvdweb09701.jbhunt.com/ws_masterdata_geography/postalcoderepo/11525"
        },
        "postalCode" : {
          "href" : "http://jvdweb09701.jbhunt.com/ws_masterdata_geography/postalcoderepo/11525{?projection}",
          "templated" : true
        },
        "country" : {
          "href" : "http://jvdweb09701.jbhunt.com/ws_masterdata_geography/postalcoderepo/11525/country"
        },
        "postalCodeLengthSpecification" : {
          "href" : "http://jvdweb09701.jbhunt.com/ws_masterdata_geography/postalcoderepo/11525/postalCodeLengthSpecification"
        }
      }
    }, {
      "postalCode" : "12327",
      "postalCodeID" : 11526,
      "_links" : {
        "self" : {
          "href" : "http://jvdweb09701.jbhunt.com/ws_masterdata_geography/postalcoderepo/11526"
        },
        "postalCode" : {
          "href" : "http://jvdweb09701.jbhunt.com/ws_masterdata_geography/postalcoderepo/11526{?projection}",
          "templated" : true
        },
        "country" : {
          "href" : "http://jvdweb09701.jbhunt.com/ws_masterdata_geography/postalcoderepo/11526/country"
        },
        "postalCodeLengthSpecification" : {
          "href" : "http://jvdweb09701.jbhunt.com/ws_masterdata_geography/postalcoderepo/11526/postalCodeLengthSpecification"
        }
      }
    }, {
      "postalCode" : "12328",
      "postalCodeID" : 11527,
      "_links" : {
        "self" : {
          "href" : "http://jvdweb09701.jbhunt.com/ws_masterdata_geography/postalcoderepo/11527"
        },
        "postalCode" : {
          "href" : "http://jvdweb09701.jbhunt.com/ws_masterdata_geography/postalcoderepo/11527{?projection}",
          "templated" : true
        },
        "country" : {
          "href" : "http://jvdweb09701.jbhunt.com/ws_masterdata_geography/postalcoderepo/11527/country"
        },
        "postalCodeLengthSpecification" : {
          "href" : "http://jvdweb09701.jbhunt.com/ws_masterdata_geography/postalcoderepo/11527/postalCodeLengthSpecification"
        }
      }
    }, {
      "postalCode" : "12329",
      "postalCodeID" : 11528,
      "_links" : {
        "self" : {
          "href" : "http://jvdweb09701.jbhunt.com/ws_masterdata_geography/postalcoderepo/11528"
        },
        "postalCode" : {
          "href" : "http://jvdweb09701.jbhunt.com/ws_masterdata_geography/postalcoderepo/11528{?projection}",
          "templated" : true
        },
        "country" : {
          "href" : "http://jvdweb09701.jbhunt.com/ws_masterdata_geography/postalcoderepo/11528/country"
        },
        "postalCodeLengthSpecification" : {
          "href" : "http://jvdweb09701.jbhunt.com/ws_masterdata_geography/postalcoderepo/11528/postalCodeLengthSpecification"
        }
      }
    }, {
      "postalCode" : "12330",
      "postalCodeID" : 11529,
      "_links" : {
        "self" : {
          "href" : "http://jvdweb09701.jbhunt.com/ws_masterdata_geography/postalcoderepo/11529"
        },
        "postalCode" : {
          "href" : "http://jvdweb09701.jbhunt.com/ws_masterdata_geography/postalcoderepo/11529{?projection}",
          "templated" : true
        },
        "country" : {
          "href" : "http://jvdweb09701.jbhunt.com/ws_masterdata_geography/postalcoderepo/11529/country"
        },
        "postalCodeLengthSpecification" : {
          "href" : "http://jvdweb09701.jbhunt.com/ws_masterdata_geography/postalcoderepo/11529/postalCodeLengthSpecification"
        }
      }
    }, {
      "postalCode" : "12331",
      "postalCodeID" : 11530,
      "_links" : {
        "self" : {
          "href" : "http://jvdweb09701.jbhunt.com/ws_masterdata_geography/postalcoderepo/11530"
        },
        "postalCode" : {
          "href" : "http://jvdweb09701.jbhunt.com/ws_masterdata_geography/postalcoderepo/11530{?projection}",
          "templated" : true
        },
        "country" : {
          "href" : "http://jvdweb09701.jbhunt.com/ws_masterdata_geography/postalcoderepo/11530/country"
        },
        "postalCodeLengthSpecification" : {
          "href" : "http://jvdweb09701.jbhunt.com/ws_masterdata_geography/postalcoderepo/11530/postalCodeLengthSpecification"
        }
      }
    }, {
      "postalCode" : "12332",
      "postalCodeID" : 11531,
      "_links" : {
        "self" : {
          "href" : "http://jvdweb09701.jbhunt.com/ws_masterdata_geography/postalcoderepo/11531"
        },
        "postalCode" : {
          "href" : "http://jvdweb09701.jbhunt.com/ws_masterdata_geography/postalcoderepo/11531{?projection}",
          "templated" : true
        },
        "country" : {
          "href" : "http://jvdweb09701.jbhunt.com/ws_masterdata_geography/postalcoderepo/11531/country"
        },
        "postalCodeLengthSpecification" : {
          "href" : "http://jvdweb09701.jbhunt.com/ws_masterdata_geography/postalcoderepo/11531/postalCodeLengthSpecification"
        }
      }
    }, {
      "postalCode" : "12333",
      "postalCodeID" : 11532,
      "_links" : {
        "self" : {
          "href" : "http://jvdweb09701.jbhunt.com/ws_masterdata_geography/postalcoderepo/11532"
        },
        "postalCode" : {
          "href" : "http://jvdweb09701.jbhunt.com/ws_masterdata_geography/postalcoderepo/11532{?projection}",
          "templated" : true
        },
        "country" : {
          "href" : "http://jvdweb09701.jbhunt.com/ws_masterdata_geography/postalcoderepo/11532/country"
        },
        "postalCodeLengthSpecification" : {
          "href" : "http://jvdweb09701.jbhunt.com/ws_masterdata_geography/postalcoderepo/11532/postalCodeLengthSpecification"
        }
      }
    }, {
      "postalCode" : "12334",
      "postalCodeID" : 11533,
      "_links" : {
        "self" : {
          "href" : "http://jvdweb09701.jbhunt.com/ws_masterdata_geography/postalcoderepo/11533"
        },
        "postalCode" : {
          "href" : "http://jvdweb09701.jbhunt.com/ws_masterdata_geography/postalcoderepo/11533{?projection}",
          "templated" : true
        },
        "country" : {
          "href" : "http://jvdweb09701.jbhunt.com/ws_masterdata_geography/postalcoderepo/11533/country"
        },
        "postalCodeLengthSpecification" : {
          "href" : "http://jvdweb09701.jbhunt.com/ws_masterdata_geography/postalcoderepo/11533/postalCodeLengthSpecification"
        }
      }
    }, {
      "postalCode" : "12335",
      "postalCodeID" : 11534,
      "_links" : {
        "self" : {
          "href" : "http://jvdweb09701.jbhunt.com/ws_masterdata_geography/postalcoderepo/11534"
        },
        "postalCode" : {
          "href" : "http://jvdweb09701.jbhunt.com/ws_masterdata_geography/postalcoderepo/11534{?projection}",
          "templated" : true
        },
        "country" : {
          "href" : "http://jvdweb09701.jbhunt.com/ws_masterdata_geography/postalcoderepo/11534/country"
        },
        "postalCodeLengthSpecification" : {
          "href" : "http://jvdweb09701.jbhunt.com/ws_masterdata_geography/postalcoderepo/11534/postalCodeLengthSpecification"
        }
      }
    }, {
      "postalCode" : "12336",
      "postalCodeID" : 11535,
      "_links" : {
        "self" : {
          "href" : "http://jvdweb09701.jbhunt.com/ws_masterdata_geography/postalcoderepo/11535"
        },
        "postalCode" : {
          "href" : "http://jvdweb09701.jbhunt.com/ws_masterdata_geography/postalcoderepo/11535{?projection}",
          "templated" : true
        },
        "country" : {
          "href" : "http://jvdweb09701.jbhunt.com/ws_masterdata_geography/postalcoderepo/11535/country"
        },
        "postalCodeLengthSpecification" : {
          "href" : "http://jvdweb09701.jbhunt.com/ws_masterdata_geography/postalcoderepo/11535/postalCodeLengthSpecification"
        }
      }
    }, {
      "postalCode" : "12337",
      "postalCodeID" : 11536,
      "_links" : {
        "self" : {
          "href" : "http://jvdweb09701.jbhunt.com/ws_masterdata_geography/postalcoderepo/11536"
        },
        "postalCode" : {
          "href" : "http://jvdweb09701.jbhunt.com/ws_masterdata_geography/postalcoderepo/11536{?projection}",
          "templated" : true
        },
        "country" : {
          "href" : "http://jvdweb09701.jbhunt.com/ws_masterdata_geography/postalcoderepo/11536/country"
        },
        "postalCodeLengthSpecification" : {
          "href" : "http://jvdweb09701.jbhunt.com/ws_masterdata_geography/postalcoderepo/11536/postalCodeLengthSpecification"
        }
      }
    }, {
      "postalCode" : "12338",
      "postalCodeID" : 11537,
      "_links" : {
        "self" : {
          "href" : "http://jvdweb09701.jbhunt.com/ws_masterdata_geography/postalcoderepo/11537"
        },
        "postalCode" : {
          "href" : "http://jvdweb09701.jbhunt.com/ws_masterdata_geography/postalcoderepo/11537{?projection}",
          "templated" : true
        },
        "country" : {
          "href" : "http://jvdweb09701.jbhunt.com/ws_masterdata_geography/postalcoderepo/11537/country"
        },
        "postalCodeLengthSpecification" : {
          "href" : "http://jvdweb09701.jbhunt.com/ws_masterdata_geography/postalcoderepo/11537/postalCodeLengthSpecification"
        }
      }
    }, {
      "postalCode" : "12339",
      "postalCodeID" : 11538,
      "_links" : {
        "self" : {
          "href" : "http://jvdweb09701.jbhunt.com/ws_masterdata_geography/postalcoderepo/11538"
        },
        "postalCode" : {
          "href" : "http://jvdweb09701.jbhunt.com/ws_masterdata_geography/postalcoderepo/11538{?projection}",
          "templated" : true
        },
        "country" : {
          "href" : "http://jvdweb09701.jbhunt.com/ws_masterdata_geography/postalcoderepo/11538/country"
        },
        "postalCodeLengthSpecification" : {
          "href" : "http://jvdweb09701.jbhunt.com/ws_masterdata_geography/postalcoderepo/11538/postalCodeLengthSpecification"
        }
      }
    }, {
      "postalCode" : "12340",
      "postalCodeID" : 11539,
      "_links" : {
        "self" : {
          "href" : "http://jvdweb09701.jbhunt.com/ws_masterdata_geography/postalcoderepo/11539"
        },
        "postalCode" : {
          "href" : "http://jvdweb09701.jbhunt.com/ws_masterdata_geography/postalcoderepo/11539{?projection}",
          "templated" : true
        },
        "country" : {
          "href" : "http://jvdweb09701.jbhunt.com/ws_masterdata_geography/postalcoderepo/11539/country"
        },
        "postalCodeLengthSpecification" : {
          "href" : "http://jvdweb09701.jbhunt.com/ws_masterdata_geography/postalcoderepo/11539/postalCodeLengthSpecification"
        }
      }
    }, {
      "postalCode" : "12341",
      "postalCodeID" : 11540,
      "_links" : {
        "self" : {
          "href" : "http://jvdweb09701.jbhunt.com/ws_masterdata_geography/postalcoderepo/11540"
        },
        "postalCode" : {
          "href" : "http://jvdweb09701.jbhunt.com/ws_masterdata_geography/postalcoderepo/11540{?projection}",
          "templated" : true
        },
        "country" : {
          "href" : "http://jvdweb09701.jbhunt.com/ws_masterdata_geography/postalcoderepo/11540/country"
        },
        "postalCodeLengthSpecification" : {
          "href" : "http://jvdweb09701.jbhunt.com/ws_masterdata_geography/postalcoderepo/11540/postalCodeLengthSpecification"
        }
      }
    }, {
      "postalCode" : "12342",
      "postalCodeID" : 11541,
      "_links" : {
        "self" : {
          "href" : "http://jvdweb09701.jbhunt.com/ws_masterdata_geography/postalcoderepo/11541"
        },
        "postalCode" : {
          "href" : "http://jvdweb09701.jbhunt.com/ws_masterdata_geography/postalcoderepo/11541{?projection}",
          "templated" : true
        },
        "country" : {
          "href" : "http://jvdweb09701.jbhunt.com/ws_masterdata_geography/postalcoderepo/11541/country"
        },
        "postalCodeLengthSpecification" : {
          "href" : "http://jvdweb09701.jbhunt.com/ws_masterdata_geography/postalcoderepo/11541/postalCodeLengthSpecification"
        }
      }
    }, {
      "postalCode" : "12343",
      "postalCodeID" : 11542,
      "_links" : {
        "self" : {
          "href" : "http://jvdweb09701.jbhunt.com/ws_masterdata_geography/postalcoderepo/11542"
        },
        "postalCode" : {
          "href" : "http://jvdweb09701.jbhunt.com/ws_masterdata_geography/postalcoderepo/11542{?projection}",
          "templated" : true
        },
        "country" : {
          "href" : "http://jvdweb09701.jbhunt.com/ws_masterdata_geography/postalcoderepo/11542/country"
        },
        "postalCodeLengthSpecification" : {
          "href" : "http://jvdweb09701.jbhunt.com/ws_masterdata_geography/postalcoderepo/11542/postalCodeLengthSpecification"
        }
      }
    }, {
      "postalCode" : "12344",
      "postalCodeID" : 11543,
      "_links" : {
        "self" : {
          "href" : "http://jvdweb09701.jbhunt.com/ws_masterdata_geography/postalcoderepo/11543"
        },
        "postalCode" : {
          "href" : "http://jvdweb09701.jbhunt.com/ws_masterdata_geography/postalcoderepo/11543{?projection}",
          "templated" : true
        },
        "country" : {
          "href" : "http://jvdweb09701.jbhunt.com/ws_masterdata_geography/postalcoderepo/11543/country"
        },
        "postalCodeLengthSpecification" : {
          "href" : "http://jvdweb09701.jbhunt.com/ws_masterdata_geography/postalcoderepo/11543/postalCodeLengthSpecification"
        }
      }
    }, {
      "postalCode" : "12345",
      "postalCodeID" : 11544,
      "_links" : {
        "self" : {
          "href" : "http://jvdweb09701.jbhunt.com/ws_masterdata_geography/postalcoderepo/11544"
        },
        "postalCode" : {
          "href" : "http://jvdweb09701.jbhunt.com/ws_masterdata_geography/postalcoderepo/11544{?projection}",
          "templated" : true
        },
        "country" : {
          "href" : "http://jvdweb09701.jbhunt.com/ws_masterdata_geography/postalcoderepo/11544/country"
        },
        "postalCodeLengthSpecification" : {
          "href" : "http://jvdweb09701.jbhunt.com/ws_masterdata_geography/postalcoderepo/11544/postalCodeLengthSpecification"
        }
      }
    }, {
      "postalCode" : "12346",
      "postalCodeID" : 11545,
      "_links" : {
        "self" : {
          "href" : "http://jvdweb09701.jbhunt.com/ws_masterdata_geography/postalcoderepo/11545"
        },
        "postalCode" : {
          "href" : "http://jvdweb09701.jbhunt.com/ws_masterdata_geography/postalcoderepo/11545{?projection}",
          "templated" : true
        },
        "country" : {
          "href" : "http://jvdweb09701.jbhunt.com/ws_masterdata_geography/postalcoderepo/11545/country"
        },
        "postalCodeLengthSpecification" : {
          "href" : "http://jvdweb09701.jbhunt.com/ws_masterdata_geography/postalcoderepo/11545/postalCodeLengthSpecification"
        }
      }
    }, {
      "postalCode" : "12347",
      "postalCodeID" : 11546,
      "_links" : {
        "self" : {
          "href" : "http://jvdweb09701.jbhunt.com/ws_masterdata_geography/postalcoderepo/11546"
        },
        "postalCode" : {
          "href" : "http://jvdweb09701.jbhunt.com/ws_masterdata_geography/postalcoderepo/11546{?projection}",
          "templated" : true
        },
        "country" : {
          "href" : "http://jvdweb09701.jbhunt.com/ws_masterdata_geography/postalcoderepo/11546/country"
        },
        "postalCodeLengthSpecification" : {
          "href" : "http://jvdweb09701.jbhunt.com/ws_masterdata_geography/postalcoderepo/11546/postalCodeLengthSpecification"
        }
      }
    }, {
      "postalCode" : "12348",
      "postalCodeID" : 11547,
      "_links" : {
        "self" : {
          "href" : "http://jvdweb09701.jbhunt.com/ws_masterdata_geography/postalcoderepo/11547"
        },
        "postalCode" : {
          "href" : "http://jvdweb09701.jbhunt.com/ws_masterdata_geography/postalcoderepo/11547{?projection}",
          "templated" : true
        },
        "country" : {
          "href" : "http://jvdweb09701.jbhunt.com/ws_masterdata_geography/postalcoderepo/11547/country"
        },
        "postalCodeLengthSpecification" : {
          "href" : "http://jvdweb09701.jbhunt.com/ws_masterdata_geography/postalcoderepo/11547/postalCodeLengthSpecification"
        }
      }
    }, {
      "postalCode" : "12349",
      "postalCodeID" : 11548,
      "_links" : {
        "self" : {
          "href" : "http://jvdweb09701.jbhunt.com/ws_masterdata_geography/postalcoderepo/11548"
        },
        "postalCode" : {
          "href" : "http://jvdweb09701.jbhunt.com/ws_masterdata_geography/postalcoderepo/11548{?projection}",
          "templated" : true
        },
        "country" : {
          "href" : "http://jvdweb09701.jbhunt.com/ws_masterdata_geography/postalcoderepo/11548/country"
        },
        "postalCodeLengthSpecification" : {
          "href" : "http://jvdweb09701.jbhunt.com/ws_masterdata_geography/postalcoderepo/11548/postalCodeLengthSpecification"
        }
      }
    }, {
      "postalCode" : "12350",
      "postalCodeID" : 11550,
      "_links" : {
        "self" : {
          "href" : "http://jvdweb09701.jbhunt.com/ws_masterdata_geography/postalcoderepo/11550"
        },
        "postalCode" : {
          "href" : "http://jvdweb09701.jbhunt.com/ws_masterdata_geography/postalcoderepo/11550{?projection}",
          "templated" : true
        },
        "country" : {
          "href" : "http://jvdweb09701.jbhunt.com/ws_masterdata_geography/postalcoderepo/11550/country"
        },
        "postalCodeLengthSpecification" : {
          "href" : "http://jvdweb09701.jbhunt.com/ws_masterdata_geography/postalcoderepo/11550/postalCodeLengthSpecification"
        }
      }
    }, {
      "postalCode" : "12351",
      "postalCodeID" : 11551,
      "_links" : {
        "self" : {
          "href" : "http://jvdweb09701.jbhunt.com/ws_masterdata_geography/postalcoderepo/11551"
        },
        "postalCode" : {
          "href" : "http://jvdweb09701.jbhunt.com/ws_masterdata_geography/postalcoderepo/11551{?projection}",
          "templated" : true
        },
        "country" : {
          "href" : "http://jvdweb09701.jbhunt.com/ws_masterdata_geography/postalcoderepo/11551/country"
        },
        "postalCodeLengthSpecification" : {
          "href" : "http://jvdweb09701.jbhunt.com/ws_masterdata_geography/postalcoderepo/11551/postalCodeLengthSpecification"
        }
      }
    }, {
      "postalCode" : "12352",
      "postalCodeID" : 11552,
      "_links" : {
        "self" : {
          "href" : "http://jvdweb09701.jbhunt.com/ws_masterdata_geography/postalcoderepo/11552"
        },
        "postalCode" : {
          "href" : "http://jvdweb09701.jbhunt.com/ws_masterdata_geography/postalcoderepo/11552{?projection}",
          "templated" : true
        },
        "country" : {
          "href" : "http://jvdweb09701.jbhunt.com/ws_masterdata_geography/postalcoderepo/11552/country"
        },
        "postalCodeLengthSpecification" : {
          "href" : "http://jvdweb09701.jbhunt.com/ws_masterdata_geography/postalcoderepo/11552/postalCodeLengthSpecification"
        }
      }
    }, {
      "postalCode" : "12353",
      "postalCodeID" : 11553,
      "_links" : {
        "self" : {
          "href" : "http://jvdweb09701.jbhunt.com/ws_masterdata_geography/postalcoderepo/11553"
        },
        "postalCode" : {
          "href" : "http://jvdweb09701.jbhunt.com/ws_masterdata_geography/postalcoderepo/11553{?projection}",
          "templated" : true
        },
        "country" : {
          "href" : "http://jvdweb09701.jbhunt.com/ws_masterdata_geography/postalcoderepo/11553/country"
        },
        "postalCodeLengthSpecification" : {
          "href" : "http://jvdweb09701.jbhunt.com/ws_masterdata_geography/postalcoderepo/11553/postalCodeLengthSpecification"
        }
      }
    }, {
      "postalCode" : "12354",
      "postalCodeID" : 11554,
      "_links" : {
        "self" : {
          "href" : "http://jvdweb09701.jbhunt.com/ws_masterdata_geography/postalcoderepo/11554"
        },
        "postalCode" : {
          "href" : "http://jvdweb09701.jbhunt.com/ws_masterdata_geography/postalcoderepo/11554{?projection}",
          "templated" : true
        },
        "country" : {
          "href" : "http://jvdweb09701.jbhunt.com/ws_masterdata_geography/postalcoderepo/11554/country"
        },
        "postalCodeLengthSpecification" : {
          "href" : "http://jvdweb09701.jbhunt.com/ws_masterdata_geography/postalcoderepo/11554/postalCodeLengthSpecification"
        }
      }
    }, {
      "postalCode" : "12355",
      "postalCodeID" : 11555,
      "_links" : {
        "self" : {
          "href" : "http://jvdweb09701.jbhunt.com/ws_masterdata_geography/postalcoderepo/11555"
        },
        "postalCode" : {
          "href" : "http://jvdweb09701.jbhunt.com/ws_masterdata_geography/postalcoderepo/11555{?projection}",
          "templated" : true
        },
        "country" : {
          "href" : "http://jvdweb09701.jbhunt.com/ws_masterdata_geography/postalcoderepo/11555/country"
        },
        "postalCodeLengthSpecification" : {
          "href" : "http://jvdweb09701.jbhunt.com/ws_masterdata_geography/postalcoderepo/11555/postalCodeLengthSpecification"
        }
      }
    }, {
      "postalCode" : "12356",
      "postalCodeID" : 11556,
      "_links" : {
        "self" : {
          "href" : "http://jvdweb09701.jbhunt.com/ws_masterdata_geography/postalcoderepo/11556"
        },
        "postalCode" : {
          "href" : "http://jvdweb09701.jbhunt.com/ws_masterdata_geography/postalcoderepo/11556{?projection}",
          "templated" : true
        },
        "country" : {
          "href" : "http://jvdweb09701.jbhunt.com/ws_masterdata_geography/postalcoderepo/11556/country"
        },
        "postalCodeLengthSpecification" : {
          "href" : "http://jvdweb09701.jbhunt.com/ws_masterdata_geography/postalcoderepo/11556/postalCodeLengthSpecification"
        }
      }
    }, {
      "postalCode" : "12357",
      "postalCodeID" : 11557,
      "_links" : {
        "self" : {
          "href" : "http://jvdweb09701.jbhunt.com/ws_masterdata_geography/postalcoderepo/11557"
        },
        "postalCode" : {
          "href" : "http://jvdweb09701.jbhunt.com/ws_masterdata_geography/postalcoderepo/11557{?projection}",
          "templated" : true
        },
        "country" : {
          "href" : "http://jvdweb09701.jbhunt.com/ws_masterdata_geography/postalcoderepo/11557/country"
        },
        "postalCodeLengthSpecification" : {
          "href" : "http://jvdweb09701.jbhunt.com/ws_masterdata_geography/postalcoderepo/11557/postalCodeLengthSpecification"
        }
      }
    }, {
      "postalCode" : "12358",
      "postalCodeID" : 11558,
      "_links" : {
        "self" : {
          "href" : "http://jvdweb09701.jbhunt.com/ws_masterdata_geography/postalcoderepo/11558"
        },
        "postalCode" : {
          "href" : "http://jvdweb09701.jbhunt.com/ws_masterdata_geography/postalcoderepo/11558{?projection}",
          "templated" : true
        },
        "country" : {
          "href" : "http://jvdweb09701.jbhunt.com/ws_masterdata_geography/postalcoderepo/11558/country"
        },
        "postalCodeLengthSpecification" : {
          "href" : "http://jvdweb09701.jbhunt.com/ws_masterdata_geography/postalcoderepo/11558/postalCodeLengthSpecification"
        }
      }
    }, {
      "postalCode" : "12359",
      "postalCodeID" : 11559,
      "_links" : {
        "self" : {
          "href" : "http://jvdweb09701.jbhunt.com/ws_masterdata_geography/postalcoderepo/11559"
        },
        "postalCode" : {
          "href" : "http://jvdweb09701.jbhunt.com/ws_masterdata_geography/postalcoderepo/11559{?projection}",
          "templated" : true
        },
        "country" : {
          "href" : "http://jvdweb09701.jbhunt.com/ws_masterdata_geography/postalcoderepo/11559/country"
        },
        "postalCodeLengthSpecification" : {
          "href" : "http://jvdweb09701.jbhunt.com/ws_masterdata_geography/postalcoderepo/11559/postalCodeLengthSpecification"
        }
      }
    }, {
      "postalCode" : "12360",
      "postalCodeID" : 11560,
      "_links" : {
        "self" : {
          "href" : "http://jvdweb09701.jbhunt.com/ws_masterdata_geography/postalcoderepo/11560"
        },
        "postalCode" : {
          "href" : "http://jvdweb09701.jbhunt.com/ws_masterdata_geography/postalcoderepo/11560{?projection}",
          "templated" : true
        },
        "country" : {
          "href" : "http://jvdweb09701.jbhunt.com/ws_masterdata_geography/postalcoderepo/11560/country"
        },
        "postalCodeLengthSpecification" : {
          "href" : "http://jvdweb09701.jbhunt.com/ws_masterdata_geography/postalcoderepo/11560/postalCodeLengthSpecification"
        }
      }
    }, {
      "postalCode" : "12361",
      "postalCodeID" : 11561,
      "_links" : {
        "self" : {
          "href" : "http://jvdweb09701.jbhunt.com/ws_masterdata_geography/postalcoderepo/11561"
        },
        "postalCode" : {
          "href" : "http://jvdweb09701.jbhunt.com/ws_masterdata_geography/postalcoderepo/11561{?projection}",
          "templated" : true
        },
        "country" : {
          "href" : "http://jvdweb09701.jbhunt.com/ws_masterdata_geography/postalcoderepo/11561/country"
        },
        "postalCodeLengthSpecification" : {
          "href" : "http://jvdweb09701.jbhunt.com/ws_masterdata_geography/postalcoderepo/11561/postalCodeLengthSpecification"
        }
      }
    }, {
      "postalCode" : "12362",
      "postalCodeID" : 11562,
      "_links" : {
        "self" : {
          "href" : "http://jvdweb09701.jbhunt.com/ws_masterdata_geography/postalcoderepo/11562"
        },
        "postalCode" : {
          "href" : "http://jvdweb09701.jbhunt.com/ws_masterdata_geography/postalcoderepo/11562{?projection}",
          "templated" : true
        },
        "country" : {
          "href" : "http://jvdweb09701.jbhunt.com/ws_masterdata_geography/postalcoderepo/11562/country"
        },
        "postalCodeLengthSpecification" : {
          "href" : "http://jvdweb09701.jbhunt.com/ws_masterdata_geography/postalcoderepo/11562/postalCodeLengthSpecification"
        }
      }
    }, {
      "postalCode" : "12363",
      "postalCodeID" : 11563,
      "_links" : {
        "self" : {
          "href" : "http://jvdweb09701.jbhunt.com/ws_masterdata_geography/postalcoderepo/11563"
        },
        "postalCode" : {
          "href" : "http://jvdweb09701.jbhunt.com/ws_masterdata_geography/postalcoderepo/11563{?projection}",
          "templated" : true
        },
        "country" : {
          "href" : "http://jvdweb09701.jbhunt.com/ws_masterdata_geography/postalcoderepo/11563/country"
        },
        "postalCodeLengthSpecification" : {
          "href" : "http://jvdweb09701.jbhunt.com/ws_masterdata_geography/postalcoderepo/11563/postalCodeLengthSpecification"
        }
      }
    }, {
      "postalCode" : "12364",
      "postalCodeID" : 11564,
      "_links" : {
        "self" : {
          "href" : "http://jvdweb09701.jbhunt.com/ws_masterdata_geography/postalcoderepo/11564"
        },
        "postalCode" : {
          "href" : "http://jvdweb09701.jbhunt.com/ws_masterdata_geography/postalcoderepo/11564{?projection}",
          "templated" : true
        },
        "country" : {
          "href" : "http://jvdweb09701.jbhunt.com/ws_masterdata_geography/postalcoderepo/11564/country"
        },
        "postalCodeLengthSpecification" : {
          "href" : "http://jvdweb09701.jbhunt.com/ws_masterdata_geography/postalcoderepo/11564/postalCodeLengthSpecification"
        }
      }
    }, {
      "postalCode" : "12365",
      "postalCodeID" : 11565,
      "_links" : {
        "self" : {
          "href" : "http://jvdweb09701.jbhunt.com/ws_masterdata_geography/postalcoderepo/11565"
        },
        "postalCode" : {
          "href" : "http://jvdweb09701.jbhunt.com/ws_masterdata_geography/postalcoderepo/11565{?projection}",
          "templated" : true
        },
        "country" : {
          "href" : "http://jvdweb09701.jbhunt.com/ws_masterdata_geography/postalcoderepo/11565/country"
        },
        "postalCodeLengthSpecification" : {
          "href" : "http://jvdweb09701.jbhunt.com/ws_masterdata_geography/postalcoderepo/11565/postalCodeLengthSpecification"
        }
      }
    }, {
      "postalCode" : "12366",
      "postalCodeID" : 11566,
      "_links" : {
        "self" : {
          "href" : "http://jvdweb09701.jbhunt.com/ws_masterdata_geography/postalcoderepo/11566"
        },
        "postalCode" : {
          "href" : "http://jvdweb09701.jbhunt.com/ws_masterdata_geography/postalcoderepo/11566{?projection}",
          "templated" : true
        },
        "country" : {
          "href" : "http://jvdweb09701.jbhunt.com/ws_masterdata_geography/postalcoderepo/11566/country"
        },
        "postalCodeLengthSpecification" : {
          "href" : "http://jvdweb09701.jbhunt.com/ws_masterdata_geography/postalcoderepo/11566/postalCodeLengthSpecification"
        }
      }
    }, {
      "postalCode" : "12367",
      "postalCodeID" : 11567,
      "_links" : {
        "self" : {
          "href" : "http://jvdweb09701.jbhunt.com/ws_masterdata_geography/postalcoderepo/11567"
        },
        "postalCode" : {
          "href" : "http://jvdweb09701.jbhunt.com/ws_masterdata_geography/postalcoderepo/11567{?projection}",
          "templated" : true
        },
        "country" : {
          "href" : "http://jvdweb09701.jbhunt.com/ws_masterdata_geography/postalcoderepo/11567/country"
        },
        "postalCodeLengthSpecification" : {
          "href" : "http://jvdweb09701.jbhunt.com/ws_masterdata_geography/postalcoderepo/11567/postalCodeLengthSpecification"
        }
      }
    }, {
      "postalCode" : "12368",
      "postalCodeID" : 11568,
      "_links" : {
        "self" : {
          "href" : "http://jvdweb09701.jbhunt.com/ws_masterdata_geography/postalcoderepo/11568"
        },
        "postalCode" : {
          "href" : "http://jvdweb09701.jbhunt.com/ws_masterdata_geography/postalcoderepo/11568{?projection}",
          "templated" : true
        },
        "country" : {
          "href" : "http://jvdweb09701.jbhunt.com/ws_masterdata_geography/postalcoderepo/11568/country"
        },
        "postalCodeLengthSpecification" : {
          "href" : "http://jvdweb09701.jbhunt.com/ws_masterdata_geography/postalcoderepo/11568/postalCodeLengthSpecification"
        }
      }
    }, {
      "postalCode" : "12369",
      "postalCodeID" : 11569,
      "_links" : {
        "self" : {
          "href" : "http://jvdweb09701.jbhunt.com/ws_masterdata_geography/postalcoderepo/11569"
        },
        "postalCode" : {
          "href" : "http://jvdweb09701.jbhunt.com/ws_masterdata_geography/postalcoderepo/11569{?projection}",
          "templated" : true
        },
        "country" : {
          "href" : "http://jvdweb09701.jbhunt.com/ws_masterdata_geography/postalcoderepo/11569/country"
        },
        "postalCodeLengthSpecification" : {
          "href" : "http://jvdweb09701.jbhunt.com/ws_masterdata_geography/postalcoderepo/11569/postalCodeLengthSpecification"
        }
      }
    }, {
      "postalCode" : "12370",
      "postalCodeID" : 11570,
      "_links" : {
        "self" : {
          "href" : "http://jvdweb09701.jbhunt.com/ws_masterdata_geography/postalcoderepo/11570"
        },
        "postalCode" : {
          "href" : "http://jvdweb09701.jbhunt.com/ws_masterdata_geography/postalcoderepo/11570{?projection}",
          "templated" : true
        },
        "country" : {
          "href" : "http://jvdweb09701.jbhunt.com/ws_masterdata_geography/postalcoderepo/11570/country"
        },
        "postalCodeLengthSpecification" : {
          "href" : "http://jvdweb09701.jbhunt.com/ws_masterdata_geography/postalcoderepo/11570/postalCodeLengthSpecification"
        }
      }
    }, {
      "postalCode" : "12371",
      "postalCodeID" : 11571,
      "_links" : {
        "self" : {
          "href" : "http://jvdweb09701.jbhunt.com/ws_masterdata_geography/postalcoderepo/11571"
        },
        "postalCode" : {
          "href" : "http://jvdweb09701.jbhunt.com/ws_masterdata_geography/postalcoderepo/11571{?projection}",
          "templated" : true
        },
        "country" : {
          "href" : "http://jvdweb09701.jbhunt.com/ws_masterdata_geography/postalcoderepo/11571/country"
        },
        "postalCodeLengthSpecification" : {
          "href" : "http://jvdweb09701.jbhunt.com/ws_masterdata_geography/postalcoderepo/11571/postalCodeLengthSpecification"
        }
      }
    }, {
      "postalCode" : "12372",
      "postalCodeID" : 11572,
      "_links" : {
        "self" : {
          "href" : "http://jvdweb09701.jbhunt.com/ws_masterdata_geography/postalcoderepo/11572"
        },
        "postalCode" : {
          "href" : "http://jvdweb09701.jbhunt.com/ws_masterdata_geography/postalcoderepo/11572{?projection}",
          "templated" : true
        },
        "country" : {
          "href" : "http://jvdweb09701.jbhunt.com/ws_masterdata_geography/postalcoderepo/11572/country"
        },
        "postalCodeLengthSpecification" : {
          "href" : "http://jvdweb09701.jbhunt.com/ws_masterdata_geography/postalcoderepo/11572/postalCodeLengthSpecification"
        }
      }
    }, {
      "postalCode" : "12373",
      "postalCodeID" : 11573,
      "_links" : {
        "self" : {
          "href" : "http://jvdweb09701.jbhunt.com/ws_masterdata_geography/postalcoderepo/11573"
        },
        "postalCode" : {
          "href" : "http://jvdweb09701.jbhunt.com/ws_masterdata_geography/postalcoderepo/11573{?projection}",
          "templated" : true
        },
        "country" : {
          "href" : "http://jvdweb09701.jbhunt.com/ws_masterdata_geography/postalcoderepo/11573/country"
        },
        "postalCodeLengthSpecification" : {
          "href" : "http://jvdweb09701.jbhunt.com/ws_masterdata_geography/postalcoderepo/11573/postalCodeLengthSpecification"
        }
      }
    }, {
      "postalCode" : "12374",
      "postalCodeID" : 11574,
      "_links" : {
        "self" : {
          "href" : "http://jvdweb09701.jbhunt.com/ws_masterdata_geography/postalcoderepo/11574"
        },
        "postalCode" : {
          "href" : "http://jvdweb09701.jbhunt.com/ws_masterdata_geography/postalcoderepo/11574{?projection}",
          "templated" : true
        },
        "country" : {
          "href" : "http://jvdweb09701.jbhunt.com/ws_masterdata_geography/postalcoderepo/11574/country"
        },
        "postalCodeLengthSpecification" : {
          "href" : "http://jvdweb09701.jbhunt.com/ws_masterdata_geography/postalcoderepo/11574/postalCodeLengthSpecification"
        }
      }
    }, {
      "postalCode" : "12375",
      "postalCodeID" : 11575,
      "_links" : {
        "self" : {
          "href" : "http://jvdweb09701.jbhunt.com/ws_masterdata_geography/postalcoderepo/11575"
        },
        "postalCode" : {
          "href" : "http://jvdweb09701.jbhunt.com/ws_masterdata_geography/postalcoderepo/11575{?projection}",
          "templated" : true
        },
        "country" : {
          "href" : "http://jvdweb09701.jbhunt.com/ws_masterdata_geography/postalcoderepo/11575/country"
        },
        "postalCodeLengthSpecification" : {
          "href" : "http://jvdweb09701.jbhunt.com/ws_masterdata_geography/postalcoderepo/11575/postalCodeLengthSpecification"
        }
      }
    }, {
      "postalCode" : "12376",
      "postalCodeID" : 11576,
      "_links" : {
        "self" : {
          "href" : "http://jvdweb09701.jbhunt.com/ws_masterdata_geography/postalcoderepo/11576"
        },
        "postalCode" : {
          "href" : "http://jvdweb09701.jbhunt.com/ws_masterdata_geography/postalcoderepo/11576{?projection}",
          "templated" : true
        },
        "country" : {
          "href" : "http://jvdweb09701.jbhunt.com/ws_masterdata_geography/postalcoderepo/11576/country"
        },
        "postalCodeLengthSpecification" : {
          "href" : "http://jvdweb09701.jbhunt.com/ws_masterdata_geography/postalcoderepo/11576/postalCodeLengthSpecification"
        }
      }
    }, {
      "postalCode" : "12377",
      "postalCodeID" : 11577,
      "_links" : {
        "self" : {
          "href" : "http://jvdweb09701.jbhunt.com/ws_masterdata_geography/postalcoderepo/11577"
        },
        "postalCode" : {
          "href" : "http://jvdweb09701.jbhunt.com/ws_masterdata_geography/postalcoderepo/11577{?projection}",
          "templated" : true
        },
        "country" : {
          "href" : "http://jvdweb09701.jbhunt.com/ws_masterdata_geography/postalcoderepo/11577/country"
        },
        "postalCodeLengthSpecification" : {
          "href" : "http://jvdweb09701.jbhunt.com/ws_masterdata_geography/postalcoderepo/11577/postalCodeLengthSpecification"
        }
      }
    }, {
      "postalCode" : "12378",
      "postalCodeID" : 11578,
      "_links" : {
        "self" : {
          "href" : "http://jvdweb09701.jbhunt.com/ws_masterdata_geography/postalcoderepo/11578"
        },
        "postalCode" : {
          "href" : "http://jvdweb09701.jbhunt.com/ws_masterdata_geography/postalcoderepo/11578{?projection}",
          "templated" : true
        },
        "country" : {
          "href" : "http://jvdweb09701.jbhunt.com/ws_masterdata_geography/postalcoderepo/11578/country"
        },
        "postalCodeLengthSpecification" : {
          "href" : "http://jvdweb09701.jbhunt.com/ws_masterdata_geography/postalcoderepo/11578/postalCodeLengthSpecification"
        }
      }
    }, {
      "postalCode" : "12379",
      "postalCodeID" : 11579,
      "_links" : {
        "self" : {
          "href" : "http://jvdweb09701.jbhunt.com/ws_masterdata_geography/postalcoderepo/11579"
        },
        "postalCode" : {
          "href" : "http://jvdweb09701.jbhunt.com/ws_masterdata_geography/postalcoderepo/11579{?projection}",
          "templated" : true
        },
        "country" : {
          "href" : "http://jvdweb09701.jbhunt.com/ws_masterdata_geography/postalcoderepo/11579/country"
        },
        "postalCodeLengthSpecification" : {
          "href" : "http://jvdweb09701.jbhunt.com/ws_masterdata_geography/postalcoderepo/11579/postalCodeLengthSpecification"
        }
      }
    }, {
      "postalCode" : "12380",
      "postalCodeID" : 11580,
      "_links" : {
        "self" : {
          "href" : "http://jvdweb09701.jbhunt.com/ws_masterdata_geography/postalcoderepo/11580"
        },
        "postalCode" : {
          "href" : "http://jvdweb09701.jbhunt.com/ws_masterdata_geography/postalcoderepo/11580{?projection}",
          "templated" : true
        },
        "country" : {
          "href" : "http://jvdweb09701.jbhunt.com/ws_masterdata_geography/postalcoderepo/11580/country"
        },
        "postalCodeLengthSpecification" : {
          "href" : "http://jvdweb09701.jbhunt.com/ws_masterdata_geography/postalcoderepo/11580/postalCodeLengthSpecification"
        }
      }
    }, {
      "postalCode" : "12381",
      "postalCodeID" : 11581,
      "_links" : {
        "self" : {
          "href" : "http://jvdweb09701.jbhunt.com/ws_masterdata_geography/postalcoderepo/11581"
        },
        "postalCode" : {
          "href" : "http://jvdweb09701.jbhunt.com/ws_masterdata_geography/postalcoderepo/11581{?projection}",
          "templated" : true
        },
        "country" : {
          "href" : "http://jvdweb09701.jbhunt.com/ws_masterdata_geography/postalcoderepo/11581/country"
        },
        "postalCodeLengthSpecification" : {
          "href" : "http://jvdweb09701.jbhunt.com/ws_masterdata_geography/postalcoderepo/11581/postalCodeLengthSpecification"
        }
      }
    }, {
      "postalCode" : "12382",
      "postalCodeID" : 11582,
      "_links" : {
        "self" : {
          "href" : "http://jvdweb09701.jbhunt.com/ws_masterdata_geography/postalcoderepo/11582"
        },
        "postalCode" : {
          "href" : "http://jvdweb09701.jbhunt.com/ws_masterdata_geography/postalcoderepo/11582{?projection}",
          "templated" : true
        },
        "country" : {
          "href" : "http://jvdweb09701.jbhunt.com/ws_masterdata_geography/postalcoderepo/11582/country"
        },
        "postalCodeLengthSpecification" : {
          "href" : "http://jvdweb09701.jbhunt.com/ws_masterdata_geography/postalcoderepo/11582/postalCodeLengthSpecification"
        }
      }
    }, {
      "postalCode" : "12383",
      "postalCodeID" : 11583,
      "_links" : {
        "self" : {
          "href" : "http://jvdweb09701.jbhunt.com/ws_masterdata_geography/postalcoderepo/11583"
        },
        "postalCode" : {
          "href" : "http://jvdweb09701.jbhunt.com/ws_masterdata_geography/postalcoderepo/11583{?projection}",
          "templated" : true
        },
        "country" : {
          "href" : "http://jvdweb09701.jbhunt.com/ws_masterdata_geography/postalcoderepo/11583/country"
        },
        "postalCodeLengthSpecification" : {
          "href" : "http://jvdweb09701.jbhunt.com/ws_masterdata_geography/postalcoderepo/11583/postalCodeLengthSpecification"
        }
      }
    }, {
      "postalCode" : "12384",
      "postalCodeID" : 11584,
      "_links" : {
        "self" : {
          "href" : "http://jvdweb09701.jbhunt.com/ws_masterdata_geography/postalcoderepo/11584"
        },
        "postalCode" : {
          "href" : "http://jvdweb09701.jbhunt.com/ws_masterdata_geography/postalcoderepo/11584{?projection}",
          "templated" : true
        },
        "country" : {
          "href" : "http://jvdweb09701.jbhunt.com/ws_masterdata_geography/postalcoderepo/11584/country"
        },
        "postalCodeLengthSpecification" : {
          "href" : "http://jvdweb09701.jbhunt.com/ws_masterdata_geography/postalcoderepo/11584/postalCodeLengthSpecification"
        }
      }
    }, {
      "postalCode" : "12385",
      "postalCodeID" : 11585,
      "_links" : {
        "self" : {
          "href" : "http://jvdweb09701.jbhunt.com/ws_masterdata_geography/postalcoderepo/11585"
        },
        "postalCode" : {
          "href" : "http://jvdweb09701.jbhunt.com/ws_masterdata_geography/postalcoderepo/11585{?projection}",
          "templated" : true
        },
        "country" : {
          "href" : "http://jvdweb09701.jbhunt.com/ws_masterdata_geography/postalcoderepo/11585/country"
        },
        "postalCodeLengthSpecification" : {
          "href" : "http://jvdweb09701.jbhunt.com/ws_masterdata_geography/postalcoderepo/11585/postalCodeLengthSpecification"
        }
      }
    }, {
      "postalCode" : "12386",
      "postalCodeID" : 11586,
      "_links" : {
        "self" : {
          "href" : "http://jvdweb09701.jbhunt.com/ws_masterdata_geography/postalcoderepo/11586"
        },
        "postalCode" : {
          "href" : "http://jvdweb09701.jbhunt.com/ws_masterdata_geography/postalcoderepo/11586{?projection}",
          "templated" : true
        },
        "country" : {
          "href" : "http://jvdweb09701.jbhunt.com/ws_masterdata_geography/postalcoderepo/11586/country"
        },
        "postalCodeLengthSpecification" : {
          "href" : "http://jvdweb09701.jbhunt.com/ws_masterdata_geography/postalcoderepo/11586/postalCodeLengthSpecification"
        }
      }
    }, {
      "postalCode" : "12387",
      "postalCodeID" : 11587,
      "_links" : {
        "self" : {
          "href" : "http://jvdweb09701.jbhunt.com/ws_masterdata_geography/postalcoderepo/11587"
        },
        "postalCode" : {
          "href" : "http://jvdweb09701.jbhunt.com/ws_masterdata_geography/postalcoderepo/11587{?projection}",
          "templated" : true
        },
        "country" : {
          "href" : "http://jvdweb09701.jbhunt.com/ws_masterdata_geography/postalcoderepo/11587/country"
        },
        "postalCodeLengthSpecification" : {
          "href" : "http://jvdweb09701.jbhunt.com/ws_masterdata_geography/postalcoderepo/11587/postalCodeLengthSpecification"
        }
      }
    }, {
      "postalCode" : "12388",
      "postalCodeID" : 11588,
      "_links" : {
        "self" : {
          "href" : "http://jvdweb09701.jbhunt.com/ws_masterdata_geography/postalcoderepo/11588"
        },
        "postalCode" : {
          "href" : "http://jvdweb09701.jbhunt.com/ws_masterdata_geography/postalcoderepo/11588{?projection}",
          "templated" : true
        },
        "country" : {
          "href" : "http://jvdweb09701.jbhunt.com/ws_masterdata_geography/postalcoderepo/11588/country"
        },
        "postalCodeLengthSpecification" : {
          "href" : "http://jvdweb09701.jbhunt.com/ws_masterdata_geography/postalcoderepo/11588/postalCodeLengthSpecification"
        }
      }
    }, {
      "postalCode" : "12389",
      "postalCodeID" : 11589,
      "_links" : {
        "self" : {
          "href" : "http://jvdweb09701.jbhunt.com/ws_masterdata_geography/postalcoderepo/11589"
        },
        "postalCode" : {
          "href" : "http://jvdweb09701.jbhunt.com/ws_masterdata_geography/postalcoderepo/11589{?projection}",
          "templated" : true
        },
        "country" : {
          "href" : "http://jvdweb09701.jbhunt.com/ws_masterdata_geography/postalcoderepo/11589/country"
        },
        "postalCodeLengthSpecification" : {
          "href" : "http://jvdweb09701.jbhunt.com/ws_masterdata_geography/postalcoderepo/11589/postalCodeLengthSpecification"
        }
      }
    }, {
      "postalCode" : "12390",
      "postalCodeID" : 11590,
      "_links" : {
        "self" : {
          "href" : "http://jvdweb09701.jbhunt.com/ws_masterdata_geography/postalcoderepo/11590"
        },
        "postalCode" : {
          "href" : "http://jvdweb09701.jbhunt.com/ws_masterdata_geography/postalcoderepo/11590{?projection}",
          "templated" : true
        },
        "country" : {
          "href" : "http://jvdweb09701.jbhunt.com/ws_masterdata_geography/postalcoderepo/11590/country"
        },
        "postalCodeLengthSpecification" : {
          "href" : "http://jvdweb09701.jbhunt.com/ws_masterdata_geography/postalcoderepo/11590/postalCodeLengthSpecification"
        }
      }
    }, {
      "postalCode" : "12391",
      "postalCodeID" : 11591,
      "_links" : {
        "self" : {
          "href" : "http://jvdweb09701.jbhunt.com/ws_masterdata_geography/postalcoderepo/11591"
        },
        "postalCode" : {
          "href" : "http://jvdweb09701.jbhunt.com/ws_masterdata_geography/postalcoderepo/11591{?projection}",
          "templated" : true
        },
        "country" : {
          "href" : "http://jvdweb09701.jbhunt.com/ws_masterdata_geography/postalcoderepo/11591/country"
        },
        "postalCodeLengthSpecification" : {
          "href" : "http://jvdweb09701.jbhunt.com/ws_masterdata_geography/postalcoderepo/11591/postalCodeLengthSpecification"
        }
      }
    }, {
      "postalCode" : "12392",
      "postalCodeID" : 11592,
      "_links" : {
        "self" : {
          "href" : "http://jvdweb09701.jbhunt.com/ws_masterdata_geography/postalcoderepo/11592"
        },
        "postalCode" : {
          "href" : "http://jvdweb09701.jbhunt.com/ws_masterdata_geography/postalcoderepo/11592{?projection}",
          "templated" : true
        },
        "country" : {
          "href" : "http://jvdweb09701.jbhunt.com/ws_masterdata_geography/postalcoderepo/11592/country"
        },
        "postalCodeLengthSpecification" : {
          "href" : "http://jvdweb09701.jbhunt.com/ws_masterdata_geography/postalcoderepo/11592/postalCodeLengthSpecification"
        }
      }
    }, {
      "postalCode" : "12393",
      "postalCodeID" : 11593,
      "_links" : {
        "self" : {
          "href" : "http://jvdweb09701.jbhunt.com/ws_masterdata_geography/postalcoderepo/11593"
        },
        "postalCode" : {
          "href" : "http://jvdweb09701.jbhunt.com/ws_masterdata_geography/postalcoderepo/11593{?projection}",
          "templated" : true
        },
        "country" : {
          "href" : "http://jvdweb09701.jbhunt.com/ws_masterdata_geography/postalcoderepo/11593/country"
        },
        "postalCodeLengthSpecification" : {
          "href" : "http://jvdweb09701.jbhunt.com/ws_masterdata_geography/postalcoderepo/11593/postalCodeLengthSpecification"
        }
      }
    }, {
      "postalCode" : "12394",
      "postalCodeID" : 11594,
      "_links" : {
        "self" : {
          "href" : "http://jvdweb09701.jbhunt.com/ws_masterdata_geography/postalcoderepo/11594"
        },
        "postalCode" : {
          "href" : "http://jvdweb09701.jbhunt.com/ws_masterdata_geography/postalcoderepo/11594{?projection}",
          "templated" : true
        },
        "country" : {
          "href" : "http://jvdweb09701.jbhunt.com/ws_masterdata_geography/postalcoderepo/11594/country"
        },
        "postalCodeLengthSpecification" : {
          "href" : "http://jvdweb09701.jbhunt.com/ws_masterdata_geography/postalcoderepo/11594/postalCodeLengthSpecification"
        }
      }
    }, {
      "postalCode" : "12395",
      "postalCodeID" : 11595,
      "_links" : {
        "self" : {
          "href" : "http://jvdweb09701.jbhunt.com/ws_masterdata_geography/postalcoderepo/11595"
        },
        "postalCode" : {
          "href" : "http://jvdweb09701.jbhunt.com/ws_masterdata_geography/postalcoderepo/11595{?projection}",
          "templated" : true
        },
        "country" : {
          "href" : "http://jvdweb09701.jbhunt.com/ws_masterdata_geography/postalcoderepo/11595/country"
        },
        "postalCodeLengthSpecification" : {
          "href" : "http://jvdweb09701.jbhunt.com/ws_masterdata_geography/postalcoderepo/11595/postalCodeLengthSpecification"
        }
      }
    }, {
      "postalCode" : "12396",
      "postalCodeID" : 11596,
      "_links" : {
        "self" : {
          "href" : "http://jvdweb09701.jbhunt.com/ws_masterdata_geography/postalcoderepo/11596"
        },
        "postalCode" : {
          "href" : "http://jvdweb09701.jbhunt.com/ws_masterdata_geography/postalcoderepo/11596{?projection}",
          "templated" : true
        },
        "country" : {
          "href" : "http://jvdweb09701.jbhunt.com/ws_masterdata_geography/postalcoderepo/11596/country"
        },
        "postalCodeLengthSpecification" : {
          "href" : "http://jvdweb09701.jbhunt.com/ws_masterdata_geography/postalcoderepo/11596/postalCodeLengthSpecification"
        }
      }
    }, {
      "postalCode" : "12397",
      "postalCodeID" : 11597,
      "_links" : {
        "self" : {
          "href" : "http://jvdweb09701.jbhunt.com/ws_masterdata_geography/postalcoderepo/11597"
        },
        "postalCode" : {
          "href" : "http://jvdweb09701.jbhunt.com/ws_masterdata_geography/postalcoderepo/11597{?projection}",
          "templated" : true
        },
        "country" : {
          "href" : "http://jvdweb09701.jbhunt.com/ws_masterdata_geography/postalcoderepo/11597/country"
        },
        "postalCodeLengthSpecification" : {
          "href" : "http://jvdweb09701.jbhunt.com/ws_masterdata_geography/postalcoderepo/11597/postalCodeLengthSpecification"
        }
      }
    }, {
      "postalCode" : "12398",
      "postalCodeID" : 11598,
      "_links" : {
        "self" : {
          "href" : "http://jvdweb09701.jbhunt.com/ws_masterdata_geography/postalcoderepo/11598"
        },
        "postalCode" : {
          "href" : "http://jvdweb09701.jbhunt.com/ws_masterdata_geography/postalcoderepo/11598{?projection}",
          "templated" : true
        },
        "country" : {
          "href" : "http://jvdweb09701.jbhunt.com/ws_masterdata_geography/postalcoderepo/11598/country"
        },
        "postalCodeLengthSpecification" : {
          "href" : "http://jvdweb09701.jbhunt.com/ws_masterdata_geography/postalcoderepo/11598/postalCodeLengthSpecification"
        }
      }
    }, {
      "postalCode" : "12399",
      "postalCodeID" : 11599,
      "_links" : {
        "self" : {
          "href" : "http://jvdweb09701.jbhunt.com/ws_masterdata_geography/postalcoderepo/11599"
        },
        "postalCode" : {
          "href" : "http://jvdweb09701.jbhunt.com/ws_masterdata_geography/postalcoderepo/11599{?projection}",
          "templated" : true
        },
        "country" : {
          "href" : "http://jvdweb09701.jbhunt.com/ws_masterdata_geography/postalcoderepo/11599/country"
        },
        "postalCodeLengthSpecification" : {
          "href" : "http://jvdweb09701.jbhunt.com/ws_masterdata_geography/postalcoderepo/11599/postalCodeLengthSpecification"
        }
      }
    } ]
  },
  "_links" : {
    "self" : {
      "href" : "http://jvdweb09701.jbhunt.com/ws_masterdata_geography/postalcoderepo/search/postalCodesByCountry?countryCode=USA&postalCode=123"
    }
  }
}