{
  "$schema": "./node_modules/@angular/cli/lib/config/schema.json",
  "project": {
    "name": "app-ordermanagement-supplychainmanagement"
  },
  "apps": [
    {
      "root": "src/main/ui",
      "outDir": "src/main/resources/public",
      "assets": [
        "assets",
        "favicon.ico",
        "api",
        "config"
      ],
      "index": "index.html",
      "main": "main.ts",
      "polyfills": "polyfills.ts",
      "ng2-config": "../node_modules/ng2-config/bundles/ng2-config.umd.min.js",
      "test": "test.ts",
      "tsconfig": "tsconfig.app.json",
      "testTsconfig": "tsconfig.spec.json",
      "prefix": "app",
      "styles": [
        "styles.scss",
        "assets/fonts/icomoon/style.css",
        "assets/javascript/esrimap/leaflet.css"
      ],
      "scripts": [
        "../../../node_modules/spin.js/spin.js",
        "assets/javascript/esrimap/leaflet-src.js",
        "assets/javascript/esrimap/esri-leaflet@2.0.js"
      ],
      "environmentSource": "environments/environment.ts",
      "environments": {
        "dev": "environments/environment.ts",
        "prod": "environments/environment.prod.ts"
      }
    }
  ],
  "e2e": {
    "protractor": {
      "config": "./protractor.conf.js"
    }
  },
  "lint": [
    {
      "project": "src/main/ui/tsconfig.app.json",
	    "exclude": ["**/node_modules/**/*", "**/jbh-data-table/**/*", "**/jbh-typeahead/**/*", "**/tag-input/**/*", "**/demo/**/*"]
    },
    {
      "project": "src/main/ui/tsconfig.spec.json",
      "exclude": ["**/node_modules/**/*", "**/jbh-data-table/**/*", "**/jbh-typeahead/**/*", "**/tag-input/**/*", "**/demo/**/*"]
    },
    {
      "project": "e2e/tsconfig.e2e.json",
      "exclude": ["**/node_modules/**/*", "**/jbh-data-table/**/*", "**/jbh-typeahead/**/*", "**/tag-input/**/*", "**/demo/**/*"]
    }
  ],
  "test": {
    "karma": {
      "config": "./karma.conf.js"
    }
  },
  "defaults": {
    "styleExt": "scss",
    "component": {}
  }
}
