[
    {"id": 1, "name": "Alabama", "region": "South"}, {"id": 2, "name": "Alaska", "region": "West"}, 
    {"id": 3,"name": "Arizona","region": "West"},
    {"id": 4, "name": "Arkansas", "region": "South"}, {"id": 5, "name": "California", "region": "West"},
    {"id": 6, "name": "Colorado", "region": "West"}, {"id": 7, "name": "Connecticut", "region": "Northeast"},
    {"id": 8, "name": "Delaware", "region": "South"}, {"id": 9, "name": "Florida", "region": "South"},
    {"id": 10, "name": "Georgia", "region": "South"}, {"id": 11, "name": "Hawaii", "region": "West"},
    {"id": 12, "name": "Idaho", "region": "West"}, {"id": 13, "name": "Illinois", "region": "Midwest"},
    {"id": 39, "name": "Pennsylvania", "region": "Northeast"}, {"id": 40, "name": "Rhode Island", "region": "Northeast"},
    {"id": 41, "name": "South Carolina", "region": "South"}, {"id": 42, "name": "South Dakota", "region": "Midwest"},
    {"id": 43, "name": "Tennessee", "region": "South"}, {"id": 44, "name": "Texas", "region": "South"},
    {"id": 45, "name": "Utah", "region": "West"}, {"id": 46, "name": "Vermont", "region": "Northeast"},
    {"id": 47, "name": "Virginia", "region": "South"}, {"id": 48, "name": "Washington", "region": "South"},
    {"id": 49, "name": "West Virginia", "region": "South"}, {"id": 50, "name": "Wisconsin", "region": "Midwest"},
    {"id": 51, "name": "Wyoming", "region": "West"}
]