{
    "filters": [{
        "index": 1,
        "key": "nationalAccountDetails.name",
        "title": "Corporate Account",
        "componentType": "lsitType",
        "methodType": "addData",
        "url": "getCommitmentsElasticList",
        "checkSelectionKey": "key",
        "valueField": ["key"],
        "rootVal": ["aggregations", "filterNationalAccount", "buckets"],
        "params": {
            "size": 0,
            "aggs": {
                "filterNationalAccount": {
                    "terms": {
                        "field": "nationalAccountDetails.name.keyword",
                        "order" : {"_term" : "asc"}
                    }
                }
            }
        }
    }, {
        "index": 2,
        "key": "businessLineCode",
        "title": "Line of Business",
        "componentType": "lsitType",
        "methodType": "addData",
        "url": "getCommitmentsElasticList",
        "checkSelectionKey": "key",
        "valueField": ["key"],
        "rootVal": ["aggregations", "filterLOB", "buckets"],
        "params": {
            "size": 0,
            "aggs": {
                "filterLOB": {
                    "terms": {
                        "field": "businessLineCode.keyword",
                        "order" : {"_term" : "asc"}
                    }
                }
            }
        }
    }, {
        "index": 3,
        "key": "billToDetails.name",
        "title": "Bill To Account",
        "componentType": "lsitType",
        "methodType": "addData",
        "url": "getCommitmentsElasticList",
        "checkSelectionKey": "key",
        "valueField": ["key"],
        "rootVal": ["aggregations", "filterBTA", "buckets"],
        "params": {
            "size": 0,
            "aggs": {
                "filterBTA": {
                    "terms": {
                        "field": "billToDetails.name.keyword",
                        "order" : {"_term" : "asc"}
                    }
                }
            }
        }
    }, {
        "index": 4,
        "key": "financeBusinessUnitCode",
        "title": "Business Unit",
        "componentType": "lsitType",
        "rootVal": ["_embedded", "serviceOfferingBusinessUnitTransitModeAssociations"],
        "url": "getBusinessUnitServiceURL"
    }, {
        "index": 5,
        "key": "serviceOfferingCode",
        "title": "Service Offering",
        "componentType": "lsitType",
        "rootVal": ["_embedded", "serviceOfferings"],
        "url": "getServiceOfferingServiceURL"
    }, {
        "index": 6,
        "key": "originMarketingAreaCode",
        "title": "Origin",
        "componentType": "lsitType",
        "methodType": "addData",
        "url": "getCommitmentsElasticList",
        "checkSelectionKey": "key",
        "valueField": ["key"],
        "rootVal": ["aggregations", "filterOrigin", "buckets"],
        "params": {
            "size": 0,
            "aggs": {
                "filterOrigin": {
                    "terms": {
                        "field": "originMarketingAreaCode.keyword",
                        "order" : {"_term" : "asc"}
                    }
                }
            }
        }
    }, {
        "index": 7,
        "key": "destinationMarketingAreaCode",
        "title": "Destination",
        "componentType": "lsitType",
        "methodType": "addData",
        "url": "getCommitmentsElasticList",
        "checkSelectionKey": "key",
        "valueField": ["key"],
        "rootVal": ["aggregations", "filterDestination", "buckets"],
        "params": {
            "size": 0,
            "aggs": {
                "filterDestination": {
                    "terms": {
                        "field": "destinationMarketingAreaCode.keyword",
                        "order" : {"_term" : "asc"}
                    }
                }
            }
        }
    }, {
        "index": 8,
        "key": "originLocationDetails.name",
        "title": "Shipper Location",
        "componentType": "lsitType",
        "methodType": "addData",
        "url": "getCommitmentsElasticList",
        "checkSelectionKey": "key",
        "valueField": ["key"],
        "rootVal": ["aggregations", "filterShipper", "buckets"],
        "params": {
            "size": 0,
            "aggs": {
                "filterShipper": {
                    "terms": {
                        "field": "originLocationDetails.name.keyword",
                        "order" : {"_term" : "asc"}
                    }
                }
            }
        }
    }, {
        "index": 9,
        "key": "commitmentActuals.scheduleTypeCode",
        "title": "Schedule Type",
        "componentType": "lsitType",
        "rootVal": ["schType"],
        "url": "getcommitmentfilterdata"
    }, {
        "index": 10,
        "key": "dateRange",
        "title": "Date Range",
        "componentType": "Date"
	}, {
        "index": 11,
        "key": "commitmentScheduleStatus",
        "title": "Status",
        "componentType": "lsitType",
        "rootVal": ["status"],
        "url": "getcommitmentfilterdata"
    }, {
        "index": 12,
        "key": "commitmentOwnerships.salesPersonDTO.firstName",
        "title": "Sales Person",
        "componentType": "lsitType",
        "methodType": "addData",
        "url": "getCommitmentsElasticList",
        "checkSelectionKey": "key",
        "valueField": ["key"],
        "rootVal": ["aggregations", "filterSales", "buckets"],
        "params": {
            "size": 0,
            "aggs": {
                "filterSales": {
                    "terms": {
                        "field": "commitmentOwnerships.salesPersonDTO.firstName.keyword",
                        "order" : {"_term" : "asc"}
                    }
                }
            }
        }
    }, {
        "index": 13,
        "key": "commitmentOwnerships.commitmentOwnerPersonDTO.firstName",
        "title": "Commitment Owner",
        "componentType": "lsitType",
        "methodType": "addData",
        "url": "getCommitmentsElasticList",
        "checkSelectionKey": "key",
        "valueField": ["key"],
        "rootVal": ["aggregations", "filterCommOwner", "buckets"],
        "params": {
            "size": 0,
            "aggs": {
                "filterCommOwner": {
                    "terms": {
                        "field": "commitmentOwnerships.commitmentOwnerPersonDTO.firstName.keyword",
                        "order" : {"_term" : "asc"}
                    }
                }
            }
        }
    }, {
        "index": 14,
        "key": "commitmentOwnerships.commitmentOwnerManagerPersonDTO.firstName",
        "title": "Commitment Owner Manager",
        "componentType": "lsitType",
        "methodType": "addData",
        "url": "getCommitmentsElasticList",
        "checkSelectionKey": "key",
        "valueField": ["key"],
        "rootVal": ["aggregations", "filterCommOwnerMgr", "buckets"],
        "params": {
            "size": 0,
            "aggs": {
                "filterCommOwnerMgr": {
                    "terms": {
                        "field": "commitmentOwnerships.commitmentOwnerManagerPersonDTO.firstName.keyword",
                        "order" : {"_term" : "asc"}
                    }
                }
            }
        }
    }]
}