{
    "corporateAccount": [{
        "id": 10101,
        "addressDTO": {
            "addressLineOne": "123, First Street",
            "city": "Chennai",
            "state": "TN",
            "country": "India"
        }
    }],
    "businessLine": [{
        "id": 10102,
        "addressDTO": {
            "addressLineOne": "123, First Street",
            "city": "New York",
            "state": "NY",
            "country": "USA"
        }
    }, {
        "id": 10103,
        "addressDTO": {
            "addressLineOne": "101, Test Street",
            "city": "New Jersey",
            "state": "NJ",
            "country": "USA"
        }
    }],
    "billToAddress": [{
        "id": 10104,
        "addressDTO": {
            "addressLineOne": "456, First Street",
            "city": "Dallas",
            "state": "TX",
            "country": "USA"
        }
    }],
    "orginDestMarketingArea": [{
        "id": 10105,
        "addressDTO": {
            "addressLineOne": "789, Street 12",
            "city": "Irving",
            "state": "TX",
            "country": "USA"
        }
    }]
}