{
	"took": 1,
	"timed_out": false,
	"_shards": {
		"total": 5,
		"successful": 5,
		"failed": 0
	},
	"hits": {
		"total": 3,
		"max_score": 1.0,
		"hits": [{
			"_index": "ordermanagementcommitmentindex",
			"_type": "commitments",
			"_id": "131",
			"_score": 1.0,
			"_source": {
				"commitmentID": 131,
				"nationalAccountID": 200,
				"nationalAccountDetails": {
					"partyID": 1010101,
					"partyName": "Coca-Cola",
					"partyType": "Customer",
					"partyStatus": null,
					"addressDTO": {
						"addressLineOne": "6445 LEMMON AVE",
						"addressLineTwo": "DALLAS",
						"city": "Real City",
						"state": "Texas",
						"zipCode": "12345",
						"country": "USA"
					},
					"contactDTO": null
				},
				"businessLineCode": "pixe",
				"billToID": 123,
				"billToDetails": {
					"partyID": 1010101,
					"partyName": "Coca-Cola",
					"partyType": "Customer",
					"partyStatus": null,
					"addressDTO": {
						"addressLineOne": "6445 LEMMON AVE",
						"addressLineTwo": "DALLAS",
						"city": "Real City",
						"state": "Texas",
						"zipCode": "12345",
						"country": "USA"
					},
					"contactDTO": null
				},
				"financeBusinessUnitCode": "JBI",
				"serviceOfferingCode": "Road",
				"originMarketingAreaID": 123,
				"originMarketingAreaCode": "AL",
				"destinationMarketingAreaID": 123,
				"destinationMarketingAreaCode": "CH",
				"originLocationID": 123,
				"originLocationDetails": {
					"partyID": 1010101,
					"partyName": "Coca-Cola",
					"partyType": "Customer",
					"partyStatus": null,
					"addressDTO": {
						"addressLineOne": "6445 LEMMON AVE",
						"addressLineTwo": "DALLAS",
						"city": "Real City",
						"state": "Texas",
						"zipCode": "12345",
						"country": "USA"
					},
					"contactDTO": null
				},
				"commitmentActuals": {
					"commitmentScheduleID": 102,
					"scheduleType": "Daily",
					"effectiveTimestamp": "2017-04-23T00:00:00",
					"expirationTimestamp": "2017-09-29T00:00:00",
					"sundayCommitments": 2,
					"mondayCommitments": 5,
					"tuesdayCommitments": 2,
					"wednesdayCommitments": 0,
					"thursdayCommitments": 2,
					"fridayCommitments": 2,
					"saturdayCommitments": 2,
					"sundayOrders": 0,
					"mondayOrders": 0,
					"tuesdayOrders": 0,
					"wednesdayOrders": 0,
					"thursdayOrders": 0,
					"fridayOrders": 0,
					"saturdayOrders": 0,
					"commitmentCount": 15,
					"orderCount": 0
				}
			}
		}, {
			"_index": "ordermanagementcommitmentindex",
			"_type": "commitments",
			"_id": "170",
			"_score": 1.0,
			"_source": {
				"commitmentID": 170,
				"nationalAccountID": 5005,
				"nationalAccountDetails": {
					"partyID": 1010101,
					"partyName": "Coca-Cola",
					"partyType": "Customer",
					"partyStatus": null,
					"addressDTO": {
						"addressLineOne": "6445 LEMMON AVE",
						"addressLineTwo": "DALLAS",
						"city": "Real City",
						"state": "Texas",
						"zipCode": "12345",
						"country": "USA"
					},
					"contactDTO": null
				},
				"businessLineCode": "4589",
				"billToID": 2525,
				"billToDetails": {
					"partyID": 1010101,
					"partyName": "Coca-Cola",
					"partyType": "Customer",
					"partyStatus": null,
					"addressDTO": {
						"addressLineOne": "6445 LEMMON AVE",
						"addressLineTwo": "DALLAS",
						"city": "Real City",
						"state": "Texas",
						"zipCode": "12345",
						"country": "USA"
					},
					"contactDTO": null
				},
				"financeBusinessUnitCode": "JBH",
				"serviceOfferingCode": "Road",
				"originMarketingAreaID": 3232,
				"originMarketingAreaCode": "AL",
				"destinationMarketingAreaID": 2323,
				"destinationMarketingAreaCode": "CH",
				"originLocationID": 4646,
				"originLocationDetails": {
					"partyID": 1010101,
					"partyName": "Coca-Cola",
					"partyType": "Customer",
					"partyStatus": null,
					"addressDTO": {
						"addressLineOne": "6445 LEMMON AVE",
						"addressLineTwo": "DALLAS",
						"city": "Real City",
						"state": "Texas",
						"zipCode": "12345",
						"country": "USA"
					},
					"contactDTO": null
				},
				"commitmentActuals": {
					"commitmentScheduleID": 108,
					"scheduleType": "Daily",
					"effectiveTimestamp": "2017-04-23T00:00:00",
					"expirationTimestamp": "2017-09-29T00:00:00",
					"sundayCommitments": 1,
					"mondayCommitments": 1,
					"tuesdayCommitments": 1,
					"wednesdayCommitments": 0,
					"thursdayCommitments": 1,
					"fridayCommitments": 1,
					"saturdayCommitments": 1,
					"sundayOrders": 0,
					"mondayOrders": 0,
					"tuesdayOrders": 0,
					"wednesdayOrders": 0,
					"thursdayOrders": 0,
					"fridayOrders": 0,
					"saturdayOrders": 0,
					"commitmentCount": 6,
					"orderCount": 0
				}
			}
		}, {
			"_index": "ordermanagementcommitmentindex",
			"_type": "commitments",
			"_id": "167",
			"_score": 1.0,
			"_source": {
				"commitmentID": 167,
				"nationalAccountID": 5004,
				"nationalAccountDetails": {
					"partyID": 1010101,
					"partyName": "Coca-Cola",
					"partyType": "Customer",
					"partyStatus": null,
					"addressDTO": {
						"addressLineOne": "6445 LEMMON AVE",
						"addressLineTwo": "DALLAS",
						"city": "Real City",
						"state": "Texas",
						"zipCode": "12345",
						"country": "USA"
					},
					"contactDTO": null
				},
				"businessLineCode": "4589",
				"billToID": 1515,
				"billToDetails": {
					"partyID": 1010101,
					"partyName": "Coca-Cola",
					"partyType": "Customer",
					"partyStatus": null,
					"addressDTO": {
						"addressLineOne": "6445 LEMMON AVE",
						"addressLineTwo": "DALLAS",
						"city": "Real City",
						"state": "Texas",
						"zipCode": "12345",
						"country": "USA"
					},
					"contactDTO": null
				},
				"financeBusinessUnitCode": "JBH",
				"serviceOfferingCode": "Road",
				"originMarketingAreaID": 3232,
				"originMarketingAreaCode": "AL",
				"destinationMarketingAreaID": 2323,
				"destinationMarketingAreaCode": "CH",
				"originLocationID": 4646,
				"originLocationDetails": {
					"partyID": 1010101,
					"partyName": "Coca-Cola",
					"partyType": "Customer",
					"partyStatus": null,
					"addressDTO": {
						"addressLineOne": "6445 LEMMON AVE",
						"addressLineTwo": "DALLAS",
						"city": "Real City",
						"state": "Texas",
						"zipCode": "12345",
						"country": "USA"
					},
					"contactDTO": null
				},
				"commitmentActuals": {
					"commitmentScheduleID": 108,
					"scheduleType": "Daily",
					"effectiveTimestamp": "2017-04-23T00:00:00",
					"expirationTimestamp": "2017-09-29T00:00:00",
					"sundayCommitments": 1,
					"mondayCommitments": 1,
					"tuesdayCommitments": 1,
					"wednesdayCommitments": 0,
					"thursdayCommitments": 1,
					"fridayCommitments": 1,
					"saturdayCommitments": 1,
					"sundayOrders": 0,
					"mondayOrders": 0,
					"tuesdayOrders": 0,
					"wednesdayOrders": 0,
					"thursdayOrders": 0,
					"fridayOrders": 0,
					"saturdayOrders": 0,
					"commitmentCount": 6,
					"orderCount": 0
				}
			}
		},{
			"_index": "ordermanagementcommitmentindex",
			"_type": "commitments",
			"_id": "132",
			"_score": 1.0,
			"_source": {
				"commitmentID": 132,
				"nationalAccountID": 200,
				"nationalAccountDetails": {
					"partyID": 1010101,
					"partyName": "Coca-Cola",
					"partyType": "Customer",
					"partyStatus": null,
					"addressDTO": {
						"addressLineOne": "6445 LEMMON AVE",
						"addressLineTwo": "DALLAS",
						"city": "Real City",
						"state": "Texas",
						"zipCode": "12345",
						"country": "USA"
					},
					"contactDTO": null
				},
				"businessLineCode": "pixe",
				"billToID": 123,
				"billToDetails": {
					"partyID": 1010101,
					"partyName": "Coca-Cola",
					"partyType": "Customer",
					"partyStatus": null,
					"addressDTO": {
						"addressLineOne": "6445 LEMMON AVE",
						"addressLineTwo": "DALLAS",
						"city": "Real City",
						"state": "Texas",
						"zipCode": "12345",
						"country": "USA"
					},
					"contactDTO": null
				},
				"financeBusinessUnitCode": "JBI",
				"serviceOfferingCode": "Road",
				"originMarketingAreaID": 123,
				"originMarketingAreaCode": "AL",
				"destinationMarketingAreaID": 123,
				"destinationMarketingAreaCode": "CH",
				"originLocationID": 123,
				"originLocationDetails": {
					"partyID": 1010101,
					"partyName": "Coca-Cola",
					"partyType": "Customer",
					"partyStatus": null,
					"addressDTO": {
						"addressLineOne": "6445 LEMMON AVE",
						"addressLineTwo": "DALLAS",
						"city": "Real City",
						"state": "Texas",
						"zipCode": "12345",
						"country": "USA"
					},
					"contactDTO": null
				},
				"commitmentActuals": {
					"commitmentScheduleID": 102,
					"scheduleType": "Daily",
					"effectiveTimestamp": "2017-04-23T00:00:00",
					"expirationTimestamp": "2017-09-29T00:00:00",
					"sundayCommitments": 2,
					"mondayCommitments": 5,
					"tuesdayCommitments": 2,
					"wednesdayCommitments": 0,
					"thursdayCommitments": 2,
					"fridayCommitments": 2,
					"saturdayCommitments": 2,
					"sundayOrders": 0,
					"mondayOrders": 0,
					"tuesdayOrders": 0,
					"wednesdayOrders": 0,
					"thursdayOrders": 0,
					"fridayOrders": 0,
					"saturdayOrders": 0,
					"commitmentCount": 15,
					"orderCount": 0
				}
			}
		}, {
			"_index": "ordermanagementcommitmentindex",
			"_type": "commitments",
			"_id": "133",
			"_score": 1.0,
			"_source": {
				"commitmentID": 133,
				"nationalAccountID": 5005,
				"nationalAccountDetails": {
					"partyID": 1010101,
					"partyName": "Coca-Cola",
					"partyType": "Customer",
					"partyStatus": null,
					"addressDTO": {
						"addressLineOne": "6445 LEMMON AVE",
						"addressLineTwo": "DALLAS",
						"city": "Real City",
						"state": "Texas",
						"zipCode": "12345",
						"country": "USA"
					},
					"contactDTO": null
				},
				"businessLineCode": "4589",
				"billToID": 2525,
				"billToDetails": {
					"partyID": 1010101,
					"partyName": "Coca-Cola",
					"partyType": "Customer",
					"partyStatus": null,
					"addressDTO": {
						"addressLineOne": "6445 LEMMON AVE",
						"addressLineTwo": "DALLAS",
						"city": "Real City",
						"state": "Texas",
						"zipCode": "12345",
						"country": "USA"
					},
					"contactDTO": null
				},
				"financeBusinessUnitCode": "JBH",
				"serviceOfferingCode": "Road",
				"originMarketingAreaID": 3232,
				"originMarketingAreaCode": "AL",
				"destinationMarketingAreaID": 2323,
				"destinationMarketingAreaCode": "CH",
				"originLocationID": 4646,
				"originLocationDetails": {
					"partyID": 1010101,
					"partyName": "Coca-Cola",
					"partyType": "Customer",
					"partyStatus": null,
					"addressDTO": {
						"addressLineOne": "6445 LEMMON AVE",
						"addressLineTwo": "DALLAS",
						"city": "Real City",
						"state": "Texas",
						"zipCode": "12345",
						"country": "USA"
					},
					"contactDTO": null
				},
				"commitmentActuals": {
					"commitmentScheduleID": 108,
					"scheduleType": "Daily",
					"effectiveTimestamp": "2017-04-23T00:00:00",
					"expirationTimestamp": "2017-09-29T00:00:00",
					"sundayCommitments": 1,
					"mondayCommitments": 1,
					"tuesdayCommitments": 1,
					"wednesdayCommitments": 0,
					"thursdayCommitments": 1,
					"fridayCommitments": 1,
					"saturdayCommitments": 1,
					"sundayOrders": 0,
					"mondayOrders": 0,
					"tuesdayOrders": 0,
					"wednesdayOrders": 0,
					"thursdayOrders": 0,
					"fridayOrders": 0,
					"saturdayOrders": 0,
					"commitmentCount": 6,
					"orderCount": 0
				}
			}
		}, {
			"_index": "ordermanagementcommitmentindex",
			"_type": "commitments",
			"_id": "134",
			"_score": 1.0,
			"_source": {
				"commitmentID": 134,
				"nationalAccountID": 5004,
				"nationalAccountDetails": {
					"partyID": 1010101,
					"partyName": "Coca-Cola",
					"partyType": "Customer",
					"partyStatus": null,
					"addressDTO": {
						"addressLineOne": "6445 LEMMON AVE",
						"addressLineTwo": "DALLAS",
						"city": "Real City",
						"state": "Texas",
						"zipCode": "12345",
						"country": "USA"
					},
					"contactDTO": null
				},
				"businessLineCode": "4589",
				"billToID": 1515,
				"billToDetails": {
					"partyID": 1010101,
					"partyName": "Coca-Cola",
					"partyType": "Customer",
					"partyStatus": null,
					"addressDTO": {
						"addressLineOne": "6445 LEMMON AVE",
						"addressLineTwo": "DALLAS",
						"city": "Real City",
						"state": "Texas",
						"zipCode": "12345",
						"country": "USA"
					},
					"contactDTO": null
				},
				"financeBusinessUnitCode": "JBH",
				"serviceOfferingCode": "Road",
				"originMarketingAreaID": 3232,
				"originMarketingAreaCode": "AL",
				"destinationMarketingAreaID": 2323,
				"destinationMarketingAreaCode": "CH",
				"originLocationID": 4646,
				"originLocationDetails": {
					"partyID": 1010101,
					"partyName": "Coca-Cola",
					"partyType": "Customer",
					"partyStatus": null,
					"addressDTO": {
						"addressLineOne": "6445 LEMMON AVE",
						"addressLineTwo": "DALLAS",
						"city": "Real City",
						"state": "Texas",
						"zipCode": "12345",
						"country": "USA"
					},
					"contactDTO": null
				},
				"commitmentActuals": {
					"commitmentScheduleID": 108,
					"scheduleType": "Daily",
					"effectiveTimestamp": "2017-04-23T00:00:00",
					"expirationTimestamp": "2017-09-29T00:00:00",
					"sundayCommitments": 1,
					"mondayCommitments": 1,
					"tuesdayCommitments": 1,
					"wednesdayCommitments": 0,
					"thursdayCommitments": 1,
					"fridayCommitments": 1,
					"saturdayCommitments": 1,
					"sundayOrders": 0,
					"mondayOrders": 0,
					"tuesdayOrders": 0,
					"wednesdayOrders": 0,
					"thursdayOrders": 0,
					"fridayOrders": 0,
					"saturdayOrders": 0,
					"commitmentCount": 6,
					"orderCount": 0
				}
			}
		},{
			"_index": "ordermanagementcommitmentindex",
			"_type": "commitments",
			"_id": "135",
			"_score": 1.0,
			"_source": {
				"commitmentID": 135,
				"nationalAccountID": 200,
				"nationalAccountDetails": {
					"partyID": 1010101,
					"partyName": "Coca-Cola",
					"partyType": "Customer",
					"partyStatus": null,
					"addressDTO": {
						"addressLineOne": "6445 LEMMON AVE",
						"addressLineTwo": "DALLAS",
						"city": "Real City",
						"state": "Texas",
						"zipCode": "12345",
						"country": "USA"
					},
					"contactDTO": null
				},
				"businessLineCode": "pixe",
				"billToID": 123,
				"billToDetails": {
					"partyID": 1010101,
					"partyName": "Coca-Cola",
					"partyType": "Customer",
					"partyStatus": null,
					"addressDTO": {
						"addressLineOne": "6445 LEMMON AVE",
						"addressLineTwo": "DALLAS",
						"city": "Real City",
						"state": "Texas",
						"zipCode": "12345",
						"country": "USA"
					},
					"contactDTO": null
				},
				"financeBusinessUnitCode": "JBI",
				"serviceOfferingCode": "Road",
				"originMarketingAreaID": 123,
				"originMarketingAreaCode": "AL",
				"destinationMarketingAreaID": 123,
				"destinationMarketingAreaCode": "CH",
				"originLocationID": 123,
				"originLocationDetails": {
					"partyID": 1010101,
					"partyName": "Coca-Cola",
					"partyType": "Customer",
					"partyStatus": null,
					"addressDTO": {
						"addressLineOne": "6445 LEMMON AVE",
						"addressLineTwo": "DALLAS",
						"city": "Real City",
						"state": "Texas",
						"zipCode": "12345",
						"country": "USA"
					},
					"contactDTO": null
				},
				"commitmentActuals": {
					"commitmentScheduleID": 102,
					"scheduleType": "Daily",
					"effectiveTimestamp": "2017-04-23T00:00:00",
					"expirationTimestamp": "2017-09-29T00:00:00",
					"sundayCommitments": 2,
					"mondayCommitments": 5,
					"tuesdayCommitments": 2,
					"wednesdayCommitments": 0,
					"thursdayCommitments": 2,
					"fridayCommitments": 2,
					"saturdayCommitments": 2,
					"sundayOrders": 0,
					"mondayOrders": 0,
					"tuesdayOrders": 0,
					"wednesdayOrders": 0,
					"thursdayOrders": 0,
					"fridayOrders": 0,
					"saturdayOrders": 0,
					"commitmentCount": 15,
					"orderCount": 0
				}
			}
		}, {
			"_index": "ordermanagementcommitmentindex",
			"_type": "commitments",
			"_id": "136",
			"_score": 1.0,
			"_source": {
				"commitmentID": 136,
				"nationalAccountID": 5005,
				"nationalAccountDetails": {
					"partyID": 1010101,
					"partyName": "Coca-Cola",
					"partyType": "Customer",
					"partyStatus": null,
					"addressDTO": {
						"addressLineOne": "6445 LEMMON AVE",
						"addressLineTwo": "DALLAS",
						"city": "Real City",
						"state": "Texas",
						"zipCode": "12345",
						"country": "USA"
					},
					"contactDTO": null
				},
				"businessLineCode": "4589",
				"billToID": 2525,
				"billToDetails": {
					"partyID": 1010101,
					"partyName": "Coca-Cola",
					"partyType": "Customer",
					"partyStatus": null,
					"addressDTO": {
						"addressLineOne": "6445 LEMMON AVE",
						"addressLineTwo": "DALLAS",
						"city": "Real City",
						"state": "Texas",
						"zipCode": "12345",
						"country": "USA"
					},
					"contactDTO": null
				},
				"financeBusinessUnitCode": "JBH",
				"serviceOfferingCode": "Road",
				"originMarketingAreaID": 3232,
				"originMarketingAreaCode": "AL",
				"destinationMarketingAreaID": 2323,
				"destinationMarketingAreaCode": "CH",
				"originLocationID": 4646,
				"originLocationDetails": {
					"partyID": 1010101,
					"partyName": "Coca-Cola",
					"partyType": "Customer",
					"partyStatus": null,
					"addressDTO": {
						"addressLineOne": "6445 LEMMON AVE",
						"addressLineTwo": "DALLAS",
						"city": "Real City",
						"state": "Texas",
						"zipCode": "12345",
						"country": "USA"
					},
					"contactDTO": null
				},
				"commitmentActuals": {
					"commitmentScheduleID": 108,
					"scheduleType": "Daily",
					"effectiveTimestamp": "2017-04-23T00:00:00",
					"expirationTimestamp": "2017-09-29T00:00:00",
					"sundayCommitments": 1,
					"mondayCommitments": 1,
					"tuesdayCommitments": 1,
					"wednesdayCommitments": 0,
					"thursdayCommitments": 1,
					"fridayCommitments": 1,
					"saturdayCommitments": 1,
					"sundayOrders": 0,
					"mondayOrders": 0,
					"tuesdayOrders": 0,
					"wednesdayOrders": 0,
					"thursdayOrders": 0,
					"fridayOrders": 0,
					"saturdayOrders": 0,
					"commitmentCount": 6,
					"orderCount": 0
				}
			}
		}, {
			"_index": "ordermanagementcommitmentindex",
			"_type": "commitments",
			"_id": "137",
			"_score": 1.0,
			"_source": {
				"commitmentID": 137,
				"nationalAccountID": 5004,
				"nationalAccountDetails": {
					"partyID": 1010101,
					"partyName": "Coca-Cola",
					"partyType": "Customer",
					"partyStatus": null,
					"addressDTO": {
						"addressLineOne": "6445 LEMMON AVE",
						"addressLineTwo": "DALLAS",
						"city": "Real City",
						"state": "Texas",
						"zipCode": "12345",
						"country": "USA"
					},
					"contactDTO": null
				},
				"businessLineCode": "4589",
				"billToID": 1515,
				"billToDetails": {
					"partyID": 1010101,
					"partyName": "Coca-Cola",
					"partyType": "Customer",
					"partyStatus": null,
					"addressDTO": {
						"addressLineOne": "6445 LEMMON AVE",
						"addressLineTwo": "DALLAS",
						"city": "Real City",
						"state": "Texas",
						"zipCode": "12345",
						"country": "USA"
					},
					"contactDTO": null
				},
				"financeBusinessUnitCode": "JBH",
				"serviceOfferingCode": "Road",
				"originMarketingAreaID": 3232,
				"originMarketingAreaCode": "AL",
				"destinationMarketingAreaID": 2323,
				"destinationMarketingAreaCode": "CH",
				"originLocationID": 4646,
				"originLocationDetails": {
					"partyID": 1010101,
					"partyName": "Coca-Cola",
					"partyType": "Customer",
					"partyStatus": null,
					"addressDTO": {
						"addressLineOne": "6445 LEMMON AVE",
						"addressLineTwo": "DALLAS",
						"city": "Real City",
						"state": "Texas",
						"zipCode": "12345",
						"country": "USA"
					},
					"contactDTO": null
				},
				"commitmentActuals": {
					"commitmentScheduleID": 108,
					"scheduleType": "Daily",
					"effectiveTimestamp": "2017-04-23T00:00:00",
					"expirationTimestamp": "2017-09-29T00:00:00",
					"sundayCommitments": 1,
					"mondayCommitments": 1,
					"tuesdayCommitments": 1,
					"wednesdayCommitments": 0,
					"thursdayCommitments": 1,
					"fridayCommitments": 1,
					"saturdayCommitments": 1,
					"sundayOrders": 0,
					"mondayOrders": 0,
					"tuesdayOrders": 0,
					"wednesdayOrders": 0,
					"thursdayOrders": 0,
					"fridayOrders": 0,
					"saturdayOrders": 0,
					"commitmentCount": 6,
					"orderCount": 0
				}
			}
		},{
			"_index": "ordermanagementcommitmentindex",
			"_type": "commitments",
			"_id": "130",
			"_score": 1.0,
			"_source": {
				"commitmentID": 130,
				"nationalAccountID": 200,
				"nationalAccountDetails": {
					"partyID": 1010101,
					"partyName": "Coca-Cola",
					"partyType": "Customer",
					"partyStatus": null,
					"addressDTO": {
						"addressLineOne": "6445 LEMMON AVE",
						"addressLineTwo": "DALLAS",
						"city": "Real City",
						"state": "Texas",
						"zipCode": "12345",
						"country": "USA"
					},
					"contactDTO": null
				},
				"businessLineCode": "pixe",
				"billToID": 123,
				"billToDetails": {
					"partyID": 1010101,
					"partyName": "Coca-Cola",
					"partyType": "Customer",
					"partyStatus": null,
					"addressDTO": {
						"addressLineOne": "6445 LEMMON AVE",
						"addressLineTwo": "DALLAS",
						"city": "Real City",
						"state": "Texas",
						"zipCode": "12345",
						"country": "USA"
					},
					"contactDTO": null
				},
				"financeBusinessUnitCode": "JBI",
				"serviceOfferingCode": "Road",
				"originMarketingAreaID": 123,
				"originMarketingAreaCode": "AL",
				"destinationMarketingAreaID": 123,
				"destinationMarketingAreaCode": "CH",
				"originLocationID": 123,
				"originLocationDetails": {
					"partyID": 1010101,
					"partyName": "Coca-Cola",
					"partyType": "Customer",
					"partyStatus": null,
					"addressDTO": {
						"addressLineOne": "6445 LEMMON AVE",
						"addressLineTwo": "DALLAS",
						"city": "Real City",
						"state": "Texas",
						"zipCode": "12345",
						"country": "USA"
					},
					"contactDTO": null
				},
				"commitmentActuals": {
					"commitmentScheduleID": 102,
					"scheduleType": "Daily",
					"effectiveTimestamp": "2017-04-23T00:00:00",
					"expirationTimestamp": "2017-09-29T00:00:00",
					"sundayCommitments": 2,
					"mondayCommitments": 5,
					"tuesdayCommitments": 2,
					"wednesdayCommitments": 0,
					"thursdayCommitments": 2,
					"fridayCommitments": 2,
					"saturdayCommitments": 2,
					"sundayOrders": 0,
					"mondayOrders": 0,
					"tuesdayOrders": 0,
					"wednesdayOrders": 0,
					"thursdayOrders": 0,
					"fridayOrders": 0,
					"saturdayOrders": 0,
					"commitmentCount": 15,
					"orderCount": 0
				}
			}
		}, {
			"_index": "ordermanagementcommitmentindex",
			"_type": "commitments",
			"_id": "170",
			"_score": 1.0,
			"_source": {
				"commitmentID": 170,
				"nationalAccountID": 5005,
				"nationalAccountDetails": {
					"partyID": 1010101,
					"partyName": "Coca-Cola",
					"partyType": "Customer",
					"partyStatus": null,
					"addressDTO": {
						"addressLineOne": "6445 LEMMON AVE",
						"addressLineTwo": "DALLAS",
						"city": "Real City",
						"state": "Texas",
						"zipCode": "12345",
						"country": "USA"
					},
					"contactDTO": null
				},
				"businessLineCode": "4589",
				"billToID": 2525,
				"billToDetails": {
					"partyID": 1010101,
					"partyName": "Coca-Cola",
					"partyType": "Customer",
					"partyStatus": null,
					"addressDTO": {
						"addressLineOne": "6445 LEMMON AVE",
						"addressLineTwo": "DALLAS",
						"city": "Real City",
						"state": "Texas",
						"zipCode": "12345",
						"country": "USA"
					},
					"contactDTO": null
				},
				"financeBusinessUnitCode": "JBH",
				"serviceOfferingCode": "Road",
				"originMarketingAreaID": 3232,
				"originMarketingAreaCode": "AL",
				"destinationMarketingAreaID": 2323,
				"destinationMarketingAreaCode": "CH",
				"originLocationID": 4646,
				"originLocationDetails": {
					"partyID": 1010101,
					"partyName": "Coca-Cola",
					"partyType": "Customer",
					"partyStatus": null,
					"addressDTO": {
						"addressLineOne": "6445 LEMMON AVE",
						"addressLineTwo": "DALLAS",
						"city": "Real City",
						"state": "Texas",
						"zipCode": "12345",
						"country": "USA"
					},
					"contactDTO": null
				},
				"commitmentActuals": {
					"commitmentScheduleID": 108,
					"scheduleType": "Daily",
					"effectiveTimestamp": "2017-04-23T00:00:00",
					"expirationTimestamp": "2017-09-29T00:00:00",
					"sundayCommitments": 1,
					"mondayCommitments": 1,
					"tuesdayCommitments": 1,
					"wednesdayCommitments": 0,
					"thursdayCommitments": 1,
					"fridayCommitments": 1,
					"saturdayCommitments": 1,
					"sundayOrders": 0,
					"mondayOrders": 0,
					"tuesdayOrders": 0,
					"wednesdayOrders": 0,
					"thursdayOrders": 0,
					"fridayOrders": 0,
					"saturdayOrders": 0,
					"commitmentCount": 6,
					"orderCount": 0
				}
			}
		}, {
			"_index": "ordermanagementcommitmentindex",
			"_type": "commitments",
			"_id": "167",
			"_score": 1.0,
			"_source": {
				"commitmentID": 167,
				"nationalAccountID": 5004,
				"nationalAccountDetails": {
					"partyID": 1010101,
					"partyName": "Coca-Cola",
					"partyType": "Customer",
					"partyStatus": null,
					"addressDTO": {
						"addressLineOne": "6445 LEMMON AVE",
						"addressLineTwo": "DALLAS",
						"city": "Real City",
						"state": "Texas",
						"zipCode": "12345",
						"country": "USA"
					},
					"contactDTO": null
				},
				"businessLineCode": "4589",
				"billToID": 1515,
				"billToDetails": {
					"partyID": 1010101,
					"partyName": "Coca-Cola",
					"partyType": "Customer",
					"partyStatus": null,
					"addressDTO": {
						"addressLineOne": "6445 LEMMON AVE",
						"addressLineTwo": "DALLAS",
						"city": "Real City",
						"state": "Texas",
						"zipCode": "12345",
						"country": "USA"
					},
					"contactDTO": null
				},
				"financeBusinessUnitCode": "JBH",
				"serviceOfferingCode": "Road",
				"originMarketingAreaID": 3232,
				"originMarketingAreaCode": "AL",
				"destinationMarketingAreaID": 2323,
				"destinationMarketingAreaCode": "CH",
				"originLocationID": 4646,
				"originLocationDetails": {
					"partyID": 1010101,
					"partyName": "Coca-Cola",
					"partyType": "Customer",
					"partyStatus": null,
					"addressDTO": {
						"addressLineOne": "6445 LEMMON AVE",
						"addressLineTwo": "DALLAS",
						"city": "Real City",
						"state": "Texas",
						"zipCode": "12345",
						"country": "USA"
					},
					"contactDTO": null
				},
				"commitmentActuals": {
					"commitmentScheduleID": 108,
					"scheduleType": "Daily",
					"effectiveTimestamp": "2017-04-23T00:00:00",
					"expirationTimestamp": "2017-09-29T00:00:00",
					"sundayCommitments": 1,
					"mondayCommitments": 1,
					"tuesdayCommitments": 1,
					"wednesdayCommitments": 0,
					"thursdayCommitments": 1,
					"fridayCommitments": 1,
					"saturdayCommitments": 1,
					"sundayOrders": 0,
					"mondayOrders": 0,
					"tuesdayOrders": 0,
					"wednesdayOrders": 0,
					"thursdayOrders": 0,
					"fridayOrders": 0,
					"saturdayOrders": 0,
					"commitmentCount": 6,
					"orderCount": 0
				}
			}
		}]
	}
}