{
    "corporateAccount": "Cow Hides (COWD)",
    "lineOfBusiness": "Hershey Foods",
    "billToAccount": "Cow Hides (COWD)",
    "businessUnit": "JBT",
    "serviceOffering": "Over the road",
    "originMarketingArea": "AL",
    "destinationMarketingArea": "CH",
    "shipperLocation": "Hershey (HER03)",
    
    "operationsTeamLeader": "Hillary Clinton",
    "operationsTeamLeaderID": "JDC2382",
    "operationsTeamLeaderTel": "123456789",
    "operationsTeamLeaderMail": "clinton@lost.com",
    "operationsTeamLeaderSkype": "redridinghood",
    "operationsTeamLeaderURL": "assets/images/usericon.png",
    "operationsOwner": "Ivanka Trump",
    "operationsOwnerURL": "assets/images/usericon.png",
    "orderOwner": "Angelina Jolie",
    "orderOwnerURL": "assets/images/usericon.png",
    "salesContact": "Margot Robbie",
    "salesContactURL": "assets/images/usericon.png",

    "schedules": [{
      "scheduleType": "Daily",
      "effectiveDate":"10/25/2016", 
      "endDate":"3/21/2017", 
      "pricingIdentifier":"Best", 
      "pTotalAmount": 14,
      "pSunAmount": 2,
      "pMonAmount": 2,
      "pTueAmount": 2,
      "pWedAmount": 2,
      "pThuAmount": 2,
      "pFriAmount": 2,
      "pSatAmount": 2,
      
      "aTotalAmount": 9,
      "aSunAmount": 1,
      "aMonAmount": 1,
      "aTueAmount": 2,
      "aWedAmount": 1,
      "aThuAmount": 1,
      "aFriAmount": 1,
      "aSatAmount": 2,
      "info": "EG12345, EG12346, EG12347, EG12348, EG12349"
    },{
        "scheduleType": "Weekly",
        "effectiveDate":"10/25/2016", 
        "endDate":"3/21/2017", 
        "pricingIdentifier": "Better",
        "pTotalAmount": 10,
        "aTotalAmount": 9
    }],
    "history": [{
        "auditId": 100,
        "user": "Harry Potter",
        "action": "created the commitment",
        "date": "10/25/2016",
        "time": "10:30 AM" 
    },{
        "auditId": 101,
        "user": "Sam Goode",
        "action": "last updated",
        "date": "10/27/2016",
        "time": "3:33 PM",
        "reason": "Contract change"
    }]
}