{
	"commitment": {
		"commitmentID": 369,
		"nationalAccountID": 501,
		"nationalAccountDetails": {
			"id": 1010101,
			"code": null,
			"name": "Coca-Cola",
			"addressDTO": {
				"id": 0,
				"addressLine1": "6445 LEMMON AVE",
				"addressLine2": "DALLAS",
				"city": "Real City",
				"state": "Texas",
				"zipcode": 12345,
				"country": "USA"
			},
			"lineOfBusiness": null,
			"creditStatus": null,
			"active": null,
			"partyType": null,
			"facilityOverviewRequirementCodeDTO": null
		},
		"billToID": 1471,
		"billToDetails": {
			"id": 1001,
			"code": "AMSEF3",
			"name": "AMAZON LTL % J.B. HUNT - SW",
			"addressDTO": {
				"id": 1001,
				"addressLine1": "705 5TH AVENUE SOUTH",
				"addressLine2": "SEATTLE",
				"city": "SEATTLE",
				"state": "WASHINGTON",
				"zipcode": 98104,
				"country": "USA"
			},
			"lineOfBusiness": null,
			"creditStatus": null,
			"active": "active",
			"partyType": "Bill To",
			"facilityOverviewRequirementCodeDTO": null
		},
		"businessLineCode": 746,
		"financeBusinessUnitCode": "JBH",
		"serviceOfferingCode": "Road",
		"originMarketingAreaID": 1451,
		"originMarketingAreaCode": "AL",
		"destinationMarketingAreaID": 7845,
		"destinationMarketingAreaCode": "CH",
		"originLocationID": 1451,
		"originLocationDetails": {
			"id": 1002,
			"code": "ICBE36",
			"name": "ICON HEALTH AND FITNESS",
			"addressDTO": {
				"id": 1002,
				"addressLine1": "630 NICHOLAS RD",
				"addressLine2": "BEAUMONT",
				"city": "BEAUMONT",
				"state": "CALIFORNIA",
				"zipcode": 92223,
				"country": "USA"
			},
			"lineOfBusiness": null,
			"creditStatus": null,
			"active": "active",
			"partyType": "Shipper",
			"facilityOverviewRequirementCodeDTO": null
		},
		"effectiveTimestamp": "2017-04-01T00:00:00",
		"expirationTimestamp": "2017-11-14T00:00:00",
		"createTimestamp": "2017-05-31T06:13:13",
		"createUserID": "PIDNEXT",
		"createProgramName": "SSIS",
		"lastUpdateTimestamp": "2017-06-01T02:36:53.045",
		"lastUpdateUserID": "PIDNEXT",
		"lastUpdateProgramName": "SSIS",
		"eventType": null,
		"commitmentOwnership": [{
			"commitmentOwnershipID": 332,
			"commitmentOwnerPersonID": "steve",
			"commitmentOwnerManagerPersonID": "jeremy",
			"operationalTeamOwnerPersonID": "jack",
			"salesPersonID": "jones",
			"commitmentOwnerPersonDTO": null,
			"commitmentOwnerManagerPersonDTO": null,
			"operationalTeamOwnerPersonDTO": null,
			"salesPersonDTO": null
		}, {
			"commitmentOwnershipID": 347,
			"commitmentOwnerPersonID": "steve",
			"commitmentOwnerManagerPersonID": "jeremy",
			"operationalTeamOwnerPersonID": "jack",
			"salesPersonID": "jones",
			"commitmentOwnerPersonDTO": null,
			"commitmentOwnerManagerPersonDTO": null,
			"operationalTeamOwnerPersonDTO": null,
			"salesPersonDTO": null
		}],
		"commitmentActuals": {
			"commitmentScheduleID": null,
			"scheduleType": null,
			"effectiveTimestamp": null,
			"expirationTimestamp": null,
			"sundayCommitments": null,
			"mondayCommitments": null,
			"tuesdayCommitments": null,
			"wednesdayCommitments": null,
			"thursdayCommitments": null,
			"fridayCommitments": null,
			"saturdayCommitments": null,
			"sundayOrders": null,
			"mondayOrders": null,
			"tuesdayOrders": null,
			"wednesdayOrders": null,
			"thursdayOrders": null,
			"fridayOrders": null,
			"saturdayOrders": null,
			"commitmentCount": null,
			"orderCount": null,
			"requestForPricingNumber": null,
			"orderIDs": null,
			"status": null
		},
		"schedule": [{
			"commitmentScheduleID": 518,
			"commitmentScheduleTypeCode": "Daily",
			"effectiveTimestamp": "2017-04-01T00:00:00",
			"expirationTimestamp": "2017-10-14T00:00:00",
			"updateCheck": false,
			"commitmentScheduleDetailDTOs": [{
				"commitmentScheduleDetailID": 2963,
				"commitmentScheduleDay": "Sunday",
				"commitmentOrderQuantity": 2
			}, {
				"commitmentScheduleDetailID": 2964,
				"commitmentScheduleDay": "Monday",
				"commitmentOrderQuantity": 2
			}, {
				"commitmentScheduleDetailID": 2965,
				"commitmentScheduleDay": "Tuesday",
				"commitmentOrderQuantity": 2
			}, {
				"commitmentScheduleDetailID": 2966,
				"commitmentScheduleDay": "Wednesday",
				"commitmentOrderQuantity": 0
			}, {
				"commitmentScheduleDetailID": 2967,
				"commitmentScheduleDay": "Thursday",
				"commitmentOrderQuantity": 2
			}, {
				"commitmentScheduleDetailID": 2968,
				"commitmentScheduleDay": "Friday",
				"commitmentOrderQuantity": 2
			}, {
				"commitmentScheduleDetailID": 2969,
				"commitmentScheduleDay": "Saturday",
				"commitmentOrderQuantity": 2
			}],
			"scheduleRequestForPricingAssociationDTO": [{
				"scheduleRequestForPricingAssociationID": 465,
				"requestForPricingNumber": "1"
			}]
		}, {
			"commitmentScheduleID": 519,
			"commitmentScheduleTypeCode": "Daily",
			"effectiveTimestamp": "2017-05-07T00:00:00",
			"expirationTimestamp": "2017-05-25T00:00:00",
			"updateCheck": false,
			"commitmentScheduleDetailDTOs": [{
				"commitmentScheduleDetailID": 2970,
				"commitmentScheduleDay": "Sunday",
				"commitmentOrderQuantity": 2
			}, {
				"commitmentScheduleDetailID": 2971,
				"commitmentScheduleDay": "Monday",
				"commitmentOrderQuantity": 2
			}, {
				"commitmentScheduleDetailID": 2972,
				"commitmentScheduleDay": "Tuesday",
				"commitmentOrderQuantity": 2
			}, {
				"commitmentScheduleDetailID": 2973,
				"commitmentScheduleDay": "Wednesday",
				"commitmentOrderQuantity": 0
			}, {
				"commitmentScheduleDetailID": 2974,
				"commitmentScheduleDay": "Thursday",
				"commitmentOrderQuantity": 2
			}, {
				"commitmentScheduleDetailID": 2975,
				"commitmentScheduleDay": "Friday",
				"commitmentOrderQuantity": 2
			}, {
				"commitmentScheduleDetailID": 2976,
				"commitmentScheduleDay": "Saturday",
				"commitmentOrderQuantity": 2
			}],
			"scheduleRequestForPricingAssociationDTO": [{
				"scheduleRequestForPricingAssociationID": 466,
				"requestForPricingNumber": "1"
			}]
		}, {
			"commitmentScheduleID": 544,
			"commitmentScheduleTypeCode": "Daily",
			"effectiveTimestamp": "2017-04-01T00:00:00",
			"expirationTimestamp": "2017-11-14T00:00:00",
			"updateCheck": false,
			"commitmentScheduleDetailDTOs": [{
				"commitmentScheduleDetailID": 3145,
				"commitmentScheduleDay": "Sunday",
				"commitmentOrderQuantity": 2
			}, {
				"commitmentScheduleDetailID": 3146,
				"commitmentScheduleDay": "Monday",
				"commitmentOrderQuantity": 2
			}, {
				"commitmentScheduleDetailID": 3147,
				"commitmentScheduleDay": "Tuesday",
				"commitmentOrderQuantity": 2
			}, {
				"commitmentScheduleDetailID": 3148,
				"commitmentScheduleDay": "Wednesday",
				"commitmentOrderQuantity": 0
			}, {
				"commitmentScheduleDetailID": 3149,
				"commitmentScheduleDay": "Thursday",
				"commitmentOrderQuantity": 2
			}, {
				"commitmentScheduleDetailID": 3150,
				"commitmentScheduleDay": "Friday",
				"commitmentOrderQuantity": 2
			}, {
				"commitmentScheduleDetailID": 3151,
				"commitmentScheduleDay": "Saturday",
				"commitmentOrderQuantity": 2
			}],
			"scheduleRequestForPricingAssociationDTO": [{
				"scheduleRequestForPricingAssociationID": 491,
				"requestForPricingNumber": "1"
			}]
		}, {
			"commitmentScheduleID": 545,
			"commitmentScheduleTypeCode": "Daily",
			"effectiveTimestamp": "2017-05-07T00:00:00",
			"expirationTimestamp": "2017-05-25T00:00:00",
			"updateCheck": false,
			"commitmentScheduleDetailDTOs": [{
				"commitmentScheduleDetailID": 3152,
				"commitmentScheduleDay": "Sunday",
				"commitmentOrderQuantity": 2
			}, {
				"commitmentScheduleDetailID": 3153,
				"commitmentScheduleDay": "Monday",
				"commitmentOrderQuantity": 2
			}, {
				"commitmentScheduleDetailID": 3154,
				"commitmentScheduleDay": "Tuesday",
				"commitmentOrderQuantity": 2
			}, {
				"commitmentScheduleDetailID": 3155,
				"commitmentScheduleDay": "Wednesday",
				"commitmentOrderQuantity": 0
			}, {
				"commitmentScheduleDetailID": 3156,
				"commitmentScheduleDay": "Thursday",
				"commitmentOrderQuantity": 2
			}, {
				"commitmentScheduleDetailID": 3157,
				"commitmentScheduleDay": "Friday",
				"commitmentOrderQuantity": 2
			}, {
				"commitmentScheduleDetailID": 3158,
				"commitmentScheduleDay": "Saturday",
				"commitmentOrderQuantity": 2
			}],
			"scheduleRequestForPricingAssociationDTO": [{
				"scheduleRequestForPricingAssociationID": 492,
				"requestForPricingNumber": "1"
			}]
		}],
		"modification": []
	},
	"audit": []
}