{
    "currentPage": 1,
    "pageSize": 10,
    "totalRecords": 50,
    "commitmentList": [{
        "corporateAccount": "Cow Hides(COWD)",
        "lineOfBusiness": "Hershey Foods",
        "billToAccount": "Cow Hides(COWD)",
        "businessUnit": "JBT",
        "serviceOffering": "Over the Road",
        "origin": "AL",
        "destination": "CH",
        "shipperLocation": "Hershey(HER03)",
        "scheduleType": "Daily",
        "effectiveDate": "10/20/2016",
        "endDate": "10/20/2099",
        "plannedAmount": {
            "sunAmount": 2,
            "monAmount": 2,
            "tueAmount": 1,
            "wedAmount": 1,
            "thuAmount": 1,
            "friAmount": 0,
            "satAmount": 1,
            "totalAmount": 8
        },
        "actualAmount": {
            "sunAmount": 2,
            "monAmount": 2,
            "tueAmount": 1,
            "wedAmount": 1,
            "thuAmount": 1,
            "friAmount": 0,
            "satAmount": 1,
            "totalAmount": 8
        }
    },{
        "corporateAccount": "Cow Hides(COWD)",
        "lineOfBusiness": "Hershey Foods",
        "billToAccount": "Cow Hides(COWD)",
        "businessUnit": "JBT",
        "serviceOffering": "Over the Road",
        "origin": "AL",
        "destination": "IL",
        "shipperLocation": "Hershey(HER03)",
        "scheduleType": "Weekly",
        "effectiveDate": "10/20/2016",
        "endDate": "10/20/2099",
        "plannedAmount": {
            "totalAmount": 20        
        },
        "actualAmount": {
            "totalAmount": 14
        }
    },{
        "corporateAccount": "Cow Hides(COWD)",
        "lineOfBusiness": "Hershey Foods",
        "billToAccount": "Cow Hides(COWD)",
        "businessUnit": "JBT",
        "serviceOffering": "Over the Road",
        "origin": "AL",
        "destination": "CH",
        "shipperLocation": "Hershey(HER03)",
        "scheduleType": "Daily",
        "effectiveDate": "10/20/2016",
        "endDate": "10/20/2099",
        "plannedAmount": {
            "sunAmount": 2,
            "monAmount": 2,
            "tueAmount": 1,
            "wedAmount": 1,
            "thuAmount": 1,
            "friAmount": 0,
            "satAmount": 1,
            "totalAmount": 8
        },
        "actualAmount": {
            "sunAmount": 2,
            "monAmount": 2,
            "tueAmount": 1,
            "wedAmount": 1,
            "thuAmount": 1,
            "friAmount": 0,
            "satAmount": 1,
            "totalAmount": 8
        }
    },{
        "corporateAccount": "Cow Hides(COWD)",
        "lineOfBusiness": "Hershey Foods",
        "billToAccount": "Cow Hides(COWD)",
        "businessUnit": "JBT",
        "serviceOffering": "Over the Road",
        "origin": "AL",
        "destination": "IL",
        "shipperLocation": "Hershey(HER03)",
        "scheduleType": "Weekly",
        "effectiveDate": "10/20/2016",
        "endDate": "10/20/2099",
        "plannedAmount": {
            "totalAmount": 20        
        },
        "actualAmount": {
            "totalAmount": 14
        }
    }]
}