{"corporateAccount":[{"id":1,"streetAddress":"124,Real Street","city":"New Jersy","state":"LO","zipCode":"72713","country":"USA","code":"RESO12","name":"Resort Industries USA","salesPersonId":"jisat6","salesPersonName":"Blake Sikes","locationType":"Warehouse","parentDTO":{"id":1,"roleType":"Account","streetAddress":"124,Real Street","city":"New Jersy","state":"LO","zipCode":"72713","country":"USA","code":"WAL01","name":"Resort Industries USA"},"ultimateParentDTO":{"id":1,"roleType":"Account","streetAddress":"124,Real Street","city":"New Jersy","state":"LO","zipCode":"72713","country":"USA","code":"WAL01","name":"Resort Industries USA"}},{"id":2,"streetAddress":"124,Real Street","city":"Lewisvillle","state":"CA","zipCode":"72713","country":"USA","code":"RESO12","name":"Retail Industries USA","salesPersonId":"jisat6","salesPersonName":"Blake Sikes","locationType":"Warehouse","parentDTO":{"id":2,"roleType":"Account","streetAddress":"124,Real Street","city":"Lewisvillle","state":"CA","zipCode":"72713","country":"USA","code":"WAL01","name":"Retail Industries USA"},"ultimateParentDTO":{"id":2,"roleType":"Account","streetAddress":"124,Real Street","city":"Lewisvillle","state":"CA","zipCode":"72713","country":"USA","code":"WAL01","name":"Retail Industries USA"}},{"id":3,"streetAddress":"124,Real Street","city":"Clemson","state":"TE","zipCode":"72713","country":"USA","code":"RESO12","name":"Manufacturing Industries USA","salesPersonId":"jisat6","salesPersonName":"Blake Sikes","locationType":"Warehouse","parentDTO":{"id":3,"roleType":"Account","streetAddress":"124,Real Street","city":"Clemson","state":"TE","zipCode":"72713","country":"USA","code":"WAL01","name":"Manufacturing Industries USA"},"ultimateParentDTO":{"id":3,"roleType":"Account","streetAddress":"124,Real Street","city":"Clemson","state":"TE","zipCode":"72713","country":"USA","code":"WAL01","name":"Manufacturing Industries USA"}},{"id":4,"streetAddress":"124,Real Street","city":"San Jose","state":"SU","zipCode":"72713","country":"USA","code":"RESO12","name":"RealEstate Industries USA","salesPersonId":"jisat6","salesPersonName":"Blake Sikes","locationType":"Warehouse","parentDTO":{"id":4,"roleType":"Account","streetAddress":"124,Real Street","city":"San Jose","state":"SU","zipCode":"72713","country":"USA","code":"WAL01","name":"RealEstate Industries USA"},"ultimateParentDTO":{"id":4,"roleType":"Account","streetAddress":"124,Real Street","city":"San Jose","state":"SU","zipCode":"72713","country":"USA","code":"WAL01","name":"RealEstate Industries USA"}}],"businessLine":[{"id":1,"streetAddress":"124,Real Street","city":"New Jersy","state":"LO","zipCode":"72713","country":"USA","code":"RESO12","name":"Resort Industries USA","salesPersonId":"jisat6","salesPersonName":"Blake Sikes","locationType":"Warehouse","parentDTO":{"id":1,"roleType":"Line Of Business","streetAddress":"124,Real Street","city":"New Jersy","state":"LO","zipCode":"72713","country":"USA","code":"WAL01","name":"Resort Industries USA"},"ultimateParentDTO":{"id":1,"roleType":"Line Of Business","streetAddress":"124,Real Street","city":"New Jersy","state":"LO","zipCode":"72713","country":"USA","code":"WAL01","name":"Resort Industries USA"}},{"id":2,"streetAddress":"124,Real Street","city":"Lewisvillle","state":"CA","zipCode":"72713","country":"USA","code":"RESO12","name":"Retail Industries USA","salesPersonId":"jisat6","salesPersonName":"Blake Sikes","locationType":"Warehouse","parentDTO":{"id":2,"roleType":"Line Of Business","streetAddress":"124,Real Street","city":"Lewisvillle","state":"CA","zipCode":"72713","country":"USA","code":"WAL01","name":"Retail Industries USA"},"ultimateParentDTO":{"id":2,"roleType":"Line Of Business","streetAddress":"124,Real Street","city":"Lewisvillle","state":"CA","zipCode":"72713","country":"USA","code":"WAL01","name":"Retail Industries USA"}},{"id":3,"streetAddress":"124,Real Street","city":"Clemson","state":"TE","zipCode":"72713","country":"USA","code":"RESO12","name":"Manufacturing Industries USA","salesPersonId":"jisat6","salesPersonName":"Blake Sikes","locationType":"Warehouse","parentDTO":{"id":3,"roleType":"Line Of Business","streetAddress":"124,Real Street","city":"Clemson","state":"TE","zipCode":"72713","country":"USA","code":"WAL01","name":"Manufacturing Industries USA"},"ultimateParentDTO":{"id":3,"roleType":"Line Of Business","streetAddress":"124,Real Street","city":"Clemson","state":"TE","zipCode":"72713","country":"USA","code":"WAL01","name":"Manufacturing Industries USA"}},{"id":4,"streetAddress":"124,Real Street","city":"San Jose","state":"SU","zipCode":"72713","country":"USA","code":"RESO12","name":"RealEstate Industries USA","salesPersonId":"jisat6","salesPersonName":"Blake Sikes","locationType":"Warehouse","parentDTO":{"id":4,"roleType":"Line Of Business","streetAddress":"124,Real Street","city":"San Jose","state":"SU","zipCode":"72713","country":"USA","code":"WAL01","name":"RealEstate Industries USA"},"ultimateParentDTO":{"id":4,"roleType":"Line Of Business","streetAddress":"124,Real Street","city":"San Jose","state":"SU","zipCode":"72713","country":"USA","code":"WAL01","name":"RealEstate Industries USA"}}],"billToAddress":[null],"orginDestMarketingArea":[{"id":5,"marketingArea":"DIFW"},{"id":6,"marketingArea":"BJJS"},{"id":7,"marketingArea":"PEID"},{"id":8,"marketingArea":"VSJP"},{"id":9,"marketingArea":"VHSI"},{"id":10,"marketingArea":"NSHD"},{"id":11,"marketingArea":"ZJDS"},{"id":12,"marketingArea":"EHFK"}]}