{
    "taskAssignmentDTOs": [
        {
            "taskAssignmentID": 289,
            "taskAssignmentName": "Test demo 9",
            "taskGroupID": null,
            "taskGroupName": null,
            "teamMemberTaskAssignmentRoleAssociationDTOs": [],
            "taskAssignmentResponsibilityGroupDTOs": [],
            "effectiveTimestamp": null,
            "expirationTimestamp": null,
            "roleTypes": null,
            "employeeProfileDTOs": [
                {
                    "personDTO": {
                        "personId": "083678",
                        "roleTypeName": null,
                        "roleTypeCode": null,
                        "personEmployeeID": null,
                        "teamMemberPersonID": null,
                        "userName": "MCGRAT",
                        "firstName": "TIM",
                        "lastName": "MCGRAW",
                        "title": "HR Office Technician",
                        "roleTypes": null,
                        "phone": null,
                        "email": null,
                        "addOrRemove": null,
                        "currentHireDate": null,
                        "extenstion": null,
                        "teamLeaderPersonDTOs": null,
                        "teamAssignmentEffectiveTimestamp": null,
                        "teamAssignmentExpirationTimestamp": null,
                        "alternateRoleIndicator": null
                    },
                    "employeeTaskScheduleList": null,
                    "teamRoleDTOs": null,
                    "taskAssignmentDelegationDTOs": null,
                    "scheduleValidationDTO": null
                }
            ],
            "eventType": null,
            "teamMemberIDs": [],
            "taskAssignmentValidationDTO": null,
            "oldOrderOwner": null,
            "newOrderOwner": null,
            "responsibilities": null,
            "responsibilitiesDetails": null,
            "teamNames": null
        },
        {
            "taskAssignmentID": 288,
            "taskAssignmentName": "Test demo 8",
            "taskGroupID": null,
            "taskGroupName": null,
            "teamMemberTaskAssignmentRoleAssociationDTOs": [],
            "taskAssignmentResponsibilityGroupDTOs": [],
            "effectiveTimestamp": null,
            "expirationTimestamp": null,
            "roleTypes": null,
            "employeeProfileDTOs": [
                {
                    "personDTO": {
                        "personId": "083678",
                        "roleTypeName": null,
                        "roleTypeCode": null,
                        "personEmployeeID": null,
                        "teamMemberPersonID": null,
                        "userName": "MCGRAT",
                        "firstName": "TIM",
                        "lastName": "MCGRAW",
                        "title": "HR Office Technician",
                        "roleTypes": null,
                        "phone": null,
                        "email": null,
                        "addOrRemove": null,
                        "currentHireDate": null,
                        "extenstion": null,
                        "teamLeaderPersonDTOs": null,
                        "teamAssignmentEffectiveTimestamp": null,
                        "teamAssignmentExpirationTimestamp": null,
                        "alternateRoleIndicator": null
                    },
                    "employeeTaskScheduleList": null,
                    "teamRoleDTOs": null,
                    "taskAssignmentDelegationDTOs": null,
                    "scheduleValidationDTO": null
                }
            ],
            "eventType": null,
            "teamMemberIDs": [],
            "taskAssignmentValidationDTO": null,
            "oldOrderOwner": null,
            "newOrderOwner": null,
            "responsibilities": null,
            "responsibilitiesDetails": null,
            "teamNames": null
        },
        {
            "taskAssignmentID": 287,
            "taskAssignmentName": "Test demo 7",
            "taskGroupID": null,
            "taskGroupName": null,
            "teamMemberTaskAssignmentRoleAssociationDTOs": [],
            "taskAssignmentResponsibilityGroupDTOs": [],
            "effectiveTimestamp": null,
            "expirationTimestamp": null,
            "roleTypes": null,
            "employeeProfileDTOs": [
                {
                    "personDTO": {
                        "personId": "310311",
                        "roleTypeName": null,
                        "roleTypeCode": null,
                        "personEmployeeID": null,
                        "teamMemberPersonID": null,
                        "userName": "RCON692",
                        "firstName": "Praveenbabu",
                        "lastName": "Rajanbabu",
                        "title": "CWR Contract Programmer",
                        "roleTypes": null,
                        "phone": null,
                        "email": null,
                        "addOrRemove": null,
                        "currentHireDate": null,
                        "extenstion": null,
                        "teamLeaderPersonDTOs": null,
                        "teamAssignmentEffectiveTimestamp": null,
                        "teamAssignmentExpirationTimestamp": null,
                        "alternateRoleIndicator": null
                    },
                    "employeeTaskScheduleList": null,
                    "teamRoleDTOs": null,
                    "taskAssignmentDelegationDTOs": null,
                    "scheduleValidationDTO": null
                },
                {
                    "personDTO": {
                        "personId": "305160",
                        "roleTypeName": null,
                        "roleTypeCode": null,
                        "personEmployeeID": null,
                        "teamMemberPersonID": null,
                        "userName": "JDCS5562",
                        "firstName": "Collin",
                        "lastName": "Hemenway",
                        "title": "Manager Trainee",
                        "roleTypes": null,
                        "phone": null,
                        "email": null,
                        "addOrRemove": null,
                        "currentHireDate": null,
                        "extenstion": null,
                        "teamLeaderPersonDTOs": null,
                        "teamAssignmentEffectiveTimestamp": null,
                        "teamAssignmentExpirationTimestamp": null,
                        "alternateRoleIndicator": null
                    },
                    "employeeTaskScheduleList": null,
                    "teamRoleDTOs": null,
                    "taskAssignmentDelegationDTOs": null,
                    "scheduleValidationDTO": null
                },
                {
                    "personDTO": {
                        "personId": "083678",
                        "roleTypeName": null,
                        "roleTypeCode": null,
                        "personEmployeeID": null,
                        "teamMemberPersonID": null,
                        "userName": "MCGRAT",
                        "firstName": "TIM",
                        "lastName": "MCGRAW",
                        "title": "HR Office Technician",
                        "roleTypes": null,
                        "phone": null,
                        "email": null,
                        "addOrRemove": null,
                        "currentHireDate": null,
                        "extenstion": null,
                        "teamLeaderPersonDTOs": null,
                        "teamAssignmentEffectiveTimestamp": null,
                        "teamAssignmentExpirationTimestamp": null,
                        "alternateRoleIndicator": null
                    },
                    "employeeTaskScheduleList": null,
                    "teamRoleDTOs": null,
                    "taskAssignmentDelegationDTOs": null,
                    "scheduleValidationDTO": null
                },
                {
                    "personDTO": {
                        "personId": "252481",
                        "roleTypeName": null,
                        "roleTypeCode": null,
                        "personEmployeeID": null,
                        "teamMemberPersonID": null,
                        "userName": "CHUM12",
                        "firstName": "MARK",
                        "lastName": "CHUN",
                        "title": "Intermodal Class A Driver Local",
                        "roleTypes": null,
                        "phone": null,
                        "email": null,
                        "addOrRemove": null,
                        "currentHireDate": null,
                        "extenstion": null,
                        "teamLeaderPersonDTOs": null,
                        "teamAssignmentEffectiveTimestamp": null,
                        "teamAssignmentExpirationTimestamp": null,
                        "alternateRoleIndicator": null
                    },
                    "employeeTaskScheduleList": null,
                    "teamRoleDTOs": null,
                    "taskAssignmentDelegationDTOs": null,
                    "scheduleValidationDTO": null
                }
            ],
            "eventType": null,
            "teamMemberIDs": [],
            "taskAssignmentValidationDTO": null,
            "oldOrderOwner": null,
            "newOrderOwner": null,
            "responsibilities": null,
            "responsibilitiesDetails": null,
            "teamNames": null
        },
        {
            "taskAssignmentID": 280,
            "taskAssignmentName": "MY319Task",
            "taskGroupID": null,
            "taskGroupName": null,
            "teamMemberTaskAssignmentRoleAssociationDTOs": [],
            "taskAssignmentResponsibilityGroupDTOs": [],
            "effectiveTimestamp": null,
            "expirationTimestamp": null,
            "roleTypes": null,
            "employeeProfileDTOs": [
                {
                    "personDTO": {
                        "personId": "252481",
                        "roleTypeName": null,
                        "roleTypeCode": null,
                        "personEmployeeID": null,
                        "teamMemberPersonID": null,
                        "userName": "CHUM12",
                        "firstName": "MARK",
                        "lastName": "CHUN",
                        "title": "Intermodal Class A Driver Local",
                        "roleTypes": null,
                        "phone": null,
                        "email": null,
                        "addOrRemove": null,
                        "currentHireDate": null,
                        "extenstion": null,
                        "teamLeaderPersonDTOs": null,
                        "teamAssignmentEffectiveTimestamp": null,
                        "teamAssignmentExpirationTimestamp": null,
                        "alternateRoleIndicator": null
                    },
                    "employeeTaskScheduleList": null,
                    "teamRoleDTOs": null,
                    "taskAssignmentDelegationDTOs": null,
                    "scheduleValidationDTO": null
                }
            ],
            "eventType": null,
            "teamMemberIDs": [],
            "taskAssignmentValidationDTO": null,
            "oldOrderOwner": null,
            "newOrderOwner": null,
            "responsibilities": null,
            "responsibilitiesDetails": null,
            "teamNames": null
        }
    ],
    "backupTaskAssignmentDTOs": []
}