{
    "taskAssignmentDTOs": [
        {
            "taskAssignmentID": 12,
            "taskAssignmentName": "MARK",
            "taskGroupID": null,
            "taskGroupName": null,
            "teamMemberTaskAssignmentRoleAssociationDTOs": [],
            "taskAssignmentResponsibilityGroupDTOs": [],
            "effectiveTimestamp": null,
            "expirationTimestamp": null,
            "roleTypes": null,
            "employeeProfileDTOs": [
                {
                    "personDTO": {
                        "personId": "291667",
                        "roleTypeName": null,
                        "roleTypeCode": null,
                        "personEmployeeID": null,
                        "teamMemberPersonID": null,
                        "userName": "YARW",
                        "firstName": "WILLIAM",
                        "lastName": "YARRA",
                        "title": "Office Depot Class A Driver Regional",
                        "roleTypes": null,
                        "phone": null,
                        "email": null,
                        "addOrRemove": null,
                        "currentHireDate": null,
                        "extenstion": null,
                        "teamLeaderPersonDTOs": null,
                        "teamAssignmentEffectiveTimestamp": null,
                        "teamAssignmentExpirationTimestamp": null,
                        "alternateRoleIndicator": "N"
                    },
                    "employeeTaskScheduleList": null,
                    "teamRoleDTOs": null,
                    "taskAssignmentDelegationDTOs": null,
                    "scheduleValidationDTO": null
                },
                {
                    "personDTO": {
                        "personId": "291762",
                        "roleTypeName": null,
                        "roleTypeCode": null,
                        "personEmployeeID": null,
                        "teamMemberPersonID": null,
                        "userName": "SMID30",
                        "firstName": "DENNIS",
                        "lastName": "SMITH",
                        "title": "Mission Foods Class A Driver Regional",
                        "roleTypes": null,
                        "phone": null,
                        "email": null,
                        "addOrRemove": null,
                        "currentHireDate": null,
                        "extenstion": null,
                        "teamLeaderPersonDTOs": null,
                        "teamAssignmentEffectiveTimestamp": null,
                        "teamAssignmentExpirationTimestamp": null,
                        "alternateRoleIndicator": "N"
                    },
                    "employeeTaskScheduleList": null,
                    "teamRoleDTOs": null,
                    "taskAssignmentDelegationDTOs": null,
                    "scheduleValidationDTO": null
                },
                {
                    "personDTO": {
                        "personId": "291572",
                        "roleTypeName": null,
                        "roleTypeCode": null,
                        "personEmployeeID": null,
                        "teamMemberPersonID": null,
                        "userName": "TAYR23",
                        "firstName": "RICO",
                        "lastName": "TAYLOR",
                        "title": "Intermodal Class A Driver Local",
                        "roleTypes": null,
                        "phone": null,
                        "email": null,
                        "addOrRemove": null,
                        "currentHireDate": null,
                        "extenstion": null,
                        "teamLeaderPersonDTOs": null,
                        "teamAssignmentEffectiveTimestamp": null,
                        "teamAssignmentExpirationTimestamp": null,
                        "alternateRoleIndicator": "N"
                    },
                    "employeeTaskScheduleList": null,
                    "teamRoleDTOs": null,
                    "taskAssignmentDelegationDTOs": null,
                    "scheduleValidationDTO": null
                },
                {
                    "personDTO": {
                        "personId": "291991",
                        "roleTypeName": null,
                        "roleTypeCode": null,
                        "personEmployeeID": null,
                        "teamMemberPersonID": null,
                        "userName": "RUKJ",
                        "firstName": "JEAN PAUL",
                        "lastName": "RUKEBESHA",
                        "title": "Home Depot Class A Driver REG LLA",
                        "roleTypes": null,
                        "phone": null,
                        "email": null,
                        "addOrRemove": null,
                        "currentHireDate": null,
                        "extenstion": null,
                        "teamLeaderPersonDTOs": null,
                        "teamAssignmentEffectiveTimestamp": null,
                        "teamAssignmentExpirationTimestamp": null,
                        "alternateRoleIndicator": "N"
                    },
                    "employeeTaskScheduleList": null,
                    "teamRoleDTOs": null,
                    "taskAssignmentDelegationDTOs": null,
                    "scheduleValidationDTO": null
                },
                {
                    "personDTO": {
                        "personId": "292140",
                        "roleTypeName": null,
                        "roleTypeCode": null,
                        "personEmployeeID": null,
                        "teamMemberPersonID": null,
                        "userName": "",
                        "firstName": "Juan",
                        "lastName": "Valenzuela Gonzales",
                        "title": "CWR Delivery Assistant - Outsource",
                        "roleTypes": null,
                        "phone": null,
                        "email": null,
                        "addOrRemove": null,
                        "currentHireDate": null,
                        "extenstion": null,
                        "teamLeaderPersonDTOs": null,
                        "teamAssignmentEffectiveTimestamp": null,
                        "teamAssignmentExpirationTimestamp": null,
                        "alternateRoleIndicator": "N"
                    },
                    "employeeTaskScheduleList": null,
                    "teamRoleDTOs": null,
                    "taskAssignmentDelegationDTOs": null,
                    "scheduleValidationDTO": null
                }
            ],
            "eventType": null,
            "teamMemberIDs": [],
            "taskAssignmentValidationDTO": null,
            "oldOrderOwner": null,
            "newOrderOwner": null,
            "responsibilities": null,
            "responsibilitiesDetails": null,
            "teamNames": null
        }
    ],
    "backupTaskAssignmentDTOs": []
}