{
    "taskAssignmentDTOs": [
        {
            "taskAssignmentID": 263,
            "taskAssignmentName": "MyTestTaskForTs",
            "taskGroupID": null,
            "taskGroupName": null,
            "teamMemberTaskAssignmentRoleAssociationDTOs": [],
            "taskAssignmentResponsibilityGroupDTOs": [],
            "effectiveTimestamp": null,
            "expirationTimestamp": null,
            "roleTypes": null,
            "employeeProfileDTOs": [
                {
                    "personDTO": {
                        "personId": "083678",
                        "roleTypeName": null,
                        "roleTypeCode": null,
                        "personEmployeeID": null,
                        "teamMemberPersonID": null,
                        "userName": "MCGRAT",
                        "firstName": "TIM",
                        "lastName": "MCGRAW",
                        "title": "HR Office Technician",
                        "roleTypes": null,
                        "phone": null,
                        "email": null,
                        "addOrRemove": null,
                        "currentHireDate": null,
                        "extenstion": null,
                        "teamLeaderPersonDTOs": null,
                        "teamAssignmentEffectiveTimestamp": null,
                        "teamAssignmentExpirationTimestamp": null,
                        "alternateRoleIndicator": null
                    },
                    "employeeTaskScheduleList": null,
                    "teamRoleDTOs": null,
                    "taskAssignmentDelegationDTOs": null,
                    "scheduleValidationDTO": null
                }
            ],
            "eventType": null,
            "teamMemberIDs": [],
            "taskAssignmentValidationDTO": null,
            "oldOrderOwner": null,
            "newOrderOwner": null,
            "responsibilities": null,
            "responsibilitiesDetails": null,
            "teamNames": null
        },
        {
            "taskAssignmentID": 299,
            "taskAssignmentName": "walmart warriors 6",
            "taskGroupID": null,
            "taskGroupName": null,
            "teamMemberTaskAssignmentRoleAssociationDTOs": [],
            "taskAssignmentResponsibilityGroupDTOs": [],
            "effectiveTimestamp": null,
            "expirationTimestamp": null,
            "roleTypes": null,
            "employeeProfileDTOs": [
                {
                    "personDTO": {
                        "personId": "252481",
                        "roleTypeName": null,
                        "roleTypeCode": null,
                        "personEmployeeID": null,
                        "teamMemberPersonID": null,
                        "userName": "CHUM12",
                        "firstName": "MARK",
                        "lastName": "CHUN",
                        "title": "Intermodal Class A Driver Local",
                        "roleTypes": null,
                        "phone": null,
                        "email": null,
                        "addOrRemove": null,
                        "currentHireDate": null,
                        "extenstion": null,
                        "teamLeaderPersonDTOs": null,
                        "teamAssignmentEffectiveTimestamp": null,
                        "teamAssignmentExpirationTimestamp": null,
                        "alternateRoleIndicator": null
                    },
                    "employeeTaskScheduleList": null,
                    "teamRoleDTOs": null,
                    "taskAssignmentDelegationDTOs": null,
                    "scheduleValidationDTO": null
                }
            ],
            "eventType": null,
            "teamMemberIDs": [],
            "taskAssignmentValidationDTO": null,
            "oldOrderOwner": null,
            "newOrderOwner": null,
            "responsibilities": null,
            "responsibilitiesDetails": null,
            "teamNames": null
        },
        {
            "taskAssignmentID": 274,
            "taskAssignmentName": "Task assignment test 2",
            "taskGroupID": null,
            "taskGroupName": null,
            "teamMemberTaskAssignmentRoleAssociationDTOs": [],
            "taskAssignmentResponsibilityGroupDTOs": [],
            "effectiveTimestamp": null,
            "expirationTimestamp": null,
            "roleTypes": null,
            "employeeProfileDTOs": [
                {
                    "personDTO": {
                        "personId": "305160",
                        "roleTypeName": null,
                        "roleTypeCode": null,
                        "personEmployeeID": null,
                        "teamMemberPersonID": null,
                        "userName": "JDCS5562",
                        "firstName": "Collin",
                        "lastName": "Hemenway",
                        "title": "Manager Trainee",
                        "roleTypes": null,
                        "phone": null,
                        "email": null,
                        "addOrRemove": null,
                        "currentHireDate": null,
                        "extenstion": null,
                        "teamLeaderPersonDTOs": null,
                        "teamAssignmentEffectiveTimestamp": null,
                        "teamAssignmentExpirationTimestamp": null,
                        "alternateRoleIndicator": null
                    },
                    "employeeTaskScheduleList": null,
                    "teamRoleDTOs": null,
                    "taskAssignmentDelegationDTOs": null,
                    "scheduleValidationDTO": null
                },
                {
                    "personDTO": {
                        "personId": "083678",
                        "roleTypeName": null,
                        "roleTypeCode": null,
                        "personEmployeeID": null,
                        "teamMemberPersonID": null,
                        "userName": "MCGRAT",
                        "firstName": "TIM",
                        "lastName": "MCGRAW",
                        "title": "HR Office Technician",
                        "roleTypes": null,
                        "phone": null,
                        "email": null,
                        "addOrRemove": null,
                        "currentHireDate": null,
                        "extenstion": null,
                        "teamLeaderPersonDTOs": null,
                        "teamAssignmentEffectiveTimestamp": null,
                        "teamAssignmentExpirationTimestamp": null,
                        "alternateRoleIndicator": null
                    },
                    "employeeTaskScheduleList": null,
                    "teamRoleDTOs": null,
                    "taskAssignmentDelegationDTOs": null,
                    "scheduleValidationDTO": null
                }
            ],
            "eventType": null,
            "teamMemberIDs": [],
            "taskAssignmentValidationDTO": null,
            "oldOrderOwner": null,
            "newOrderOwner": null,
            "responsibilities": null,
            "responsibilitiesDetails": null,
            "teamNames": null
        },
        {
            "taskAssignmentID": 267,
            "taskAssignmentName": "MyNewTeam",
            "taskGroupID": null,
            "taskGroupName": null,
            "teamMemberTaskAssignmentRoleAssociationDTOs": [],
            "taskAssignmentResponsibilityGroupDTOs": [],
            "effectiveTimestamp": null,
            "expirationTimestamp": null,
            "roleTypes": null,
            "employeeProfileDTOs": [
                {
                    "personDTO": {
                        "personId": "083678",
                        "roleTypeName": null,
                        "roleTypeCode": null,
                        "personEmployeeID": null,
                        "teamMemberPersonID": null,
                        "userName": "MCGRAT",
                        "firstName": "TIM",
                        "lastName": "MCGRAW",
                        "title": "HR Office Technician",
                        "roleTypes": null,
                        "phone": null,
                        "email": null,
                        "addOrRemove": null,
                        "currentHireDate": null,
                        "extenstion": null,
                        "teamLeaderPersonDTOs": null,
                        "teamAssignmentEffectiveTimestamp": null,
                        "teamAssignmentExpirationTimestamp": null,
                        "alternateRoleIndicator": null
                    },
                    "employeeTaskScheduleList": null,
                    "teamRoleDTOs": null,
                    "taskAssignmentDelegationDTOs": null,
                    "scheduleValidationDTO": null
                }
            ],
            "eventType": null,
            "teamMemberIDs": [],
            "taskAssignmentValidationDTO": null,
            "oldOrderOwner": null,
            "newOrderOwner": null,
            "responsibilities": null,
            "responsibilitiesDetails": null,
            "teamNames": null
        },
        {
            "taskAssignmentID": 296,
            "taskAssignmentName": "Walmart warriors",
            "taskGroupID": null,
            "taskGroupName": null,
            "teamMemberTaskAssignmentRoleAssociationDTOs": [],
            "taskAssignmentResponsibilityGroupDTOs": [],
            "effectiveTimestamp": null,
            "expirationTimestamp": null,
            "roleTypes": null,
            "employeeProfileDTOs": [
                {
                    "personDTO": {
                        "personId": "252481",
                        "roleTypeName": null,
                        "roleTypeCode": null,
                        "personEmployeeID": null,
                        "teamMemberPersonID": null,
                        "userName": "CHUM12",
                        "firstName": "MARK",
                        "lastName": "CHUN",
                        "title": "Intermodal Class A Driver Local",
                        "roleTypes": null,
                        "phone": null,
                        "email": null,
                        "addOrRemove": null,
                        "currentHireDate": null,
                        "extenstion": null,
                        "teamLeaderPersonDTOs": null,
                        "teamAssignmentEffectiveTimestamp": null,
                        "teamAssignmentExpirationTimestamp": null,
                        "alternateRoleIndicator": null
                    },
                    "employeeTaskScheduleList": null,
                    "teamRoleDTOs": null,
                    "taskAssignmentDelegationDTOs": null,
                    "scheduleValidationDTO": null
                }
            ],
            "eventType": null,
            "teamMemberIDs": [],
            "taskAssignmentValidationDTO": null,
            "oldOrderOwner": null,
            "newOrderOwner": null,
            "responsibilities": null,
            "responsibilitiesDetails": null,
            "teamNames": null
        },
        {
            "taskAssignmentID": 309,
            "taskAssignmentName": "walmart test",
            "taskGroupID": null,
            "taskGroupName": null,
            "teamMemberTaskAssignmentRoleAssociationDTOs": [],
            "taskAssignmentResponsibilityGroupDTOs": [],
            "effectiveTimestamp": null,
            "expirationTimestamp": null,
            "roleTypes": null,
            "employeeProfileDTOs": [
                {
                    "personDTO": {
                        "personId": "252481",
                        "roleTypeName": null,
                        "roleTypeCode": null,
                        "personEmployeeID": null,
                        "teamMemberPersonID": null,
                        "userName": "CHUM12",
                        "firstName": "MARK",
                        "lastName": "CHUN",
                        "title": "Intermodal Class A Driver Local",
                        "roleTypes": null,
                        "phone": null,
                        "email": null,
                        "addOrRemove": null,
                        "currentHireDate": null,
                        "extenstion": null,
                        "teamLeaderPersonDTOs": null,
                        "teamAssignmentEffectiveTimestamp": null,
                        "teamAssignmentExpirationTimestamp": null,
                        "alternateRoleIndicator": null
                    },
                    "employeeTaskScheduleList": null,
                    "teamRoleDTOs": null,
                    "taskAssignmentDelegationDTOs": null,
                    "scheduleValidationDTO": null
                }
            ],
            "eventType": null,
            "teamMemberIDs": [],
            "taskAssignmentValidationDTO": null,
            "oldOrderOwner": null,
            "newOrderOwner": null,
            "responsibilities": null,
            "responsibilitiesDetails": null,
            "teamNames": null
        },
        {
            "taskAssignmentID": 307,
            "taskAssignmentName": "test task 4",
            "taskGroupID": null,
            "taskGroupName": null,
            "teamMemberTaskAssignmentRoleAssociationDTOs": [],
            "taskAssignmentResponsibilityGroupDTOs": [],
            "effectiveTimestamp": null,
            "expirationTimestamp": null,
            "roleTypes": null,
            "employeeProfileDTOs": [
                {
                    "personDTO": {
                        "personId": "252481",
                        "roleTypeName": null,
                        "roleTypeCode": null,
                        "personEmployeeID": null,
                        "teamMemberPersonID": null,
                        "userName": "CHUM12",
                        "firstName": "MARK",
                        "lastName": "CHUN",
                        "title": "Intermodal Class A Driver Local",
                        "roleTypes": null,
                        "phone": null,
                        "email": null,
                        "addOrRemove": null,
                        "currentHireDate": null,
                        "extenstion": null,
                        "teamLeaderPersonDTOs": null,
                        "teamAssignmentEffectiveTimestamp": null,
                        "teamAssignmentExpirationTimestamp": null,
                        "alternateRoleIndicator": null
                    },
                    "employeeTaskScheduleList": null,
                    "teamRoleDTOs": null,
                    "taskAssignmentDelegationDTOs": null,
                    "scheduleValidationDTO": null
                }
            ],
            "eventType": null,
            "teamMemberIDs": [],
            "taskAssignmentValidationDTO": null,
            "oldOrderOwner": null,
            "newOrderOwner": null,
            "responsibilities": null,
            "responsibilitiesDetails": null,
            "teamNames": null
        },
        {
            "taskAssignmentID": 272,
            "taskAssignmentName": "MyUpdateTestTask",
            "taskGroupID": null,
            "taskGroupName": null,
            "teamMemberTaskAssignmentRoleAssociationDTOs": [],
            "taskAssignmentResponsibilityGroupDTOs": [],
            "effectiveTimestamp": null,
            "expirationTimestamp": null,
            "roleTypes": null,
            "employeeProfileDTOs": [
                {
                    "personDTO": {
                        "personId": "252481",
                        "roleTypeName": null,
                        "roleTypeCode": null,
                        "personEmployeeID": null,
                        "teamMemberPersonID": null,
                        "userName": "CHUM12",
                        "firstName": "MARK",
                        "lastName": "CHUN",
                        "title": "Intermodal Class A Driver Local",
                        "roleTypes": null,
                        "phone": null,
                        "email": null,
                        "addOrRemove": null,
                        "currentHireDate": null,
                        "extenstion": null,
                        "teamLeaderPersonDTOs": null,
                        "teamAssignmentEffectiveTimestamp": null,
                        "teamAssignmentExpirationTimestamp": null,
                        "alternateRoleIndicator": null
                    },
                    "employeeTaskScheduleList": null,
                    "teamRoleDTOs": null,
                    "taskAssignmentDelegationDTOs": null,
                    "scheduleValidationDTO": null
                }
            ],
            "eventType": null,
            "teamMemberIDs": [],
            "taskAssignmentValidationDTO": null,
            "oldOrderOwner": null,
            "newOrderOwner": null,
            "responsibilities": null,
            "responsibilitiesDetails": null,
            "teamNames": null
        },
        {
            "taskAssignmentID": 298,
            "taskAssignmentName": "walmart warriors 4",
            "taskGroupID": null,
            "taskGroupName": null,
            "teamMemberTaskAssignmentRoleAssociationDTOs": [],
            "taskAssignmentResponsibilityGroupDTOs": [],
            "effectiveTimestamp": null,
            "expirationTimestamp": null,
            "roleTypes": null,
            "employeeProfileDTOs": [
                {
                    "personDTO": {
                        "personId": "252481",
                        "roleTypeName": null,
                        "roleTypeCode": null,
                        "personEmployeeID": null,
                        "teamMemberPersonID": null,
                        "userName": "CHUM12",
                        "firstName": "MARK",
                        "lastName": "CHUN",
                        "title": "Intermodal Class A Driver Local",
                        "roleTypes": null,
                        "phone": null,
                        "email": null,
                        "addOrRemove": null,
                        "currentHireDate": null,
                        "extenstion": null,
                        "teamLeaderPersonDTOs": null,
                        "teamAssignmentEffectiveTimestamp": null,
                        "teamAssignmentExpirationTimestamp": null,
                        "alternateRoleIndicator": null
                    },
                    "employeeTaskScheduleList": null,
                    "teamRoleDTOs": null,
                    "taskAssignmentDelegationDTOs": null,
                    "scheduleValidationDTO": null
                }
            ],
            "eventType": null,
            "teamMemberIDs": [],
            "taskAssignmentValidationDTO": null,
            "oldOrderOwner": null,
            "newOrderOwner": null,
            "responsibilities": null,
            "responsibilitiesDetails": null,
            "teamNames": null
        },
        {
            "taskAssignmentID": 247,
            "taskAssignmentName": "Task Assignment Demo",
            "taskGroupID": null,
            "taskGroupName": null,
            "teamMemberTaskAssignmentRoleAssociationDTOs": [],
            "taskAssignmentResponsibilityGroupDTOs": [],
            "effectiveTimestamp": null,
            "expirationTimestamp": null,
            "roleTypes": null,
            "employeeProfileDTOs": [
                {
                    "personDTO": {
                        "personId": "039587",
                        "roleTypeName": null,
                        "roleTypeCode": null,
                        "personEmployeeID": null,
                        "teamMemberPersonID": null,
                        "userName": "MEEDAVE",
                        "firstName": "DAVID",
                        "lastName": "MEE",
                        "title": "EVP and CFO",
                        "roleTypes": null,
                        "phone": null,
                        "email": null,
                        "addOrRemove": null,
                        "currentHireDate": null,
                        "extenstion": null,
                        "teamLeaderPersonDTOs": null,
                        "teamAssignmentEffectiveTimestamp": null,
                        "teamAssignmentExpirationTimestamp": null,
                        "alternateRoleIndicator": null
                    },
                    "employeeTaskScheduleList": null,
                    "teamRoleDTOs": null,
                    "taskAssignmentDelegationDTOs": null,
                    "scheduleValidationDTO": null
                }
            ],
            "eventType": null,
            "teamMemberIDs": [],
            "taskAssignmentValidationDTO": null,
            "oldOrderOwner": null,
            "newOrderOwner": null,
            "responsibilities": null,
            "responsibilitiesDetails": null,
            "teamNames": null
        },
        {
            "taskAssignmentID": 311,
            "taskAssignmentName": "walmart warriors test 5",
            "taskGroupID": null,
            "taskGroupName": null,
            "teamMemberTaskAssignmentRoleAssociationDTOs": [],
            "taskAssignmentResponsibilityGroupDTOs": [],
            "effectiveTimestamp": null,
            "expirationTimestamp": null,
            "roleTypes": null,
            "employeeProfileDTOs": [
                {
                    "personDTO": {
                        "personId": "252481",
                        "roleTypeName": null,
                        "roleTypeCode": null,
                        "personEmployeeID": null,
                        "teamMemberPersonID": null,
                        "userName": "CHUM12",
                        "firstName": "MARK",
                        "lastName": "CHUN",
                        "title": "Intermodal Class A Driver Local",
                        "roleTypes": null,
                        "phone": null,
                        "email": null,
                        "addOrRemove": null,
                        "currentHireDate": null,
                        "extenstion": null,
                        "teamLeaderPersonDTOs": null,
                        "teamAssignmentEffectiveTimestamp": null,
                        "teamAssignmentExpirationTimestamp": null,
                        "alternateRoleIndicator": null
                    },
                    "employeeTaskScheduleList": null,
                    "teamRoleDTOs": null,
                    "taskAssignmentDelegationDTOs": null,
                    "scheduleValidationDTO": null
                }
            ],
            "eventType": null,
            "teamMemberIDs": [],
            "taskAssignmentValidationDTO": null,
            "oldOrderOwner": null,
            "newOrderOwner": null,
            "responsibilities": null,
            "responsibilitiesDetails": null,
            "teamNames": null
        },
        {
            "taskAssignmentID": 246,
            "taskAssignmentName": "MyNewTask",
            "taskGroupID": null,
            "taskGroupName": null,
            "teamMemberTaskAssignmentRoleAssociationDTOs": [],
            "taskAssignmentResponsibilityGroupDTOs": [],
            "effectiveTimestamp": null,
            "expirationTimestamp": null,
            "roleTypes": null,
            "employeeProfileDTOs": [
                {
                    "personDTO": {
                        "personId": "083678",
                        "roleTypeName": null,
                        "roleTypeCode": null,
                        "personEmployeeID": null,
                        "teamMemberPersonID": null,
                        "userName": "MCGRAT",
                        "firstName": "TIM",
                        "lastName": "MCGRAW",
                        "title": "HR Office Technician",
                        "roleTypes": null,
                        "phone": null,
                        "email": null,
                        "addOrRemove": null,
                        "currentHireDate": null,
                        "extenstion": null,
                        "teamLeaderPersonDTOs": null,
                        "teamAssignmentEffectiveTimestamp": null,
                        "teamAssignmentExpirationTimestamp": null,
                        "alternateRoleIndicator": null
                    },
                    "employeeTaskScheduleList": null,
                    "teamRoleDTOs": null,
                    "taskAssignmentDelegationDTOs": null,
                    "scheduleValidationDTO": null
                }
            ],
            "eventType": null,
            "teamMemberIDs": [],
            "taskAssignmentValidationDTO": null,
            "oldOrderOwner": null,
            "newOrderOwner": null,
            "responsibilities": null,
            "responsibilitiesDetails": null,
            "teamNames": null
        },
        {
            "taskAssignmentID": 262,
            "taskAssignmentName": "My Forma Trask",
            "taskGroupID": null,
            "taskGroupName": null,
            "teamMemberTaskAssignmentRoleAssociationDTOs": [],
            "taskAssignmentResponsibilityGroupDTOs": [],
            "effectiveTimestamp": null,
            "expirationTimestamp": null,
            "roleTypes": null,
            "employeeProfileDTOs": [
                {
                    "personDTO": {
                        "personId": "083678",
                        "roleTypeName": null,
                        "roleTypeCode": null,
                        "personEmployeeID": null,
                        "teamMemberPersonID": null,
                        "userName": "MCGRAT",
                        "firstName": "TIM",
                        "lastName": "MCGRAW",
                        "title": "HR Office Technician",
                        "roleTypes": null,
                        "phone": null,
                        "email": null,
                        "addOrRemove": null,
                        "currentHireDate": null,
                        "extenstion": null,
                        "teamLeaderPersonDTOs": null,
                        "teamAssignmentEffectiveTimestamp": null,
                        "teamAssignmentExpirationTimestamp": null,
                        "alternateRoleIndicator": null
                    },
                    "employeeTaskScheduleList": null,
                    "teamRoleDTOs": null,
                    "taskAssignmentDelegationDTOs": null,
                    "scheduleValidationDTO": null
                }
            ],
            "eventType": null,
            "teamMemberIDs": [],
            "taskAssignmentValidationDTO": null,
            "oldOrderOwner": null,
            "newOrderOwner": null,
            "responsibilities": null,
            "responsibilitiesDetails": null,
            "teamNames": null
        }
    ],
    "backupTaskAssignmentDTOs": []
}