{
  "_embedded": {
    "orders": [
      {
        "orderID": 83,
        "_links": {
          "self": {
            "href": "http://localhost:8089/ordermanagementorderservices/orders/83"
          },
          "order": {
            "href": "http://localhost:8089/ordermanagementorderservices/orders/83{?projection}",
            "templated": true
          },
          "orderAdditionalInstructions": {
            "href": "http://localhost:8089/ordermanagementorderservices/orders/83/orderAdditionalInstructions"
          },
          "orderCrossBorderDetails": {
            "href": "http://localhost:8089/ordermanagementorderservices/orders/83/orderCrossBorderDetails"
          },
          "orderReferenceNumbers": {
            "href": "http://localhost:8089/ordermanagementorderservices/orders/83/orderReferenceNumbers"
          },
          "orderCharges": {
            "href": "http://localhost:8089/ordermanagementorderservices/orders/83/orderCharges"
          },
          "orderUnifiedCustomerRequestAssociations": {
            "href": "http://localhost:8089/ordermanagementorderservices/orders/83/orderUnifiedCustomerRequestAssociations"
          },
          "orderAssociatedParties": {
            "href": "http://localhost:8089/ordermanagementorderservices/orders/83/orderAssociatedParties"
          },
          "stops": {
            "href": "http://localhost:8089/ordermanagementorderservices/orders/83/stops"
          },
          "orderComments": {
            "href": "http://localhost:8089/ordermanagementorderservices/orders/83/orderComments"
          },
          "orderStatusWorkflows": {
            "href": "http://localhost:8089/ordermanagementorderservices/orders/83/orderStatusWorkflows"
          },
          "orderEquipmentRequirement": {
            "href": "http://localhost:8089/ordermanagementorderservices/orders/83/orderEquipmentRequirement"
          }
        }
      },
      {
        "orderID": 183,
        "_links": {
          "self": {
            "href": "http://localhost:8089/ordermanagementorderservices/orders/183"
          },
          "order": {
            "href": "http://localhost:8089/ordermanagementorderservices/orders/183{?projection}",
            "templated": true
          },
          "orderAdditionalInstructions": {
            "href": "http://localhost:8089/ordermanagementorderservices/orders/183/orderAdditionalInstructions"
          },
          "orderCrossBorderDetails": {
            "href": "http://localhost:8089/ordermanagementorderservices/orders/183/orderCrossBorderDetails"
          },
          "orderReferenceNumbers": {
            "href": "http://localhost:8089/ordermanagementorderservices/orders/183/orderReferenceNumbers"
          },
          "orderCharges": {
            "href": "http://localhost:8089/ordermanagementorderservices/orders/183/orderCharges"
          },
          "orderUnifiedCustomerRequestAssociations": {
            "href": "http://localhost:8089/ordermanagementorderservices/orders/183/orderUnifiedCustomerRequestAssociations"
          },
          "orderAssociatedParties": {
            "href": "http://localhost:8089/ordermanagementorderservices/orders/183/orderAssociatedParties"
          },
          "stops": {
            "href": "http://localhost:8089/ordermanagementorderservices/orders/183/stops"
          },
          "orderComments": {
            "href": "http://localhost:8089/ordermanagementorderservices/orders/183/orderComments"
          },
          "orderStatusWorkflows": {
            "href": "http://localhost:8089/ordermanagementorderservices/orders/183/orderStatusWorkflows"
          },
          "orderEquipmentRequirement": {
            "href": "http://localhost:8089/ordermanagementorderservices/orders/183/orderEquipmentRequirement"
          }
        }
      },
      {
        "orderID": 283,
        "_links": {
          "self": {
            "href": "http://localhost:8089/ordermanagementorderservices/orders/283"
          },
          "order": {
            "href": "http://localhost:8089/ordermanagementorderservices/orders/283{?projection}",
            "templated": true
          },
          "orderAdditionalInstructions": {
            "href": "http://localhost:8089/ordermanagementorderservices/orders/283/orderAdditionalInstructions"
          },
          "orderCrossBorderDetails": {
            "href": "http://localhost:8089/ordermanagementorderservices/orders/283/orderCrossBorderDetails"
          },
          "orderReferenceNumbers": {
            "href": "http://localhost:8089/ordermanagementorderservices/orders/283/orderReferenceNumbers"
          },
          "orderCharges": {
            "href": "http://localhost:8089/ordermanagementorderservices/orders/283/orderCharges"
          },
          "orderUnifiedCustomerRequestAssociations": {
            "href": "http://localhost:8089/ordermanagementorderservices/orders/283/orderUnifiedCustomerRequestAssociations"
          },
          "orderAssociatedParties": {
            "href": "http://localhost:8089/ordermanagementorderservices/orders/283/orderAssociatedParties"
          },
          "stops": {
            "href": "http://localhost:8089/ordermanagementorderservices/orders/283/stops"
          },
          "orderComments": {
            "href": "http://localhost:8089/ordermanagementorderservices/orders/283/orderComments"
          },
          "orderStatusWorkflows": {
            "href": "http://localhost:8089/ordermanagementorderservices/orders/283/orderStatusWorkflows"
          },
          "orderEquipmentRequirement": {
            "href": "http://localhost:8089/ordermanagementorderservices/orders/283/orderEquipmentRequirement"
          }
        }
      },
      {
        "orderID": 383,
        "_links": {
          "self": {
            "href": "http://localhost:8089/ordermanagementorderservices/orders/383"
          },
          "order": {
            "href": "http://localhost:8089/ordermanagementorderservices/orders/383{?projection}",
            "templated": true
          },
          "orderAdditionalInstructions": {
            "href": "http://localhost:8089/ordermanagementorderservices/orders/383/orderAdditionalInstructions"
          },
          "orderCrossBorderDetails": {
            "href": "http://localhost:8089/ordermanagementorderservices/orders/383/orderCrossBorderDetails"
          },
          "orderReferenceNumbers": {
            "href": "http://localhost:8089/ordermanagementorderservices/orders/383/orderReferenceNumbers"
          },
          "orderCharges": {
            "href": "http://localhost:8089/ordermanagementorderservices/orders/383/orderCharges"
          },
          "orderUnifiedCustomerRequestAssociations": {
            "href": "http://localhost:8089/ordermanagementorderservices/orders/383/orderUnifiedCustomerRequestAssociations"
          },
          "orderAssociatedParties": {
            "href": "http://localhost:8089/ordermanagementorderservices/orders/383/orderAssociatedParties"
          },
          "stops": {
            "href": "http://localhost:8089/ordermanagementorderservices/orders/383/stops"
          },
          "orderComments": {
            "href": "http://localhost:8089/ordermanagementorderservices/orders/383/orderComments"
          },
          "orderStatusWorkflows": {
            "href": "http://localhost:8089/ordermanagementorderservices/orders/383/orderStatusWorkflows"
          },
          "orderEquipmentRequirement": {
            "href": "http://localhost:8089/ordermanagementorderservices/orders/383/orderEquipmentRequirement"
          }
        }
      },
      {
        "orderID": 483,
        "_links": {
          "self": {
            "href": "http://localhost:8089/ordermanagementorderservices/orders/483"
          },
          "order": {
            "href": "http://localhost:8089/ordermanagementorderservices/orders/483{?projection}",
            "templated": true
          },
          "orderAdditionalInstructions": {
            "href": "http://localhost:8089/ordermanagementorderservices/orders/483/orderAdditionalInstructions"
          },
          "orderCrossBorderDetails": {
            "href": "http://localhost:8089/ordermanagementorderservices/orders/483/orderCrossBorderDetails"
          },
          "orderReferenceNumbers": {
            "href": "http://localhost:8089/ordermanagementorderservices/orders/483/orderReferenceNumbers"
          },
          "orderCharges": {
            "href": "http://localhost:8089/ordermanagementorderservices/orders/483/orderCharges"
          },
          "orderUnifiedCustomerRequestAssociations": {
            "href": "http://localhost:8089/ordermanagementorderservices/orders/483/orderUnifiedCustomerRequestAssociations"
          },
          "orderAssociatedParties": {
            "href": "http://localhost:8089/ordermanagementorderservices/orders/483/orderAssociatedParties"
          },
          "stops": {
            "href": "http://localhost:8089/ordermanagementorderservices/orders/483/stops"
          },
          "orderComments": {
            "href": "http://localhost:8089/ordermanagementorderservices/orders/483/orderComments"
          },
          "orderStatusWorkflows": {
            "href": "http://localhost:8089/ordermanagementorderservices/orders/483/orderStatusWorkflows"
          },
          "orderEquipmentRequirement": {
            "href": "http://localhost:8089/ordermanagementorderservices/orders/483/orderEquipmentRequirement"
          }
        }
      },
      {
        "orderID": 583,
        "_links": {
          "self": {
            "href": "http://localhost:8089/ordermanagementorderservices/orders/583"
          },
          "order": {
            "href": "http://localhost:8089/ordermanagementorderservices/orders/583{?projection}",
            "templated": true
          },
          "orderAdditionalInstructions": {
            "href": "http://localhost:8089/ordermanagementorderservices/orders/583/orderAdditionalInstructions"
          },
          "orderCrossBorderDetails": {
            "href": "http://localhost:8089/ordermanagementorderservices/orders/583/orderCrossBorderDetails"
          },
          "orderReferenceNumbers": {
            "href": "http://localhost:8089/ordermanagementorderservices/orders/583/orderReferenceNumbers"
          },
          "orderCharges": {
            "href": "http://localhost:8089/ordermanagementorderservices/orders/583/orderCharges"
          },
          "orderUnifiedCustomerRequestAssociations": {
            "href": "http://localhost:8089/ordermanagementorderservices/orders/583/orderUnifiedCustomerRequestAssociations"
          },
          "orderAssociatedParties": {
            "href": "http://localhost:8089/ordermanagementorderservices/orders/583/orderAssociatedParties"
          },
          "stops": {
            "href": "http://localhost:8089/ordermanagementorderservices/orders/583/stops"
          },
          "orderComments": {
            "href": "http://localhost:8089/ordermanagementorderservices/orders/583/orderComments"
          },
          "orderStatusWorkflows": {
            "href": "http://localhost:8089/ordermanagementorderservices/orders/583/orderStatusWorkflows"
          },
          "orderEquipmentRequirement": {
            "href": "http://localhost:8089/ordermanagementorderservices/orders/583/orderEquipmentRequirement"
          }
        }
      },
      {
        "orderID": 683,
        "_links": {
          "self": {
            "href": "http://localhost:8089/ordermanagementorderservices/orders/683"
          },
          "order": {
            "href": "http://localhost:8089/ordermanagementorderservices/orders/683{?projection}",
            "templated": true
          },
          "orderAdditionalInstructions": {
            "href": "http://localhost:8089/ordermanagementorderservices/orders/683/orderAdditionalInstructions"
          },
          "orderCrossBorderDetails": {
            "href": "http://localhost:8089/ordermanagementorderservices/orders/683/orderCrossBorderDetails"
          },
          "orderReferenceNumbers": {
            "href": "http://localhost:8089/ordermanagementorderservices/orders/683/orderReferenceNumbers"
          },
          "orderCharges": {
            "href": "http://localhost:8089/ordermanagementorderservices/orders/683/orderCharges"
          },
          "orderUnifiedCustomerRequestAssociations": {
            "href": "http://localhost:8089/ordermanagementorderservices/orders/683/orderUnifiedCustomerRequestAssociations"
          },
          "orderAssociatedParties": {
            "href": "http://localhost:8089/ordermanagementorderservices/orders/683/orderAssociatedParties"
          },
          "stops": {
            "href": "http://localhost:8089/ordermanagementorderservices/orders/683/stops"
          },
          "orderComments": {
            "href": "http://localhost:8089/ordermanagementorderservices/orders/683/orderComments"
          },
          "orderStatusWorkflows": {
            "href": "http://localhost:8089/ordermanagementorderservices/orders/683/orderStatusWorkflows"
          },
          "orderEquipmentRequirement": {
            "href": "http://localhost:8089/ordermanagementorderservices/orders/683/orderEquipmentRequirement"
          }
        }
      },
      {
        "orderID": 783,
        "_links": {
          "self": {
            "href": "http://localhost:8089/ordermanagementorderservices/orders/783"
          },
          "order": {
            "href": "http://localhost:8089/ordermanagementorderservices/orders/783{?projection}",
            "templated": true
          },
          "orderAdditionalInstructions": {
            "href": "http://localhost:8089/ordermanagementorderservices/orders/783/orderAdditionalInstructions"
          },
          "orderCrossBorderDetails": {
            "href": "http://localhost:8089/ordermanagementorderservices/orders/783/orderCrossBorderDetails"
          },
          "orderReferenceNumbers": {
            "href": "http://localhost:8089/ordermanagementorderservices/orders/783/orderReferenceNumbers"
          },
          "orderCharges": {
            "href": "http://localhost:8089/ordermanagementorderservices/orders/783/orderCharges"
          },
          "orderUnifiedCustomerRequestAssociations": {
            "href": "http://localhost:8089/ordermanagementorderservices/orders/783/orderUnifiedCustomerRequestAssociations"
          },
          "orderAssociatedParties": {
            "href": "http://localhost:8089/ordermanagementorderservices/orders/783/orderAssociatedParties"
          },
          "stops": {
            "href": "http://localhost:8089/ordermanagementorderservices/orders/783/stops"
          },
          "orderComments": {
            "href": "http://localhost:8089/ordermanagementorderservices/orders/783/orderComments"
          },
          "orderStatusWorkflows": {
            "href": "http://localhost:8089/ordermanagementorderservices/orders/783/orderStatusWorkflows"
          },
          "orderEquipmentRequirement": {
            "href": "http://localhost:8089/ordermanagementorderservices/orders/783/orderEquipmentRequirement"
          }
        }
      },
      {
        "orderID": 830,
        "_links": {
          "self": {
            "href": "http://localhost:8089/ordermanagementorderservices/orders/830"
          },
          "order": {
            "href": "http://localhost:8089/ordermanagementorderservices/orders/830{?projection}",
            "templated": true
          },
          "orderAdditionalInstructions": {
            "href": "http://localhost:8089/ordermanagementorderservices/orders/830/orderAdditionalInstructions"
          },
          "orderCrossBorderDetails": {
            "href": "http://localhost:8089/ordermanagementorderservices/orders/830/orderCrossBorderDetails"
          },
          "orderReferenceNumbers": {
            "href": "http://localhost:8089/ordermanagementorderservices/orders/830/orderReferenceNumbers"
          },
          "orderCharges": {
            "href": "http://localhost:8089/ordermanagementorderservices/orders/830/orderCharges"
          },
          "orderUnifiedCustomerRequestAssociations": {
            "href": "http://localhost:8089/ordermanagementorderservices/orders/830/orderUnifiedCustomerRequestAssociations"
          },
          "orderAssociatedParties": {
            "href": "http://localhost:8089/ordermanagementorderservices/orders/830/orderAssociatedParties"
          },
          "stops": {
            "href": "http://localhost:8089/ordermanagementorderservices/orders/830/stops"
          },
          "orderComments": {
            "href": "http://localhost:8089/ordermanagementorderservices/orders/830/orderComments"
          },
          "orderStatusWorkflows": {
            "href": "http://localhost:8089/ordermanagementorderservices/orders/830/orderStatusWorkflows"
          },
          "orderEquipmentRequirement": {
            "href": "http://localhost:8089/ordermanagementorderservices/orders/830/orderEquipmentRequirement"
          }
        }
      },
      {
        "orderID": 831,
        "_links": {
          "self": {
            "href": "http://localhost:8089/ordermanagementorderservices/orders/831"
          },
          "order": {
            "href": "http://localhost:8089/ordermanagementorderservices/orders/831{?projection}",
            "templated": true
          },
          "orderAdditionalInstructions": {
            "href": "http://localhost:8089/ordermanagementorderservices/orders/831/orderAdditionalInstructions"
          },
          "orderCrossBorderDetails": {
            "href": "http://localhost:8089/ordermanagementorderservices/orders/831/orderCrossBorderDetails"
          },
          "orderReferenceNumbers": {
            "href": "http://localhost:8089/ordermanagementorderservices/orders/831/orderReferenceNumbers"
          },
          "orderCharges": {
            "href": "http://localhost:8089/ordermanagementorderservices/orders/831/orderCharges"
          },
          "orderUnifiedCustomerRequestAssociations": {
            "href": "http://localhost:8089/ordermanagementorderservices/orders/831/orderUnifiedCustomerRequestAssociations"
          },
          "orderAssociatedParties": {
            "href": "http://localhost:8089/ordermanagementorderservices/orders/831/orderAssociatedParties"
          },
          "stops": {
            "href": "http://localhost:8089/ordermanagementorderservices/orders/831/stops"
          },
          "orderComments": {
            "href": "http://localhost:8089/ordermanagementorderservices/orders/831/orderComments"
          },
          "orderStatusWorkflows": {
            "href": "http://localhost:8089/ordermanagementorderservices/orders/831/orderStatusWorkflows"
          },
          "orderEquipmentRequirement": {
            "href": "http://localhost:8089/ordermanagementorderservices/orders/831/orderEquipmentRequirement"
          }
        }
      },
      {
        "orderID": 832,
        "_links": {
          "self": {
            "href": "http://localhost:8089/ordermanagementorderservices/orders/832"
          },
          "order": {
            "href": "http://localhost:8089/ordermanagementorderservices/orders/832{?projection}",
            "templated": true
          },
          "orderAdditionalInstructions": {
            "href": "http://localhost:8089/ordermanagementorderservices/orders/832/orderAdditionalInstructions"
          },
          "orderCrossBorderDetails": {
            "href": "http://localhost:8089/ordermanagementorderservices/orders/832/orderCrossBorderDetails"
          },
          "orderReferenceNumbers": {
            "href": "http://localhost:8089/ordermanagementorderservices/orders/832/orderReferenceNumbers"
          },
          "orderCharges": {
            "href": "http://localhost:8089/ordermanagementorderservices/orders/832/orderCharges"
          },
          "orderUnifiedCustomerRequestAssociations": {
            "href": "http://localhost:8089/ordermanagementorderservices/orders/832/orderUnifiedCustomerRequestAssociations"
          },
          "orderAssociatedParties": {
            "href": "http://localhost:8089/ordermanagementorderservices/orders/832/orderAssociatedParties"
          },
          "stops": {
            "href": "http://localhost:8089/ordermanagementorderservices/orders/832/stops"
          },
          "orderComments": {
            "href": "http://localhost:8089/ordermanagementorderservices/orders/832/orderComments"
          },
          "orderStatusWorkflows": {
            "href": "http://localhost:8089/ordermanagementorderservices/orders/832/orderStatusWorkflows"
          },
          "orderEquipmentRequirement": {
            "href": "http://localhost:8089/ordermanagementorderservices/orders/832/orderEquipmentRequirement"
          }
        }
      }
    ]
  },
  "_links": {
    "self": {
      "href": "http://localhost:8089/ordermanagementorderservices/orders/search/findByOrderIdIn?orderId=83"
    }
  }
}