{
    "auditLog": {
        "data": [{
            "name": "Date",
            "prop": "date",
            "flexGrow": 0.7,
            "draggable": false,
            "resizeable": false,
            "reorderable": false,
            "isVisible": true,
            "maxChar": 60
        }, {
            "name": "Time (CST)",
            "prop": "time",
            "flexGrow": 0.7,
            "draggable": false,
            "resizeable": false,
            "reorderable": false,
            "isVisible": true,
            "maxChar": 60
        }, {
            "name": "Modified By",
            "prop": "viewUserName",
            "flexGrow": 0.7,
            "draggable": false,
            "resizeable": false,
            "reorderable": false,
            "isVisible": true,
            "maxChar": 60,
			"cellTemplate":""
        },
		{
            "name": "Modified Value",
            "prop": "viewDetails",
            "flexGrow": 0.7,
            "draggable": false,
            "resizeable": false,
            "reorderable": false,
            "isVisible": true,
            "maxChar": 60,
			"cellTemplate":""
        }]
    }
}
