{
  "_embedded" : {
    "appointmentInstructions" : [ {
      "appointmentInstructionID" : 1,
      "appointmentInstructionText" : "Appointment Required",
      "effectiveTimestamp" : "2016-01-01T00:00",
      "expirationTimestamp" : "2199-12-31T23:59:59",
      "lastUpdateTimestampString" : {
        "dayOfYear" : 90,
        "monthValue" : 3,
        "month" : "MARCH",
        "year" : 2017,
        "dayOfMonth" : 31,
        "dayOfWeek" : "FRIDAY",
        "hour" : 23,
        "minute" : 40,
        "nano" : 687673300,
        "second" : 18,
        "chronology" : {
          "id" : "ISO",
          "calendarType" : "iso8601"
        }
      },
      "_links" : {
        "self" : {
          "href" : "https://supplychainmanagement-dev.jbhunt.com/supplychainmanagement/ordermanagementreferencedataservices/appointmentInstructions/1"
        },
        "appointmentInstruction" : {
          "href" : "https://supplychainmanagement-dev.jbhunt.com/supplychainmanagement/ordermanagementreferencedataservices/appointmentInstructions/1"
        }
      }
    }, {
      "appointmentInstructionID" : 2,
      "appointmentInstructionText" : "Notify Before Delivery/Appointment",
      "effectiveTimestamp" : "2016-01-01T00:00",
      "expirationTimestamp" : "2199-12-31T23:59:59",
      "lastUpdateTimestampString" : {
        "dayOfYear" : 90,
        "monthValue" : 3,
        "month" : "MARCH",
        "year" : 2017,
        "dayOfMonth" : 31,
        "dayOfWeek" : "FRIDAY",
        "hour" : 23,
        "minute" : 40,
        "nano" : 687673300,
        "second" : 18,
        "chronology" : {
          "id" : "ISO",
          "calendarType" : "iso8601"
        }
      },
      "_links" : {
        "self" : {
          "href" : "https://supplychainmanagement-dev.jbhunt.com/supplychainmanagement/ordermanagementreferencedataservices/appointmentInstructions/2"
        },
        "appointmentInstruction" : {
          "href" : "https://supplychainmanagement-dev.jbhunt.com/supplychainmanagement/ordermanagementreferencedataservices/appointmentInstructions/2"
        }
      }
    }, {
      "appointmentInstructionID" : 3,
      "appointmentInstructionText" : "Weekend or Holiday Delivery",
      "effectiveTimestamp" : "2016-01-01T00:00",
      "expirationTimestamp" : "2199-12-31T23:59:59",
      "lastUpdateTimestampString" : {
        "dayOfYear" : 90,
        "monthValue" : 3,
        "month" : "MARCH",
        "year" : 2017,
        "dayOfMonth" : 31,
        "dayOfWeek" : "FRIDAY",
        "hour" : 23,
        "minute" : 40,
        "nano" : 687673300,
        "second" : 18,
        "chronology" : {
          "id" : "ISO",
          "calendarType" : "iso8601"
        }
      },
      "_links" : {
        "self" : {
          "href" : "https://supplychainmanagement-dev.jbhunt.com/supplychainmanagement/ordermanagementreferencedataservices/appointmentInstructions/3"
        },
        "appointmentInstruction" : {
          "href" : "https://supplychainmanagement-dev.jbhunt.com/supplychainmanagement/ordermanagementreferencedataservices/appointmentInstructions/3"
        }
      }
    }, {
      "appointmentInstructionID" : 4,
      "appointmentInstructionText" : "Appointment Required",
      "effectiveTimestamp" : "2016-01-01T00:00",
      "expirationTimestamp" : "2199-12-31T23:59:59",
      "lastUpdateTimestampString" : {
        "dayOfYear" : 90,
        "monthValue" : 3,
        "month" : "MARCH",
        "year" : 2017,
        "dayOfMonth" : 31,
        "dayOfWeek" : "FRIDAY",
        "hour" : 23,
        "minute" : 40,
        "nano" : 687673300,
        "second" : 18,
        "chronology" : {
          "id" : "ISO",
          "calendarType" : "iso8601"
        }
      },
      "_links" : {
        "self" : {
          "href" : "https://supplychainmanagement-dev.jbhunt.com/supplychainmanagement/ordermanagementreferencedataservices/appointmentInstructions/4"
        },
        "appointmentInstruction" : {
          "href" : "https://supplychainmanagement-dev.jbhunt.com/supplychainmanagement/ordermanagementreferencedataservices/appointmentInstructions/4"
        }
      }
    }, {
      "appointmentInstructionID" : 5,
      "appointmentInstructionText" : "Contact Solicitor for Reset Instructions",
      "effectiveTimestamp" : "2016-01-01T00:00",
      "expirationTimestamp" : "2199-12-31T23:59:59",
      "lastUpdateTimestampString" : {
        "dayOfYear" : 90,
        "monthValue" : 3,
        "month" : "MARCH",
        "year" : 2017,
        "dayOfMonth" : 31,
        "dayOfWeek" : "FRIDAY",
        "hour" : 23,
        "minute" : 40,
        "nano" : 687673300,
        "second" : 18,
        "chronology" : {
          "id" : "ISO",
          "calendarType" : "iso8601"
        }
      },
      "_links" : {
        "self" : {
          "href" : "https://supplychainmanagement-dev.jbhunt.com/supplychainmanagement/ordermanagementreferencedataservices/appointmentInstructions/5"
        },
        "appointmentInstruction" : {
          "href" : "https://supplychainmanagement-dev.jbhunt.com/supplychainmanagement/ordermanagementreferencedataservices/appointmentInstructions/5"
        }
      }
    }, {
      "appointmentInstructionID" : 6,
      "appointmentInstructionText" : "Contact Order Owner for Appointment Changes",
      "effectiveTimestamp" : "2016-01-01T00:00",
      "expirationTimestamp" : "2199-12-31T23:59:59",
      "lastUpdateTimestampString" : {
        "dayOfYear" : 90,
        "monthValue" : 3,
        "month" : "MARCH",
        "year" : 2017,
        "dayOfMonth" : 31,
        "dayOfWeek" : "FRIDAY",
        "hour" : 23,
        "minute" : 40,
        "nano" : 687673300,
        "second" : 18,
        "chronology" : {
          "id" : "ISO",
          "calendarType" : "iso8601"
        }
      },
      "_links" : {
        "self" : {
          "href" : "https://supplychainmanagement-dev.jbhunt.com/supplychainmanagement/ordermanagementreferencedataservices/appointmentInstructions/6"
        },
        "appointmentInstruction" : {
          "href" : "https://supplychainmanagement-dev.jbhunt.com/supplychainmanagement/ordermanagementreferencedataservices/appointmentInstructions/6"
        }
      }
    }, {
      "appointmentInstructionID" : 7,
      "appointmentInstructionText" : "Contact 3rd party for appointments",
      "effectiveTimestamp" : "2016-01-01T00:00",
      "expirationTimestamp" : "2199-12-31T23:59:59",
      "lastUpdateTimestampString" : {
        "dayOfYear" : 90,
        "monthValue" : 3,
        "month" : "MARCH",
        "year" : 2017,
        "dayOfMonth" : 31,
        "dayOfWeek" : "FRIDAY",
        "hour" : 23,
        "minute" : 40,
        "nano" : 687673300,
        "second" : 18,
        "chronology" : {
          "id" : "ISO",
          "calendarType" : "iso8601"
        }
      },
      "_links" : {
        "self" : {
          "href" : "https://supplychainmanagement-dev.jbhunt.com/supplychainmanagement/ordermanagementreferencedataservices/appointmentInstructions/7"
        },
        "appointmentInstruction" : {
          "href" : "https://supplychainmanagement-dev.jbhunt.com/supplychainmanagement/ordermanagementreferencedataservices/appointmentInstructions/7"
        }
      }
    } ]
  },
  "_links" : {
    "self" : {
      "href" : "https://supplychainmanagement-dev.jbhunt.com/supplychainmanagement/ordermanagementreferencedataservices/appointmentInstructions"
    },
    "profile" : {
      "href" : "https://supplychainmanagement-dev.jbhunt.com/supplychainmanagement/ordermanagementreferencedataservices/profile/appointmentInstructions"
    },
    "search" : {
      "href" : "https://supplychainmanagement-dev.jbhunt.com/supplychainmanagement/ordermanagementreferencedataservices/appointmentInstructions/search"
    }
  },
  "page" : {
    "size" : 20,
    "totalElements" : 7,
    "totalPages" : 1,
    "number" : 0
  }
}