[
    {
        "charge": {
            "chargeCode": "charge",
            "chargeQuantity": 22,
            "chargeUnitCode": "",
            "chargeUnitRateAmount": 130,
            "customerAuthorizationFirstName": "Rocky",
            "customerAuthorizationLastName": "Bob",
            "customerAuthorizationNumber": "AWE232",
            "chargeClassDescription":"Freight charge items",
            "chargeLevelTypeCode": "ORDER",
            "lastUpdateTimestampString": "2017-02-13T01:23:30.374"
        },
        "stopLocationCode": null,
        "stopSequenceNumber": null
    },
    {
        "charge": {
            "chargeCode": "charge",
            "chargeQuantity": 27,
            "chargeUnitCode": "",
            "chargeUnitRateAmount": 764,
            "customerAuthorizationFirstName": "James",
            "customerAuthorizationLastName": "Fred",
            "chargeClassDescription":"8 items dropped",
            "customerAuthorizationNumber": "BC2331",
            "chargeLevelTypeCode": "Stop",
            "lastUpdateTimestampString": "2017-02-13T01:23:30.256"
        },
        "stopLocationCode": null,
        "stopSequenceNumber": null
    }
]