[{
		"documentID": "{9540EDCD-0620-41DB-9E34-005EEEFA7FFA}",
		"fileName": "Create+a+Shipment+Manual_v3.27.pdf",
		"fileFormat": null,
		"fileContent": null,
		"documentType": "application/pdf",
		"documentClass": null,
		"documentVersion": "1",
		"orderID": 1,
		"loadNumber": null,
		"lastUpdateUserId": "jcon741",
		"lastUpdateTimestamp": [
			2017,
			5,
			2,
			14,
			59,
			5,
			203000000
		]
	},
	{
		"documentID": "{AC457FD7-514B-4E1E-B455-0667CC65FC96}",
		"fileName": "testing.txt",
		"fileFormat": null,
		"fileContent": null,
		"documentType": "txt",
		"documentClass": null,
		"documentVersion": "1",
		"orderID": 1,
		"loadNumber": null,
		"lastUpdateUserId": "jcon741",
		"lastUpdateTimestamp": [
			2017,
			5,
			3,
			2,
			17,
			29,
			697000000
		]
	},
	{
		"documentID": "{D64B446D-802F-42BB-8DF8-14818B43126D}",
		"fileName": "create.txt",
		"fileFormat": null,
		"fileContent": null,
		"documentType": null,
		"documentClass": null,
		"documentVersion": "1",
		"orderID": 1,
		"loadNumber": null,
		"lastUpdateUserId": "jcon741",
		"lastUpdateTimestamp": [
			2017,
			5,
			2,
			17,
			58,
			9,
			143000000
		]
	},
	{
		"documentID": "{53B9566E-D7E6-45B8-8649-2D8F99B89605}",
		"fileName": "create.txt",
		"fileFormat": null,
		"fileContent": null,
		"documentType": "txt",
		"documentClass": null,
		"documentVersion": "1",
		"orderID": 1,
		"loadNumber": null,
		"lastUpdateUserId": "jcon741",
		"lastUpdateTimestamp": [
			2017,
			5,
			2,
			17,
			53,
			30,
			520000000
		]
	},
	{
		"documentID": "{4DAD9DAE-A252-48F1-AFF1-72DFC6F45BF9}",
		"fileName": "Bulk_Order_Upload",
		"fileFormat": null,
		"fileContent": null,
		"documentType": "xlsx",
		"documentClass": null,
		"documentVersion": "1",
		"orderID": 1,
		"loadNumber": null,
		"lastUpdateUserId": "jcon741",
		"lastUpdateTimestamp": [
			2017,
			4,
			29,
			17,
			5,
			6,
			950000000
		]
	},
	{
		"documentID": "{28535850-F2D3-4782-BC1D-77CF968BB52A}",
		"fileName": "Create+a+Shipment+Manual_v3.27.pdf",
		"fileFormat": null,
		"fileContent": null,
		"documentType": "application/pdf",
		"documentClass": null,
		"documentVersion": "1",
		"orderID": 1,
		"loadNumber": null,
		"lastUpdateUserId": "jcon741",
		"lastUpdateTimestamp": [
			2017,
			5,
			2,
			14,
			55,
			55,
			383000000
		]
	},
	{
		"documentID": "{F90344F0-4701-4C11-BD05-808247B6DBAE}",
		"fileName": "test2.txt",
		"fileFormat": null,
		"fileContent": null,
		"documentType": "txt",
		"documentClass": null,
		"documentVersion": "1",
		"orderID": 1,
		"loadNumber": null,
		"lastUpdateUserId": "jcon842",
		"lastUpdateTimestamp": [
			2017,
			5,
			5,
			11,
			57,
			43,
			513000000
		]
	},
	{
		"documentID": "{1FC44E94-6408-4520-A355-938C420906E0}",
		"fileName": "test1.txt",
		"fileFormat": null,
		"fileContent": null,
		"documentType": "txt",
		"documentClass": null,
		"documentVersion": "1",
		"orderID": 1,
		"loadNumber": null,
		"lastUpdateUserId": "jcon842",
		"lastUpdateTimestamp": [
			2017,
			5,
			2,
			5,
			17,
			49,
			967000000
		]
	},
	{
		"documentID": "{D98FF509-92D5-4D36-9AD1-95FFFBAA1DAA}",
		"fileName": "sample.txt",
		"fileFormat": null,
		"fileContent": null,
		"documentType": "txt",
		"documentClass": null,
		"documentVersion": "1",
		"orderID": 1,
		"loadNumber": null,
		"lastUpdateUserId": "jcon741",
		"lastUpdateTimestamp": [
			2017,
			5,
			2,
			13,
			5,
			55,
			167000000
		]
	},
	{
		"documentID": "{E94CD983-0CA5-49B2-8C17-972C117828DE}",
		"fileName": "test2.txt",
		"fileFormat": null,
		"fileContent": null,
		"documentType": "txt",
		"documentClass": null,
		"documentVersion": "1",
		"orderID": 1,
		"loadNumber": null,
		"lastUpdateUserId": "jcon842",
		"lastUpdateTimestamp": [
			2017,
			5,
			2,
			5,
			5,
			1,
			863000000
		]
	},
	{
		"documentID": "{393385C0-9741-492F-BA68-A368FF423D6C}",
		"fileName": "sample.txt",
		"fileFormat": null,
		"fileContent": null,
		"documentType": "txt",
		"documentClass": null,
		"documentVersion": "1",
		"orderID": 1,
		"loadNumber": null,
		"lastUpdateUserId": "jcon741",
		"lastUpdateTimestamp": [
			2017,
			5,
			2,
			14,
			45,
			18,
			303000000
		]
	},
	{
		"documentID": "{E9327ADF-99AA-4BA3-A008-A3C67BB37C7F}",
		"fileName": "test2.txt",
		"fileFormat": null,
		"fileContent": null,
		"documentType": "txt",
		"documentClass": null,
		"documentVersion": "1",
		"orderID": 1,
		"loadNumber": null,
		"lastUpdateUserId": "jcon842",
		"lastUpdateTimestamp": [
			2017,
			5,
			5,
			9,
			5,
			47,
			710000000
		]
	},
	{
		"documentID": "{060C0C2D-F676-4CD4-AC33-BA9FA0549341}",
		"fileName": "Create+a+Shipment+Manual_v3.27.pdf",
		"fileFormat": null,
		"fileContent": null,
		"documentType": "application/pdf",
		"documentClass": null,
		"documentVersion": "2",
		"orderID": 1,
		"loadNumber": null,
		"lastUpdateUserId": "jcon741",
		"lastUpdateTimestamp": [
			2017,
			5,
			2,
			14,
			59,
			15,
			977000000
		]
	},
	{
		"documentID": "{C375D2D2-B837-44B6-B18E-C3FC35C54FA0}",
		"fileName": "testing.txt",
		"fileFormat": null,
		"fileContent": null,
		"documentType": null,
		"documentClass": null,
		"documentVersion": "1",
		"orderID": 1,
		"loadNumber": null,
		"lastUpdateUserId": "jcon741",
		"lastUpdateTimestamp": [
			2017,
			5,
			3,
			2,
			17,
			29,
			697000000
		]
	},
	{
		"documentID": "{F8F1BAA4-FDFC-4A00-8E07-D45ECDC6C87A}",
		"fileName": "create.txt",
		"fileFormat": null,
		"fileContent": null,
		"documentType": "txt",
		"documentClass": null,
		"documentVersion": "1",
		"orderID": 1,
		"loadNumber": null,
		"lastUpdateUserId": "jcon741",
		"lastUpdateTimestamp": [
			2017,
			5,
			2,
			17,
			58,
			9,
			143000000
		]
	},
	{
		"documentID": "{906D4172-F7F2-4D7E-B179-EE24532CA420}",
		"fileName": "documentCreate.txt",
		"fileFormat": null,
		"fileContent": null,
		"documentType": "txt",
		"documentClass": null,
		"documentVersion": "1",
		"orderID": 1,
		"loadNumber": null,
		"lastUpdateUserId": "jcon842",
		"lastUpdateTimestamp": [
			2017,
			5,
			2,
			5,
			20,
			4,
			783000000
		]
	},
	{
		"documentID": "{48B9B899-7842-4445-8A16-F77F42466512}",
		"fileName": "testing.txt",
		"fileFormat": null,
		"fileContent": null,
		"documentType": "txt",
		"documentClass": null,
		"documentVersion": "1",
		"orderID": 1,
		"loadNumber": null,
		"lastUpdateUserId": "jcon741",
		"lastUpdateTimestamp": [
			2017,
			5,
			2,
			18,
			7,
			12,
			857000000
		]
	}
]