[{
 "code": "Floor",
 "description": "Floor Requirement",
 "associatedCode": "Roll ",
 "equipmentCategoryCode": null,
 "equipmentClassificationCode": null,
 "equipmentTypeCode": null,
 "equipmentTypeDescription": null,
 "equipmentClassificationDescription": null,
 "equipmentCategoryDescription": null,
 "equipmentCategoryClassificationTypeAssociationID": null,
 "associatedDescription": "Roll",
 "equipmentRequirementSpecificationAssociationID": 1,
 "detailDescriptions": null,
 "detailDescription": null,
 "equipmentRequirementSpecificationDetail": [{
  "equipmentRequirementSpecificationDetailID": 0,
  "equipmentRequirementSpecificationDetailDescription": null,
  "effectiveTimestamp": null,
  "expirationTimestamp": null,
  "lastUpdateTimestampString": null
 }],
 "equipmentRequirementSpecificationDetailID": null,
 "equipmentRequirementSpecificationDetailDescription": null,
 "equipmentClassificationTypeFeatureAssociationID": null
}, {
 "code": "Floor",
 "description": "Floor Requirement",
 "associatedCode": "Metal",
 "equipmentCategoryCode": null,
 "equipmentClassificationCode": null,
 "equipmentTypeCode": null,
 "equipmentTypeDescription": null,
 "equipmentClassificationDescription": null,
 "equipmentCategoryDescription": null,
 "equipmentCategoryClassificationTypeAssociationID": null,
 "associatedDescription": "Metal",
 "equipmentRequirementSpecificationAssociationID": 2,
 "detailDescriptions": null,
 "detailDescription": null,
 "equipmentRequirementSpecificationDetail": [{
  "equipmentRequirementSpecificationDetailID": 0,
  "equipmentRequirementSpecificationDetailDescription": null,
  "effectiveTimestamp": null,
  "expirationTimestamp": null,
  "lastUpdateTimestampString": null
 }],
 "equipmentRequirementSpecificationDetailID": null,
 "equipmentRequirementSpecificationDetailDescription": null,
 "equipmentClassificationTypeFeatureAssociationID": null
}, {
 "code": "Floor",
 "description": "Floor Requirement",
 "associatedCode": "Flat",
 "equipmentCategoryCode": null,
 "equipmentClassificationCode": null,
 "equipmentTypeCode": null,
 "equipmentTypeDescription": null,
 "equipmentClassificationDescription": null,
 "equipmentCategoryDescription": null,
 "equipmentCategoryClassificationTypeAssociationID": null,
 "associatedDescription": "Flat",
 "equipmentRequirementSpecificationAssociationID": 3,
 "detailDescriptions": null,
 "detailDescription": null,
 "equipmentRequirementSpecificationDetail": [{
  "equipmentRequirementSpecificationDetailID": 0,
  "equipmentRequirementSpecificationDetailDescription": null,
  "effectiveTimestamp": null,
  "expirationTimestamp": null,
  "lastUpdateTimestampString": null
 }],
 "equipmentRequirementSpecificationDetailID": null,
 "equipmentRequirementSpecificationDetailDescription": null,
 "equipmentClassificationTypeFeatureAssociationID": null
}, {
 "code": "Length",
 "description": "Length Requirement",
 "associatedCode": "18ft",
 "equipmentCategoryCode": null,
 "equipmentClassificationCode": null,
 "equipmentTypeCode": null,
 "equipmentTypeDescription": null,
 "equipmentClassificationDescription": null,
 "equipmentCategoryDescription": null,
 "equipmentCategoryClassificationTypeAssociationID": null,
 "associatedDescription": "18ft",
 "equipmentRequirementSpecificationAssociationID": 196,
 "detailDescriptions": null,
 "detailDescription": null,
 "equipmentRequirementSpecificationDetail": [{
  "equipmentRequirementSpecificationDetailID": 0,
  "equipmentRequirementSpecificationDetailDescription": null,
  "effectiveTimestamp": null,
  "expirationTimestamp": null,
  "lastUpdateTimestampString": null
 }],
 "equipmentRequirementSpecificationDetailID": null,
 "equipmentRequirementSpecificationDetailDescription": null,
 "equipmentClassificationTypeFeatureAssociationID": null
}, {
 "code": "Floor",
 "description": "Floor Requirement",
 "associatedCode": "DuctFloor ",
 "equipmentCategoryCode": null,
 "equipmentClassificationCode": null,
 "equipmentTypeCode": null,
 "equipmentTypeDescription": null,
 "equipmentClassificationDescription": null,
 "equipmentCategoryDescription": null,
 "equipmentCategoryClassificationTypeAssociationID": null,
 "associatedDescription": "Duct Floor ",
 "equipmentRequirementSpecificationAssociationID": 4,
 "detailDescriptions": null,
 "detailDescription": null,
 "equipmentRequirementSpecificationDetail": [{
  "equipmentRequirementSpecificationDetailID": 0,
  "equipmentRequirementSpecificationDetailDescription": null,
  "effectiveTimestamp": null,
  "expirationTimestamp": null,
  "lastUpdateTimestampString": null
 }],
 "equipmentRequirementSpecificationDetailID": null,
 "equipmentRequirementSpecificationDetailDescription": null,
 "equipmentClassificationTypeFeatureAssociationID": null
}, {
 "code": "Door",
 "description": "Door Requirement",
 "associatedCode": "Swing",
 "equipmentCategoryCode": null,
 "equipmentClassificationCode": null,
 "equipmentTypeCode": null,
 "equipmentTypeDescription": null,
 "equipmentClassificationDescription": null,
 "equipmentCategoryDescription": null,
 "equipmentCategoryClassificationTypeAssociationID": null,
 "associatedDescription": "swing",
 "equipmentRequirementSpecificationAssociationID": 5,
 "detailDescriptions": null,
 "detailDescription": null,
 "equipmentRequirementSpecificationDetail": [{
  "equipmentRequirementSpecificationDetailID": 0,
  "equipmentRequirementSpecificationDetailDescription": null,
  "effectiveTimestamp": null,
  "expirationTimestamp": null,
  "lastUpdateTimestampString": null
 }],
 "equipmentRequirementSpecificationDetailID": null,
 "equipmentRequirementSpecificationDetailDescription": null,
 "equipmentClassificationTypeFeatureAssociationID": null
}, {
 "code": "Length",
 "description": "Length Requirement",
 "associatedCode": "20ft",
 "equipmentCategoryCode": null,
 "equipmentClassificationCode": null,
 "equipmentTypeCode": null,
 "equipmentTypeDescription": null,
 "equipmentClassificationDescription": null,
 "equipmentCategoryDescription": null,
 "equipmentCategoryClassificationTypeAssociationID": null,
 "associatedDescription": "20ft",
 "equipmentRequirementSpecificationAssociationID": 198,
 "detailDescriptions": null,
 "detailDescription": null,
 "equipmentRequirementSpecificationDetail": [{
  "equipmentRequirementSpecificationDetailID": 0,
  "equipmentRequirementSpecificationDetailDescription": null,
  "effectiveTimestamp": null,
  "expirationTimestamp": null,
  "lastUpdateTimestampString": null
 }],
 "equipmentRequirementSpecificationDetailID": null,
 "equipmentRequirementSpecificationDetailDescription": null,
 "equipmentClassificationTypeFeatureAssociationID": null
}, {
 "code": "Roof",
 "description": "Roof Requirement",
 "associatedCode": "Alumimum",
 "equipmentCategoryCode": null,
 "equipmentClassificationCode": null,
 "equipmentTypeCode": null,
 "equipmentTypeDescription": null,
 "equipmentClassificationDescription": null,
 "equipmentCategoryDescription": null,
 "equipmentCategoryClassificationTypeAssociationID": null,
 "associatedDescription": "Alumimum",
 "equipmentRequirementSpecificationAssociationID": 7,
 "detailDescriptions": null,
 "detailDescription": null,
 "equipmentRequirementSpecificationDetail": [{
  "equipmentRequirementSpecificationDetailID": 0,
  "equipmentRequirementSpecificationDetailDescription": null,
  "effectiveTimestamp": null,
  "expirationTimestamp": null,
  "lastUpdateTimestampString": null
 }],
 "equipmentRequirementSpecificationDetailID": null,
 "equipmentRequirementSpecificationDetailDescription": null,
 "equipmentClassificationTypeFeatureAssociationID": null
}, {
 "code": "Roof",
 "description": "Roof Requirement",
 "associatedCode": "Garden",
 "equipmentCategoryCode": null,
 "equipmentClassificationCode": null,
 "equipmentTypeCode": null,
 "equipmentTypeDescription": null,
 "equipmentClassificationDescription": null,
 "equipmentCategoryDescription": null,
 "equipmentCategoryClassificationTypeAssociationID": null,
 "associatedDescription": "Garden",
 "equipmentRequirementSpecificationAssociationID": 8,
 "detailDescriptions": null,
 "detailDescription": null,
 "equipmentRequirementSpecificationDetail": [{
  "equipmentRequirementSpecificationDetailID": 0,
  "equipmentRequirementSpecificationDetailDescription": null,
  "effectiveTimestamp": null,
  "expirationTimestamp": null,
  "lastUpdateTimestampString": null
 }],
 "equipmentRequirementSpecificationDetailID": null,
 "equipmentRequirementSpecificationDetailDescription": null,
 "equipmentClassificationTypeFeatureAssociationID": null
}, {
 "code": "Length",
 "description": "Length Requirement",
 "associatedCode": "21ft",
 "equipmentCategoryCode": null,
 "equipmentClassificationCode": null,
 "equipmentTypeCode": null,
 "equipmentTypeDescription": null,
 "equipmentClassificationDescription": null,
 "equipmentCategoryDescription": null,
 "equipmentCategoryClassificationTypeAssociationID": null,
 "associatedDescription": "21ft",
 "equipmentRequirementSpecificationAssociationID": 200,
 "detailDescriptions": null,
 "detailDescription": null,
 "equipmentRequirementSpecificationDetail": [{
  "equipmentRequirementSpecificationDetailID": 0,
  "equipmentRequirementSpecificationDetailDescription": null,
  "effectiveTimestamp": null,
  "expirationTimestamp": null,
  "lastUpdateTimestampString": null
 }],
 "equipmentRequirementSpecificationDetailID": null,
 "equipmentRequirementSpecificationDetailDescription": null,
 "equipmentClassificationTypeFeatureAssociationID": null
}, {
 "code": "Freight",
 "description": "Freight Securement",
 "associatedCode": "Strapping",
 "equipmentCategoryCode": null,
 "equipmentClassificationCode": null,
 "equipmentTypeCode": null,
 "equipmentTypeDescription": null,
 "equipmentClassificationDescription": null,
 "equipmentCategoryDescription": null,
 "equipmentCategoryClassificationTypeAssociationID": null,
 "associatedDescription": "Strapping",
 "equipmentRequirementSpecificationAssociationID": 9,
 "detailDescriptions": null,
 "detailDescription": null,
 "equipmentRequirementSpecificationDetail": [{
  "equipmentRequirementSpecificationDetailID": 0,
  "equipmentRequirementSpecificationDetailDescription": null,
  "effectiveTimestamp": null,
  "expirationTimestamp": null,
  "lastUpdateTimestampString": null
 }],
 "equipmentRequirementSpecificationDetailID": null,
 "equipmentRequirementSpecificationDetailDescription": null,
 "equipmentClassificationTypeFeatureAssociationID": null
}, {
 "code": "Freight",
 "description": "Freight Securement",
 "associatedCode": "Blankets",
 "equipmentCategoryCode": null,
 "equipmentClassificationCode": null,
 "equipmentTypeCode": null,
 "equipmentTypeDescription": null,
 "equipmentClassificationDescription": null,
 "equipmentCategoryDescription": null,
 "equipmentCategoryClassificationTypeAssociationID": null,
 "associatedDescription": "Blankets",
 "equipmentRequirementSpecificationAssociationID": 10,
 "detailDescriptions": null,
 "detailDescription": null,
 "equipmentRequirementSpecificationDetail": [{
  "equipmentRequirementSpecificationDetailID": 0,
  "equipmentRequirementSpecificationDetailDescription": null,
  "effectiveTimestamp": null,
  "expirationTimestamp": null,
  "lastUpdateTimestampString": null
 }],
 "equipmentRequirementSpecificationDetailID": null,
 "equipmentRequirementSpecificationDetailDescription": null,
 "equipmentClassificationTypeFeatureAssociationID": null
}, {
 "code": "Freight",
 "description": "Freight Securement",
 "associatedCode": "BlkingBrng",
 "equipmentCategoryCode": null,
 "equipmentClassificationCode": null,
 "equipmentTypeCode": null,
 "equipmentTypeDescription": null,
 "equipmentClassificationDescription": null,
 "equipmentCategoryDescription": null,
 "equipmentCategoryClassificationTypeAssociationID": null,
 "associatedDescription": "Blocking and Bracing",
 "equipmentRequirementSpecificationAssociationID": 11,
 "detailDescriptions": null,
 "detailDescription": null,
 "equipmentRequirementSpecificationDetail": [{
  "equipmentRequirementSpecificationDetailID": 0,
  "equipmentRequirementSpecificationDetailDescription": null,
  "effectiveTimestamp": null,
  "expirationTimestamp": null,
  "lastUpdateTimestampString": null
 }],
 "equipmentRequirementSpecificationDetailID": null,
 "equipmentRequirementSpecificationDetailDescription": null,
 "equipmentClassificationTypeFeatureAssociationID": null
}, {
 "code": "Freight",
 "description": "Freight Securement",
 "associatedCode": "Fasteners",
 "equipmentCategoryCode": null,
 "equipmentClassificationCode": null,
 "equipmentTypeCode": null,
 "equipmentTypeDescription": null,
 "equipmentClassificationDescription": null,
 "equipmentCategoryDescription": null,
 "equipmentCategoryClassificationTypeAssociationID": null,
 "associatedDescription": "Fasteners",
 "equipmentRequirementSpecificationAssociationID": 12,
 "detailDescriptions": null,
 "detailDescription": null,
 "equipmentRequirementSpecificationDetail": [{
  "equipmentRequirementSpecificationDetailID": 0,
  "equipmentRequirementSpecificationDetailDescription": null,
  "effectiveTimestamp": null,
  "expirationTimestamp": null,
  "lastUpdateTimestampString": null
 }],
 "equipmentRequirementSpecificationDetailID": null,
 "equipmentRequirementSpecificationDetailDescription": null,
 "equipmentClassificationTypeFeatureAssociationID": null
}, {
 "code": "Freight",
 "description": "Freight Securement",
 "associatedCode": "FreezePro",
 "equipmentCategoryCode": null,
 "equipmentClassificationCode": null,
 "equipmentTypeCode": null,
 "equipmentTypeDescription": null,
 "equipmentClassificationDescription": null,
 "equipmentCategoryDescription": null,
 "equipmentCategoryClassificationTypeAssociationID": null,
 "associatedDescription": "Freeze Protect",
 "equipmentRequirementSpecificationAssociationID": 13,
 "detailDescriptions": null,
 "detailDescription": null,
 "equipmentRequirementSpecificationDetail": [{
  "equipmentRequirementSpecificationDetailID": 0,
  "equipmentRequirementSpecificationDetailDescription": null,
  "effectiveTimestamp": null,
  "expirationTimestamp": null,
  "lastUpdateTimestampString": null
 }],
 "equipmentRequirementSpecificationDetailID": null,
 "equipmentRequirementSpecificationDetailDescription": null,
 "equipmentClassificationTypeFeatureAssociationID": null
}, {
 "code": "Freight",
 "description": "Freight Securement",
 "associatedCode": "Tarping",
 "equipmentCategoryCode": null,
 "equipmentClassificationCode": null,
 "equipmentTypeCode": null,
 "equipmentTypeDescription": null,
 "equipmentClassificationDescription": null,
 "equipmentCategoryDescription": null,
 "equipmentCategoryClassificationTypeAssociationID": null,
 "associatedDescription": "Tarping",
 "equipmentRequirementSpecificationAssociationID": 14,
 "detailDescriptions": null,
 "detailDescription": null,
 "equipmentRequirementSpecificationDetail": [{
  "equipmentRequirementSpecificationDetailID": 1,
  "equipmentRequirementSpecificationDetailDescription": "4ft",
  "effectiveTimestamp": null,
  "expirationTimestamp": null,
  "lastUpdateTimestampString": null
 }, {
  "equipmentRequirementSpecificationDetailID": 2,
  "equipmentRequirementSpecificationDetailDescription": "6ft",
  "effectiveTimestamp": null,
  "expirationTimestamp": null,
  "lastUpdateTimestampString": null
 }, {
  "equipmentRequirementSpecificationDetailID": 3,
  "equipmentRequirementSpecificationDetailDescription": "8ft",
  "effectiveTimestamp": null,
  "expirationTimestamp": null,
  "lastUpdateTimestampString": null
 }],
 "equipmentRequirementSpecificationDetailID": null,
 "equipmentRequirementSpecificationDetailDescription": null,
 "equipmentClassificationTypeFeatureAssociationID": null
}, {
 "code": "Freight",
 "description": "Freight Securement",
 "associatedCode": "Chains",
 "equipmentCategoryCode": null,
 "equipmentClassificationCode": null,
 "equipmentTypeCode": null,
 "equipmentTypeDescription": null,
 "equipmentClassificationDescription": null,
 "equipmentCategoryDescription": null,
 "equipmentCategoryClassificationTypeAssociationID": null,
 "associatedDescription": "Chains",
 "equipmentRequirementSpecificationAssociationID": 15,
 "detailDescriptions": null,
 "detailDescription": null,
 "equipmentRequirementSpecificationDetail": [{
  "equipmentRequirementSpecificationDetailID": 0,
  "equipmentRequirementSpecificationDetailDescription": null,
  "effectiveTimestamp": null,
  "expirationTimestamp": null,
  "lastUpdateTimestampString": null
 }],
 "equipmentRequirementSpecificationDetailID": null,
 "equipmentRequirementSpecificationDetailDescription": null,
 "equipmentClassificationTypeFeatureAssociationID": null
}, {
 "code": "Freight",
 "description": "Freight Securement",
 "associatedCode": "Dunnage ",
 "equipmentCategoryCode": null,
 "equipmentClassificationCode": null,
 "equipmentTypeCode": null,
 "equipmentTypeDescription": null,
 "equipmentClassificationDescription": null,
 "equipmentCategoryDescription": null,
 "equipmentCategoryClassificationTypeAssociationID": null,
 "associatedDescription": "Dunnage ",
 "equipmentRequirementSpecificationAssociationID": 16,
 "detailDescriptions": null,
 "detailDescription": null,
 "equipmentRequirementSpecificationDetail": [{
  "equipmentRequirementSpecificationDetailID": 0,
  "equipmentRequirementSpecificationDetailDescription": null,
  "effectiveTimestamp": null,
  "expirationTimestamp": null,
  "lastUpdateTimestampString": null
 }],
 "equipmentRequirementSpecificationDetailID": null,
 "equipmentRequirementSpecificationDetailDescription": null,
 "equipmentClassificationTypeFeatureAssociationID": null
}]