{
	"_embedded": {
		"equipmentClassifications": [{
			"equipmentClassificationCode": "Container",
			"equipmentClassificationDescription": "Container",
			"equipmentFunctionalGroup": null,
			"lastUpdateTimestampString": null,
			"_links": {
				"self": {
					"href": "http://localhost:8082/referencedataservices/equipmentClassifications/Container"
				},
				"equipmentClassification": {
					"href": "http://localhost:8082/referencedataservices/equipmentClassifications/Container"
				}
			}
		}, {
			"equipmentClassificationCode": "Flatbed",
			"equipmentClassificationDescription": "Flatbed   ",
			"equipmentFunctionalGroup": null,
			"lastUpdateTimestampString": null,
			"_links": {
				"self": {
					"href": "http://localhost:8082/referencedataservices/equipmentClassifications/Flatbed"
				},
				"equipmentClassification": {
					"href": "http://localhost:8082/referencedataservices/equipmentClassifications/Flatbed"
				}
			}
		}, {
			"equipmentClassificationCode": "Hopper",
			"equipmentClassificationDescription": "Hopper",
			"equipmentFunctionalGroup": null,
			"lastUpdateTimestampString": null,
			"_links": {
				"self": {
					"href": "http://localhost:8082/referencedataservices/equipmentClassifications/Hopper"
				},
				"equipmentClassification": {
					"href": "http://localhost:8082/referencedataservices/equipmentClassifications/Hopper"
				}
			}
		}, {
			"equipmentClassificationCode": "Tanker",
			"equipmentClassificationDescription": "Tanker",
			"equipmentFunctionalGroup": null,
			"lastUpdateTimestampString": null,
			"_links": {
				"self": {
					"href": "http://localhost:8082/referencedataservices/equipmentClassifications/Tanker"
				},
				"equipmentClassification": {
					"href": "http://localhost:8082/referencedataservices/equipmentClassifications/Tanker"
				}
			}
		}, {
			"equipmentClassificationCode": "Trailer",
			"equipmentClassificationDescription": "Trailer",
			"equipmentFunctionalGroup": null,
			"lastUpdateTimestampString": null,
			"_links": {
				"self": {
					"href": "http://localhost:8082/referencedataservices/equipmentClassifications/Trailer"
				},
				"equipmentClassification": {
					"href": "http://localhost:8082/referencedataservices/equipmentClassifications/Trailer"
				}
			}
		}]
	},
	"_links": {
		"self": {
			"href": "http://localhost:8082/referencedataservices/equipmentClassifications/search/findByBusinessUnitServiceOffering?financebusinessunitcode=JBT&serviceofferingcode=OTR"
		}
	}
}