{
    "userId": "rcon610",
    "firstName": "Ramesh",
    "lastName": "Ulaganathan",
    "runtimeEnvironment": null,
    "profilePicture": null,
    "auditUserInfo": null,
    "urlAccessList": [
        {
            "uri": "/.*",
            "accessLevel": 5
        }
    ],
    "dataList": {
        "ORDBUSUNT": {
            "JBI": 4,
            "JBT": 5,
            "DCS": 4,
            "ICS": 4
        }
    },
    "username": null,
    "password": null,
    "enabled": false,
    "accountNonExpired": false,
    "accountNonLocked": false,
    "credentialsNonExpired": false,
    "authorities": null
}