{
  "_embedded": {
    "serviceTypes": [
      {
        "serviceTypeCode": "DoorToDoor",
        "serviceCategoryCode": "IOS",
        "stopReasonCode": null,
        "chargeCode": null,
        "serviceTypeDescription": "Door To Door",
        "effectiveTimestamp": {
          "month": "JANUARY",
          "year": 2016,
          "dayOfMonth": 1,
          "dayOfWeek": "FRIDAY",
          "dayOfYear": 1,
          "monthValue": 1,
          "hour": 0,
          "minute": 0,
          "nano": 0,
          "second": 0,
          "chronology": {
            "id": "ISO",
            "calendarType": "iso8601"
          }
        },
        "expirationTimestamp": {
          "month": "DECEMBER",
          "year": 2199,
          "dayOfMonth": 31,
          "dayOfWeek": "TUESDAY",
          "dayOfYear": 365,
          "monthValue": 12,
          "hour": 23,
          "minute": 59,
          "nano": 0,
          "second": 59,
          "chronology": {
            "id": "ISO",
            "calendarType": "iso8601"
          }
        },
        "lastUpdateTimestampString": {
          "month": "MARCH",
          "year": 2017,
          "dayOfMonth": 2,
          "dayOfWeek": "THURSDAY",
          "dayOfYear": 61,
          "monthValue": 3,
          "hour": 5,
          "minute": 29,
          "nano": 460069300,
          "second": 19,
          "chronology": {
            "id": "ISO",
            "calendarType": "iso8601"
          }
        }
      },
      {
        "serviceTypeCode": "EquiServ",
        "serviceCategoryCode": "IOS",
        "stopReasonCode": null,
        "chargeCode": null,
        "serviceTypeDescription": "Equipment",
        "effectiveTimestamp": {
          "month": "JANUARY",
          "year": 2016,
          "dayOfMonth": 1,
          "dayOfWeek": "FRIDAY",
          "dayOfYear": 1,
          "monthValue": 1,
          "hour": 0,
          "minute": 0,
          "nano": 0,
          "second": 0,
          "chronology": {
            "id": "ISO",
            "calendarType": "iso8601"
          }
        },
        "expirationTimestamp": {
          "month": "DECEMBER",
          "year": 2199,
          "dayOfMonth": 31,
          "dayOfWeek": "TUESDAY",
          "dayOfYear": 365,
          "monthValue": 12,
          "hour": 23,
          "minute": 59,
          "nano": 0,
          "second": 59,
          "chronology": {
            "id": "ISO",
            "calendarType": "iso8601"
          }
        },
        "lastUpdateTimestampString": {
          "month": "MARCH",
          "year": 2017,
          "dayOfMonth": 2,
          "dayOfWeek": "THURSDAY",
          "dayOfYear": 61,
          "monthValue": 3,
          "hour": 5,
          "minute": 29,
          "nano": 460069300,
          "second": 19,
          "chronology": {
            "id": "ISO",
            "calendarType": "iso8601"
          }
        }
      },
      {
        "serviceTypeCode": "RailIntSer",
        "serviceCategoryCode": "IOS",
        "stopReasonCode": null,
        "chargeCode": null,
        "serviceTypeDescription": "Rail Intact Service",
        "effectiveTimestamp": {
          "month": "JANUARY",
          "year": 2016,
          "dayOfMonth": 1,
          "dayOfWeek": "FRIDAY",
          "dayOfYear": 1,
          "monthValue": 1,
          "hour": 0,
          "minute": 0,
          "nano": 0,
          "second": 0,
          "chronology": {
            "id": "ISO",
            "calendarType": "iso8601"
          }
        },
        "expirationTimestamp": {
          "month": "DECEMBER",
          "year": 2199,
          "dayOfMonth": 31,
          "dayOfWeek": "TUESDAY",
          "dayOfYear": 365,
          "monthValue": 12,
          "hour": 23,
          "minute": 59,
          "nano": 0,
          "second": 59,
          "chronology": {
            "id": "ISO",
            "calendarType": "iso8601"
          }
        },
        "lastUpdateTimestampString": {
          "month": "MARCH",
          "year": 2017,
          "dayOfMonth": 2,
          "dayOfWeek": "THURSDAY",
          "dayOfYear": 61,
          "monthValue": 3,
          "hour": 5,
          "minute": 29,
          "nano": 444445700,
          "second": 19,
          "chronology": {
            "id": "ISO",
            "calendarType": "iso8601"
          }
        }
      }
    ]
  }
}