{
  "_embedded" : {
    "unitOfLengthMeasurements" : [ {
      "unitOfLengthMeasurementCode" : "Centimeter",
      "unitOfLengthMeasurementDescription" : "Centimeter",
      "lastUpdateTimestampString" : {
        "dayOfYear" : 79,
        "monthValue" : 3,
        "month" : "MARCH",
        "year" : 2017,
        "dayOfMonth" : 20,
        "dayOfWeek" : "MONDAY",
        "hour" : 11,
        "minute" : 48,
        "nano" : 612600300,
        "second" : 18,
        "chronology" : {
          "id" : "ISO",
          "calendarType" : "iso8601"
        }
      },
      "_links" : {
        "self" : {
          "href" : "http://referencedataservices-dev.jbhunt.com/referencedataservices/unitOfLengthMeasurements/Centimeter"
        },
        "unitOfLengthMeasurement" : {
          "href" : "http://referencedataservices-dev.jbhunt.com/referencedataservices/unitOfLengthMeasurements/Centimeter"
        }
      }
    }, {
      "unitOfLengthMeasurementCode" : "Feet",
      "unitOfLengthMeasurementDescription" : "Feet",
      "lastUpdateTimestampString" : {
        "dayOfYear" : 79,
        "monthValue" : 3,
        "month" : "MARCH",
        "year" : 2017,
        "dayOfMonth" : 20,
        "dayOfWeek" : "MONDAY",
        "hour" : 11,
        "minute" : 48,
        "nano" : 612600300,
        "second" : 18,
        "chronology" : {
          "id" : "ISO",
          "calendarType" : "iso8601"
        }
      },
      "_links" : {
        "self" : {
          "href" : "http://referencedataservices-dev.jbhunt.com/referencedataservices/unitOfLengthMeasurements/Feet"
        },
        "unitOfLengthMeasurement" : {
          "href" : "http://referencedataservices-dev.jbhunt.com/referencedataservices/unitOfLengthMeasurements/Feet"
        }
      }
    }, {
      "unitOfLengthMeasurementCode" : "Inches",
      "unitOfLengthMeasurementDescription" : "Inch",
      "lastUpdateTimestampString" : {
        "dayOfYear" : 79,
        "monthValue" : 3,
        "month" : "MARCH",
        "year" : 2017,
        "dayOfMonth" : 20,
        "dayOfWeek" : "MONDAY",
        "hour" : 11,
        "minute" : 48,
        "nano" : 612600300,
        "second" : 18,
        "chronology" : {
          "id" : "ISO",
          "calendarType" : "iso8601"
        }
      },
      "_links" : {
        "self" : {
          "href" : "http://referencedataservices-dev.jbhunt.com/referencedataservices/unitOfLengthMeasurements/Inches"
        },
        "unitOfLengthMeasurement" : {
          "href" : "http://referencedataservices-dev.jbhunt.com/referencedataservices/unitOfLengthMeasurements/Inches"
        }
      }
    }, {
      "unitOfLengthMeasurementCode" : "Kilometers",
      "unitOfLengthMeasurementDescription" : "Kilometer",
      "lastUpdateTimestampString" : {
        "dayOfYear" : 79,
        "monthValue" : 3,
        "month" : "MARCH",
        "year" : 2017,
        "dayOfMonth" : 20,
        "dayOfWeek" : "MONDAY",
        "hour" : 11,
        "minute" : 48,
        "nano" : 612600300,
        "second" : 18,
        "chronology" : {
          "id" : "ISO",
          "calendarType" : "iso8601"
        }
      },
      "_links" : {
        "self" : {
          "href" : "http://referencedataservices-dev.jbhunt.com/referencedataservices/unitOfLengthMeasurements/Kilometers"
        },
        "unitOfLengthMeasurement" : {
          "href" : "http://referencedataservices-dev.jbhunt.com/referencedataservices/unitOfLengthMeasurements/Kilometers"
        }
      }
    }, {
      "unitOfLengthMeasurementCode" : "Meter",
      "unitOfLengthMeasurementDescription" : "Meter",
      "lastUpdateTimestampString" : {
        "dayOfYear" : 79,
        "monthValue" : 3,
        "month" : "MARCH",
        "year" : 2017,
        "dayOfMonth" : 20,
        "dayOfWeek" : "MONDAY",
        "hour" : 11,
        "minute" : 48,
        "nano" : 612600300,
        "second" : 18,
        "chronology" : {
          "id" : "ISO",
          "calendarType" : "iso8601"
        }
      },
      "_links" : {
        "self" : {
          "href" : "http://referencedataservices-dev.jbhunt.com/referencedataservices/unitOfLengthMeasurements/Meter"
        },
        "unitOfLengthMeasurement" : {
          "href" : "http://referencedataservices-dev.jbhunt.com/referencedataservices/unitOfLengthMeasurements/Meter"
        }
      }
    }, {
      "unitOfLengthMeasurementCode" : "Miles",
      "unitOfLengthMeasurementDescription" : "Miles",
      "lastUpdateTimestampString" : {
        "dayOfYear" : 79,
        "monthValue" : 3,
        "month" : "MARCH",
        "year" : 2017,
        "dayOfMonth" : 20,
        "dayOfWeek" : "MONDAY",
        "hour" : 11,
        "minute" : 48,
        "nano" : 612600300,
        "second" : 18,
        "chronology" : {
          "id" : "ISO",
          "calendarType" : "iso8601"
        }
      },
      "_links" : {
        "self" : {
          "href" : "http://referencedataservices-dev.jbhunt.com/referencedataservices/unitOfLengthMeasurements/Miles"
        },
        "unitOfLengthMeasurement" : {
          "href" : "http://referencedataservices-dev.jbhunt.com/referencedataservices/unitOfLengthMeasurements/Miles"
        }
      }
    } ]
  },
  "_links" : {
    "self" : {
      "href" : "http://referencedataservices-dev.jbhunt.com/referencedataservices/unitOfLengthMeasurements"
    },
    "profile" : {
      "href" : "http://referencedataservices-dev.jbhunt.com/referencedataservices/profile/unitOfLengthMeasurements"
    }
  },
  "page" : {
    "size" : 20,
    "totalElements" : 6,
    "totalPages" : 1,
    "number" : 0
  }
}