{
 "_embedded": {
  "equipmentRequirementSpecificationAssociations": [{
   "equipmentRequirementSpecificationAssociationID": 23,
   "equipmentRequirementType": {
    "equipmentRequirementTypeCode": "PersnalPro",
    "equipmentRequirementTypeDescription": "Personal Protection Equipment",
    "effectiveTimestamp": null,
    "expirationTimestamp": null,
    "lastUpdateTimestampString": null
   },
   "equipmentRequirementSpecification": {
    "equipmentRequirementSpecificationCode": "Cones",
    "equipmentRequirementSpecificationDescription": "Cones",
    "effectiveTimestamp": null,
    "expirationTimestamp": null,
    "lastUpdateTimestampString": null
   },
   "effectiveTimestamp": null,
   "expirationTimestamp": null,
   "equipmentRequirementSpecificationDetail": [{
    "equipmentRequirementSpecificationDetailID": 0,
    "equipmentRequirementSpecificationDetailDescription": null,
    "effectiveTimestamp": null,
    "expirationTimestamp": null,
    "lastUpdateTimestampString": null
   }],
   "lastUpdateTimestampString": null,
   "_links": {
    "self": {
     "href": "http://referencedataservices-dev.jbhunt.com/referencedataservices/equipmentRequirementSpecificationAssociations/23"
    },
    "equipmentRequirementSpecificationAssociation": {
     "href": "http://referencedataservices-dev.jbhunt.com/referencedataservices/equipmentRequirementSpecificationAssociations/23"
    },
    "equipmentClassificationTypeRequirementAssociations": {
     "href": "http://referencedataservices-dev.jbhunt.com/referencedataservices/equipmentRequirementSpecificationAssociations/23/equipmentClassificationTypeRequirementAssociations"
    }
   }
  }, {
   "equipmentRequirementSpecificationAssociationID": 24,
   "equipmentRequirementType": {
    "equipmentRequirementTypeCode": "PersnalPro",
    "equipmentRequirementTypeDescription": "Personal Protection Equipment",
    "effectiveTimestamp": null,
    "expirationTimestamp": null,
    "lastUpdateTimestampString": null
   },
   "equipmentRequirementSpecification": {
    "equipmentRequirementSpecificationCode": "Flares",
    "equipmentRequirementSpecificationDescription": "Flares",
    "effectiveTimestamp": null,
    "expirationTimestamp": null,
    "lastUpdateTimestampString": null
   },
   "effectiveTimestamp": null,
   "expirationTimestamp": null,
   "equipmentRequirementSpecificationDetail": [{
    "equipmentRequirementSpecificationDetailID": 0,
    "equipmentRequirementSpecificationDetailDescription": null,
    "effectiveTimestamp": null,
    "expirationTimestamp": null,
    "lastUpdateTimestampString": null
   }],
   "lastUpdateTimestampString": null,
   "_links": {
    "self": {
     "href": "http://referencedataservices-dev.jbhunt.com/referencedataservices/equipmentRequirementSpecificationAssociations/24"
    },
    "equipmentRequirementSpecificationAssociation": {
     "href": "http://referencedataservices-dev.jbhunt.com/referencedataservices/equipmentRequirementSpecificationAssociations/24"
    },
    "equipmentClassificationTypeRequirementAssociations": {
     "href": "http://referencedataservices-dev.jbhunt.com/referencedataservices/equipmentRequirementSpecificationAssociations/24/equipmentClassificationTypeRequirementAssociations"
    }
   }
  }, {
   "equipmentRequirementSpecificationAssociationID": 22,
   "equipmentRequirementType": {
    "equipmentRequirementTypeCode": "PersnalPro",
    "equipmentRequirementTypeDescription": "Personal Protection Equipment",
    "effectiveTimestamp": null,
    "expirationTimestamp": null,
    "lastUpdateTimestampString": null
   },
   "equipmentRequirementSpecification": {
    "equipmentRequirementSpecificationCode": "Gloves",
    "equipmentRequirementSpecificationDescription": "Gloves",
    "effectiveTimestamp": null,
    "expirationTimestamp": null,
    "lastUpdateTimestampString": null
   },
   "effectiveTimestamp": null,
   "expirationTimestamp": null,
   "equipmentRequirementSpecificationDetail": [{
    "equipmentRequirementSpecificationDetailID": 0,
    "equipmentRequirementSpecificationDetailDescription": null,
    "effectiveTimestamp": null,
    "expirationTimestamp": null,
    "lastUpdateTimestampString": null
   }],
   "lastUpdateTimestampString": null,
   "_links": {
    "self": {
     "href": "http://referencedataservices-dev.jbhunt.com/referencedataservices/equipmentRequirementSpecificationAssociations/22"
    },
    "equipmentRequirementSpecificationAssociation": {
     "href": "http://referencedataservices-dev.jbhunt.com/referencedataservices/equipmentRequirementSpecificationAssociations/22"
    },
    "equipmentClassificationTypeRequirementAssociations": {
     "href": "http://referencedataservices-dev.jbhunt.com/referencedataservices/equipmentRequirementSpecificationAssociations/22/equipmentClassificationTypeRequirementAssociations"
    }
   }
  }, {
   "equipmentRequirementSpecificationAssociationID": 18,
   "equipmentRequirementType": {
    "equipmentRequirementTypeCode": "PersnalPro",
    "equipmentRequirementTypeDescription": "Personal Protection Equipment",
    "effectiveTimestamp": null,
    "expirationTimestamp": null,
    "lastUpdateTimestampString": null
   },
   "equipmentRequirementSpecification": {
    "equipmentRequirementSpecificationCode": "Hard Hat",
    "equipmentRequirementSpecificationDescription": "Hard Hat",
    "effectiveTimestamp": null,
    "expirationTimestamp": null,
    "lastUpdateTimestampString": null
   },
   "effectiveTimestamp": null,
   "expirationTimestamp": null,
   "equipmentRequirementSpecificationDetail": [{
    "equipmentRequirementSpecificationDetailID": 0,
    "equipmentRequirementSpecificationDetailDescription": null,
    "effectiveTimestamp": null,
    "expirationTimestamp": null,
    "lastUpdateTimestampString": null
   }],
   "lastUpdateTimestampString": null,
   "_links": {
    "self": {
     "href": "http://referencedataservices-dev.jbhunt.com/referencedataservices/equipmentRequirementSpecificationAssociations/18"
    },
    "equipmentRequirementSpecificationAssociation": {
     "href": "http://referencedataservices-dev.jbhunt.com/referencedataservices/equipmentRequirementSpecificationAssociations/18"
    },
    "equipmentClassificationTypeRequirementAssociations": {
     "href": "http://referencedataservices-dev.jbhunt.com/referencedataservices/equipmentRequirementSpecificationAssociations/18/equipmentClassificationTypeRequirementAssociations"
    }
   }
  }, {
   "equipmentRequirementSpecificationAssociationID": 19,
   "equipmentRequirementType": {
    "equipmentRequirementTypeCode": "PersnalPro",
    "equipmentRequirementTypeDescription": "Personal Protection Equipment",
    "effectiveTimestamp": null,
    "expirationTimestamp": null,
    "lastUpdateTimestampString": null
   },
   "equipmentRequirementSpecification": {
    "equipmentRequirementSpecificationCode": "SafetyGlas",
    "equipmentRequirementSpecificationDescription": "Safety Glasses",
    "effectiveTimestamp": null,
    "expirationTimestamp": null,
    "lastUpdateTimestampString": null
   },
   "effectiveTimestamp": null,
   "expirationTimestamp": null,
   "equipmentRequirementSpecificationDetail": [{
    "equipmentRequirementSpecificationDetailID": 0,
    "equipmentRequirementSpecificationDetailDescription": null,
    "effectiveTimestamp": null,
    "expirationTimestamp": null,
    "lastUpdateTimestampString": null
   }],
   "lastUpdateTimestampString": null,
   "_links": {
    "self": {
     "href": "http://referencedataservices-dev.jbhunt.com/referencedataservices/equipmentRequirementSpecificationAssociations/19"
    },
    "equipmentRequirementSpecificationAssociation": {
     "href": "http://referencedataservices-dev.jbhunt.com/referencedataservices/equipmentRequirementSpecificationAssociations/19"
    },
    "equipmentClassificationTypeRequirementAssociations": {
     "href": "http://referencedataservices-dev.jbhunt.com/referencedataservices/equipmentRequirementSpecificationAssociations/19/equipmentClassificationTypeRequirementAssociations"
    }
   }
  }, {
   "equipmentRequirementSpecificationAssociationID": 20,
   "equipmentRequirementType": {
    "equipmentRequirementTypeCode": "PersnalPro",
    "equipmentRequirementTypeDescription": "Personal Protection Equipment",
    "effectiveTimestamp": null,
    "expirationTimestamp": null,
    "lastUpdateTimestampString": null
   },
   "equipmentRequirementSpecification": {
    "equipmentRequirementSpecificationCode": "SteelToedB",
    "equipmentRequirementSpecificationDescription": "Steel Toed Boots",
    "effectiveTimestamp": null,
    "expirationTimestamp": null,
    "lastUpdateTimestampString": null
   },
   "effectiveTimestamp": null,
   "expirationTimestamp": null,
   "equipmentRequirementSpecificationDetail": [{
    "equipmentRequirementSpecificationDetailID": 0,
    "equipmentRequirementSpecificationDetailDescription": null,
    "effectiveTimestamp": null,
    "expirationTimestamp": null,
    "lastUpdateTimestampString": null
   }],
   "lastUpdateTimestampString": null,
   "_links": {
    "self": {
     "href": "http://referencedataservices-dev.jbhunt.com/referencedataservices/equipmentRequirementSpecificationAssociations/20"
    },
    "equipmentRequirementSpecificationAssociation": {
     "href": "http://referencedataservices-dev.jbhunt.com/referencedataservices/equipmentRequirementSpecificationAssociations/20"
    },
    "equipmentClassificationTypeRequirementAssociations": {
     "href": "http://referencedataservices-dev.jbhunt.com/referencedataservices/equipmentRequirementSpecificationAssociations/20/equipmentClassificationTypeRequirementAssociations"
    }
   }
  }, {
   "equipmentRequirementSpecificationAssociationID": 21,
   "equipmentRequirementType": {
    "equipmentRequirementTypeCode": "PersnalPro",
    "equipmentRequirementTypeDescription": "Personal Protection Equipment",
    "effectiveTimestamp": null,
    "expirationTimestamp": null,
    "lastUpdateTimestampString": null
   },
   "equipmentRequirementSpecification": {
    "equipmentRequirementSpecificationCode": "Vest",
    "equipmentRequirementSpecificationDescription": "Vest",
    "effectiveTimestamp": null,
    "expirationTimestamp": null,
    "lastUpdateTimestampString": null
   },
   "effectiveTimestamp": null,
   "expirationTimestamp": null,
   "equipmentRequirementSpecificationDetail": [{
    "equipmentRequirementSpecificationDetailID": 0,
    "equipmentRequirementSpecificationDetailDescription": null,
    "effectiveTimestamp": null,
    "expirationTimestamp": null,
    "lastUpdateTimestampString": null
   }],
   "lastUpdateTimestampString": null,
   "_links": {
    "self": {
     "href": "http://referencedataservices-dev.jbhunt.com/referencedataservices/equipmentRequirementSpecificationAssociations/21"
    },
    "equipmentRequirementSpecificationAssociation": {
     "href": "http://referencedataservices-dev.jbhunt.com/referencedataservices/equipmentRequirementSpecificationAssociations/21"
    },
    "equipmentClassificationTypeRequirementAssociations": {
     "href": "http://referencedataservices-dev.jbhunt.com/referencedataservices/equipmentRequirementSpecificationAssociations/21/equipmentClassificationTypeRequirementAssociations"
    }
   }
  }]
 },
 "_links": {
  "self": {
   "href": "http://referencedataservices-dev.jbhunt.com/referencedataservices/equipmentRequirementSpecificationAssociations/search/findDefaultRequirements"
  }
 }
}