[{
	"Level": "ICS Brokerage",
	"Charge": "Spot Rate",
	"UnitRate": "Manual Rate",
	"Amount": "$23",
	"Quantity":"4",
	"Commodity":"SKDSTC 12 CTN",
	"Class":"56",
	"RatingClass":"34",
	"Weight":"1",
	"Rate":"$1212",
	"RateType":"Per 100 WT",
	"Total":"50",
	"HandlingType":"Pallet",
	"HandlingQuantity":"2"
}, {
	"Level": "ICS Brokerage1",
	"Charge": "Market  Rate",
	"UnitRate": "$23.00",
	"Amount": "$13",
	"Quantity":"2",
	"Commodity":"SDF 34 DFR",
	"Class":"34",
	"RatingClass":"67",
	"Weight":"4",
	"Rate":"$89",
	"RateType":"Per ER 34",
	"Total":"$56",
	"HandlingType":"Pallet",
	"HandlingQuantity":"8"
}, {
	"Level": "ICS Brokerage2",
	"Charge": "Published   Rate",
	"UnitRate": "$67.00",
	"Amount": "$89",
	"Quantity":"4",
	"Commodity":"SDF 34 DFR",
	"Class":"344",
	"RatingClass":"167",
	"Weight":"14",
	"Rate":"$829",
	"RateType":"Per ER 34",
	"Total":"$586",
	"HandlingType":"Pallet",
	"HandlingQuantity":"87"
}, {
	"Level": "ICS Brokerage3",
	"Charge": "Market  Rate",
	"UnitRate": "$93.00",
	"Amount": "$45",
	"Quantity":"10",
	"Commodity":"EWE 34 DFR",
	"Class":"67",
	"RatingClass":"89",
	"Weight":"14",
	"Rate":"$849",
	"RateType":"DF ER 34",
	"Total":"$56",
	"HandlingType":"Pallet",
	"HandlingQuantity":"18"
}]