{
	"Order": [{
		"referenceNumberTypeDescription": "Shipment Identifier Reference",
		"referenceNumber": {
			"@id": 1,
			"referenceNumberID": 1,
			"referenceNumberTypeCode": "ShipID",
			"referenceNumberValue": "R001",
			"referenceNumberLevelTypeCode": "ORDER",
			"order": null,
			"lastUpdateTimestampString": null
		},
		"firstName": null,
		"lastName": null,
		"stopLocationCode": null,
		"stopSequenceNumber": null,
		"stopID": null,
		"lastUpdateTimestamp": [
			2017,
			4,
			1,
			1,
			45,
			12,
			687000000
		],
		"referenceNumberDTOs": null
	}, {
		"referenceNumberTypeDescription": "Purchase Order Number Reference",
		"referenceNumber": {
			"@id": 2,
			"referenceNumberID": 2,
			"referenceNumberTypeCode": "PONumber",
			"referenceNumberValue": "R001",
			"referenceNumberLevelTypeCode": "ORDER",
			"order": null,
			"lastUpdateTimestampString": null
		},
		"firstName": null,
		"lastName": null,
		"stopLocationCode": null,
		"stopSequenceNumber": null,
		"stopID": null,
		"lastUpdateTimestamp": [
			2017,
			4,
			1,
			1,
			45,
			19,
			925000000
		],
		"referenceNumberDTOs": null
	}, {
		"referenceNumberTypeDescription": "Bill Of Lading Reference",
		"referenceNumber": {
			"@id": 3,
			"referenceNumberID": 3,
			"referenceNumberTypeCode": "BOL",
			"referenceNumberValue": "R001",
			"referenceNumberLevelTypeCode": "ORDER",
			"order": null,
			"lastUpdateTimestampString": null
		},
		"firstName": null,
		"lastName": null,
		"stopLocationCode": null,
		"stopSequenceNumber": null,
		"stopID": null,
		"lastUpdateTimestamp": [
			2017,
			4,
			1,
			1,
			45,
			23,
			817000000
		],
		"referenceNumberDTOs": null
	}, {
		"referenceNumberTypeDescription": "Shipment Identifier Reference",
		"referenceNumber": {
			"@id": 4,
			"referenceNumberID": 20,
			"referenceNumberTypeCode": "ShipID",
			"referenceNumberValue": "R101",
			"referenceNumberLevelTypeCode": "ORDER",
			"order": null,
			"lastUpdateTimestampString": null
		},
		"firstName": null,
		"lastName": null,
		"stopLocationCode": null,
		"stopSequenceNumber": null,
		"stopID": null,
		"lastUpdateTimestamp": [
			2017,
			4,
			3,
			4,
			23,
			37,
			638000000
		],
		"referenceNumberDTOs": null
	}, {
		"referenceNumberTypeDescription": "Shipment Identifier Reference",
		"referenceNumber": {
			"@id": 5,
			"referenceNumberID": 21,
			"referenceNumberTypeCode": "ShipID",
			"referenceNumberValue": "R101",
			"referenceNumberLevelTypeCode": "ORDER",
			"order": null,
			"lastUpdateTimestampString": null
		},
		"firstName": null,
		"lastName": null,
		"stopLocationCode": null,
		"stopSequenceNumber": null,
		"stopID": null,
		"lastUpdateTimestamp": [
			2017,
			4,
			3,
			4,
			27,
			4,
			415000000
		],
		"referenceNumberDTOs": null
	}],
	"Stop": [{
		"referenceNumberTypeDescription": "Shipment Identifier Reference",
		"referenceNumber": {
			"@id": 6,
			"referenceNumberID": 4,
			"referenceNumberTypeCode": "ShipID",
			"referenceNumberValue": "R001",
			"referenceNumberLevelTypeCode": "STOP",
			"order": null,
			"stop": null,
			"associatedReferenceNumber": null,
			"lastUpdateTimestampString": null
		},
		"firstName": null,
		"lastName": null,
		"stopLocationCode": "12345",
		"stopSequenceNumber": 1,
		"stopID": 1,
		"lastUpdateTimestamp": [
			2017,
			4,
			1,
			1,
			46,
			38,
			499000000
		],
		"referenceNumberDTOs": [{
			"referenceNumberTypeDescription": "Purchase Order Number Reference",
			"referenceNumber": {
				"@id": 7,
				"referenceNumberID": 5,
				"referenceNumberTypeCode": "PONumber",
				"referenceNumberValue": "R001",
				"referenceNumberLevelTypeCode": "STOP",
				"order": null,
				"stop": null,
				"associatedReferenceNumber": null,
				"lastUpdateTimestampString": null
			},
			"firstName": null,
			"lastName": null,
			"stopLocationCode": "12345",
			"stopSequenceNumber": 1,
			"stopID": 1,
			"lastUpdateTimestamp": [
				2017,
				4,
				1,
				1,
				46,
				53,
				184000000
			],
			"referenceNumberDTOs": [{
				"referenceNumberTypeDescription": "Account Representative Number Reference",
				"referenceNumber": {
					"@id": 8,
					"referenceNumberID": 7,
					"referenceNumberTypeCode": "ARN33",
					"referenceNumberValue": "R001",
					"referenceNumberLevelTypeCode": "STOP",
					"order": null,
					"stop": null,
					"associatedReferenceNumber": null,
					"lastUpdateTimestampString": null
				},
				"firstName": null,
				"lastName": null,
				"stopLocationCode": "12345",
				"stopSequenceNumber": 1,
				"stopID": 1,
				"lastUpdateTimestamp": [
					2017,
					4,
					1,
					2,
					26,
					44,
					27000000
				],
				"referenceNumberDTOs": [{
					"referenceNumberTypeDescription": "Shipment Identifier Number Reference",
					"referenceNumber": {
						"@id": 9,
						"referenceNumberID": 11,
						"referenceNumberTypeCode": "ShipIDNbr",
						"referenceNumberValue": "R001",
						"referenceNumberLevelTypeCode": "STOP",
						"order": null,
						"stop": null,
						"associatedReferenceNumber": null,
						"lastUpdateTimestampString": null
					},
					"firstName": null,
					"lastName": null,
					"stopLocationCode": "12345",
					"stopSequenceNumber": 1,
					"stopID": 1,
					"lastUpdateTimestamp": [
						2017,
						4,
						1,
						2,
						27,
						39,
						638000000
					],
					"referenceNumberDTOs": [{
						"referenceNumberTypeDescription": "Transaction Number Reference",
						"referenceNumber": {
							"@id": 10,
							"referenceNumberID": 13,
							"referenceNumberTypeCode": "TranNbr",
							"referenceNumberValue": "R101",
							"referenceNumberLevelTypeCode": "STOP",
							"order": null,
							"stop": null,
							"associatedReferenceNumber": null,
							"lastUpdateTimestampString": null
						},
						"firstName": null,
						"lastName": null,
						"stopLocationCode": "12345",
						"stopSequenceNumber": 1,
						"stopID": 1,
						"lastUpdateTimestamp": [
							2017,
							4,
							1,
							2,
							28,
							5,
							238000000
						],
						"referenceNumberDTOs": null
					}]
				}]
			}, {
				"referenceNumberTypeDescription": "Account Representative Number",
				"referenceNumber": {
					"@id": 11,
					"referenceNumberID": 8,
					"referenceNumberTypeCode": "ARNTesting",
					"referenceNumberValue": "R001",
					"referenceNumberLevelTypeCode": "STOP",
					"order": null,
					"stop": null,
					"associatedReferenceNumber": null,
					"lastUpdateTimestampString": null
				},
				"firstName": null,
				"lastName": null,
				"stopLocationCode": "12345",
				"stopSequenceNumber": 1,
				"stopID": 1,
				"lastUpdateTimestamp": [
					2017,
					4,
					1,
					2,
					26,
					53,
					821000000
				],
				"referenceNumberDTOs": [{
					"referenceNumberTypeDescription": "Shipment Identifier Reference",
					"referenceNumber": {
						"@id": 12,
						"referenceNumberID": 12,
						"referenceNumberTypeCode": "ShipID",
						"referenceNumberValue": "R101",
						"referenceNumberLevelTypeCode": "STOP",
						"order": null,
						"stop": null,
						"associatedReferenceNumber": null,
						"lastUpdateTimestampString": null
					},
					"firstName": null,
					"lastName": null,
					"stopLocationCode": "12345",
					"stopSequenceNumber": 1,
					"stopID": 1,
					"lastUpdateTimestamp": [
						2017,
						4,
						1,
						2,
						27,
						48,
						241000000
					],
					"referenceNumberDTOs": null
				}]
			}]
		}, {
			"referenceNumberTypeDescription": "Bill Of Lading Reference",
			"referenceNumber": {
				"@id": 13,
				"referenceNumberID": 6,
				"referenceNumberTypeCode": "BOL",
				"referenceNumberValue": "R001",
				"referenceNumberLevelTypeCode": "STOP",
				"order": null,
				"stop": null,
				"associatedReferenceNumber": null,
				"lastUpdateTimestampString": null
			},
			"firstName": null,
			"lastName": null,
			"stopLocationCode": "12345",
			"stopSequenceNumber": 1,
			"stopID": 1,
			"lastUpdateTimestamp": [
				2017,
				4,
				1,
				1,
				48,
				53,
				94000000
			],
			"referenceNumberDTOs": [{
				"referenceNumberTypeDescription": "Pickup Number Reference",
				"referenceNumber": {
					"@id": 14,
					"referenceNumberID": 9,
					"referenceNumberTypeCode": "PkupNbr",
					"referenceNumberValue": "R001",
					"referenceNumberLevelTypeCode": "STOP",
					"order": null,
					"stop": null,
					"associatedReferenceNumber": null,
					"lastUpdateTimestampString": null
				},
				"firstName": null,
				"lastName": null,
				"stopLocationCode": "12345",
				"stopSequenceNumber": 1,
				"stopID": 1,
				"lastUpdateTimestamp": [
					2017,
					4,
					1,
					2,
					27,
					18,
					777000000
				],
				"referenceNumberDTOs": null
			}, {
				"referenceNumberTypeDescription": "Sapord Number Reference",
				"referenceNumber": {
					"@id": 15,
					"referenceNumberID": 10,
					"referenceNumberTypeCode": "SapordNbr",
					"referenceNumberValue": "R001",
					"referenceNumberLevelTypeCode": "STOP",
					"order": null,
					"stop": null,
					"associatedReferenceNumber": null,
					"lastUpdateTimestampString": null
				},
				"firstName": null,
				"lastName": null,
				"stopLocationCode": "12345",
				"stopSequenceNumber": 1,
				"stopID": 1,
				"lastUpdateTimestamp": [
					2017,
					4,
					1,
					2,
					27,
					30,
					574000000
				],
				"referenceNumberDTOs": null
			}]
		}]
	}]
}