{

  "_embedded": {

    "orderTypeSubTypeAssociations": [

      {

        "orderSubTypeCode": "CPU",

        "orderSubTypeDescription": "Customer Arranged Pickup"


      },

      {

        "orderSubTypeCode": "PFT",

        "orderSubTypeDescription": "Private Fleet"


      },

      {

        "orderSubTypeCode": "SPP",

        "orderSubTypeDescription": "Small Package Parcel"



      },

      {

        "orderSubTypeCode": "CLC",

        "orderSubTypeDescription": "Customer Collecting From Customer’s Customer"

      },

      {

        "orderSubTypeCode": "EXCL",

        "orderSubTypeDescription": "Exclude From Planning Process But Still Needed For Reporting"


      },

      {

        "orderSubTypeCode": "TPB",

        "orderSubTypeDescription": "Third Party Billing"


      }

    ]

  }




}