{
  "_embedded" : {
    "serviceTypes" : [ {
      "serviceTypeCode" : "Adm9",
      "serviceCategoryCode" : "ReqServ",
      "chargeCode" : null,
      "serviceTypeDescription" : "Test Shipment1",
      "effectiveTimestamp" : "2017-04-19T00:42:30.281",
      "expirationTimestamp" : "2099-12-31T23:59",
      "lastUpdateTimestampString" : {
        "dayOfYear" : 109,
        "monthValue" : 4,
        "month" : "APRIL",
        "year" : 2017,
        "dayOfMonth" : 19,
        "dayOfWeek" : "WEDNESDAY",
        "hour" : 0,
        "minute" : 43,
        "nano" : 776000000,
        "second" : 27,
        "chronology" : {
          "id" : "ISO",
          "calendarType" : "iso8601"
        }
      },
      "_links" : {
        "self" : {
          "href" : "https://supplychainmanagement-dev.jbhunt.com/supplychainmanagement/ordermanagementreferencedataservices/serviceTypes/Adm9"
        },
        "serviceType" : {
          "href" : "https://supplychainmanagement-dev.jbhunt.com/supplychainmanagement/ordermanagementreferencedataservices/serviceTypes/Adm9{?projection}",
          "templated" : true
        }
      }
    }, {
      "serviceTypeCode" : "Admi1",
      "serviceCategoryCode" : "ReqServ",
      "chargeCode" : null,
      "serviceTypeDescription" : "Test Shipment1",
      "effectiveTimestamp" : "2017-04-17T08:40:29.679",
      "expirationTimestamp" : "2099-12-31T23:59",
      "lastUpdateTimestampString" : {
        "dayOfYear" : 107,
        "monthValue" : 4,
        "month" : "APRIL",
        "year" : 2017,
        "dayOfMonth" : 17,
        "dayOfWeek" : "MONDAY",
        "hour" : 8,
        "minute" : 40,
        "nano" : 692000000,
        "second" : 29,
        "chronology" : {
          "id" : "ISO",
          "calendarType" : "iso8601"
        }
      },
      "_links" : {
        "self" : {
          "href" : "https://supplychainmanagement-dev.jbhunt.com/supplychainmanagement/ordermanagementreferencedataservices/serviceTypes/Admi1"
        },
        "serviceType" : {
          "href" : "https://supplychainmanagement-dev.jbhunt.com/supplychainmanagement/ordermanagementreferencedataservices/serviceTypes/Admi1{?projection}",
          "templated" : true
        }
      }
    }, {
      "serviceTypeCode" : "Admi2",
      "serviceCategoryCode" : "ReqServ",
      "chargeCode" : null,
      "serviceTypeDescription" : "Test Shipment1",
      "effectiveTimestamp" : "2017-04-17T08:44:04.920",
      "expirationTimestamp" : "2099-12-31T23:59",
      "lastUpdateTimestampString" : {
        "dayOfYear" : 107,
        "monthValue" : 4,
        "month" : "APRIL",
        "year" : 2017,
        "dayOfMonth" : 17,
        "dayOfWeek" : "MONDAY",
        "hour" : 8,
        "minute" : 44,
        "nano" : 924000000,
        "second" : 4,
        "chronology" : {
          "id" : "ISO",
          "calendarType" : "iso8601"
        }
      },
      "_links" : {
        "self" : {
          "href" : "https://supplychainmanagement-dev.jbhunt.com/supplychainmanagement/ordermanagementreferencedataservices/serviceTypes/Admi2"
        },
        "serviceType" : {
          "href" : "https://supplychainmanagement-dev.jbhunt.com/supplychainmanagement/ordermanagementreferencedataservices/serviceTypes/Admi2{?projection}",
          "templated" : true
        }
      }
    }, {
      "serviceTypeCode" : "Admi3",
      "serviceCategoryCode" : "ReqServ",
      "chargeCode" : null,
      "serviceTypeDescription" : "Test Shipment1",
      "effectiveTimestamp" : "2017-04-17T09:10:18.084",
      "expirationTimestamp" : "2099-12-31T23:59",
      "lastUpdateTimestampString" : {
        "dayOfYear" : 107,
        "monthValue" : 4,
        "month" : "APRIL",
        "year" : 2017,
        "dayOfMonth" : 17,
        "dayOfWeek" : "MONDAY",
        "hour" : 9,
        "minute" : 10,
        "nano" : 92000000,
        "second" : 18,
        "chronology" : {
          "id" : "ISO",
          "calendarType" : "iso8601"
        }
      },
      "_links" : {
        "self" : {
          "href" : "https://supplychainmanagement-dev.jbhunt.com/supplychainmanagement/ordermanagementreferencedataservices/serviceTypes/Admi3"
        },
        "serviceType" : {
          "href" : "https://supplychainmanagement-dev.jbhunt.com/supplychainmanagement/ordermanagementreferencedataservices/serviceTypes/Admi3{?projection}",
          "templated" : true
        }
      }
    }, {
      "serviceTypeCode" : "Admi7",
      "serviceCategoryCode" : "ReqServ",
      "chargeCode" : null,
      "serviceTypeDescription" : "Test Shipment1",
      "effectiveTimestamp" : "2017-04-18T09:49:16.110",
      "expirationTimestamp" : "2099-12-31T23:59",
      "lastUpdateTimestampString" : {
        "dayOfYear" : 108,
        "monthValue" : 4,
        "month" : "APRIL",
        "year" : 2017,
        "dayOfMonth" : 18,
        "dayOfWeek" : "TUESDAY",
        "hour" : 9,
        "minute" : 49,
        "nano" : 117000000,
        "second" : 16,
        "chronology" : {
          "id" : "ISO",
          "calendarType" : "iso8601"
        }
      },
      "_links" : {
        "self" : {
          "href" : "https://supplychainmanagement-dev.jbhunt.com/supplychainmanagement/ordermanagementreferencedataservices/serviceTypes/Admi7"
        },
        "serviceType" : {
          "href" : "https://supplychainmanagement-dev.jbhunt.com/supplychainmanagement/ordermanagementreferencedataservices/serviceTypes/Admi7{?projection}",
          "templated" : true
        }
      }
    }, {
      "serviceTypeCode" : "Admi8",
      "serviceCategoryCode" : "ReqServ",
      "chargeCode" : null,
      "serviceTypeDescription" : "Test Shipment1",
      "effectiveTimestamp" : "2017-04-19T00:15:35.448",
      "expirationTimestamp" : "2099-12-31T23:59",
      "lastUpdateTimestampString" : {
        "dayOfYear" : 109,
        "monthValue" : 4,
        "month" : "APRIL",
        "year" : 2017,
        "dayOfMonth" : 19,
        "dayOfWeek" : "WEDNESDAY",
        "hour" : 0,
        "minute" : 15,
        "nano" : 454000000,
        "second" : 35,
        "chronology" : {
          "id" : "ISO",
          "calendarType" : "iso8601"
        }
      },
      "_links" : {
        "self" : {
          "href" : "https://supplychainmanagement-dev.jbhunt.com/supplychainmanagement/ordermanagementreferencedataservices/serviceTypes/Admi8"
        },
        "serviceType" : {
          "href" : "https://supplychainmanagement-dev.jbhunt.com/supplychainmanagement/ordermanagementreferencedataservices/serviceTypes/Admi8{?projection}",
          "templated" : true
        }
      }
    }, {
      "serviceTypeCode" : "Admi9",
      "serviceCategoryCode" : "ReqServ",
      "chargeCode" : null,
      "serviceTypeDescription" : "Test Shipment1",
      "effectiveTimestamp" : "2017-04-19T00:39:07.900",
      "expirationTimestamp" : "2099-12-31T23:59",
      "lastUpdateTimestampString" : {
        "dayOfYear" : 109,
        "monthValue" : 4,
        "month" : "APRIL",
        "year" : 2017,
        "dayOfMonth" : 19,
        "dayOfWeek" : "WEDNESDAY",
        "hour" : 0,
        "minute" : 39,
        "nano" : 214000000,
        "second" : 31,
        "chronology" : {
          "id" : "ISO",
          "calendarType" : "iso8601"
        }
      },
      "_links" : {
        "self" : {
          "href" : "https://supplychainmanagement-dev.jbhunt.com/supplychainmanagement/ordermanagementreferencedataservices/serviceTypes/Admi9"
        },
        "serviceType" : {
          "href" : "https://supplychainmanagement-dev.jbhunt.com/supplychainmanagement/ordermanagementreferencedataservices/serviceTypes/Admi9{?projection}",
          "templated" : true
        }
      }
    }, {
      "serviceTypeCode" : "Admin2",
      "serviceCategoryCode" : "ReqServ",
      "chargeCode" : null,
      "serviceTypeDescription" : "Test Shipment1",
      "effectiveTimestamp" : "2017-04-18T09:48:01.889",
      "expirationTimestamp" : "2099-12-31T23:59",
      "lastUpdateTimestampString" : {
        "dayOfYear" : 108,
        "monthValue" : 4,
        "month" : "APRIL",
        "year" : 2017,
        "dayOfMonth" : 18,
        "dayOfWeek" : "TUESDAY",
        "hour" : 9,
        "minute" : 48,
        "nano" : 43000000,
        "second" : 2,
        "chronology" : {
          "id" : "ISO",
          "calendarType" : "iso8601"
        }
      },
      "_links" : {
        "self" : {
          "href" : "https://supplychainmanagement-dev.jbhunt.com/supplychainmanagement/ordermanagementreferencedataservices/serviceTypes/Admin2"
        },
        "serviceType" : {
          "href" : "https://supplychainmanagement-dev.jbhunt.com/supplychainmanagement/ordermanagementreferencedataservices/serviceTypes/Admin2{?projection}",
          "templated" : true
        }
      }
    }, {
      "serviceTypeCode" : "Admin3",
      "serviceCategoryCode" : "ReqServ",
      "chargeCode" : null,
      "serviceTypeDescription" : "Test Shipment1",
      "effectiveTimestamp" : "2017-04-08T03:00:40.001",
      "expirationTimestamp" : "2099-12-31T23:59",
      "lastUpdateTimestampString" : {
        "dayOfYear" : 98,
        "monthValue" : 4,
        "month" : "APRIL",
        "year" : 2017,
        "dayOfMonth" : 8,
        "dayOfWeek" : "SATURDAY",
        "hour" : 3,
        "minute" : 0,
        "nano" : 626000000,
        "second" : 52,
        "chronology" : {
          "id" : "ISO",
          "calendarType" : "iso8601"
        }
      },
      "_links" : {
        "self" : {
          "href" : "https://supplychainmanagement-dev.jbhunt.com/supplychainmanagement/ordermanagementreferencedataservices/serviceTypes/Admin3"
        },
        "serviceType" : {
          "href" : "https://supplychainmanagement-dev.jbhunt.com/supplychainmanagement/ordermanagementreferencedataservices/serviceTypes/Admin3{?projection}",
          "templated" : true
        }
      }
    }, {
      "serviceTypeCode" : "Admin4",
      "serviceCategoryCode" : "ReqServ",
      "chargeCode" : null,
      "serviceTypeDescription" : "Test Shipment1",
      "effectiveTimestamp" : "2017-04-11T00:51:39.059",
      "expirationTimestamp" : "2017-04-19T00:36:25.389",
      "lastUpdateTimestampString" : {
        "dayOfYear" : 109,
        "monthValue" : 4,
        "month" : "APRIL",
        "year" : 2017,
        "dayOfMonth" : 19,
        "dayOfWeek" : "WEDNESDAY",
        "hour" : 0,
        "minute" : 36,
        "nano" : 49000000,
        "second" : 26,
        "chronology" : {
          "id" : "ISO",
          "calendarType" : "iso8601"
        }
      },
      "_links" : {
        "self" : {
          "href" : "https://supplychainmanagement-dev.jbhunt.com/supplychainmanagement/ordermanagementreferencedataservices/serviceTypes/Admin4"
        },
        "serviceType" : {
          "href" : "https://supplychainmanagement-dev.jbhunt.com/supplychainmanagement/ordermanagementreferencedataservices/serviceTypes/Admin4{?projection}",
          "templated" : true
        }
      }
    }, {
      "serviceTypeCode" : "Admin5",
      "serviceCategoryCode" : "ReqServ",
      "chargeCode" : null,
      "serviceTypeDescription" : "Test Shipment1",
      "effectiveTimestamp" : "2017-04-11T01:22:28.320",
      "expirationTimestamp" : "2099-12-31T23:59",
      "lastUpdateTimestampString" : {
        "dayOfYear" : 101,
        "monthValue" : 4,
        "month" : "APRIL",
        "year" : 2017,
        "dayOfMonth" : 11,
        "dayOfWeek" : "TUESDAY",
        "hour" : 1,
        "minute" : 22,
        "nano" : 328000000,
        "second" : 28,
        "chronology" : {
          "id" : "ISO",
          "calendarType" : "iso8601"
        }
      },
      "_links" : {
        "self" : {
          "href" : "https://supplychainmanagement-dev.jbhunt.com/supplychainmanagement/ordermanagementreferencedataservices/serviceTypes/Admin5"
        },
        "serviceType" : {
          "href" : "https://supplychainmanagement-dev.jbhunt.com/supplychainmanagement/ordermanagementreferencedataservices/serviceTypes/Admin5{?projection}",
          "templated" : true
        }
      }
    }, {
      "serviceTypeCode" : "Admin6",
      "serviceCategoryCode" : "ReqServ",
      "chargeCode" : null,
      "serviceTypeDescription" : "Test Shipment1",
      "effectiveTimestamp" : "2017-04-17T08:08:31.587",
      "expirationTimestamp" : "2099-12-31T23:59",
      "lastUpdateTimestampString" : {
        "dayOfYear" : 107,
        "monthValue" : 4,
        "month" : "APRIL",
        "year" : 2017,
        "dayOfMonth" : 17,
        "dayOfWeek" : "MONDAY",
        "hour" : 8,
        "minute" : 8,
        "nano" : 907000000,
        "second" : 31,
        "chronology" : {
          "id" : "ISO",
          "calendarType" : "iso8601"
        }
      },
      "_links" : {
        "self" : {
          "href" : "https://supplychainmanagement-dev.jbhunt.com/supplychainmanagement/ordermanagementreferencedataservices/serviceTypes/Admin6"
        },
        "serviceType" : {
          "href" : "https://supplychainmanagement-dev.jbhunt.com/supplychainmanagement/ordermanagementreferencedataservices/serviceTypes/Admin6{?projection}",
          "templated" : true
        }
      }
    }, {
      "serviceTypeCode" : "Admin7",
      "serviceCategoryCode" : "ReqServ",
      "chargeCode" : null,
      "serviceTypeDescription" : "Test Shipment1",
      "effectiveTimestamp" : "2017-04-17T07:55:54.589",
      "expirationTimestamp" : "2099-12-31T23:59",
      "lastUpdateTimestampString" : {
        "dayOfYear" : 107,
        "monthValue" : 4,
        "month" : "APRIL",
        "year" : 2017,
        "dayOfMonth" : 17,
        "dayOfWeek" : "MONDAY",
        "hour" : 7,
        "minute" : 55,
        "nano" : 785000000,
        "second" : 54,
        "chronology" : {
          "id" : "ISO",
          "calendarType" : "iso8601"
        }
      },
      "_links" : {
        "self" : {
          "href" : "https://supplychainmanagement-dev.jbhunt.com/supplychainmanagement/ordermanagementreferencedataservices/serviceTypes/Admin7"
        },
        "serviceType" : {
          "href" : "https://supplychainmanagement-dev.jbhunt.com/supplychainmanagement/ordermanagementreferencedataservices/serviceTypes/Admin7{?projection}",
          "templated" : true
        }
      }
    }, {
      "serviceTypeCode" : "Admin8",
      "serviceCategoryCode" : "ReqServ",
      "chargeCode" : null,
      "serviceTypeDescription" : "Test Shipment1",
      "effectiveTimestamp" : "2017-04-17T07:50:28.438",
      "expirationTimestamp" : "2099-12-31T23:59",
      "lastUpdateTimestampString" : {
        "dayOfYear" : 107,
        "monthValue" : 4,
        "month" : "APRIL",
        "year" : 2017,
        "dayOfMonth" : 17,
        "dayOfWeek" : "MONDAY",
        "hour" : 7,
        "minute" : 50,
        "nano" : 457000000,
        "second" : 28,
        "chronology" : {
          "id" : "ISO",
          "calendarType" : "iso8601"
        }
      },
      "_links" : {
        "self" : {
          "href" : "https://supplychainmanagement-dev.jbhunt.com/supplychainmanagement/ordermanagementreferencedataservices/serviceTypes/Admin8"
        },
        "serviceType" : {
          "href" : "https://supplychainmanagement-dev.jbhunt.com/supplychainmanagement/ordermanagementreferencedataservices/serviceTypes/Admin8{?projection}",
          "templated" : true
        }
      }
    }, {
      "serviceTypeCode" : "Admin9",
      "serviceCategoryCode" : "ReqServ",
      "chargeCode" : null,
      "serviceTypeDescription" : "Test Shipment1",
      "effectiveTimestamp" : "2017-04-17T08:18:23.096",
      "expirationTimestamp" : "2099-12-31T23:59",
      "lastUpdateTimestampString" : {
        "dayOfYear" : 107,
        "monthValue" : 4,
        "month" : "APRIL",
        "year" : 2017,
        "dayOfMonth" : 17,
        "dayOfWeek" : "MONDAY",
        "hour" : 8,
        "minute" : 18,
        "nano" : 104000000,
        "second" : 23,
        "chronology" : {
          "id" : "ISO",
          "calendarType" : "iso8601"
        }
      },
      "_links" : {
        "self" : {
          "href" : "https://supplychainmanagement-dev.jbhunt.com/supplychainmanagement/ordermanagementreferencedataservices/serviceTypes/Admin9"
        },
        "serviceType" : {
          "href" : "https://supplychainmanagement-dev.jbhunt.com/supplychainmanagement/ordermanagementreferencedataservices/serviceTypes/Admin9{?projection}",
          "templated" : true
        }
      }
    }, {
      "serviceTypeCode" : "BlindShip",
      "serviceCategoryCode" : "ReqServ",
      "chargeCode" : null,
      "serviceTypeDescription" : "Blind Shipment",
      "effectiveTimestamp" : "2016-01-01T00:00",
      "expirationTimestamp" : "2017-04-18T10:00:05.500",
      "lastUpdateTimestampString" : {
        "dayOfYear" : 108,
        "monthValue" : 4,
        "month" : "APRIL",
        "year" : 2017,
        "dayOfMonth" : 18,
        "dayOfWeek" : "TUESDAY",
        "hour" : 10,
        "minute" : 0,
        "nano" : 89000000,
        "second" : 6,
        "chronology" : {
          "id" : "ISO",
          "calendarType" : "iso8601"
        }
      },
      "_links" : {
        "self" : {
          "href" : "https://supplychainmanagement-dev.jbhunt.com/supplychainmanagement/ordermanagementreferencedataservices/serviceTypes/BlindShip"
        },
        "serviceType" : {
          "href" : "https://supplychainmanagement-dev.jbhunt.com/supplychainmanagement/ordermanagementreferencedataservices/serviceTypes/BlindShip{?projection}",
          "templated" : true
        }
      }
    }, {
      "serviceTypeCode" : "BuildDir",
      "serviceCategoryCode" : "DelStpServ",
      "chargeCode" : null,
      "serviceTypeDescription" : "Builder Direct",
      "effectiveTimestamp" : "2016-01-01T00:00",
      "expirationTimestamp" : "2199-12-31T23:59:59",
      "lastUpdateTimestampString" : {
        "dayOfYear" : 90,
        "monthValue" : 3,
        "month" : "MARCH",
        "year" : 2017,
        "dayOfMonth" : 31,
        "dayOfWeek" : "FRIDAY",
        "hour" : 23,
        "minute" : 34,
        "nano" : 141774300,
        "second" : 27,
        "chronology" : {
          "id" : "ISO",
          "calendarType" : "iso8601"
        }
      },
      "_links" : {
        "self" : {
          "href" : "https://supplychainmanagement-dev.jbhunt.com/supplychainmanagement/ordermanagementreferencedataservices/serviceTypes/BuildDir"
        },
        "serviceType" : {
          "href" : "https://supplychainmanagement-dev.jbhunt.com/supplychainmanagement/ordermanagementreferencedataservices/serviceTypes/BuildDir{?projection}",
          "templated" : true
        }
      }
    }, {
      "serviceTypeCode" : "BuildIndir",
      "serviceCategoryCode" : "DelStpServ",
      "chargeCode" : null,
      "serviceTypeDescription" : "Builder Indirect",
      "effectiveTimestamp" : "2016-01-01T00:00",
      "expirationTimestamp" : "2199-12-31T23:59:59",
      "lastUpdateTimestampString" : {
        "dayOfYear" : 90,
        "monthValue" : 3,
        "month" : "MARCH",
        "year" : 2017,
        "dayOfMonth" : 31,
        "dayOfWeek" : "FRIDAY",
        "hour" : 23,
        "minute" : 34,
        "nano" : 141774300,
        "second" : 27,
        "chronology" : {
          "id" : "ISO",
          "calendarType" : "iso8601"
        }
      },
      "_links" : {
        "self" : {
          "href" : "https://supplychainmanagement-dev.jbhunt.com/supplychainmanagement/ordermanagementreferencedataservices/serviceTypes/BuildIndir"
        },
        "serviceType" : {
          "href" : "https://supplychainmanagement-dev.jbhunt.com/supplychainmanagement/ordermanagementreferencedataservices/serviceTypes/BuildIndir{?projection}",
          "templated" : true
        }
      }
    }, {
      "serviceTypeCode" : "COD",
      "serviceCategoryCode" : "OrderServ",
      "chargeCode" : null,
      "serviceTypeDescription" : "Cash On Delivery",
      "effectiveTimestamp" : "2016-01-01T00:00",
      "expirationTimestamp" : "2199-12-31T23:59:59",
      "lastUpdateTimestampString" : {
        "dayOfYear" : 90,
        "monthValue" : 3,
        "month" : "MARCH",
        "year" : 2017,
        "dayOfMonth" : 31,
        "dayOfWeek" : "FRIDAY",
        "hour" : 23,
        "minute" : 34,
        "nano" : 110517100,
        "second" : 27,
        "chronology" : {
          "id" : "ISO",
          "calendarType" : "iso8601"
        }
      },
      "_links" : {
        "self" : {
          "href" : "https://supplychainmanagement-dev.jbhunt.com/supplychainmanagement/ordermanagementreferencedataservices/serviceTypes/COD"
        },
        "serviceType" : {
          "href" : "https://supplychainmanagement-dev.jbhunt.com/supplychainmanagement/ordermanagementreferencedataservices/serviceTypes/COD{?projection}",
          "templated" : true
        }
      }
    }, {
      "serviceTypeCode" : "CTS123",
      "serviceCategoryCode" : "ReqServ",
      "chargeCode" : null,
      "serviceTypeDescription" : "Test Shipment1",
      "effectiveTimestamp" : "2017-04-11T06:30:14.347",
      "expirationTimestamp" : "2099-12-31T23:59",
      "lastUpdateTimestampString" : {
        "dayOfYear" : 101,
        "monthValue" : 4,
        "month" : "APRIL",
        "year" : 2017,
        "dayOfMonth" : 11,
        "dayOfWeek" : "TUESDAY",
        "hour" : 6,
        "minute" : 30,
        "nano" : 303000000,
        "second" : 35,
        "chronology" : {
          "id" : "ISO",
          "calendarType" : "iso8601"
        }
      },
      "_links" : {
        "self" : {
          "href" : "https://supplychainmanagement-dev.jbhunt.com/supplychainmanagement/ordermanagementreferencedataservices/serviceTypes/CTS123"
        },
        "serviceType" : {
          "href" : "https://supplychainmanagement-dev.jbhunt.com/supplychainmanagement/ordermanagementreferencedataservices/serviceTypes/CTS123{?projection}",
          "templated" : true
        }
      }
    } ]
  },
  "_links" : {
    "first" : {
      "href" : "https://supplychainmanagement-dev.jbhunt.com/supplychainmanagement/ordermanagementreferencedataservices/serviceTypes?page=0&size=20"
    },
    "self" : {
      "href" : "https://supplychainmanagement-dev.jbhunt.com/supplychainmanagement/ordermanagementreferencedataservices/serviceTypes"
    },
    "next" : {
      "href" : "https://supplychainmanagement-dev.jbhunt.com/supplychainmanagement/ordermanagementreferencedataservices/serviceTypes?page=1&size=20"
    },
    "last" : {
      "href" : "https://supplychainmanagement-dev.jbhunt.com/supplychainmanagement/ordermanagementreferencedataservices/serviceTypes?page=3&size=20"
    },
    "profile" : {
      "href" : "https://supplychainmanagement-dev.jbhunt.com/supplychainmanagement/ordermanagementreferencedataservices/profile/serviceTypes"
    },
    "search" : {
      "href" : "https://supplychainmanagement-dev.jbhunt.com/supplychainmanagement/ordermanagementreferencedataservices/serviceTypes/search"
    }
  },
  "page" : {
    "size" : 20,
    "totalElements" : 69,
    "totalPages" : 4,
    "number" : 0
  }
}
