{
	"_embedded": {
		"orderRuleLogicalOperators": [{
				"@id": 1,
				"orderRuleLogicalOperatorDescription": "AND",
				"orderRuleLogicalOperatorCode": "AND",
				"effectiveTimestamp": "2016-01-01T00:00:00",
				"expirationTimestamp": "2199-12-31T23:59:59",
				"lastUpdateTimestampString": "2017-04-20T11:55:38.0733406",
				"_links": {
					"self": {
						"href": "http://jvdweb18101.jbhunt.com/ordermanagementruleservices/orderRuleLogicalOperators/AND"
					},
					"orderRuleLogicalOperator": {
						"href": "http://jvdweb18101.jbhunt.com/ordermanagementruleservices/orderRuleLogicalOperators/AND"
					}
				}
			},
			{
				"@id": 2,
				"orderRuleLogicalOperatorDescription": "Equals Greater Than",
				"orderRuleLogicalOperatorCode": "EqlGrtThn",
				"effectiveTimestamp": "2016-01-01T00:00:00",
				"expirationTimestamp": "2199-12-31T23:59:59",
				"lastUpdateTimestampString": "2017-04-20T11:55:38.0733406",
				"_links": {
					"self": {
						"href": "http://jvdweb18101.jbhunt.com/ordermanagementruleservices/orderRuleLogicalOperators/EqlGrtThan"
					},
					"orderRuleLogicalOperator": {
						"href": "http://jvdweb18101.jbhunt.com/ordermanagementruleservices/orderRuleLogicalOperators/EqlGrtThan"
					}
				}
			},
			{
				"@id": 3,
				"orderRuleLogicalOperatorDescription": "Equals Less Than",
				"orderRuleLogicalOperatorCode": "EqlLesThn",
				"effectiveTimestamp": "2016-01-01T00:00:00",
				"expirationTimestamp": "2199-12-31T23:59:59",
				"lastUpdateTimestampString": "2017-04-20T11:55:38.0733406",
				"_links": {
					"self": {
						"href": "http://jvdweb18101.jbhunt.com/ordermanagementruleservices/orderRuleLogicalOperators/EqlLesThn"
					},
					"orderRuleLogicalOperator": {
						"href": "http://jvdweb18101.jbhunt.com/ordermanagementruleservices/orderRuleLogicalOperators/EqlLesThn"
					}
				}
			},
			{
				"@id": 4,
				"orderRuleLogicalOperatorDescription": "Equals",
				"orderRuleLogicalOperatorCode": "Equal",
				"effectiveTimestamp": "2016-01-01T00:00:00",
				"expirationTimestamp": "2199-12-31T23:59:59",
				"lastUpdateTimestampString": "2017-04-20T11:55:38.0577166",
				"_links": {
					"self": {
						"href": "http://jvdweb18101.jbhunt.com/ordermanagementruleservices/orderRuleLogicalOperators/Equal"
					},
					"orderRuleLogicalOperator": {
						"href": "http://jvdweb18101.jbhunt.com/ordermanagementruleservices/orderRuleLogicalOperators/Equal"
					}
				}
			},
			{
				"@id": 5,
				"orderRuleLogicalOperatorDescription": "Greater Than Less Than",
				"orderRuleLogicalOperatorCode": "GrtLessThn",
				"effectiveTimestamp": "2016-01-01T00:00:00",
				"expirationTimestamp": "2199-12-31T23:59:59",
				"lastUpdateTimestampString": "2017-04-20T11:55:38.0733406",
				"_links": {
					"self": {
						"href": "http://jvdweb18101.jbhunt.com/ordermanagementruleservices/orderRuleLogicalOperators/GrtLessThn"
					},
					"orderRuleLogicalOperator": {
						"href": "http://jvdweb18101.jbhunt.com/ordermanagementruleservices/orderRuleLogicalOperators/GrtLessThn"
					}
				}
			},
			{
				"@id": 6,
				"orderRuleLogicalOperatorDescription": "Greater Than",
				"orderRuleLogicalOperatorCode": "GrtThn",
				"effectiveTimestamp": "2016-01-01T00:00:00",
				"expirationTimestamp": "2199-12-31T23:59:59",
				"lastUpdateTimestampString": "2017-04-20T11:55:38.0733406",
				"_links": {
					"self": {
						"href": "http://jvdweb18101.jbhunt.com/ordermanagementruleservices/orderRuleLogicalOperators/GrtThn"
					},
					"orderRuleLogicalOperator": {
						"href": "http://jvdweb18101.jbhunt.com/ordermanagementruleservices/orderRuleLogicalOperators/GrtThn"
					}
				}
			},
			{
				"@id": 7,
				"orderRuleLogicalOperatorDescription": "Less Than",
				"orderRuleLogicalOperatorCode": "LessThan",
				"effectiveTimestamp": "2016-01-01T00:00:00",
				"expirationTimestamp": "2199-12-31T23:59:59",
				"lastUpdateTimestampString": "2017-04-20T11:55:38.0733406",
				"_links": {
					"self": {
						"href": "http://jvdweb18101.jbhunt.com/ordermanagementruleservices/orderRuleLogicalOperators/LessThan"
					},
					"orderRuleLogicalOperator": {
						"href": "http://jvdweb18101.jbhunt.com/ordermanagementruleservices/orderRuleLogicalOperators/LessThan"
					}
				}
			},
			{
				"@id": 8,
				"orderRuleLogicalOperatorDescription": "NOT",
				"orderRuleLogicalOperatorCode": "NOT",
				"effectiveTimestamp": "2016-01-01T00:00:00",
				"expirationTimestamp": "2199-12-31T23:59:59",
				"lastUpdateTimestampString": "2017-04-20T11:55:38.0733406",
				"_links": {
					"self": {
						"href": "http://jvdweb18101.jbhunt.com/ordermanagementruleservices/orderRuleLogicalOperators/NOT"
					},
					"orderRuleLogicalOperator": {
						"href": "http://jvdweb18101.jbhunt.com/ordermanagementruleservices/orderRuleLogicalOperators/NOT"
					}
				}
			},
			{
				"@id": 9,
				"orderRuleLogicalOperatorDescription": "Not Equals",
				"orderRuleLogicalOperatorCode": "NotEqual",
				"effectiveTimestamp": "2016-01-01T00:00:00",
				"expirationTimestamp": "2199-12-31T23:59:59",
				"lastUpdateTimestampString": "2017-04-20T11:55:38.0733406",
				"_links": {
					"self": {
						"href": "http://jvdweb18101.jbhunt.com/ordermanagementruleservices/orderRuleLogicalOperators/NotEqual"
					},
					"orderRuleLogicalOperator": {
						"href": "http://jvdweb18101.jbhunt.com/ordermanagementruleservices/orderRuleLogicalOperators/NotEqual"
					}
				}
			},
			{
				"@id": 10,
				"orderRuleLogicalOperatorDescription": "OR",
				"orderRuleLogicalOperatorCode": "OR",
				"effectiveTimestamp": "2016-01-01T00:00:00",
				"expirationTimestamp": "2199-12-31T23:59:59",
				"lastUpdateTimestampString": "2017-04-20T11:55:38.0733406",
				"_links": {
					"self": {
						"href": "http://jvdweb18101.jbhunt.com/ordermanagementruleservices/orderRuleLogicalOperators/OR"
					},
					"orderRuleLogicalOperator": {
						"href": "http://jvdweb18101.jbhunt.com/ordermanagementruleservices/orderRuleLogicalOperators/OR"
					}
				}
			},
			{
				"@id": 11,
				"orderRuleLogicalOperatorDescription": "Starts With",
				"orderRuleLogicalOperatorCode": "StartWith",
				"effectiveTimestamp": "2016-01-01T00:00:00",
				"expirationTimestamp": "2199-12-31T23:59:59",
				"lastUpdateTimestampString": "2017-04-20T11:55:38.0733406",
				"_links": {
					"self": {
						"href": "http://jvdweb18101.jbhunt.com/ordermanagementruleservices/orderRuleLogicalOperators/StartWith"
					},
					"orderRuleLogicalOperator": {
						"href": "http://jvdweb18101.jbhunt.com/ordermanagementruleservices/orderRuleLogicalOperators/StartWith"
					}
				}
			}
		]
	},
	"_links": {
		"self": {
			"href": "http://jvdweb18101.jbhunt.com/ordermanagementruleservices/orderRuleLogicalOperators"
		},
		"profile": {
			"href": "http://jvdweb18101.jbhunt.com/ordermanagementruleservices/profile/orderRuleLogicalOperators"
		}
	},
	"page": {
		"size": 20,
		"totalElements": 11,
		"totalPages": 1,
		"number": 0
	}
}