{
	"data":[{
		"Trade_Partner_Id":"Trade_Partner_1045",
		"Transaction_Type" :"status Notification(214)",
		"status" :"Approved",
		"Processed" :"Time format(mm/dd/yyy)",
		"Stop":"8",
		"Reference_Number":"-"

	},
	{
		"Trade_Partner_Id":"Trade_Partner_33045",
		"Transaction_Type" :"Tender Response(990)",
		"status" :"Dispatch",
		"Processed" :"Time format(mm/dd/yyy)",
		"Stop":"1",
		"Reference_Number":"AE012348765786"

	},
	{
		"Trade_Partner_Id":"Trade_Partner_43045",
		"Transaction_Type" :"Original",
		"status" :"Loaded",
		"Processed" :"Time format(mm/dd/yyy)",
		"Stop":"3",
		"Reference_Number":"AE0123454545454566"

	},
	{
		"Trade_Partner_Id":"Trade_Partner_675045",
		"Transaction_Type" :"Change",
		"status" :"Approved",
		"Processed" :"Time format(mm/dd/yyy)",
		"Stop":"-",
		"Reference_Number":"-"

	},
	{
		"Trade_Partner_Id":"Trade_Partner_3453045",
		"Transaction_Type" :"status Notification(214)",
		"status" :"Resubmit",
		"Processed" :"Time format(mm/dd/yyy)",
		"Stop":"7",
		"Reference_Number":"AE01236566565656"

	},
	{
		"Trade_Partner_Id":"Trade_Partner_045",
		"Transaction_Type" :"Cancellation",
		"status" :"Dispatch",
		"Processed" :"Time format(mm/dd/yyy)",
		"Stop":"9",
		"Reference_Number":"AE012348787878"
	},
	{
		"Trade_Partner_Id":"Trade_Partner_66745",
		"Transaction_Type" :"Resubmit",
		"status" :"Loaded",
		"Processed" :"Time format(mm/dd/yyy)",
		"Stop":"6",
		"Reference_Number":"AE0123565656565"

	},
	{
		"Trade_Partner_Id":"Trade_Partner_90945",
		"Transaction_Type" :"status Notification(214)",
		"status" :"Approved ",
		"Processed" :"Time format(mm/dd/yyy)",
		"Stop":"3",
		"Reference_Number":"-"

	},
	{
		"Trade_Partner_Id":"Trade_Partner_787875",
		"Transaction_Type" :"Tender Response(990)",
		"status" :"Unloaded",
		"Processed" :"Time format(mm/dd/yyy)",
		"Stop":"-",
		"Reference_Number":"AE0999784566"

	},
	{
		"Trade_Partner_Id":"Trade_Partner_00675",
		"Transaction_Type" :"status Notification(214)",
		"status" :"Dispatch",
		"Processed" :"Time format(mm/dd/yyy)",
		"Stop":"-",
		"Reference_Number":"-"

	},
	{
		"Trade_Partner_Id":"Trade_Partner_675045",
		"Transaction_Type" :"Change",
		"status" :"Approved",
		"Processed" :"Time format(mm/dd/yyy)",
		"Stop":"-",
		"Reference_Number":"-"

	},
	{
		"Trade_Partner_Id":"Trade_Partner_3453045",
		"Transaction_Type" :"status Notification(214)",
		"status" :"Resubmit",
		"Processed" :"Time format(mm/dd/yyy)",
		"Stop":"7",
		"Reference_Number":"AE01236566565656"

	},
	{
		"Trade_Partner_Id":"Trade_Partner_045",
		"Transaction_Type" :"Cancellation",
		"status" :"Dispatch",
		"Processed" :"Time format(mm/dd/yyy)",
		"Stop":"9",
		"Reference_Number":"AE012348787878"
	},
	{
		"Trade_Partner_Id":"Trade_Partner_66745",
		"Transaction_Type" :"Resubmit",
		"status" :"Loaded",
		"Processed" :"Time format(mm/dd/yyy)",
		"Stop":"6",
		"Reference_Number":"AE0123565656565"

	},
	{
		"Trade_Partner_Id":"Trade_Partner_90945",
		"Transaction_Type" :"status Notification(214)",
		"status" :"Approved ",
		"Processed" :"Time format(mm/dd/yyy)",
		"Stop":"3",
		"Reference_Number":"-"

	},
	{
		"Trade_Partner_Id":"Trade_Partner_787875",
		"Transaction_Type" :"Tender Response(990)",
		"status" :"Unloaded",
		"Processed" :"Time format(mm/dd/yyy)",
		"Stop":"-",
		"Reference_Number":"AE0999784566"

	},
	{
		"Trade_Partner_Id":"Trade_Partner_675045",
		"Transaction_Type" :"Change",
		"status" :"Approved",
		"Processed" :"Time format(mm/dd/yyy)",
		"Stop":"-",
		"Reference_Number":"-"

	},
	{
		"Trade_Partner_Id":"Trade_Partner_3453045",
		"Transaction_Type" :"status Notification(214)",
		"status" :"Resubmit",
		"Processed" :"Time format(mm/dd/yyy)",
		"Stop":"7",
		"Reference_Number":"AE01236566565656"

	},
	{
		"Trade_Partner_Id":"Trade_Partner_045",
		"Transaction_Type" :"Cancellation",
		"status" :"Dispatch",
		"Processed" :"Time format(mm/dd/yyy)",
		"Stop":"9",
		"Reference_Number":"AE012348787878"
	},
	{
		"Trade_Partner_Id":"Trade_Partner_66745",
		"Transaction_Type" :"Resubmit",
		"status" :"Loaded",
		"Processed" :"Time format(mm/dd/yyy)",
		"Stop":"6",
		"Reference_Number":"AE0123565656565"

	},
	{
		"Trade_Partner_Id":"Trade_Partner_90945",
		"Transaction_Type" :"status Notification(214)",
		"status" :"Approved ",
		"Processed" :"Time format(mm/dd/yyy)",
		"Stop":"3",
		"Reference_Number":"-"

	},
	{
		"Trade_Partner_Id":"Trade_Partner_787875",
		"Transaction_Type" :"Tender Response(990)",
		"status" :"Unloaded",
		"Processed" :"Time format(mm/dd/yyy)",
		"Stop":"-",
		"Reference_Number":"AE0999784566"

	}
]
}