{  
   "routePlanningOrderID":null,
   "sourceOrderID":null,
   "sourceName":null,
   "customerID":null,
   "serviceOfferingCode":null,
   "requestedServiceLevelCode":null,
   "servicePriorityTypeCode":null,
   "transitModeCode":null,
   "financeBusinessUnitCode":null,
   "orderStatusCode":null,
   "orderSourceCode":null,
   "orderTypeCode":null,
   "orderSubTypeCode":null,
   "orderValueTypeCode":null,
   "orderVolumeTypeCode":null,
   "orderPlanStatusCode":null,
   "shipmentIdentificationNumber":null,
   "orderTrackingNumber":null,
   "orderValueAmount":null,
   "orderRefrigeratedIndicator":null,
   "orderModifiedFlag":null,
   "changeAcknowledgedFlag":null,
   "changeAcknowledgedUserID":null,
   "orderLockedFlag":null,
   "orderLockedUserID":null,
   "fleetCode":null,
   "projectCode":null,
   "helperFlag":null,
   "customerPreferenceNumber":null,
   "resourceType":null,
   "dropDate":null,
   "pointsQuantity":null,
   "snoozeExpirationTimestamp":null,
   "orderRequestorDetail":null,
   "orderTransactionalContacts":null,
   "orderComments":null,
   "additionalInstructions":null,
   "orderServices":null,
   "internationalServices":null,
   "dedicatedService":false,
   "stops":null,
   "routeOrderProcessStatuses":{  
      "orderStopSegment":{  
         "originRouteStop":{  
            "route":{  
               "routeID":null,
               "routeType":null,
               "routeName":null
            }
         },
         "destinationRouteStop":{  
            "route":{  
               "routeID":null,
               "routeType":null,
               "routeName":null
            }
         },
         "route":{  
            "routeID":null,
            "routeType":null,
            "routeName":null,
            "routeStatusCode":null
         }
      }
   }
}
