{
	"data": [{
			"stop": {
				"initial": "Origin"
			},
			"reason": {
				"reason1": "Pick up",
				"reason2": " "
			},
			"location": {
				"mainAddress": "Coco-Cola(COCA 12)",
				"subAddress": "124 Real Street, Bentonville, AR72712, USA"
			},
			"appointment": {
				"date": "10/12/17",
				"time": "8.00am EST"
			},

			"OrderNumber": {
				"order1": "AJ2390",
				"order2": "AJ239B"
			},
			"ActualArrival": {
				"date": "10/12/17",
				"time": "8.00am EST"

			},
			"ActualDeparture": {
				"date": "10/12/17",
				"time": "8.00am EST",
				"depart": ""
			}

		}, {

			"stop": {
				"initial": "Stop 2"
			},
			"reason": {
				"reason1": "OD Ramp",
				"reason2": "Chicago Ramp"
			},
			"location": {
				"mainAddress": "Coca Cola (COL839)",
				"subAddress": "389 Eastern Summit Blvd,White Castle - WC3, I L, 83492, USA"
			},
			"appointment": {
				"date": "10/12/17",
				"time": "8.00am EST"
			},

			"OrderNumber": {
				"order1": "AJ2394",
				"order2": " "
			},
			"ActualArrival": {
				"date": "10/12/17",
				"time": "8.00am EST"

			},
			"ActualDeparture": {
				"date": "10/12/17",
				"time": "8.00am EST",
				"depart": " "

			}
		}, {

			"stop": {
				"initial": "Stop 3"
			},
			"reason": {
				"reason1": "X town Ramp",
				"reason2": "Dallas Ramp"
			},
			"location": {
				"mainAddress": "Coco-Cola(COCA 12)",
				"subAddress": "124 Real Street, Bentonville, AR72712, USA"
			},
			"appointment": {
				"date": "10/12/17",
				"time": "8.00am EST"
			},

			"OrderNumber": {
				"order1": "AJ2399",
				"order2": " "
			},
			"ActualArrival": {
				"date": "10/12/17",
				"time": "8.00am EST"

			},
			"ActualDeparture": {
				"date": "10/12/17",
				"time": "8.00am EST",
				"depart": " "

			}
		}, {

			"stop": {
				"initial": "Stop 4"
			},
			"reason": {
				"reason1": "Delivery",
				"reason2": " "
			},
			"location": {
				"mainAddress": "Coca Cola (COL839)",
				"subAddress": "389 Eastern Summit Blvd,White Castle - WC3, I L, 83492, USA"
			},
			"appointment": {
				"date": "10/12/17",
				"time": "8.00am EST"
			},

			"OrderNumber": {
				"order1": "AJ239B",
				"order2": " "
			},
			"ActualArrival": {
				"date": "10/12/17",
				"time": "8.00am EST"

			},
			"ActualDeparture": {
				"date": "10/12/17",
				"time": "8.00am EST",
				"depart": " "

			}
		}, {

			"stop": {
				"initial": "Stop 5"
			},
			"reason": {
				"reason1": "Pickup",
				"reason2": " "
			},
			"location": {
				"mainAddress": "Coca Cola (COL839)",
				"subAddress": "124 Real Street,White Castle - WC2, AR, 83492, USA"
			},
			"appointment": {
				"date": "10/12/17",
				"time": "8.00am EST"
			},

			"OrderNumber": {
				"order1": "AJ2392",
				"order2": " "
			},
			"ActualArrival": {
				"date": "10/12/17",
				"time": "8.00am EST"

			},
			"ActualDeparture": {
				"date": "10/12/17",
				"time": "8.00am EST",
				"depart": "Not Departed"

			}
		},
		{


			"stop": {
				"initial": "Stop 6"
			},
			"reason": {
				"reason1": "Delivery",
				"reason2": " "
			},
			"location": {
				"mainAddress": "Coca Cola (COL839)",
				"subAddress": "389 Eastern Summit Blvd,White Castle - WC3, I L, 83492, USA"
			},
			"appointment": {
				"date": "10/12/17",
				"time": "8.00am EST"
			},

			"OrderNumber": {
				"order1": "AJ2391",
				"order2": " "
			},
			"ActualArrival": {
				"date": "",
				"time": ""

			},
			"ActualDeparture": {
				"date": "",
				"time": "",
				"depart": ""

			}
		},
		{


			"stop": {
				"initial": "Destination"
			},
			"reason": {
				"reason1": "Delivery",
				"reason2": " "
			},
			"location": {
				"mainAddress": "Coca Cola (COL839)",
				"subAddress": "389 Eastern Summit Blvd,White Castle - WC3, I L, 83492, USA"
			},
			"appointment": {
				"date": "10/12/17",
				"time": "8.00am EST"
			},

			"OrderNumber": {
				"order1": "AJ2391",
				"order2": " "
			},
			"ActualArrival": {
				"date": "",
				"time": ""

			},
			"ActualDeparture": {
				"date": "",
				"time": "",
				"depart": ""

			}
		}
	]
}