{
    "auditLog": {
        "data": [
            {
                "name": "Date",
                "prop": "date",
                "flexGrow": 0.3,
                "draggable": false,
                "resizeable": false,
                "reorderable": false,
                "isVisible": true,
                "maxChar": 60
            },
            {
                "name": "Time",
                "prop": "content",
                "flexGrow": 0.3,
                "draggable": false,
                "resizeable": false,
                "reorderable": false,
                "isVisible": true,
                "maxChar": 60
            },
            {
                "name": "Modified",
                "prop": "content",
                "flexGrow": 0.4,
                "draggable": false,
                "resizeable": false,
                "reorderable": false,
                "isVisible": true,
                "maxChar": 60
            },
            {
                "name": "Modified Value",
                "prop": "content",
                "flexGrow": 0.7,
                "draggable": false,
                "resizeable": false,
                "reorderable": false,
                "isVisible": true,
                "maxChar": 60
            }
        ]
    }
}