{
  "preaprovalText": "Payment for equipment requested from carrier and then not used due to no fault of the carrier.  $150/load (USD) for USA $200/load (CAD)  for CAN  Vehicle Furnished Not Used -Same as Truck Order Not Used (TONU)",
  "standardFee":50,
  "contactDTO": {
    "contactId": 0,
    "contactValue": "sat@xyz.com",
    "contactType": "primary",
    "contactName": "sat",
    "contactMethod": "direct",
    "locationCode": null,
    "firstName": "satb",
    "marketingArea": null,
    "lastName": "kumar",
    "profileCode": "1234",
    "profileName": null
  },
  "orderId": 3
}