{
	"profileDTOs": [{
		"addressDTO": [{
			"city": "ROGERS",
			"state": "AR",
			"zipcode": "12345",
			"country": "USA",
			"street": "main street"
		}],
		"name": "COCOLA",
		"code": "B11B"
	}, {
		"addressDTO": [{
			"city": "Kolerado",
			"state": "Den",
			"zipcode": "12346",
			"country": "UK",
			"street": "side street"
		}],
		"name": "Coca-Cola1",
		"code": "1010202"
	}, {
		"addressDTO": [{
			"city": "Denmark",
			"state": "Ko",
			"zipcode": "12347",
			"country": "USA12",
			"street": "Mondi street"
		}],
		"name": "vivek",
		"code": "14"
	}, {
		"addressDTO": [{
			"city": "SRZ",
			"state": "EZROAD",
			"zipcode": "12348",
			"country": "london",
			"street": "Mondi street"
		}],
		"name": "Mondi",
		"code": "15"
	}, {
		"addressDTO": [{
			"city": "paris",
			"state": "Iowa",
			"zipcode": "12349",
			"country": "WASHINGTON",
			"street": "Mondi street"
		}],
		"name": "Dani",
		"code": "19"
	}]
}