{
	"locationDto": [{
		"addressDTO": [{
			"city": "ROGERS",
			"state": "AR",
			"zipcode": "12345",
			"country": "USA",
			"street": "main street"
		}],
		"name": "Kong",
		"code": "12"
	}, {
		"addressDTO": [{
			"city": "Kolerado",
			"state": "Den",
			"zipcode": "12346",
			"country": "UK",
			"street": "side street"
		}],
		"name": "vino",
		"code": "13"
	}, {
		"addressDTO": [{
			"city": "Denmark",
			"state": "Ko",
			"zipcode": "12347",
			"country": "USA12",
			"street": "Mondi street"
		}],
		"name": "vivek",
		"code": "14"
	}, {
		"addressDTO": [{
			"city": "SRZ",
			"state": "EZROAD",
			"zipcode": "12348",
			"country": "london",
			"street": "Mondi street"
		}],
		"name": "Mondi",
		"code": "15"
	}, {
		"addressDTO": [{
			"city": "SANTA",
			"state": "WASHINGTON",
			"zipCode": "12345",
			"country": "USA"
		}],
		"name": "Dani",
		"code": "19"
	}]
}