{
	"elementsData": [{
		"id": "1",
		"name": "SERVICE OFFERING",
		"fields": [{
			"fieldtype": "dropdown",
			"placeholder": "Select Service Offering",
			"serviceURL": "getServiceOffering",
			"options": []
		}]
	}, {
		"id": "2",
		"name": "BUSINESS UNIT",
		"fields": [{
			"fieldtype": "dropdown",
			"placeholder": "Select Business Unit",
			"options": [{
					"name": "JBI"
				}, {
					"name": "JBT"
				}, {
					"name": "DCS"
				}, {
					"name": "ICS"
				}
			]
		}]
	}, {
		"id": "3",
		"name": "LINE OF BUSINESS",
		"fields": [{
			"fieldtype": "checkbox",
			"placeholder": ""
		}]
	}, {
		"id": "4",
		"name": "SERVICE LEVEL",
		"fields": [{
			"fieldtype": "dropdown",
			"placeholder": "Select Service Level",
			"options": [{
					"name": "STANDARD"
				}, {
					"name": "PREMIUM"
				}, {
					"name": "EXPEDITED"
				}
			]
		}]
	}, {
		"id": "5",
		"name": "TRADING PARTNER",
		"fields": [{
			"fieldtype": "text",
			"placeholder": "Enter Trading Partner"
		}]
	}, {
		"id": "6",
		"name": "FLEET CODE",
		"fields": [{
			"fieldtype": "dropdown",
			"placeholder": "Select Fleet Code",
			"options": [
				{"name": "BULDGBDFLT"},
				{"name": "BULDGBDVAN"},
				{"name": "HJBT  GPCP"},
				{"name": "HJBT GRWT"},
				{"name": "DC U-ST4"},
				{"name": "DC WEWE19"},
				{"name": "DCA AGMT"},
				{"name": "DCA HDATAX"},
				{"name": "DCDS BUSU8"},
				{"name": "DCS  ACLOA"}
			]
		}]
	}, {
		"id": "7",
		"name": "SCAC",
		"fields": [{
			"fieldtype": "text",
			"placeholder": "Enter SCAC"
		}]
	}, {
		"id": "8",
		"name": "ORDER TYPE",
		"fields": [{
			"fieldtype": "dropdown",
			"placeholder": ""
		}]
	}, {
		"id": "9",
		"name": "HIGH VALUE",
		"fields": [{
			"fieldtype": "checkbox",
			"placeholder": ""
		}]
	}, {
		"id": "10",
		"name": "REFRIGERATED ATTRIBUTE",
		"fields": [{
			"fieldtype": "checkbox",
			"placeholder": ""
		}]
	}, {
		"id": "11",
		"name": "FOOD SAFETY INDICATOR",
		"fields": [{
			"fieldtype": "checkbox",
			"placeholder": ""
		}]
	}, {
		"id": "12",
		"name": "PRE COOL",
		"fields": [{
			"fieldtype": "checkbox",
			"placeholder": ""
		}]
	}, {
		"id": "13",
		"name": "TOTAL WEIGHT",
		"fields": [{
			"fieldtype": "text",
			"placeholder": ""
		}]
	}, {
		"id": "14",
		"name": "UNIT OF MEASURE FOR WEIGHT",
		"fields": [{
			"fieldtype": "dropdown",
			"placeholder": ""
		}]
	}, {
		"id": "15",
		"name": "DIMENSIONS (L-W-H)",
		"fields": [{
			"fieldtype": "dropdown",
			"placeholder": ""
		}]
	}, {
		"id": "16",
		"name": "UNIT OF MEASURE FOR L-W-H",
		"fields": [{
			"fieldtype": "dropdown",
			"placeholder": ""
		}]
	}, {
		"id": "17",
		"name": "TOTAL MILES",
		"fields": [{
			"fieldtype": "text",
			"placeholder": ""
		}]
	}, {
		"id": "18",
		"name": "ADDITIONAL INSTRUCTIONS - HEADER",
		"fields": [{
			"fieldtype": "text",
			"placeholder": ""
		}]
	}, {
		"id": "19",
		"name": "TEMPLATE OWNER",
		"fields": [{
			"fieldtype": "typeahead",
			"placeholder": ""
		}]
	}, {
		"id": "20",
		"name": "ORDER SERVICES",
		"fields": [{
			"fieldtype": "tagfield",
			"placeholder": ""
		}]
	}, {
		"id": "21",
		"name": "TEMPLATE ACTIVE STATUS",
		"fields": [{
			"fieldtype": "checkbox",
			"placeholder": ""
		}]
	}, {
		"id": "22",
		"name": "TEMPLATE VALID STATUS",
		"fields": [{
			"fieldtype": "checkbox",
			"placeholder": ""
		}]
	}, {
		"id": "23",
		"name": "INTERNATIONAL INFORMATION/CARGO CROSSES BORDER - PARTY CODE",
		"fields": [{
			"fieldtype": "typeahead",
			"placeholder": ""
		}]
	}, {
		"id": "24",
		"name": "INTERNATIONAL INFORMATION/CARGO CROSSES BORDER - PARTY ROLE",
		"fields": [{
			"fieldtype": "dropdown",
			"placeholder": ""
		}]
	}, {
		"id": "25",
		"name": "INTERNATIONAL INFORMATION/CARGO CROSSES BORDER - CUSTOMS CLEARANCE COUNTRY",
		"fields": [{
			"fieldtype": "dropdown",
			"placeholder": ""
		}]
	}, {
		"id": "26",
		"name": "INTERNATIONAL INFORMATION/CARGO CROSSES BORDER - INTERNATIONAL SERVICES",
		"fields": [{
			"fieldtype": "dropdown",
			"placeholder": ""
		}]
	}, {
		"id": "27",
		"name": "INTERNATIONAL INFORMATION / CARGO IS MOVING INBOND - BOND HOLDER ROLE",
		"fields": [{
			"fieldtype": "dropdown",
			"placeholder": ""
		}]
	}, {
		"id": "28",
		"name": "INTERNATIONAL INFORMATION / CARGO IS MOVING INBOND - BOND HOLDER PARTY",
		"fields": [{
			"fieldtype": "typeahead",
			"placeholder": ""
		}]
	}, {
		"id": "29",
		"name": "INTERNATIONAL INFORMATION / CARGO IS MOVING INBOND - BOND TYPE",
		"fields": [{
			"fieldtype": "dropdown",
			"placeholder": ""
		}]
	}, {
		"id": "30",
		"name": "INTERNATIONAL INFORMATION / CARGO IS MOVING INBOND - BOND ID",
		"fields": [{
			"fieldtype": "typeahead",
			"placeholder": ""
		}]
	}, {
		"id": "31",
		"name": "INTERNATIONAL INFORMATION / CARGO IS MOVING INBOND - PORT OF ENTRY",
		"fields": [{
			"fieldtype": "dropdown",
			"placeholder": ""
		}]
	}, {
		"id": "32",
		"name": "INTERNATIONAL INFORMATION / CARGO IS MOVING INBOND - PORT OF EXIT",
		"fields": [{
			"fieldtype": "dropdown",
			"placeholder": ""
		}]
	}, {
		"id": "33",
		"name": "TRAILER PRELOADED",
		"fields": [{
			"fieldtype": "checkbox",
			"placeholder": ""
		}]
	}, {
		"id": "34",
		"name": "LIVE LOAD UNLOAD",
		"fields": [{
			"fieldtype": "checkbox",
			"placeholder": ""
		}]
	}, {
		"id": "35",
		"name": "EQUIPMENT TYPE",
		"fields": [{
			"fieldtype": "dropdown",
			"placeholder": ""
		}]
	}, {
		"id": "36",
		"name": "EQUIPMENT LENGTH",
		"fields": [{
			"fieldtype": "dropdown",
			"placeholder": ""
		}]
	}, {
		"id": "37",
		"name": "EQUIPMENT CLASS",
		"fields": [{
			"fieldtype": "dropdown",
			"placeholder": ""
		}]
	}, {
		"id": "38",
		"name": "EQUIPMENT CLASS REQUIRED FLAG",
		"fields": [{
			"fieldtype": "checkbox",
			"placeholder": ""
		}]
	}, {
		"id": "39",
		"name": "EQUIPMENT LENGTH REQUIRED FLAG",
		"fields": [{
			"fieldtype": "checkbox",
			"placeholder": ""
		}]
	}, {
		"id": "40",
		"name": "EQUIPMENT TYPE REQUIRED FLAG",
		"fields": [{
			"fieldtype": "checkbox",
			"placeholder": ""
		}]
	}, {
		"id": "41",
		"name": "FLOOR  REQUIREMENT",
		"fields": [{
			"fieldtype": "checkbox",
			"placeholder": ""
		}]
	}, {
		"id": "42",
		"name": "DOOR REQUIREMENT",
		"fields": [{
			"fieldtype": "checkbox",
			"placeholder": ""
		}]
	}, {
		"id": "43",
		"name": "ROOF REQUIREMENT",
		"fields": [{
			"fieldtype": "checkbox",
			"placeholder": ""
		}]
	}, {
		"id": "44",
		"name": "ADDITIONAL TRAILER SPECIFICATION",
		"fields": [{
			"fieldtype": "text",
			"placeholder": ""
		}]
	}, {
		"id": "45",
		"name": "CARGO SECUREMENT REQUIREMENT",
		"fields": [{
			"fieldtype": "text",
			"placeholder": ""
		}]
	}, {
		"id": "46",
		"name": "REFRIGERATION REQUIREMENT",
		"fields": [{
			"fieldtype": "text",
			"placeholder": ""
		}]
	}, {
		"id": "47",
		"name": "PERSONAL PROTECTION EQUIPMENT",
		"fields": [{
			"fieldtype": "text",
			"placeholder": ""
		}]
	}, {
		"id": "48",
		"name": "MATERIAL HANDLING EQUIPMENT",
		"fields": [{
			"fieldtype": "text",
			"placeholder": ""
		}]
	}, {
		"id": "49",
		"name": "ADDITIONAL INSTRUCTIONS",
		"fields": [{
			"fieldtype": "text",
			"placeholder": ""
		}]
	}, {
		"id": "50",
		"name": "BILL TO ",
		"fields": [{
			"fieldtype": "text",
			"placeholder": ""
		}]
	}, {
		"id": "51",
		"name": "CONTACT METHOD",
		"fields": [{
			"fieldtype": "text",
			"placeholder": ""
		}]
	}, {
		"id": "52",
		"name": "CONTACT",
		"fields": [{
			"fieldtype": "text",
			"placeholder": ""
		}]
	}, {
		"id": "53",
		"name": "FREIGHT CHARGE TERMS",
		"fields": [{
			"fieldtype": "text",
			"placeholder": ""
		}]
	}, {
		"id": "54",
		"name": "AUTO RATE",
		"fields": [{
			"fieldtype": "text",
			"placeholder": ""
		}]
	}, {
		"id": "55",
		"name": "CUSTOMER",
		"fields": [{
			"fieldtype": "text",
			"placeholder": ""
		}]
	}, {
		"id": "56",
		"name": "LINE OF BUSINESS",
		"fields": [{
			"fieldtype": "text",
			"placeholder": ""
		}]
	}, {
		"id": "57",
		"name": "PARTY CODE",
		"fields": [{
			"fieldtype": "text",
			"placeholder": ""
		}]
	}, {
		"id": "58",
		"name": "PARTY ROLE",
		"fields": [{
			"fieldtype": "text",
			"placeholder": ""
		}]
	}, {
		"id": "59",
		"name": "ADDITIONAL INSTRUCTIONS",
		"fields": [{
			"fieldtype": "text",
			"placeholder": ""
		}]
	}, {
		"id": "60",
		"name": "SOLICITOR",
		"fields": [{
			"fieldtype": "text",
			"placeholder": ""
		}]
	}, {
		"id": "61",
		"name": "CONTACT METHOD",
		"fields": [{
			"fieldtype": "text",
			"placeholder": ""
		}]
	}, {
		"id": "62",
		"name": "CONTACT",
		"fields": [{
			"fieldtype": "text",
			"placeholder": ""
		}]
	}, {
		"id": "63",
		"name": "TEMPLATE UPDATER",
		"fields": [{
			"fieldtype": "text",
			"placeholder": ""
		}]
	}, {
		"id": "64",
		"name": "UPDATE DATE AND TIME",
		"fields": [{
			"fieldtype": "text",
			"placeholder": ""
		}]
	}, {
		"id": "65",
		"name": "STOP REASON",
		"fields": [{
			"fieldtype": "text",
			"placeholder": ""
		}]
	}, {
		"id": "66",
		"name": "SITE CODE",
		"fields": [{
			"fieldtype": "text",
			"placeholder": ""
		}]
	}, {
		"id": "67",
		"name": "SITE NAME",
		"fields": [{
			"fieldtype": "text",
			"placeholder": ""
		}]
	}, {
		"id": "68",
		"name": "CONTACT METHOD",
		"fields": [{
			"fieldtype": "text",
			"placeholder": ""
		}]
	}, {
		"id": "69",
		"name": "CONTACT",
		"fields": [{
			"fieldtype": "text",
			"placeholder": ""
		}]
	}, {
		"id": "70",
		"name": "ORIGIN MARKETING AREA",
		"fields": [{
			"fieldtype": "text",
			"placeholder": ""
		}]
	}, {
		"id": "71",
		"name": "DESTINATION MARKETING AREA",
		"fields": [{
			"fieldtype": "text",
			"placeholder": ""
		}]
	}, {
		"id": "72",
		"name": "STOP MILES",
		"fields": [{
			"fieldtype": "text",
			"placeholder": ""
		}]
	}, {
		"id": "73",
		"name": "STOP WEIGHT",
		"fields": [{
			"fieldtype": "text",
			"placeholder": ""
		}]
	}, {
		"id": "74",
		"name": "APPOINTMENT REQUIRED",
		"fields": [{
			"fieldtype": "text",
			"placeholder": ""
		}]
	}, {
		"id": "75",
		"name": "NOTIFY BEFORE DELIVERY/ APPOINTMENT",
		"fields": [{
			"fieldtype": "text",
			"placeholder": ""
		}]
	}, {
		"id": "76",
		"name": "WEEKEND OR HOLIDAY DELIVERY",
		"fields": [{
			"fieldtype": "text",
			"placeholder": ""
		}]
	}, {
		"id": "77",
		"name": "GUARANTEED DELIVERY",
		"fields": [{
			"fieldtype": "text",
			"placeholder": ""
		}]
	}, {
		"id": "78",
		"name": "CONTACT ORDER OWNER FOR APPOINTMENT CHANGES",
		"fields": [{
			"fieldtype": "text",
			"placeholder": ""
		}]
	}, {
		"id": "79",
		"name": "CONTACT SOLICITOR FOR RESET INSTRUCTIONS",
		"fields": [{
			"fieldtype": "text",
			"placeholder": ""
		}]
	}, {
		"id": "80",
		"name": "EARLIEST PICKUP TIME",
		"fields": [{
			"fieldtype": "text",
			"placeholder": ""
		}]
	}, {
		"id": "81",
		"name": "LATEST PICKUP TIME",
		"fields": [{
			"fieldtype": "text",
			"placeholder": ""
		}]
	}, {
		"id": "82",
		"name": "EARLIEST DELIVERY TIME",
		"fields": [{
			"fieldtype": "text",
			"placeholder": ""
		}]
	}, {
		"id": "83",
		"name": "LATEST DELIVERY TIME",
		"fields": [{
			"fieldtype": "text",
			"placeholder": ""
		}]
	}, {
		"id": "84",
		"name": "APPOINTMENT INSTRUCTIONS",
		"fields": [{
			"fieldtype": "text",
			"placeholder": ""
		}]
	}, {
		"id": "85",
		"name": "ADDITIONAL INSTRUCTIONS",
		"fields": [{
			"fieldtype": "text",
			"placeholder": ""
		}]
	}, {
		"id": "86",
		"name": "DRAY SERVICE ",
		"fields": [{
			"fieldtype": "text",
			"placeholder": ""
		}]
	}, {
		"id": "87",
		"name": "STOP SERVICE",
		"fields": [{
			"fieldtype": "text",
			"placeholder": ""
		}]
	}, {
		"id": "88",
		"name": "ITEM DETAILS",
		"fields": [{
			"fieldtype": "text",
			"placeholder": ""
		}]
	}]
}