[{
	"uploadDetails" : "03/13/2017 01:00 PM",
	"failedRecords" : "10",
	"successRecords" : "5",
	"progress" : "In Progress"
},
{
	"uploadDetails" : "03/13/2017 01:00 PM",
	"failedRecords" : "10",
	"successRecords" : "15",
	"progress" : "In Progress"
},
{
	"uploadDetails" : "03/13/2017 01:00 PM",
	"failedRecords" : "1",
	"successRecords" : "5",
	"progress" : "In Progress"
},
{
	"uploadDetails" : "03/13/2017 01:00 PM",
	"failedRecords" : "9",
	"successRecords" : "5",
	"progress" : "In Progress"
},
{
	"uploadDetails" : "03/13/2017 01:00 PM",
	"failedRecords" : "50",
	"successRecords" : "50",
	"progress" : "Completed"
},
{
	"uploadDetails" : "03/13/2017 01:00 PM",
	"failedRecords" : "10",
	"successRecords" : "5",
	"progress" : "In Progress"
}
]