{
	"insdetails": [{
		"additionalInstructionType": "Loading Equipment",
		"additionalInstructionDescription": "Left Voice mail for shipper to reset appointment",
		"templateId": [123, 789, 456]
	}, {
		"additionalInstructionType": "Loading Equipment",
		"additionalInstructionDescription": "Yesterday is a History ; Tomorrow is a mystery but Today is a gift.",
		"templateId": [789]
	}, {
		"additionalInstructionType": "Loading Equipment",
		"additionalInstructionDescription": "Lorum Ipsum is a dummy text of the printing and typesetting industry. Lorum ipsum has not been the in off",
		"templateId": [123, 456]
	}, {
		"additionalInstructionType": "Loading Equipment",
		"additionalInstructionDescription": "Left voicemail for shipper to reset appointment",
		"templateId": [456, 789, 123]
	}, {
		"additionalInstructionType": "Loading Equipment",
		"additionalInstructionDescription": "Wider! Lower Stance hold your ground. Steady! Strong! Chin up . THis is the way off",
		"templateId": [123, 456]
	}]
}