{
	"elementsData": [{
		"id": "1",
		"name": "BUSINESS UNIT",
		"fieldInfo": {
			"fieldId": "financeBusinessUnitCode",
			"fieldType": "dropdown",
			"placeHolder": "Select Business Unit",
			"options": []
		}
	}, {
		"id": "2",
		"name": "SERVICE OFFERING",
		"fieldInfo": {
			"fieldId": "serviceOfferingCode",
			"fieldType": "dropdown",
			"placeHolder": "Select Service Offering",
			"options": []
		}
	}, {
		"id": "3",
		"name": "LINE OF BUSINESS",
		"fieldInfo": {
			"fieldId": "lineOfBusinessCode",
			"fieldType": "checkbox"
		}
	}, {
		"id": "4",
		"name": "SERVICE LEVEL",
		"fieldInfo": {
			"fieldId": "requestedServiceLevelCode",
			"fieldType": "dropdown",
			"placeHolder": "Select Service Level",
			"options": []
		}
	}, {
		"id": "5",
		"name": "TRADING PARTNER",
		"fieldInfo": {
			"fieldId": "tradingPartnerCode",
			"fieldType": "dropdown",
			"placeHolder": "Enter Trading Partner",
			"options": []
		}
	}, {
		"id": "6",
		"name": "FLEET CODE",
		"fieldInfo": {
			"fieldId": "fleetCode",
			"fieldType": "dropdown",
			"placeHolder": "Enter Fleet code",
			"options": []
		}
	}, {
		"id": "7",
		"name": "SCAC",
		"fieldInfo": {
			"fieldId": "scac",
			"fieldType": "text",
			"placeHolder": "Enter SCAC"
		}
	}, {
		"id": "8",
		"name": "ORDER TYPE",
		"fieldInfo": {
			"fieldId": "orderTypeCode",
			"fieldType": "dropdown",
			"placeHolder": "Please select Order type",
			"options": []
		}
	}, {
		"id": "9",
		"name": "HIGH VALUE",
		"fieldInfo": {
			"fieldId": "orderHighValueIndicator",
			"fieldType": "checkbox"			
		}
	}, {
		"id": "10",
		"name": "REFRIGERATED ATTRIBUTE",
		"fieldInfo": {
			"fieldId": "orderRefrigeratedIndicator",
			"fieldType": "checkbox"
		}
	}, {
		"id": "11",
		"name": "FOOD SAFETY INDICATOR",
		"fieldInfo": {
			"fieldId": "orderFoodSafetyIndicator",
			"fieldType": "checkbox"
		}
	}, {
		"id": "12",
		"name": "PRE COOL",
		"fieldInfo": {
			"fieldId": "preCoolIndicator",
			"fieldType": "checkbox"
		}
	}, {
		"id": "13",
		"name": "OPERATING TEMPERATURE RANGE",
		"fieldInfo": {
			"fieldId": "operatingtemperature",
			"fieldType": "checkbox"
		}
	}, {
		"id": "14",
		"name": "TOTAL WEIGHT",
		"fieldInfo": {
			"fieldId": "orderWeight",
			"fieldType": "text",
			"placeHolder": "Enter total weight"
		}
	}, {
		"id": "15",
		"name": "UNIT OF MEASURE FOR WEIGHT",
		"fieldInfo": {
			"fieldId": "unitOfOrderWeight",
			"fieldType": "dropdown",
			"placeHolder": "Please select Unit of measure",
			"options": []
		}
	}, {
		"id": "16",
		"name": "DIMENSIONS (L-W-H)",
		"fieldInfo": {
			"fieldId": "dimension",
			"fieldType": "text",
			"placeHolder": "Enter dimensions for L-W-H"
		}
	}, {
		"id": "17",
		"name": "UNIT OF MEASURE FOR L-W-H",
		"fieldInfo": {
			"fieldId": "unitOfMeasureForLWH",
			"fieldType": "dropdown",
			"placeHolder": "Please select Dimensions (L-W-H)",
			"options": []
		}
	}, {
		"id": "18",
		"name": "OPERATIONAL(ORDER) SERVICES",
		"fieldInfo": {
			"fieldId": "operationalservices",
			"fieldType": "dropdown",
			"placeHolder": "Please select Operational services",
			"options": []
		}
	}, {
		"id": "19",
		"name": "TEMPLATE ACTIVE STATUS",
		"fieldInfo": {
			"fieldId": "templateactivestatus",
			"fieldType": "checkbox"
		}
	}, {
		"id": "20",
		"name": "CARGO CROSSES BORDER - PARTY/CODE",
		"fieldInfo": {
			"fieldId": "crossborderparty",
			"fieldType": "something"
		}
	}, {
		"id": "21",
		"name": "CARGO CROSSES BORDER - CUSTOMS CLEARANCE COUNTRY",
		"fieldInfo": {
			"fieldId": "customclearancecountry",
			"fieldType": "dropdown",
			"placeHolder": "Please select customs clearance country",
			"options": []
		}
	}, {
		"id": "22",
		"name": "CARGO IS MOVING INBOND - BOND HOLDER ROLE",
		"fieldInfo": {
			"fieldId": "bondholderrole",
			"fieldType": "dropdown",
			"placeHolder": "Please select bond holder role",
			"options": []
		}
	}, {
		"id": "23",
		"name": "CARGO IS MOVING INBOND - BOND HOLDER PARTY",
		"fieldInfo": {
			"fieldId": "bondholderparty",
			"fieldType": "dropdown",
			"placeHolder": "Please select bond holder party",
			"options": []
		}
	}, {
		"id": "24",
		"name": "CARGO IS MOVING INBOND - BOND TYPE",
		"fieldInfo": {
			"fieldId": "bondholdertype",
			"fieldType": "dropdown",
			"placeHolder": "Please select bond holder type",
			"options": []
		}
	}, {
		"id": "25",
		"name": "CARGO IS MOVING INBOND - BOND ID",
		"fieldInfo": {
			"fieldId": "bondid",
			"fieldType": "text",
			"placeHolder": "Enter Bond ID"
		}
	}, {
		"id": "26",
		"name": "CARGO IS MOVING INBOND - PORT OF ENTRY",
		"fieldInfo": {
			"fieldId": "portofentry",
			"fieldType": "dropdown",
			"placeHolder": "Please select port of entry",
			"options": []
		}
	}, {
		"id": "27",
		"name": "CARGO IS MOVING INBOND - PORT OF EXIT",
		"fieldInfo": {
			"fieldId": "portofexit",
			"fieldType": "dropdown",
			"placeHolder": "Please select port of exit",
			"options": []
		}
	}, {
		"id": "28",
		"name": "CARGO CROSSES BORDER - INTERNATIONAL SERVICES",
		"fieldInfo": {
			"fieldId": "internationalservices",
			"fieldType": "dropdown",
			"placeHolder": "Please select International services",
			"options": []
		}
	}, {
		"id": "29",
		"name": "EQUIPMENT TYPE",
		"fieldInfo": {
			"fieldId": "equipmenttype",
			"fieldType": "dropdown",
			"placeHolder": "Please select Equipment Type",
			"options": []
		}
	}, {
		"id": "30",
		"name": "EQUIPMENT LENGTH",
		"fieldInfo": {
			"fieldId": "equipmentlength",
			"fieldType": "dropdown",
			"placeHolder": "Please select Equipment Length",
			"options": []
		}
	}, {
		"id": "31",
		"name": "EQUIPMENT CATEGORY",
		"fieldInfo": {
			"fieldId": "equipmentcategory",
			"fieldType": "dropdown",
			"placeHolder": "Please select Equipment Category",
			"options": []
		}
	}, {
		"id": "32",
		"name": "EQUIPMENT CLASS REQUIRED FLAG",
		"fieldInfo": {
			"fieldId": "equipmentcategoryflag",
			"fieldType": "checkbox"
		}
	}, {
		"id": "33",
		"name": "EQUIPMENT LENGTH REQUIRED FLAG",
		"fieldInfo": {
			"fieldId": "equipmenlengthflag",
			"fieldType": "checkbox"
		}
	}, {
		"id": "34",
		"name": "EQUIPMENT TYPE REQUIRED FLAG",
		"fieldInfo": {
			"fieldId": "equipmenttypeflag",
			"fieldType": "checkbox"
		}
	}, {
		"id": "35",
		"name": "FLOOR  REQUIREMENT",
		"fieldInfo": {
			"fieldId": "floorRequirement",
			"fieldType": "dropdown",
			"placeHolder": "Please select Floor Requirement",
			"options": []
		}
	}, {
		"id": "36",
		"name": "DOOR REQUIREMENT",
		"fieldInfo": {
			"fieldId": "doorRequirement",
			"fieldType": "dropdown",
			"placeHolder": "Please select Door Requirement",
			"options": []
		}
	}, {
		"id": "37",
		"name": "ROOF REQUIREMENT",
		"fieldInfo": {
			"fieldId": "roofRequirement",
			"fieldType": "dropdown",
			"placeHolder": "Please select Roof Requirement",
			"options": []
		}
	}, {
		"id": "38",
		"name": "ADDITIONAL TRAILER SPECIFICATION",
		"fields": [{
			"fieldtype": "text",
			"placeholder": ""
		}]
	}, {
		"id": "39",
		"name": "FREIGHT SECUREMENT REQUIREMENT",
		"fieldInfo": {
			"fieldId": "freightSecurement",
			"fieldType": "dropdown",
			"placeHolder": "Please select Freight Requirement",
			"options": []
		}
	}, {
		"id": "40",
		"name": "PERSONAL PROTECTION EQUIPMENT",
		"fieldInfo": {
			"fieldId": "personalProtectionEquipment",
			"fieldType": "dropdown",
			"placeHolder": "Please select Personal Protection Equipment",
			"options": []
		}
	}, {
		"id": "41",
		"name": "MATERIAL HANDLING EQUIPMENT",
		"fieldInfo": {
			"fieldId": "materialHandlingEquipment",
			"fieldType": "dropdown",
			"placeHolder": "Please select Material Handling Equipment",
			"options": []
		}
	}, {
		"id": "42",
		"name": "BILL TO",
		"fieldInfo": {
			"fieldId": "billToInfo",
			"fieldType": "userprofile"
		}
	}, {
		"id": "43",
		"name": "FREIGHT CHARGE TERMS",
		"fieldInfo": {
			"fieldId": "freightChargeTerms",
			"fieldType": "dropdown",
			"placeHolder": "Please select Freight charge terms",
			"options": []
		}
	}, {
		"id": "44",
		"name": "AUTO RATE",
		"fieldInfo": {
			"fieldId": "autorateflag",
			"fieldType": "checkbox"
		}
	}, {
		"id": "45",
		"name": "CUSTOMER",
		"fieldInfo": {
			"fieldType": "text",
			"fieldId": "customerInfo",
			"placeHolder": "Enter customer"
		}
	}, {
		"id": "46",
		"name": "LINE OF BUSINESS",
		"fieldInfo": {
			"fieldId": "lineOfBusiness",
			"fieldType": "something"
		}
	}, {
		"id": "47",
		"name": "ADDITIONAL PARTY",
		"fieldInfo": {
			"fieldId": "additionalParties",
			"fieldType": "something"
		}
	}, {
		"id": "48",
		"name": "SOLICITOR",
		"fieldInfo": {
			"fieldId": "solicitor",
			"fieldType": "something"
		}
	}, {
		"id": "49",
		"name": "STOP REASON",
		"fieldInfo": {
			"fieldId": "stopReason",
			"fieldType": "dropdown",
			"placeHolder": "Please select Stop reason",
			"options": []
		}
	}, {
		"id": "50",
		"name": "SITE CODE/LOCATION",
		"fieldInfo": {
			"fieldId": "originlocation",
			"fieldType": "something"
		}
	}, {
		"id": "51",
		"name": "APPOINTMENT INSTRUCTION",
		"fieldInfo": {
			"fieldId": "appointmentInstruction",
			"fieldType": "dropdown",
			"placeHolder": "Please select Stop reason",
			"options": []
		}
	}, {
		"id": "52",
		"name": "EARLIEST PICKUP TIME",
		"fieldInfo": {
			"fieldId": "earliestPickupTime",
			"fieldType": "text",
			"placeholder": "EARLIEST PICKUP TIME"
		}
	}, {
		"id": "53",
		"name": "LATEST PICKUP TIME",
		"fieldInfo": {
			"fieldId": "latestPickupTime",
			"fieldType": "text",
			"placeholder": "LATEST PICKUP TIME"
		}
	}, {
		"id": "54",
		"name": "EARLIEST DELIVERY TIME",
		"fieldInfo": {
			"fieldId": "earliestDeliveryTime",
			"fieldType": "text",
			"placeholder": "EARLIEST DELIVERY TIME"
		}
	}, {
		"id": "55",
		"name": "LATEST DELIVERY TIME",
		"fieldInfo": {
			"fieldId": "latestDeliveryTime",
			"fieldType": "text",
			"placeholder": "LATEST DELIVERY TIME"
		}
	}, {
		"id": "56",
		"name": "DRAY SERVICE ",
		"fieldInfo": {
			"fieldId": "drayService",
			"fieldType": "text",
			"placeholder": "Dray Service"
		}
	}, {
		"id": "87",
		"name": "STOP SERVICE",
		"fieldInfo": {
			"fieldId": "stopServices",
			"fieldType": "dropdown",
			"placeHolder": "Please select Stop services",
			"options": []
		}
	}]
}