{
  "_embedded" : {
    "serviceOfferingBusinessUnitTransitModeAssociations" : [ {
      "transitModeCode" : "Rail",
      "financeBusinessUnitCode" : "JBI",
      "serviceOfferingCode" : "Intermodal",
      "_links" : {
        "self" : {
          "href" : "https://referencedataservices-dev.jbhunt.com/referencedataservices/serviceOfferingBusinessUnitTransitModeAssociations/2"
        },
        "serviceOfferingBusinessUnitTransitModeAssociation" : {
          "href" : "https://referencedataservices-dev.jbhunt.com/referencedataservices/serviceOfferingBusinessUnitTransitModeAssociations/2{?projection}",
          "templated" : true
        }
      }
    }, {
      "transitModeCode" : "Truck",
      "financeBusinessUnitCode" : "JBI",
      "serviceOfferingCode" : "Backhaul",
      "_links" : {
        "self" : {
          "href" : "https://referencedataservices-dev.jbhunt.com/referencedataservices/serviceOfferingBusinessUnitTransitModeAssociations/3"
        },
        "serviceOfferingBusinessUnitTransitModeAssociation" : {
          "href" : "https://referencedataservices-dev.jbhunt.com/referencedataservices/serviceOfferingBusinessUnitTransitModeAssociations/3{?projection}",
          "templated" : true
        }
      }
    }, {
      "transitModeCode" : "Truck",
      "financeBusinessUnitCode" : "JBI",
      "serviceOfferingCode" : "Backhaul1",
      "_links" : {
        "self" : {
          "href" : "https://referencedataservices-dev.jbhunt.com/referencedataservices/serviceOfferingBusinessUnitTransitModeAssociations/3"
        },
        "serviceOfferingBusinessUnitTransitModeAssociation" : {
          "href" : "https://referencedataservices-dev.jbhunt.com/referencedataservices/serviceOfferingBusinessUnitTransitModeAssociations/3{?projection}",
          "templated" : true
        }
      }
    }, {
      "transitModeCode" : "Truck",
      "financeBusinessUnitCode" : "JBI",
      "serviceOfferingCode" : "Backhaul2",
      "_links" : {
        "self" : {
          "href" : "https://referencedataservices-dev.jbhunt.com/referencedataservices/serviceOfferingBusinessUnitTransitModeAssociations/3"
        },
        "serviceOfferingBusinessUnitTransitModeAssociation" : {
          "href" : "https://referencedataservices-dev.jbhunt.com/referencedataservices/serviceOfferingBusinessUnitTransitModeAssociations/3{?projection}",
          "templated" : true
        }
      }
    }, {
      "transitModeCode" : "Truck",
      "financeBusinessUnitCode" : "JBI",
      "serviceOfferingCode" : "Backhaul3",
      "_links" : {
        "self" : {
          "href" : "https://referencedataservices-dev.jbhunt.com/referencedataservices/serviceOfferingBusinessUnitTransitModeAssociations/3"
        },
        "serviceOfferingBusinessUnitTransitModeAssociation" : {
          "href" : "https://referencedataservices-dev.jbhunt.com/referencedataservices/serviceOfferingBusinessUnitTransitModeAssociations/3{?projection}",
          "templated" : true
        }
      }
    }, {
      "transitModeCode" : "Truck",
      "financeBusinessUnitCode" : "JBI",
      "serviceOfferingCode" : "Backhaul",
      "_links" : {
        "self" : {
          "href" : "https://referencedataservices-dev.jbhunt.com/referencedataservices/serviceOfferingBusinessUnitTransitModeAssociations/3"
        },
        "serviceOfferingBusinessUnitTransitModeAssociation" : {
          "href" : "https://referencedataservices-dev.jbhunt.com/referencedataservices/serviceOfferingBusinessUnitTransitModeAssociations/3{?projection}",
          "templated" : true
        }
      }
    }   ]
  },
  "_links" : {
    "self" : {
      "href" : "https://referencedataservices-dev.jbhunt.com/referencedataservices/serviceOfferingBusinessUnitTransitModeAssociations/search/findByFinanceBusinessUnitServiceOfferingAssociationFinanceBusinessUnitCode?financeBusinessUnitCode=JBI&projection=viewserviceofferingbusinessunittransitmode"
    }
  }
}