{
    "_embedded": {
        "taskGroups": [
            {
                "taskGroupID": 2,
                "taskGroupName": "ICS Branch",
                "_links": {
                    "self": {
                        "href": "http://winx-v0861:8089/infrastructuretaskreferencedataservices/taskgroups/2"
                    },
                    "taskGroup": {
                        "href": "http://winx-v0861:8089/infrastructuretaskreferencedataservices/taskgroups/2{?projection}",
                        "templated": true
                    }
                }
            },
            {
                "taskGroupID": 3,
                "taskGroupName": "JBI Appointments",
                "_links": {
                    "self": {
                        "href": "http://winx-v0861:8089/infrastructuretaskreferencedataservices/taskgroups/3"
                    },
                    "taskGroup": {
                        "href": "http://winx-v0861:8089/infrastructuretaskreferencedataservices/taskgroups/3{?projection}",
                        "templated": true
                    }
                }
            },
            {
                "taskGroupID": 4,
                "taskGroupName": "DCS Account Management",
                "_links": {
                    "self": {
                        "href": "http://winx-v0861:8089/infrastructuretaskreferencedataservices/taskgroups/4"
                    },
                    "taskGroup": {
                        "href": "http://winx-v0861:8089/infrastructuretaskreferencedataservices/taskgroups/4{?projection}",
                        "templated": true
                    }
                }
            },
            {
                "taskGroupID": 5,
                "taskGroupName": "JBI Load Planning",
                "_links": {
                    "self": {
                        "href": "http://winx-v0861:8089/infrastructuretaskreferencedataservices/taskgroups/5"
                    },
                    "taskGroup": {
                        "href": "http://winx-v0861:8089/infrastructuretaskreferencedataservices/taskgroups/5{?projection}",
                        "templated": true
                    }
                }
            },
            {
                "taskGroupID": 6,
                "taskGroupName": "JBT Load Planning",
                "_links": {
                    "self": {
                        "href": "http://winx-v0861:8089/infrastructuretaskreferencedataservices/taskgroups/6"
                    },
                    "taskGroup": {
                        "href": "http://winx-v0861:8089/infrastructuretaskreferencedataservices/taskgroups/6{?projection}",
                        "templated": true
                    }
                }
            },
            {
                "taskGroupID": 7,
                "taskGroupName": "FMS Appointments",
                "_links": {
                    "self": {
                        "href": "http://winx-v0861:8089/infrastructuretaskreferencedataservices/taskgroups/7"
                    },
                    "taskGroup": {
                        "href": "http://winx-v0861:8089/infrastructuretaskreferencedataservices/taskgroups/7{?projection}",
                        "templated": true
                    }
                }
            },
            {
                "taskGroupID": 8,
                "taskGroupName": "JBI Dispatch",
                "_links": {
                    "self": {
                        "href": "http://winx-v0861:8089/infrastructuretaskreferencedataservices/taskgroups/8"
                    },
                    "taskGroup": {
                        "href": "http://winx-v0861:8089/infrastructuretaskreferencedataservices/taskgroups/8{?projection}",
                        "templated": true
                    }
                }
            },
            {
                "taskGroupID": 9,
                "taskGroupName": "JBT Dispatch",
                "_links": {
                    "self": {
                        "href": "http://winx-v0861:8089/infrastructuretaskreferencedataservices/taskgroups/9"
                    },
                    "taskGroup": {
                        "href": "http://winx-v0861:8089/infrastructuretaskreferencedataservices/taskgroups/9{?projection}",
                        "templated": true
                    }
                }
            },
            {
                "taskGroupID": 10,
                "taskGroupName": "DCS Warehouse",
                "_links": {
                    "self": {
                        "href": "http://winx-v0861:8089/infrastructuretaskreferencedataservices/taskgroups/10"
                    },
                    "taskGroup": {
                        "href": "http://winx-v0861:8089/infrastructuretaskreferencedataservices/taskgroups/10{?projection}",
                        "templated": true
                    }
                }
            }
        ]
    },
    "_links": {
        "self": {
            "href": "http://winx-v0861:8089/infrastructuretaskreferencedataservices/taskgroups/search/findByTaskGroupNameContainingAndExpirationTimestampGreaterThan?projection=taskgroupprojection&taskGroupName=a&expirationTimestamp=2017-05-18T01:57:18.0377561"
        }
    }
}