[
    {
        "index": 0,
        "title": "Trading Partner",
        "key": "tradingPartner",
        "componentType": "lsitType",
        "url": "",
        "methodType": "addData",
        "checkSelectionKey": "key",
        "valueField": [
            "key"
        ],
        "rootVal": [
            "aggregations",
            "filterException",
            "buckets"
        ],
        "params": {
            "size": 1,
            "query": {
                "bool": {
                    "must": [
                        {
                            "term": {
                                "category": "ediexceptn"
                            }
                        },
                        {
                            "match": {
                                "ediEvent.tradingPartner": ""
                            }
                        }
                    ]
                }
            },
            "aggs": {
                "filterException": {
                    "terms": {
                        "field": "ediEvent.tradingPartner.keyword"
                    }
                }
            }
        }
    },
    {
        "index": 1,
        "title": "National Account",
        "key": "nationalAccountCode",
        "componentType": "typeAhead",
        "methodType": "addData",
        "pagination": true,
        "paginationSize": 2,
        "url": "",
        "serviceFilter": true,
        "rootVal": [
            "aggregations",
            "unique",
            "buckets"
        ],
      
        "params": {
            "size": 6,
            "_source": [
                "OrganizationName",
                "Level"
            ],
            "query": {
                "bool": {
                    "must": [
                        {
                            "query_string": {
                                "default_field": "Level.keyword",
                                "query": "Ultimate Parent",
                                "split_on_whitespace": false
                            }
                        },
                        {
                            "query_string": {
                                "default_field": "OrganizationName",
                                "query": "*"
                            }
                        }
                    ]
                }
            },
            "aggs": {
                "unique": {
                    "terms": {
                        "field": "OrganizationName.keyword",
                        "size": 5
                    },
                    "aggs": {
                        "Level": {
                            "top_hits": {
                                "_source": {
                                    "includes": [
                                        "OrganizationName",
                                        "Level",
                                        "OrganizationID"
                                    ]
                                },
                                "size": 1
                            }
                        }
                    }
                }
            }
        },
        "myParentScope": "",
        "framerMethod": "frameNationalAccount"
    },
    {
        "index": 2,
        "title": "Line Of Business",
        "key": "lineOfBusiness",
        "componentType": "typeAhead",
        "url": "",
        "serviceFilter": true,
        "methodType": "addData",
        "checkSelectionKey": "key",
        "valueField": [
            "key"
        ],
        "rootVal": [
            "aggregations",
            "filterException",
            "buckets"
        ],
        "params": {
            "size": 0,
            "query": {
                "bool": {
                    "must": [
                        {
                            "term": {
                                "category": "ediexceptn"
                            }
                        },
                        {
                            "prefix": {
                                "orderDTO.orderBillingDetailDTOs.lineOfBusinessCode": ""
                            }
                        }
                    ]
                }
            },
            "aggs": {
                "filterException": {
                    "terms": {
                        "field": "orderDTO.orderBillingDetailDTOs.lineOfBusinessCode.keyword"
                    }
                }
            }
        }
    },
    {
        "index": 3,
        "title": "Bill To Account",
        "key": "billToCode",
        "componentType": "typeAhead",
        "url": "",
        "methodType": "addData",
        "pagination": true,
        "serviceFilter": true,
        "paginationSize": 2,
        "rootVal": [
            "hits",
            "hits"
        ],
        "params": {
            "size": 6,
            "_source": [
                "OrganizationName",
                "PartyID",
                "CustomerCode",
                "partyaddresses.AddressLine1",
                "partyaddresses.AddressLine2",
                "partyaddresses.CityName",
                "partyaddresses.StateName",
                "partyaddresses.CountryName",
                "partyaddresses.PostalCode",
                "partyaddresses.PartyRoleTypeDescription"
            ],
            "query": {
                "bool": {
                    "should": [
                        {
                            "query_string": {
                                "fields": [
                                    "OrganizationName^6",
                                    "CustomerCode^3"
                                ],
                                "query": "*",
                                "default_operator": "and"
                            }
                        },
                        {
                            "nested": {
                                "path": "partyaddresses",
                                "query": {
                                    "query_string": {
                                        "fields": [
                                            "partyaddresses.AddressLine1^18",
                                            "partyaddresses.AddressLine2^18",
                                            "partyaddresses.CityName^15",
                                            "partyaddresses.StateName^12",
                                            "partyaddresses.PostalCode^9",
                                            "partyaddresses.CountryName",
                                            "OrganizationName"
                                        ],
                                        "query": "*",
                                        "default_operator": "and"
                                    }
                                },
                                "inner_hits": {
                                    "size": 1,
                                    "_source": {
                                        "includes": [
                                            "partyaddresses.AddressLine1",
                                            "partyaddresses.AddressLine2",
                                            "partyaddresses.CityName",
                                            "partyaddresses.StateName",
                                            "partyaddresses.CountryName",
                                            "partyaddresses.PostalCode",
                                            "partyaddresses.PartyRoleTypeDescription"
                                        ]
                                    }
                                }
                            }
                        }
                    ],
                    "minimum_should_match": 1,
                    "must": {
                        "nested": {
                            "path": "partyaddresses",
                            "query": {
                                "match": {
                                    "partyaddresses.PartyRoleTypeDescription": "BILL TO"
                                }
                            }
                        }
                    }
                }
            }
        },
        "myParentScope": "",
        "framerMethod": "frameBillTo"
    },
    {
        "index": 4,
        "title": "Order Number",
        "key": "orderNumber",
        "SearchFilter": true,
        "componentType": "lsitType",
        "url": "",
        "methodType": "addData",
        "checkSelectionKey": "key",
        "valueField": [
            "key"
        ],
        "rootVal": [
            "aggregations",
            "filterException",
            "buckets"
        ],
        "params": {
            "size": 0,
            "query": {
                "bool": {
                    "must": [
                        {
                            "term": {
                                "category": "ediexceptn"
                            }
                        },
                        {
                            "match": {
                                "orderDTO.orderID": "*"
                            }
                        }
                    ]
                }
            },
            "aggs": {
                "filterException": {
                    "terms": {
                        "field": "orderDTO.orderID"
                    }
                }
            }
        }
    },
    {
        "index": 5,
        "title": "Order Owner",
        "key": "orderOwner",
        "componentType": "typeAhead",
        "checkSelectionKey": "firstName",
        "serviceFilter": true,
        "pagination": true,
        "paginationSize": 2,
        "url": "",
        "rootVal": [
            "content"
        ],
        "params": {
            "roleType": ["OrderOwner"]
        }
    },
    {
        "index": 6,
        "title": "Error",
        "key": "taskSearch",
        "componentType": "lsitType",
        "hideTypeAhead": true,
        "url": "",
        "methodType": "addData",
        "checkSelectionKey": "key",
        "valueField": [
            "key"
        ],
        "rootVal": [
            "aggregations",
            "filterException",
            "buckets"
        ],
        "params": {
            "size": 0,
            "query": {
                "bool": {
                    "must": [
                        {
                            "term": {
                                "category": "ediexceptn"
                            }
                        }
                    ]
                }
            },
            "aggs": {
                "filterException": {
                    "terms": {
                        "field": "ediEvent.ediReference.errorMessage.keyword"
                    }
                }
            }
        }
    },
    {
        "index": 7,
        "title": "Create Timestamp",
        "componentType": "Date",
        "dateFieldKey": "createTimestamp"
    },
    {
        "index": 8,
        "title": "Stop Number",
        "key": "stopNum",
        "componentType": "lsitType",
        "SearchFilter": true,
        "url": "",
        "methodType": "addData",
        "checkSelectionKey": "key",
        "valueField": [
            "key"
        ],
        "rootVal": [
            "aggregations",
            "filterException",
            "buckets"
        ],
        "params": {
            "size": 0,
            "query": {
                "bool": {
                    "must": [
                        {
                            "term": {
                                "category": "ediexceptn"
                            }
                        },
                        {
                            "match": {
                                "orderDTO.stopDTOs.stop.stopID": "*"
                            }
                        }
                    ]
                }
            },
            "aggs": {
                "filterException": {
                    "terms": {
                        "field": "orderDTO.stopDTOs.stop.stopID"
                    }
                }
            }
        }
    },
    {
        "index": 9,
        "title": "Shipment Identifier",
        "key": "shipId",
        "SearchFilter": true,
        "componentType": "lsitType",
        "url": "",
        "methodType": "addData",
        "checkSelectionKey": "key",
        "valueField": [
            "key"
        ],
        "rootVal": [
            "aggregations",
            "filterException",
            "buckets"
        ],
        "params": {
            "size": 0,
            "query": {
                "bool": {
                    "must": [
                        {
                            "term": {
                                "category": "ediexceptn"
                            }
                        },
                        {
                            "match": {
                                "orderDTO.shipmentIdentificationNumber": "*"
                            }
                        }
                    ]
                }
            },
            "aggs": {
                "filterException": {
                    "terms": {
                        "field": "orderDTO.shipmentIdentificationNumber.keyword"
                    }
                }
            }
        }
    },
    {
        "index": 10,
        "title": "Task Status",
        "key": "taskStatus",
        "componentType": "lsitType",
        "hideTypeAhead": true,
        "url": "",
        "rootVal": [
            "data"
        ],
        "checkSelectionKey": "taskStatus",
        "fieldName": "taskStatus",
        "myParentScope": "",
        "params": {}
    }
]