[
    {
        "index": 0,
        "title": "Order Number",
        "key": "orderNumber",
        "SearchFilter": true,
        "componentType": "lsitType",
        "url": "",
        "methodType": "addData",
        "checkSelectionKey": "key",
        "valueField": [
            "key"
        ],
        "rootVal": [
            "aggregations",
            "filterException",
            "buckets"
        ],
        "params": {
            "size": 0,
            "query": {
                "bool": {
                    "must": [
                        {
                            "term": {
                                "category": "service"
                            }
                        },
                        {
                            "match": {
                                "orderDTO.orderID": "*"
                            }
                        }
                    ]
                }
            },
            "aggs": {
                "filterException": {
                    "terms": {
                        "field": "orderDTO.orderID"
                    }
                }
            }
        }
    },
    {
        "index": 1,
        "title": "Status",
        "key": "taskSearch",
        "hideTypeAhead": true,
        "componentType": "lsitType",
        "url": "",
        "methodType": "addData",
        "checkSelectionKey": "key",
        "valueField": [
            "key"
        ],
        "rootVal": [
            "aggregations",
            "filterException",
            "buckets"
        ],
        "params": {
            "size": 0,
            "query": {
                "bool": {
                    "must": [
                        {
                            "term": {
                                "category": "service"
                            }
                        }
                    ]
                }
            },
            "aggs": {
                "filterException": {
                    "terms": {
                        "field": "taskType.keyword"
                    }
                }
            }
        }
    },
    {
        "index": 2,
        "title": "Shipment Identifier",
        "key": "shipId",
        "componentType": "lsitType",
        "SearchFilter": true,
        "url": "",
        "methodType": "addData",
        "checkSelectionKey": "key",
        "valueField": [
            "key"
        ],
        "rootVal": [
            "aggregations",
            "filterException",
            "buckets"
        ],
        "params": {
            "size": 0,
            "query": {
                "bool": {
                    "must": [
                        {
                            "term": {
                                "category": "service"
                            }
                        },
                        {
                            "match": {
                                "orderDTO.shipmentIdentificationNumber": "*"
                            }
                        }
                    ]
                }
            },
            "aggs": {
                "filterException": {
                    "terms": {
                        "field": "orderDTO.shipmentIdentificationNumber.keyword"
                    }
                }
            }
        }
    },
    {
        "index": 3,
        "title": "Bill Of Lading",
        "key": "BOL",
        "SearchFilter": true,
        "componentType": "lsitType",
        "url": "",
        "methodType": "addData",
        "checkSelectionKey": "key",
        "valueField": [
            "key"
        ],
        "rootVal": [
            "aggregations",
            "filterException",
            "buckets"
        ],
        "params": {
            "size": 0,
            "query": {
                "bool": {
                    "must": [
                        {
                            "term": {
                                "category": "service"
                            }
                        },
                        {
                            "match": {
                                "orderDTO.referenceNumberDTOs.referenceNumberTypeDescription": "*"
                            }
                        }
                    ]
                }
            },
            "aggs": {
                "filterException": {
                    "terms": {
                        "field": "orderDTO.referenceNumberDTOs.referenceNumberTypeDescription.keyword"
                    }
                }
            }
        }
    },
    {
        "index": 4,
        "title": "Purchase Order Number",
        "key": "BOL",
        "componentType": "lsitType",
        "SearchFilter": true,
        "url": "",
        "methodType": "addData",
        "checkSelectionKey": "key",
        "valueField": [
            "key"
        ],
        "rootVal": [
            "aggregations",
            "filterException",
            "buckets"
        ],
        "params": {
            "size": 0,
            "query": {
                "bool": {
                    "must": [
                        {
                            "term": {
                                "category": "service"
                            }
                        },
                        {
                            "match": {
                                "orderDTO.referenceNumberDTOs.referenceNumberTypeDescription": "*"
                            }
                        }
                    ]
                }
            },
            "aggs": {
                "filterException": {
                    "terms": {
                        "field": "orderDTO.referenceNumberDTOs.referenceNumberTypeDescription.keyword"
                    }
                }
            }
        }
    },
    {
        "index": 5,
        "title": "Number Of Stops",
        "key": "noOfStops",
        "SearchFilter": true,
        "componentType": "lsitType",
        "url": "",
        "methodType": "addData",
        "checkSelectionKey": "key",
        "valueField": [
            "key"
        ],
        "rootVal": [
            "aggregations",
            "filterException",
            "buckets"
        ],
        "params": {
            "size": 0,
            "query": {
                "bool": {
                    "must": [
                        {
                            "term": {
                                "category": "service"
                            }
                        },
                        {
                            "match": {
                                "orderDTO.numberOfStops": ""
                            }
                        }
                    ]
                }
            },
            "aggs": {
                "filterException": {
                    "terms": {
                        "field": "orderDTO.numberOfStops"
                    }
                }
            }
        }
    },
    {
        "index": 6,
        "title": "Order Creator",
        "key": "orderCreator",
        "componentType": "typeAhead",
        "url": "",
        "methodType": "addData",
        "serviceFilter": true,
        "checkSelectionKey": "key",
        "valueField": [
            "key"
        ],
        "rootVal": [
            "aggregations",
            "filterException",
            "buckets"
        ],
        "params": {
            "size": 0,
            "query": {
                "bool": {
                    "must": [
                        {
                            "term": {
                                "category": "service"
                            }
                        },
                        {
                            "prefix": {
                                "orderDTO.creator.userID": ""
                            }
                        }
                    ]
                }
            },
            "aggs": {
                "filterException": {
                    "terms": {
                        "field": "orderDTO.creator.userID.keyword"
                    }
                }
            }
        }
    },
    {
        "index": 7,
        "title": "Order Owner",
        "key": "orderOwner",
        "componentType": "typeAhead",
        "checkSelectionKey": "firstName",
        "serviceFilter": true,
        "pagination": true,
        "paginationSize": 2,
        "url": "",
        "rootVal": [
            "content"
        ],
        "params": {
            "roleType": [
                "OrderOwner"
            ]
        }
    },
    {
        "index": 8,
        "title": "National Account",
        "key": "nationalAccountCode",
        "componentType": "typeAhead",
        "methodType": "addData",
        "url": "",
        "serviceFilter": true,
        "rootVal": [
            "aggregations",
            "unique",
            "buckets"
        ],
        "pagination": true,
        "paginationSize": 2,
        "params": {
            "size": 6,
            "_source": [
                "OrganizationName",
                "Level"
            ],
            "query": {
                "bool": {
                    "must": [
                        {
                            "query_string": {
                                "default_field": "Level.keyword",
                                "query": "Ultimate Parent",
                                "split_on_whitespace": false
                            }
                        },
                        {
                            "query_string": {
                                "default_field": "OrganizationName",
                                "query": "*"
                            }
                        }
                    ]
                }
            },
            "aggs": {
                "unique": {
                    "terms": {
                        "field": "OrganizationName.keyword",
                        "size": 5
                    },
                    "aggs": {
                        "Level": {
                            "top_hits": {
                                "_source": {
                                    "includes": [
                                        "OrganizationName",
                                        "Level",
                                        "OrganizationID"
                                    ]
                                },
                                "size": 1
                            }
                        }
                    }
                }
            }
        },
        "myParentScope": "",
        "framerMethod": "frameNationalAccount"
    },
    {
        "index": 9,
        "title": "Line Of Business",
        "key": "lineOfBusiness",
        "componentType": "typeAhead",
        "url": "",
        "serviceFilter": true,
        "methodType": "addData",
        "checkSelectionKey": "key",
        "valueField": [
            "key"
        ],
        "rootVal": [
            "aggregations",
            "filterException",
            "buckets"
        ],
        "params": {
            "size": 0,
            "query": {
                "bool": {
                    "must": [
                        {
                            "term": {
                                "category": "service"
                            }
                        },
                        {
                            "prefix": {
                                "orderDTO.orderBillingDetailDTOs.lineOfBusinessCode": ""
                            }
                        }
                    ]
                }
            },
            "aggs": {
                "filterException": {
                    "terms": {
                        "field": "orderDTO.orderBillingDetailDTOs.lineOfBusinessCode.keyword"
                    }
                }
            }
        }
    },
    {
        "index": 10,
        "title": "Bill To Account",
        "key": "billToCode",
        "componentType": "typeAhead",
        "url": "",
        "methodType": "addData",
        "pagination": true,
        "serviceFilter": true,
        "paginationSize": 2,
        "rootVal": [
            "hits",
            "hits"
        ],
        "params": {
            "size": 6,
            "_source": [
                "OrganizationName",
                "PartyID",
                "CustomerCode",
                "partyaddresses.AddressLine1",
                "partyaddresses.AddressLine2",
                "partyaddresses.CityName",
                "partyaddresses.StateName",
                "partyaddresses.CountryName",
                "partyaddresses.PostalCode",
                "partyaddresses.PartyRoleTypeDescription"
            ],
            "query": {
                "bool": {
                    "should": [
                        {
                            "query_string": {
                                "fields": [
                                    "OrganizationName^6",
                                    "CustomerCode^3"
                                ],
                                "query": "*",
                                "default_operator": "and"
                            }
                        },
                        {
                            "nested": {
                                "path": "partyaddresses",
                                "query": {
                                    "query_string": {
                                        "fields": [
                                            "partyaddresses.AddressLine1^18",
                                            "partyaddresses.AddressLine2^18",
                                            "partyaddresses.CityName^15",
                                            "partyaddresses.StateName^12",
                                            "partyaddresses.PostalCode^9",
                                            "partyaddresses.CountryName",
                                            "OrganizationName"
                                        ],
                                        "query": "*",
                                        "default_operator": "and"
                                    }
                                },
                                "inner_hits": {
                                    "size": 1,
                                    "_source": {
                                        "includes": [
                                            "partyaddresses.AddressLine1",
                                            "partyaddresses.AddressLine2",
                                            "partyaddresses.CityName",
                                            "partyaddresses.StateName",
                                            "partyaddresses.CountryName",
                                            "partyaddresses.PostalCode",
                                            "partyaddresses.PartyRoleTypeDescription"
                                        ]
                                    }
                                }
                            }
                        }
                    ],
                    "minimum_should_match": 1,
                    "must": {
                        "nested": {
                            "path": "partyaddresses",
                            "query": {
                                "match": {
                                    "partyaddresses.PartyRoleTypeDescription": "BILL TO"
                                }
                            }
                        }
                    }
                }
            }
        },
        "myParentScope": "",
        "framerMethod": "frameBillTo"
    },
    {
        "index": 11,
        "title": "Business Unit",
        "key": "businessUnit",
        "hideTypeAhead": true,
        "componentType": "lsitType",
        "checkSelectionKey": "financeBusinessUnitCode",
        "url": "",
        "params": {},
        "rootVal": [
            "_embedded",
            "serviceOfferingBusinessUnitTransitModeAssociations"
        ],
        "myParentScope": "",
        "framerMethod": "frameBusinessUnit"
    },
    {
        "index": 12,
        "title": "Service Offering",
        "key": "serviceOffering",
        "hideTypeAhead": true,
        "componentType": "lsitType",
        "params": {},
        "checkSelectionKey": "serviceOfferingCode",
        "url": "",
        "rootVal": [
            "_embedded",
            "serviceOfferings"
        ],
        "myParentScope": "",
        "framerMethod": "frameServiceOffering"
    },
    {
        "index": 13,
        "title": "Fleet Code",
        "key": "fleetCode",
        "checkSelectionKey": "key",
        "componentType": "lsitType",
        "SearchFilter": true,
        "url": "",
        "methodType": "addData",
        "rootVal": [
            "aggregations",
            "filterException",
            "buckets"
        ],
        "params": {
            "_source": "monitoringLoadDTO.fleetCode",
            "query": {
                "bool": {
                    "must": [
                        {
                            "term": {
                                "category": "service"
                            }
                        },
                        {
                            "match": {
                                "monitoringLoadDTO.fleetCode": ""
                            }
                        }
                    ]
                }
            },
            "aggs": {
                "filterException": {
                    "terms": {
                        "field": "monitoringLoadDTO.fleetCode.keyword"
                    }
                }
            }
        }
    },
    {
        "index": 14,
        "title": "Load Number",
        "key": "loadNumber",
        "componentType": "lsitType",
        "SearchFilter": true,
        "url": "",
        "methodType": "addData",
        "checkSelectionKey": "key",
        "valueField": [
            "key"
        ],
        "rootVal": [
            "aggregations",
            "filterException",
            "buckets"
        ],
        "params": {
            "_source": "monitoringLoadDTO.loadNumber",
            "query": {
                "bool": {
                    "must": [
                        {
                            "term": {
                                "category": "service"
                            }
                        },
                        {
                            "match": {
                                "monitoringLoadDTO.loadNumber": "*"
                            }
                        }
                    ]
                }
            },
            "aggs": {
                "filterException": {
                    "terms": {
                        "field": "monitoringLoadDTO.loadNumber.keyword"
                    }
                }
            }
        }
    },
    {
        "index": 15,
        "title": "Load Carrier",
        "key": "loadCarrier",
        "componentType": "lsitType",
        "SearchFilter": true,
        "url": "",
        "methodType": "addData",
        "checkSelectionKey": "key",
        "valueField": [
            "key"
        ],
        "rootVal": [
            "aggregations",
            "filterException",
            "buckets"
        ],
        "params": {
            "_source": "monitoringLoadDTO.carrierCode",
            "query": {
                "bool": {
                    "must": [
                        {
                            "term": {
                                "category": "service"
                            }
                        },
                        {
                            "match": {
                                "monitoringLoadDTO.carrierCode": "*"
                            }
                        }
                    ]
                }
            },
            "aggs": {
                "filterException": {
                    "terms": {
                        "field": "monitoringLoadDTO.carrierCode.keyword"
                    }
                }
            }
        }
    },
    {
        "index": 16,
        "title": "Load Trailer",
        "key": "loadtrailer",
        "componentType": "lsitType",
        "url": "",
        "SearchFilter": true,
        "checkSelectionKey": "key",
        "valueField": [
            "key"
        ],
        "methodType": "addData",
        "rootVal": [
            "aggregations",
            "filterException",
            "buckets"
        ],
        "params": {
            "size": 0,
            "_source": [
                "monitoringLoadDTO.equipmentPrefix",
                "monitoringLoadDTO.equipmentNumber"
            ],
            "query": {
                "bool": {
                    "filter": [
                        {
                            "exists": {
                                "field": "monitoringLoadDTO"
                            }
                        },
                        {
                            "match": {
                                "monitoringLoadDTO.equipmentNumber": "*"
                            }
                        }
                    ]
                }
            },
            "aggs": {
                "filterException": {
                    "terms": {
                        "field": "monitoringLoadDTO.equipmentNumber.keyword"
                    }
                }
            }
        }
    },
    {
        "index": 17,
        "title": "Board Code",
        "key": "boardCode",
        "componentType": "typeAhead",
        "url": "",
        "methodType": "addData",
        "serviceFilter": true,
        "pagination": true,
        "paginationSize": 2,
        "checkSelectionKey": "key",
        "valueField": [
            "key"
        ],
        "rootVal": [
            "aggregations",
            "filterException",
            "buckets"
        ],
        "params": {
            "size": 0,
            "query": {
                "bool": {
                    "must": [
                        {
                            "term": {
                                "category": "service"
                            }
                        },
                        {
                            "prefix": {
                                "monitoringLoadDTO.boardcode": "*"
                            }
                        }
                    ]
                }
            },
            "aggs": {
                "filterException": {
                    "terms": {
                        "field": "monitoringLoadDTO.boardcode.keyword"
                    }
                }
            }
        },
        "myParentScope": "",
        "framerMethod": "frameBoardCode"
    },
    {
        "index": 18,
        "title": "Operational Owner",
        "key": "operationalOwner",
        "componentType": "typeAhead",
        "checkSelectionKey": "projectCode",
        "serviceFilter": true,
        "pagination": true,
        "paginationSize": 2,
        "url": "",
        "rootVal": [
            "_embedded",
            "projects"
        ],
        "params": {}
    },
    {
        "index": 19,
        "title": "Origin",
        "key": "siteDetails",
        "componentType": "typeAhead",
        "methodType": "addData",
        "serviceFilter": true,
        "url": "",
        "rootVal": [
            "hits",
            "hits"
        ],
        "pagination": true,
        "paginationSize": 2,
        "params": {
            "size": 5,
            "_source": [
                "LocationName",
                "LocationCode",
                "LocationID",
                "locations.AddressLine1",
                "locations.AddressLine2",
                "locations.CityName",
                "locations.StateName",
                "locations.CountryName",
                "locations.PostalCode",
                "locations.LocationRoleTypeDescription",
                "locations.AddressID"
            ],
            "query": {
                "bool": {
                    "should": [
                        {
                            "query_string": {
                                "fields": [
                                    "LocationName^6",
                                    "LocationCode^3"
                                ],
                                "query": "*",
                                "default_operator": "and"
                            }
                        },
                        {
                            "nested": {
                                "path": "locations",
                                "query": {
                                    "query_string": {
                                        "fields": [
                                            "locations.AddressLine1^18",
                                            "locations.AddressLine2^18",
                                            "locations.CityName^15",
                                            "locations.StateName^12",
                                            "locations.PostalCode^9",
                                            "locations.CountryName"
                                        ],
                                        "query": "*",
                                        "default_operator": "and"
                                    }
                                }
                            }
                        }
                    ],
                    "minimum_should_match": 1,
                    "must": [
                        {
                            "nested": {
                                "path": "locations",
                                "query": {
                                    "query_string": {
                                        "fields": [
                                            "locations.LocationRoleTypeDescription.keyword"
                                        ],
                                        "query": "(Shipper)",
                                        "split_on_whitespace": false
                                    }
                                },
                                "inner_hits": {
                                    "size": 1,
                                    "_source": {
                                        "includes": [
                                            "locations.AddressLine1",
                                            "locations.AddressLine2",
                                            "locations.CityName",
                                            "locations.StateName",
                                            "locations.CountryName",
                                            "locations.PostalCode",
                                            "locations.LocationRoleTypeDescription",
                                            "locations.AddressID"
                                        ]
                                    }
                                }
                            }
                        }
                    ]
                }
            }
        },
        "myParentScope": "",
        "framerMethod": "frameOrigin"
    },
    {
        "index": 20,
        "title": "Origin Market",
        "key": "OriginMarketingArea",
        "componentType": "typeAhead",
        "checkSelectionKey": "marketingArea",
        "url": "",
        "serviceFilter": true,
        "pagination": true,
        "paginationSize": 2,
        "rootVal": [
            "_embedded",
            "areas"
        ],
        "params": {}
    },
    {
        "index": 21,
        "title": "Scheduled Pickup Appointment",
        "componentType": "Date",
        "dateFieldKey": "scheduledPickup"
    },
    {
        "index": 22,
        "title": "Requested Pickup Appointment",
        "componentType": "Date",
        "dateFieldKey": "requestedPickup"
    },
    {
        "index": 23,
        "title": "Destination",
        "key": "siteDetails",
        "componentType": "typeAhead",
        "methodType": "addData",
        "serviceFilter": true,
        "url": "",
        "rootVal": [
            "hits",
            "hits"
        ],
        "pagination": true,
        "paginationSize": 2,
        "params": {
            "size": 5,
            "_source": [
                "LocationName",
                "LocationCode",
                "LocationID",
                "locations.AddressLine1",
                "locations.AddressLine2",
                "locations.CityName",
                "locations.StateName",
                "locations.CountryName",
                "locations.PostalCode",
                "locations.LocationRoleTypeDescription",
                "locations.AddressID"
            ],
            "query": {
                "bool": {
                    "should": [
                        {
                            "query_string": {
                                "fields": [
                                    "LocationName^6",
                                    "LocationCode^3"
                                ],
                                "query": "*",
                                "default_operator": "and"
                            }
                        },
                        {
                            "nested": {
                                "path": "locations",
                                "query": {
                                    "query_string": {
                                        "fields": [
                                            "locations.AddressLine1^18",
                                            "locations.AddressLine2^18",
                                            "locations.CityName^15",
                                            "locations.StateName^12",
                                            "locations.PostalCode^9",
                                            "locations.CountryName"
                                        ],
                                        "query": "*",
                                        "default_operator": "and"
                                    }
                                }
                            }
                        }
                    ],
                    "minimum_should_match": 1,
                    "must": [
                        {
                            "nested": {
                                "path": "locations",
                                "query": {
                                    "query_string": {
                                        "fields": [
                                            "locations.LocationRoleTypeDescription.keyword"
                                        ],
                                        "query": "(Shipper)",
                                        "split_on_whitespace": false
                                    }
                                },
                                "inner_hits": {
                                    "size": 1,
                                    "_source": {
                                        "includes": [
                                            "locations.AddressLine1",
                                            "locations.AddressLine2",
                                            "locations.CityName",
                                            "locations.StateName",
                                            "locations.CountryName",
                                            "locations.PostalCode",
                                            "locations.LocationRoleTypeDescription",
                                            "locations.AddressID"
                                        ]
                                    }
                                }
                            }
                        }
                    ]
                }
            }
        },
        "myParentScope": "",
        "framerMethod": "frameOrigin"
    },
    {
        "index": 24,
        "title": "Destination Market",
        "key": "DestinationMarketingArea",
        "componentType": "typeAhead",
        "checkSelectionKey": "marketingArea",
        "url": "",
        "serviceFilter": true,
        "pagination": true,
        "paginationSize": 2,
        "rootVal": [
            "_embedded",
            "areas"
        ],
        "params": {}
    },
    {
        "index": 25,
        "title": "Scheduled Delivery Appointment",
        "componentType": "Date",
        "dateFieldKey": "scheduledDelivery"
    },
    {
        "index": 26,
        "title": "Requested Delivery Appointmetn",
        "componentType": "Date",
        "dateFieldKey": "requestedDelivery"
    },
    {
        "index": 27,
        "title": "Intermediate Stop",
        "key": "intermediateStops",
        "SearchFilter": true,
        "componentType": "lsitType",
        "url": "",
        "methodType": "addData",
        "checkSelectionKey": "key",
        "fieldName": "key",
        "rootVal": [
            "aggregations",
            "filterException",
            "buckets"
        ],
        "params": {
            "size": 0,
            "query": {
                "bool": {
                    "must": [
                        {
                            "term": {
                                "category": "service"
                            }
                        },
                        {
                            "match": {
                                "intermediatestops": "*"
                            }
                        }
                    ]
                }
            },
            "aggs": {
                "filterException": {
                    "terms": {
                        "field": "intermediatestops"
                    }
                }
            }
        }
    },
    {
        "index": 28,
        "title": "Intermediate Stop Market",
        "key": "IntermediateMarketingArea",
        "componentType": "typeAhead",
        "checkSelectionKey": "marketingArea",
        "url": "",
        "serviceFilter": true,
        "pagination": true,
        "paginationSize": 2,
        "rootVal": [
            "_embedded",
            "areas"
        ],
        "params": {}
    },
    {
        "index": 29,
        "title": "Origin Ramp",
        "key": "OriginRamp",
        "componentType": "typeAhead",
        "url": "",
        "methodType": "addData",
        "checkSelectionKey": "key",
        "pagination": true,
        "serviceFilter": true,
        "paginationSize": 2,
        "valueField": [
            "key"
        ],
        "rootVal": [
            "hits",
            "hits"
        ],
        "params": {
            "_source": [
                "LocationName",
                "LocationCode",
                "LocationID"
            ],
            "size": 6,
            "from": 0,
            "query": {
                "bool": {
                    "must": [
                        {
                            "query_string": {
                                "fields": [
                                    "LocationName",
                                    "LocationCode"
                                ],
                                "query": "*",
                                "default_operator": "AND",
                                "analyze_wildcard": true
                            }
                        },
                        {
                            "nested": {
                                "path": "locations",
                                "query": {
                                    "query_string": {
                                        "default_field": "locations.LocationSubTypeDescription.keyword",
                                        "query": "Ramp"
                                    }
                                }
                            }
                        }
                    ]
                }
            }
        },
        "myParentScope": "",
        "framerMethod": "frameRamp"
    },
    {
        "index": 30,
        "title": "Destination Ramp",
        "key": "DestinationRamp",
        "componentType": "typeAhead",
        "url": "",
        "methodType": "addData",
        "checkSelectionKey": "key",
        "pagination": true,
        "serviceFilter": true,
        "paginationSize": 2,
        "valueField": [
            "key"
        ],
        "rootVal": [
            "hits",
            "hits"
        ],
        "params": {
            "_source": [
                "LocationName",
                "LocationCode",
                "LocationID"
            ],
            "size": 6,
            "from": 0,
            "query": {
                "bool": {
                    "must": [
                        {
                            "query_string": {
                                "fields": [
                                    "LocationName",
                                    "LocationCode"
                                ],
                                "query": "*",
                                "default_operator": "AND",
                                "analyze_wildcard": true
                            }
                        },
                        {
                            "nested": {
                                "path": "locations",
                                "query": {
                                    "query_string": {
                                        "default_field": "locations.LocationSubTypeDescription.keyword",
                                        "query": "Ramp"
                                    }
                                }
                            }
                        }
                    ]
                }
            }
        },
        "myParentScope": "",
        "framerMethod": "frameRamp"
    },
    {
        "index": 31,
        "title": "Stop Number Of Exception",
        "key": "stopNum",
        "componentType": "lsitType",
        "SearchFilter": true,
        "url": "",
        "methodType": "addData",
        "checkSelectionKey": "key",
        "valueField": [
            "key"
        ],
        "rootVal": [
            "aggregations",
            "filterException",
            "buckets"
        ],
        "params": {
            "size": 0,
            "query": {
                "bool": {
                    "must": [
                        {
                            "term": {
                                "category": "service"
                            }
                        },
                        {
                            "match": {
                                "orderDTO.stopDTOs.stop.stopID": "*"
                            }
                        }
                    ]
                }
            },
            "aggs": {
                "filterException": {
                    "terms": {
                        "field": "orderDTO.stopDTOs.stop.stopID"
                    }
                }
            }
        }
    },
    {
        "index": 32,
        "title": "Planned/Actual Deramp",
        "componentType": "Date",
        "dateFieldKey": "actualDeramp"
    },
    {
        "index": 33,
        "title": "Task Status",
        "key": "taskStatus",
        "componentType": "lsitType",
        "hideTypeAhead": true,
        "url": "",
        "rootVal": [
            "data"
        ],
        "checkSelectionKey": "taskStatus",
        "fieldName": "taskStatus",
        "myParentScope": "",
        "params": {}
    }
]