[{
    "value":30,
    "optionField":"30 mins"
},
{
    "value":60,
    "optionField":"1 hour"
},
{
    "value":90,
    "optionField":"1.5 hours"
},
{
    "value":120,
    "optionField":"2 hours"
},
{
    "value":150,
    "optionField":"2.5 hours"
},
{
    "value":180,
    "optionField":"3 hours"
},
{
    "value":360,
    "optionField":"6 hours"
},
{
    "value":720,
    "optionField":"12 hours"
},
{
    "value":1440,
    "optionField":"24 hours"
},
{
    "value":2880,
    "optionField":"2 days"
},
{
    "value":4320,
    "optionField":"3 days"
}
]