{
  "header": {
    "interchangeSenderQualifier": "",
    "interchangeSenderID": "",
    "groupSenderID": "",
    "interchangeReceiverQualifier": "",
    "interchangeReceiverID": "",
    "groupReceiverID": "",
    "groupGenerationTimestamp": "",
    "groupGenerationTimeZone": "",
    "groupGenerationTimeZoneStandard": "",
    "interchangeVersion": "",
    "groupVersion": "",
    "interchangeControlNumber": null,
    "groupControlNumber": null,
    "transactionSetNumber": null,
    "transactionType": null,
    "controlOperationName": null,
    "reasonCode": null
  },
  "orderInformation": {
    "unifiedCustomerRequestID": null,
    "tradingPartner": "",
    "shipmentIdentificationNumber": "",
    "shipmentIdentificationType": "",
    "transactionSetPurpose": "",
    "statusReportCode": null,
    "scac": "",
    "transportationMethod": "",
    "shipmentMethodofPayment": "",
    "ladingDetails": {
      "unitCodeQualifier": "",
      "unitCodeDescription": "",
      "weightQualifier": "",
      "weightQualifierDescription": "",
      "weightUnitOfMeasure": "",
      "weight": null,
      "quantity": null,
      "quantityQualifier": null,
      "quantityQualifierDescription": null,
      "volumeQualifier": null,
      "volumeQualifierDescription": null,
      "volumeUnitOfMeasure": null,
      "volume": null,
      "ladingDetailsDescription": null
    },
    "palletInformation": {
      "palletQuantity": null,
      "palletExchange": null,
      "palletWeight": null,
      "palletWeightUnitOfMeasure": null,
      "palletVolumeQualifier": "",
      "palletVolumeQualifierDescription": "",
      "palletVolumeUnitOfMeasure": null,
      "palletVolume": null
    },
    "freightRate": null,
    "freightRateQualifier": "",
    "totalCharge": null,
    "specialCharges": {
      "specialCharge": "",
      "specialChargeAmount": null
    },
    "hazardLoadIndicator": "",
    "totalStops": null,
    "orderType": "",
    "orderSubType": null,
    "communicationMethodType": "",
    "deliveryServiceType": "",
    "routeFlag": null,
    "returnPlant": null,
    "totalPoints": null,
    "partyInfomation": {
      "party": [{
          "partyID": "",
          "partyName": "",
          "addressAliasQualifier": "",
          "addressAliasCode": "",
          "addressLine1": "",
          "addressLine2": "",
          "addressLine3": null,
          "cityName": "",
          "stateCode": "",
          "postalCode": "",
          "addressCountryCode": "",
          "contacts": {
            "contact": [{
              "contactType": "",
              "contactName": "",
              "communicationMethod": "",
              "communicationType": null,
              "communicationValue": "",
              "communicationExtension": null
            }]
          }
        },
        {
          "partyID": "",
          "partyName": "",
          "addressAliasQualifier": "",
          "addressAliasCode": "",
          "addressLine1": "",
          "addressLine2": "",
          "addressLine3": null,
          "cityName": "",
          "stateCode": "",
          "postalCode": "",
          "addressCountryCode": "",
          "contacts": {
            "contact": [{
              "contactType": "",
              "contactName": "",
              "communicationMethod": "",
              "communicationType": null,
              "communicationValue": "",
              "communicationExtension": null
            }]
          }
        }
      ]
    },
    "dateTimes": {
      "dateTime": [{
          "dateQualifierDescription": "",
          "dateQualifier": null,
          "date": "",
          "timeQualifierDescription": "",
          "timeQualifier": "",
          "time": "",
          "timeZone": "",
          "timeZoneStandard": ""
        },
        {
          "dateQualifierDescription": "",
          "dateQualifier": null,
          "date": "",
          "timeQualifierDescription": "",
          "timeQualifier": "",
          "time": "",
          "timeZone": "",
          "timeZoneStandard": ""
        },
        {
          "dateQualifierDescription": "",
          "dateQualifier": null,
          "date": "",
          "timeQualifierDescription": "",
          "timeQualifier": "",
          "time": "",
          "timeZone": "",
          "timeZoneStandard": ""
        },
        {
          "dateQualifierDescription": "",
          "dateQualifier": null,
          "date": "",
          "timeQualifierDescription": "",
          "timeQualifier": "",
          "time": "",
          "timeZone": "",
          "timeZoneStandard": ""
        },
        {
          "dateQualifierDescription": "",
          "dateQualifier": null,
          "date": "",
          "timeQualifierDescription": "",
          "timeQualifier": "",
          "time": "",
          "timeZone": "",
          "timeZoneStandard": ""
        }
      ]
    },
    "referenceNumbers": {
      "referenceNumber": [{
          "referenceNumberQualifier": "",
          "referenceNumberType": "",
          "referenceNumberValue": "",
          "associatedReferenceNumberType": null,
          "associatedReferenceNumberValue": null
        },
        {
          "referenceNumberQualifier": "",
          "referenceNumberType": "",
          "referenceNumberValue": "",
          "associatedReferenceNumberType": null,
          "associatedReferenceNumberValue": null
        },
        {
          "referenceNumberQualifier": "",
          "referenceNumberType": "",
          "referenceNumberValue": "",
          "associatedReferenceNumberType": null,
          "associatedReferenceNumberValue": null
        },
        {
          "referenceNumberQualifier": "",
          "referenceNumberType": "",
          "referenceNumberValue": "",
          "associatedReferenceNumberType": null,
          "associatedReferenceNumberValue": null
        },
        {
          "referenceNumberQualifier": "",
          "referenceNumberType": "",
          "referenceNumberValue": "",
          "associatedReferenceNumberType": "",
          "associatedReferenceNumberValue": ""
        },
        {
          "referenceNumberQualifier": "",
          "referenceNumberType": "",
          "referenceNumberValue": "",
          "associatedReferenceNumberType": null,
          "associatedReferenceNumberValue": null
        }
      ]
    },
    "specialHandlingRequirments": {
      "specialHandlingRequirement": [{
          "specialHandling": "",
          "specialServices": "",
          "specialHandlingDescription": null
        },
        {
          "specialHandling": "",
          "specialServices": "",
          "specialHandlingDescription": null
        }
      ]
    },
    "specialInstructions": {
      "specialInstruction": [
        "TOTAL DISTANCE = "
      ]
    },
    "notes": {
      "note": [
        "Live Load"
      ]
    },
    "equipmentDetails": {
      "equipment": {
        "equipmentInitials": null,
        "equipmentNumber": "",
        "equipmentDescription": "",
        "equipmentLength": null,
        "equipmentType": "",
        "temperatureControl": ""
      },
      "sealNumbers": {
        "sealNumber": ""
      }
    },
    "stops": {
      "stop": [{
          "stopNumber": null,
          "stopReason": "",
          "stopLocationType": null,
          "stopRoleType": "",
          "stopRoleTypeDescription": null,
          "stopLadingDetails": {
            "ladingDetails": {
              "unitCodeQualifier": "",
              "unitCodeDescription": "",
              "weightQualifier": "",
              "weightQualifierDescription": null,
              "weightUnitOfMeasure": "",
              "weight": null,
              "quantity": null,
              "quantityQualifier": "",
              "quantityQualifierDescription": "",
              "volumeQualifier": "",
              "volumeQualifierDescription": "",
              "volumeUnitOfMeasure": null,
              "volume": null,
              "ladingDetailsDescription": ""
            }
          },
          "name": "",
          "addressAliasQualifier": "",
          "addressAliasCode": "",
          "addressLine1": "",
          "addressLine2": "",
          "addressLine3": null,
          "cityName": "",
          "stateCode": "",
          "postalCode": "",
          "countryCode": "",
          "contacts": {
            "contact": [{
              "contactType": "",
              "contactName": "",
              "communicationMethod": "",
              "communicationType": null,
              "communicationValue": "",
              "communicationExtension": null
            }]
          },
          "specialInstructions": {
            "specialInstruction": [
              ""
            ]
          },
          "notes": {
            "note": [
              ""
            ]
          },
          "stopSpecialCharges": {
            "stopSpecialCharge": null,
            "stopSpecialChargeAmount": null
          },
          "palletInformation": {
            "palletQuantity": null,
            "palletExchange": null,
            "palletWeight": null,
            "palletWeightUnitOfMeasure": null,
            "palletVolumeQualifier": "",
            "palletVolumeQualifierDescription": "",
            "palletVolumeUnitOfMeasure": null,
            "palletVolume": null
          },
          "hazardousCertifications": {
            "hazardousCertification": [{
              "name": null,
              "hazardousCertificationCode": "",
              "hazardousCertificationDeclaration": null,
              "contacts": {
                "contact": [{
                  "contactType": "",
                  "contactName": "",
                  "communicationMethod": "",
                  "communicationType": null,
                  "communicationValue": "",
                  "communicationExtension": null
                }]
              }
            }]
          },
          "dateTimes": {
            "dateTime": [{
                "dateQualifierDescription": "",
                "dateQualifier": null,
                "date": "",
                "timeQualifierDescription": "",
                "timeQualifier": "",
                "time": "",
                "timeZone": "",
                "timeZoneStandard": ""
              },
              {
                "dateQualifierDescription": "",
                "dateQualifier": null,
                "date": "",
                "timeQualifierDescription": "",
                "timeQualifier": "",
                "time": "",
                "timeZone": "",
                "timeZoneStandard": ""
              }
            ]
          },
          "referenceNumbers": {
            "referenceNumber": [{
                "referenceNumberQualifier": "",
                "referenceNumberType": "",
                "referenceNumberValue": "",
                "associatedReferenceNumberType": null,
                "associatedReferenceNumberValue": null
              },
              {
                "referenceNumberQualifier": "",
                "referenceNumberType": "",
                "referenceNumberValue": "",
                "associatedReferenceNumberType": null,
                "associatedReferenceNumberValue": null
              },
              {
                "referenceNumberQualifier": "",
                "referenceNumberType": "",
                "referenceNumberValue": "",
                "associatedReferenceNumberType": null,
                "associatedReferenceNumberValue": null
              },
              {
                "referenceNumberQualifier": "",
                "referenceNumberType": "",
                "referenceNumberValue": "",
                "associatedReferenceNumberType": null,
                "associatedReferenceNumberValue": null
              },
              {
                "referenceNumberQualifier": "",
                "referenceNumberType": "",
                "referenceNumberValue": "",
                "associatedReferenceNumberType": null,
                "associatedReferenceNumberValue": null
              },
              {
                "referenceNumberQualifier": "",
                "referenceNumberType": "",
                "referenceNumberValue": "",
                "associatedReferenceNumberType": null,
                "associatedReferenceNumberValue": null
              },
              {
                "referenceNumberQualifier": "",
                "referenceNumberType": "",
                "referenceNumberValue": "",
                "associatedReferenceNumberType": null,
                "associatedReferenceNumberValue": null
              }
            ]
          },
          "orderIdentification": {
            "orderID": {
              "items": [{
                "item": [{
                  "itemSpecifications": {
                    "itemIdentifier": null,
                    "itemCode": null,
                    "itemCodeQualifier": null,
                    "itemSpecCode": null,
                    "supplierItemCode": null,
                    "supplierItemCodeQualifier": null,
                    "associatedItemCode": null,
                    "manufacturerName": "",
                    "make": "",
                    "modelNumber": null,
                    "materialNumber": [
                      null
                    ],
                    "partNumber": "",
                    "category": "",
                    "classification": "",
                    "temperatureControlRequirement": "",
                    "hazmatFlag": "",
                    "itemDescription": "",
                    "nmfcfreightClass": null,
                    "nmfcsubCode": null
                  },
                  "itemLadingDetails": {
                    "ladingDetails": {
                      "unitCodeQualifier": null,
                      "unitCodeDescription": null,
                      "weightQualifier": "",
                      "weightQualifierDescription": "",
                      "weightUnitOfMeasure": "",
                      "weight": null,
                      "quantity": null,
                      "quantityQualifier": null,
                      "quantityQualifierDescription": "",
                      "volumeQualifier": null,
                      "volumeQualifierDescription": null,
                      "volumeUnitOfMeasure": null,
                      "volume": null,
                      "ladingDetailsDescription": null
                    }
                  },
                  "itemDimensions": {
                    "itemLength": null,
                    "itemLengthUnitOfMeasure": null,
                    "itemWidth": null,
                    "itemWidthUnitOfMeasure": null,
                    "itemHeight": null,
                    "itemHeightUnitOfMeasure": null
                  },
                  "serviceRequirements": null,
                  "itemSerialNumbers": null,
                  "specialInstructions": null,
                  "notes": null,
                  "hazardousIDInformation": null
                }],
                "oididentifier": "",
                "oidnumber": "",
                "oidLadingDetails": {
                  "ladingDetails": {
                    "unitCodeQualifier": null,
                    "unitCodeDescription": null,
                    "weightQualifier": "",
                    "weightQualifierDescription": "",
                    "weightUnitOfMeasure": null,
                    "weight": null,
                    "quantity": null,
                    "quantityQualifier": "",
                    "quantityQualifierDescription": "",
                    "volumeQualifier": "",
                    "volumeQualifierDescription": "",
                    "volumeUnitOfMeasure": null,
                    "volume": null,
                    "ladingDetailsDescription": ""
                  }
                }
              }]
            }
          }
        }
      ]
    }
  }
}