[
	{
		"Bill To": {
			"_source": [
				"PartyID",
				"CustomerCode",
				"OrganizationName"
			],
			"query": {
				"bool": {
					"must": [
						{
							"multi_match": {
								"fields": [
									"OrganizationName",
									"PartyID"
								],
								"query": "",
								"type": "phrase_prefix"
							}
						},
						{
							"nested": {
								"path": "partyaddresses",
								"query": {
									"match": {
										"partyaddresses.PartyRoleTypeDescription": "BILL TO"
									}
								}
							}
						}
					]
				}
			},
			"from": "0",
			"size": "8"
		},
		"Solicitor": {
			"_source": [
				"Name",
				"TelephoneNumber",
				"Email",
				"PartyId",
				"AddressID",
				"TelephoneID",
				"EmailID",
				"PersonRoleTypeCode"
			],
			"query": {
				"bool": {
					"must": [
						{
							"multi_match": {
								"fields": [
									"PartyId",
									"Name"
								],
								"query": "",
								"type": "phrase_prefix"
							}
						}
					]
				}
			},
			"size": "8",
			"from": "0"
		},
		"National Account": {
			"_source": [
				"OrganizationName",
				"OrganizationID",
				"Level"
			],
			"query": {
				"bool": {
					"must": [
						{
							"multi_match": {
								"fields": [
									"OrganizationName",
									"OrganizationID"
								],
								"query": "",
								"type": "phrase_prefix"
							}
						},
						{
							"query_string": {
								"default_field": "Level.keyword",
								"query": "Ultimate Parent",
								"split_on_whitespace": false
							}
						}
					]
				}
			},
			"aggs": {
				"unique": {
					"terms": {
						"field": "OrganizationName.keyword",
						"size": 5
					},
					"aggs": {
						"Level": {
							"top_hits": {
								"_source": {
									"includes": [
										"OrganizationName",
										"Level",
										"OrganizationID"
									]
								},
								"size": 1
							}
						}
					}
				}
			},
			"size": "8",
			"from": "0"
		},
		"Local Distribution Center": {
			"_source": [
				"LocationName",
				"LocationCode",
				"LocationID"
			],
			"size": 6,
			"from": 0,
			"query": {
				"bool": {
					"must": [
						{
							"multi_match": {
								"fields": [
									"LocationName",
									"LocationCode"
								],
								"query": "",
								"type": "phrase_prefix"
							}
						},
						{
							"nested": {
								"path": "locations",
								"query": {
									"query_string": {
										"default_field": "locations.LocationSubTypeDescription.keyword",
										"query": "LDC"
									}
								}
							}
						}
					]
				}
			}
		},
		"Line of Business": {
			"_source": [
				"OrganizationName",
				"OrganizationID",
				"Level"
			],
			"query": {
				"bool": {
					"must": [
						{
							"multi_match": {
								"fields": [
									"OrganizationName",
									"OrganizationID"
								],
								"query": "",
								"type": "phrase_prefix"
							}
						},
						{
							"query_string": {
								"default_field": "Level.keyword",
								"query": "Business Line",
								"split_on_whitespace": false
							}
						}
					]
				}
			},
			"aggs": {
				"unique": {
					"terms": {
						"field": "OrganizationName.keyword",
						"size": 5
					},
					"aggs": {
						"Level": {
							"top_hits": {
								"_source": {
									"includes": [
										"OrganizationName",
										"Level",
										"OrganizationID"
									]
								},
								"size": 1
							}
						}
					}
				}
			},
			"size": "8",
			"from": "0"
		},
		"Code Ramp": {
			"_source": [
				"LocationName",
				"LocationID"
			],
			"query": {
				"bool": {
					"must": [
						{
							"multi_match": {
								"fields": [
									"LocationName",
									"LocationID"
								],
								"query": "",
								"type": "phrase_prefix"
							}
						}
					]
				}
			},
			"from": "0",
			"size": "8"
		},
		"Area": {
			"_source": [
				"Areaname"
			],
			"query": {
				"bool": {
					"must": [
						{
							"multi_match": {
								"fields": [
									"Areaname"
								],
								"query": "",
								"type": "phrase_prefix"
							}
						}
					]
				}
			},
			"from": "0",
			"size": "8"
		},
		"Owner": {
			"_source": [
				"firstName",
				"lastName",
				"userID"
			],
			"query": {
				"bool": {
					"must": [
						{
							"multi_match": {
								"fields": [
									"firstName",
									"lastName",
									"userID"
								],
								"query": "a",
								"type": "phrase_prefix"
							}
						}
					]
				}
			},
			"from": "0",
			"size": "8"
		}
	}
]