{
    "took": 38,
    "timed_out": false,
    "_shards": {
        "total": 5,
        "successful": 5,
        "failed": 0
    },
    "hits": {
        "total": 8,
        "max_score": 1.4495251,
        "hits": [
            {
                "_index": "ordermanagementchangerequestindex",
                "_type": "orderchangerequests",
                "_id": "617",
                "_score": 1.4495251,
                "_source": {
                    "appointmentRequestID": 617,
                    "appointmentStatus": "Not Scheduled",
                    "existingAppointment": null,
                    "shipmentDestinationDTO": {
                        "id": 1,
                        "code": "18AN6",
                        "name": "180 SNACKS",
                        "addressDTO": {
                            "id": 1,
                            "addressLine1": "1173 N Armando St",
                            "addressLine2": "",
                            "city": "Anaheim",
                            "state": "CA",
                            "zipcode": "928062609",
                            "country": "USA"
                        }
                    },
                    "shipmentOriginDTO": {
                        "addressDTO": {
                            "id": 1,
                            "addressLine1": "1173 N Armando St",
                            "addressLine2": "",
                            "city": "Anaheim",
                            "state": "CA",
                            "zipcode": "928062609",
                            "country": "USA"
                        }
                    },
                    "appointmentLocationDTO": {
                        "addressDTO": {
                            "id": 1,
                            "addressLine1": "1173 N Armando St",
                            "addressLine2": "",
                            "city": "Anaheim",
                            "state": "CA",
                            "zipcode": "928062609",
                            "country": "USA"
                        }
                    },
                    "shipmentIdentificationNumber": "shipdatatest1",
                    "stops": "1 of 2"
                }
            },
            {
                "_index": "ordermanagementchangerequestindex",
                "_type": "orderchangerequests",
                "_id": "617",
                "_score": 1.4495251,
                "_source": {
                    "appointmentRequestID": 617,
                    "appointmentStatus": "Not Scheduled",
                    "existingAppointment": null,
                    "shipmentDestinationDTO": {
                        "id": 1,
                        "code": "18AN6",
                        "name": "180 SNACKS",
                        "addressDTO": {
                            "id": 1,
                            "addressLine1": "1173 N Armando St",
                            "addressLine2": "",
                            "city": "Anaheim",
                            "state": "CA",
                            "zipcode": "928062609",
                            "country": "USA"
                        }
                    },
                    "shipmentOriginDTO": {
                        "addressDTO": {
                            "id": 1,
                            "addressLine1": "1173 N Armando St",
                            "addressLine2": "",
                            "city": "Anaheim",
                            "state": "CA",
                            "zipcode": "928062609",
                            "country": "USA"
                        }
                    },
                    "appointmentLocationDTO": {
                        "addressDTO": {
                            "id": 1,
                            "addressLine1": "1173 N Armando St",
                            "addressLine2": "",
                            "city": "Anaheim",
                            "state": "CA",
                            "zipcode": "928062609",
                            "country": "USA"
                        }
                    },
                    "shipmentIdentificationNumber": "shipdatatest2",
                    "stops": "1 of 2"
                }
            },
            {
                "_index": "ordermanagementchangerequestindex",
                "_type": "orderchangerequests",
                "_id": "617",
                "_score": 1.4495251,
                "_source": {
                    "appointmentRequestID": 617,
                    "appointmentStatus": "Not Scheduled",
                    "existingAppointment": null,
                    "shipmentDestinationDTO": {
                        "id": 1,
                        "code": "18AN6",
                        "name": "180 SNACKS",
                        "addressDTO": {
                            "id": 1,
                            "addressLine1": "1173 N Armando St",
                            "addressLine2": "",
                            "city": "Anaheim",
                            "state": "CA",
                            "zipcode": "928062609",
                            "country": "USA"
                        }
                    },
                    "shipmentOriginDTO": {
                        "addressDTO": {
                            "id": 1,
                            "addressLine1": "1173 N Armando St",
                            "addressLine2": "",
                            "city": "Anaheim",
                            "state": "CA",
                            "zipcode": "928062609",
                            "country": "USA"
                        }
                    },
                    "appointmentLocationDTO": {
                        "addressDTO": {
                            "id": 1,
                            "addressLine1": "1173 N Armando St",
                            "addressLine2": "",
                            "city": "Anaheim",
                            "state": "CA",
                            "zipcode": "928062609",
                            "country": "USA"
                        }
                    },
                    "shipmentIdentificationNumber": "shipdatatest3",
                    "stops": "1 of 2"
                }
            },
            {
                "_index": "ordermanagementchangerequestindex",
                "_type": "orderchangerequests",
                "_id": "617",
                "_score": 1.4495251,
                "_source": {
                    "appointmentRequestID": 617,
                    "appointmentStatus": "Not Scheduled",
                    "existingAppointment": null,
                    "shipmentDestinationDTO": {
                        "id": 1,
                        "code": "18AN6",
                        "name": "180 SNACKS",
                        "addressDTO": {
                            "id": 1,
                            "addressLine1": "1173 N Armando St",
                            "addressLine2": "",
                            "city": "Anaheim",
                            "state": "CA",
                            "zipcode": "928062609",
                            "country": "USA"
                        }
                    },
                    "shipmentOriginDTO": {
                        "addressDTO": {
                            "id": 1,
                            "addressLine1": "1173 N Armando St",
                            "addressLine2": "",
                            "city": "Anaheim",
                            "state": "CA",
                            "zipcode": "928062609",
                            "country": "USA"
                        }
                    },
                    "appointmentLocationDTO": {
                        "addressDTO": {
                            "id": 1,
                            "addressLine1": "1173 N Armando St",
                            "addressLine2": "",
                            "city": "Anaheim",
                            "state": "CA",
                            "zipcode": "928062609",
                            "country": "USA"
                        }
                    },
                    "shipmentIdentificationNumber": "shipdatatest4",
                    "stops": "1 of 2"
                }
            },
            {
                "_index": "ordermanagementchangerequestindex",
                "_type": "orderchangerequests",
                "_id": "617",
                "_score": 1.4495251,
                "_source": {
                    "appointmentRequestID": 617,
                    "appointmentStatus": "Not Scheduled",
                    "existingAppointment": null,
                    "shipmentDestinationDTO": {
                        "id": 1,
                        "code": "18AN6",
                        "name": "180 SNACKS",
                        "addressDTO": {
                            "id": 1,
                            "addressLine1": "1173 N Armando St",
                            "addressLine2": "",
                            "city": "Anaheim",
                            "state": "CA",
                            "zipcode": "928062609",
                            "country": "USA"
                        }
                    },
                    "shipmentOriginDTO": {
                        "addressDTO": {
                            "id": 1,
                            "addressLine1": "1173 N Armando St",
                            "addressLine2": "",
                            "city": "Anaheim",
                            "state": "CA",
                            "zipcode": "928062609",
                            "country": "USA"
                        }
                    },
                    "appointmentLocationDTO": {
                        "addressDTO": {
                            "id": 1,
                            "addressLine1": "1173 N Armando St",
                            "addressLine2": "",
                            "city": "Anaheim",
                            "state": "CA",
                            "zipcode": "928062609",
                            "country": "USA"
                        }
                    },
                    "shipmentIdentificationNumber": "shipdatatest5",
                    "stops": "1 of 2"
                }
            },
            {
                "_index": "ordermanagementchangerequestindex",
                "_type": "orderchangerequests",
                "_id": "617",
                "_score": 1.4495251,
                "_source": {
                    "appointmentRequestID": 617,
                    "appointmentStatus": "Not Scheduled",
                    "existingAppointment": null,
                    "shipmentDestinationDTO": {
                        "id": 1,
                        "code": "18AN6",
                        "name": "180 SNACKS",
                        "addressDTO": {
                            "id": 1,
                            "addressLine1": "1173 N Armando St",
                            "addressLine2": "",
                            "city": "Anaheim",
                            "state": "CA",
                            "zipcode": "928062609",
                            "country": "USA"
                        }
                    },
                    "shipmentOriginDTO": {
                        "addressDTO": {
                            "id": 1,
                            "addressLine1": "1173 N Armando St",
                            "addressLine2": "",
                            "city": "Anaheim",
                            "state": "CA",
                            "zipcode": "928062609",
                            "country": "USA"
                        }
                    },
                    "appointmentLocationDTO": {
                        "addressDTO": {
                            "id": 1,
                            "addressLine1": "1173 N Armando St",
                            "addressLine2": "",
                            "city": "Anaheim",
                            "state": "CA",
                            "zipcode": "928062609",
                            "country": "USA"
                        }
                    },
                    "shipmentIdentificationNumber": "shipdatatest6",
                    "stops": "1 of 2"
                }
            },
            {
                "_index": "ordermanagementchangerequestindex",
                "_type": "orderchangerequests",
                "_id": "617",
                "_score": 1.4495251,
                "_source": {
                    "appointmentRequestID": 617,
                    "appointmentStatus": "Not Scheduled",
                    "existingAppointment": null,
                    "shipmentDestinationDTO": {
                        "id": 1,
                        "code": "18AN6",
                        "name": "180 SNACKS",
                        "addressDTO": {
                            "id": 1,
                            "addressLine1": "1173 N Armando St",
                            "addressLine2": "",
                            "city": "Anaheim",
                            "state": "CA",
                            "zipcode": "928062609",
                            "country": "USA"
                        }
                    },
                    "shipmentOriginDTO": {
                        "addressDTO": {
                            "id": 1,
                            "addressLine1": "1173 N Armando St",
                            "addressLine2": "",
                            "city": "Anaheim",
                            "state": "CA",
                            "zipcode": "928062609",
                            "country": "USA"
                        }
                    },
                    "appointmentLocationDTO": {
                        "addressDTO": {
                            "id": 1,
                            "addressLine1": "1173 N Armando St",
                            "addressLine2": "",
                            "city": "Anaheim",
                            "state": "CA",
                            "zipcode": "928062609",
                            "country": "USA"
                        }
                    },
                    "shipmentIdentificationNumber": "shipdatatest7",
                    "stops": "1 of 2"
                }
            },
            {
                "_index": "ordermanagementchangerequestindex",
                "_type": "orderchangerequests",
                "_id": "617",
                "_score": 1.4495251,
                "_source": {
                    "appointmentRequestID": 617,
                    "appointmentStatus": "Not Scheduled",
                    "existingAppointment": null,
                    "shipmentDestinationDTO": {
                        "id": 1,
                        "code": "18AN6",
                        "name": "180 SNACKS",
                        "addressDTO": {
                            "id": 1,
                            "addressLine1": "1173 N Armando St",
                            "addressLine2": "",
                            "city": "Anaheim",
                            "state": "CA",
                            "zipcode": "928062609",
                            "country": "USA"
                        }
                    },
                    "shipmentOriginDTO": {
                        "addressDTO": {
                            "id": 1,
                            "addressLine1": "1173 N Armando St",
                            "addressLine2": "",
                            "city": "Anaheim",
                            "state": "CA",
                            "zipcode": "928062609",
                            "country": "USA"
                        }
                    },
                    "appointmentLocationDTO": {
                        "addressDTO": {
                            "id": 1,
                            "addressLine1": "1173 N Armando St",
                            "addressLine2": "",
                            "city": "Anaheim",
                            "state": "CA",
                            "zipcode": "928062609",
                            "country": "USA"
                        }
                    },
                    "shipmentIdentificationNumber": "shipdatatest8",
                    "stops": "1 of 2"
                }
            }
        ]
    }
}