[{
    "number": 1,
    "name": "Sunday",
    "timeStampDTO": null
}, {
    "number": 2,
    "name": "Monday",
    "timeStampDTO": null
}, {
    "number": 3,
    "name": "Tuesday",
    "timeStampDTO": null
}, {
    "number": 4,
    "name": "Wednesday",
    "timeStampDTO": null
}, {
    "number": 5,
    "name": "Thursday",
    "timeStampDTO": null
}, {
    "number": 6,
    "name": "Friday",
    "timeStampDTO": null
}, {
    "number": 7,
    "name": "Saturday",
    "timeStampDTO": null
}]
