[
{
  "partyRoleTypeCode": "Appointmnt",
  "partyRoleTypeDescription": "Appointment"
},
{
  "partyRoleTypeCode": "AuthSign",
  "partyRoleTypeDescription": "Authorized Customer Signature"
},
{
  "partyRoleTypeCode": "Billing",
  "partyRoleTypeDescription": "Billing"
},
{
  "partyRoleTypeCode": "Bol",
  "partyRoleTypeDescription": "Bol Contact"
},
{
  "partyRoleTypeCode": "Collection",
  "partyRoleTypeDescription": "Collection"
},
{
  "partyRoleTypeCode": "Controller",
  "partyRoleTypeDescription": "Controller"
},
{
  "partyRoleTypeCode": "Det Nonhwk",
  "partyRoleTypeDescription": "Detention Notif(Non-Hawk)"
},
{
  "partyRoleTypeCode": "Detn Auth",
  "partyRoleTypeDescription": "Trailer Detention Authorization"
},
{
  "partyRoleTypeCode": "Detn Notif",
  "partyRoleTypeDescription": "Trailer Detention Notification"
},
{
  "partyRoleTypeCode": "Detp Auth",
  "partyRoleTypeDescription": "Power Detention Authorization"
},
{
  "partyRoleTypeCode": "Detp Notif",
  "partyRoleTypeDescription": "Power Detention Notification"
},
{
  "partyRoleTypeCode": "Dlod Auth",
  "partyRoleTypeDescription": "Driver Load Authorization"
},
{
  "partyRoleTypeCode": "Dlod Notif",
  "partyRoleTypeDescription": "Driver Load Notification"
},
{
  "partyRoleTypeCode": "Dstrbutor",
  "partyRoleTypeDescription": "Distributor"
},
{
  "partyRoleTypeCode": "Dunl Auth",
  "partyRoleTypeDescription": "Driver Unload Authorization"
},
{
  "partyRoleTypeCode": "Dunl Notif",
  "partyRoleTypeDescription": "Driver Unload Notification"
},
{
  "partyRoleTypeCode": "Dwld Auth",
  "partyRoleTypeDescription": "Dwell Detention Authorization"
},
{
  "partyRoleTypeCode": "Dwld Notif",
  "partyRoleTypeDescription": "Dwell Detention Notification"
},
{
  "partyRoleTypeCode": "Edi",
  "partyRoleTypeDescription": "Edi External Contact"
},
{
  "partyRoleTypeCode": "Fac Accesl",
  "partyRoleTypeDescription": "Facility Level Accessorial"
},
{
  "partyRoleTypeCode": "Finance",
  "partyRoleTypeDescription": "Finance"
},
{
  "partyRoleTypeCode": "Frgt Auth",
  "partyRoleTypeDescription": "Freight Handling Authorization"
},
{
  "partyRoleTypeCode": "Frgt Notif",
  "partyRoleTypeDescription": "Freight Handling Notification"
},
{
  "partyRoleTypeCode": "FrgtBroker",
  "partyRoleTypeDescription": "Freight Broker"
},
{
  "partyRoleTypeCode": "Fsc Notif",
  "partyRoleTypeDescription": "Fuel Surcharge Notification"
},
{
  "partyRoleTypeCode": "Llod Auth",
  "partyRoleTypeDescription": "Lumper Load Authorization"
},
{
  "partyRoleTypeCode": "Llod Notif",
  "partyRoleTypeDescription": "Lumper Load Notification"
},
{
  "partyRoleTypeCode": "Lunl Auth",
  "partyRoleTypeDescription": "Lumper Unload Authorization"
},
{
  "partyRoleTypeCode": "Lunl Notif",
  "partyRoleTypeDescription": "Lumper Unload Notification"
},
{
  "partyRoleTypeCode": "Myjbhunt",
  "partyRoleTypeDescription": "Myjbhunt.Com"
},
{
  "partyRoleTypeCode": "PendPprwrk",
  "partyRoleTypeDescription": "Loads Pending/Paperwork"
},
{
  "partyRoleTypeCode": "Rate Negot",
  "partyRoleTypeDescription": "Rate Negotiator/Approver"
},
{
  "partyRoleTypeCode": "Recn Auth",
  "partyRoleTypeDescription": "Reconsignment Authorization"
},
{
  "partyRoleTypeCode": "Recn Notif",
  "partyRoleTypeDescription": "Reconsignment Notification"
},
{
  "partyRoleTypeCode": "Sales",
  "partyRoleTypeDescription": "Contact For Sales"
},
{
  "partyRoleTypeCode": "Solicitor",
  "partyRoleTypeDescription": "Solicitor"
},
{
  "partyRoleTypeCode": "Tech Suprt",
  "partyRoleTypeDescription": "Technical Support"
},
{
  "partyRoleTypeCode": "Tonu Auth",
  "partyRoleTypeDescription": "Tonu Authorization"
},
{
  "partyRoleTypeCode": "Tonu Notif",
  "partyRoleTypeDescription": "Tonu Notification"
},
{
  "partyRoleTypeCode": "Variance",
  "partyRoleTypeDescription": "Variance"
}]
