[{
    "id": 1,
    "scheduleType": "Operating Hours",
    "addNewSet": [{
        "weekDays": "Sunday",
        "addHour": "Closed",
        "checked": false
    }, {
        "weekDays": "Monday",
        "addHour": "8.00 AM-12.00 PM 1.00 PM-6.00 PM",
        "checked": false
    }, {
        "weekDays": "Tuesday",
        "addHour": "8.00 AM-12.00 PM 1.00 PM-6.00 PM",
        "checked": false
    }, {
        "weekDays": "Wednesday",
        "addHour": "8.00 AM-12.00 PM 1.00 PM-6.00 PM",
        "checked": false
    }, {
        "weekDays": "Thursday",
        "addHour": "8.00 AM - 6.00 PM",
        "checked": false
    }, {
        "weekDays": "Friday",
        "addHour": "8.00 AM-12.00 PM 1.00 PM-6.00 PM",
        "checked": false
    }, {
        "weekDays": "Saturday",
        "addHour": "Closed",
        "checked": false
    }]
}, {
    "id": 1,
    "scheduleType": "Will Call Hours",
    "addNewSet": [{
        "weekDays": "Sunday",
        "addHour": "Closed",
        "checked": false
    }, {
        "weekDays": "Monday",
        "addHour": "8.00 AM-12.00 PM 1.00 PM-6.00 PM",
        "checked": false
    }, {
        "weekDays": "Tuesday",
        "addHour": "8.00 AM-12.00 PM 1.00 PM-6.00 PM",
        "checked": false
    }, {
        "weekDays": "Wednesday",
        "addHour": "8.00 AM-12.00 PM 1.00 PM-6.00 PM",
        "checked": false
    }, {
        "weekDays": "Thursday",
        "addHour": "8.00 AM - 6.00 PM",
        "checked": false
    }, {
        "weekDays": "Friday",
        "addHour": "8.00 AM-12.00 PM 1.00 PM-6.00 PM",
        "checked": false
    }, {
        "weekDays": "Saturday",
        "addHour": "Closed",
        "checked": false
    }]
}]
