[
	{
		"id":1,
		"name":"Lucille Kelly (744) 471-5306",
		"email":"lucil@example.com",
		"type":"Freight Handling Notification",
		"address":"6128 Ferncli Dr Swisher, IA, 52338 USA",
		"qualifyingRules":"Q",
		"isActive":true
	},{
		"id":2,
		"name":"Lucille Kelly (744) 471-5306",
		"email":"lucille.@example.com",
		"type":"Freight Handling Notification",
		"address":"6128 Ferncli Dr Swisher, IA, 52338 USA",
		"isActive":true

	},{
		"id":3,
		"name":"Lucille Kelly (744) 471-5306",
		"email":"lucill45@example.com",
		"type":"Freight Handling Notification",
		"address":"6128 Ferncli Dr Swisher, IA, 52338 USA",
		"qualifyingRules":"Q",
		"isActive":true

	},{
		"id":4,
		"name":"Lucille Kelly (744) 471-5306",
		"email":"kelly45@example.com",
		"type":"Freight Handling Notification",
		"address":"6128 Ferncli Dr Swisher, IA, 52338 USA",
		"isActive":true

	},{
		"id":5,
		"name":"Lucille Kelly (744) 471-5306",
		"email":"lucille.kelly45@example.com",
		"type":"Freight Handling Notification",
		"address":"6128 Ferncli Dr Swisher, IA, 52338 USA",
		"qualifyingRules":"Q",
		"isActive":true

	},{
		"id":6,
		"name":"Lucille Kelly (744) 471-5306",
		"email":"kellylucille45@example.com",
		"type":"Freight Handling Notification",
		"address":"6128 Ferncli Dr Swisher, IA, 52338 USA",
		"isActive":true

	},{
		"id":7,
		"name":"Lucille Kelly (744) 471-5306",
		"email":"kelly45@example.com",
		"type":"Freight Handling Notification",
		"address":"6128 Ferncli Dr Swisher, IA, 52338 USA",
		"qualifyingRules":"Q",
		"isActive":true

	},{
		"id":8,
		"name":"Lucille Kelly (744) 471-5306",
		"email":"lucie.kell5@example.com",
		"type":"Freight Handling Notification",
		"address":"6128 Ferncli Dr Swisher, IA, 52338 USA",
		"isActive":true

	},{
		"id":9,
		"name":"Lucille Kelly (744) 471-5306",
		"email":"luile.elly45@example.com",
		"type":"Freight Handling Notification",
		"address":"6128 Ferncli Dr Swisher, IA, 52338 USA",
		"qualifyingRules":"Q",
		"isActive":true

	},{
		"id":10,
		"name":"Lucille Kelly (744) 471-5306",
		"email":"lucille.kelly@ample.com",
		"type":"Freight Handling Notification",
		"address":"6128 Ferncli Dr Swisher, IA, 52338 USA",
		"isActive":true

	}
]