[{
        "locationScheduleID": 284997,
        "locationID": 186331,
        "scheduleTypeSubtypeAssociationDTO": {
            "scheduleTypeSubtypeAssociationID": 1,
            "scheduleSubTypeDTO": {
                "code": "Delivery",
                "description": "Delivery",
                "timeStampDTO": null
            },
            "scheduleTypeDTO": {
                "code": "Wkd",
                "description": "Weekday",
                "timeStampDTO": null
            }
        },
        "scheduleDescription": null,
        "scheduleStartDate": "2017-01-01T23:59:59",
        "scheduleStartHour": "00:00:00",
        "scheduleEndDate": "2099-12-31T23:59:59",
        "scheduleEndHour": "00:00:00",
        "weekDayDTO": {
            "number": 1,
            "name": "Sunday"
        }
    }, {
        "locationScheduleID": 284998,
        "locationID": 186331,
        "scheduleTypeSubtypeAssociationDTO": {
            "scheduleTypeSubtypeAssociationID": 20,
            "scheduleSubTypeDTO": {
                "code": "Office",
                "description": "Office",
                "timeStampDTO": null
            },
            "scheduleTypeDTO": {
                "code": "WillCall",
                "description": "Will Call Hours",
                "timeStampDTO": null
            }
        },
        "scheduleDescription": null,
        "scheduleStartDate": "2017-01-01T23:59:59",
        "scheduleStartHour": "07:00:00",
        "scheduleEndDate": "2099-12-31T23:59:59",
        "scheduleEndHour": "17:00:00",
        "weekDayDTO": {
            "number": 3,
            "name": "Tuesday"
        }
    }, {
        "locationScheduleID": 284999,
        "locationID": 186331,
        "scheduleTypeSubtypeAssociationDTO": {
            "scheduleTypeSubtypeAssociationID": 22,
            "scheduleSubTypeDTO": {
                "code": "Office",
                "description": "Office",
                "timeStampDTO": null
            },
            "scheduleTypeDTO": {
                "code": "Ecp",
                "description": "Alternate Schedule",
                "timeStampDTO": null
            }
        },
        "scheduleDescription": null,
        "scheduleStartDate": "2017-01-01T23:59:59",
        "scheduleStartHour": "07:00:00",
        "scheduleEndDate": "2099-12-31T23:59:59",
        "scheduleEndHour": "12:00:00",
        "weekDayDTO": {
            "number": 5,
            "name": "Thursday"
        }
    }, {
        "locationScheduleID": 285000,
        "locationID": 186331,
        "scheduleTypeSubtypeAssociationDTO": {
            "scheduleTypeSubtypeAssociationID": 1,
            "scheduleSubTypeDTO": {
                "code": "Delivery",
                "description": "Delivery",
                "timeStampDTO": null
            },
            "scheduleTypeDTO": {
                "code": "Wkd",
                "description": "Weekday",
                "timeStampDTO": null
            }
        },
        "scheduleDescription": null,
        "scheduleStartDate": "2017-01-01T23:59:59",
        "scheduleStartHour": "07:00:00",
        "scheduleEndDate": "2099-12-31T23:59:59",
        "scheduleEndHour": "17:00:00",
        "weekDayDTO": {
            "number": 2,
            "name": "Monday"
        }
    }, {
        "locationScheduleID": 530836,
        "locationID": 186331,
        "scheduleTypeSubtypeAssociationDTO": {
            "scheduleTypeSubtypeAssociationID": 1,
            "scheduleSubTypeDTO": {
                "code": "Delivery",
                "description": "Delivery",
                "timeStampDTO": null
            },
            "scheduleTypeDTO": {
                "code": "Wkd",
                "description": "Weekday",
                "timeStampDTO": null
            }
        },
        "scheduleDescription": null,
        "scheduleStartDate": "2017-01-01T23:59:59",
        "scheduleStartHour": "18:00:00",
        "scheduleEndDate": "2099-12-31T23:59:59",
        "scheduleEndHour": "21:00:00",
        "weekDayDTO": {
            "number": 2,
            "name": "Monday"
        }
    }, {
        "locationScheduleID": 530837,
        "locationID": 186331,
        "scheduleTypeSubtypeAssociationDTO": {
            "scheduleTypeSubtypeAssociationID": 1,
            "scheduleSubTypeDTO": {
                "code": "Delivery",
                "description": "Delivery",
                "timeStampDTO": null
            },
            "scheduleTypeDTO": {
                "code": "Wkd",
                "description": "Weekday",
                "timeStampDTO": null
            }
        },
        "scheduleDescription": null,
        "scheduleStartDate": "2017-01-01T23:59:59",
        "scheduleStartHour": "07:00:00",
        "scheduleEndDate": "2099-12-31T23:59:59",
        "scheduleEndHour": "17:00:00",
        "weekDayDTO": {
            "number": 4,
            "name": "Wednesday"
        }
    }, {
        "locationScheduleID": 530838,
        "locationID": 186331,
        "scheduleTypeSubtypeAssociationDTO": {
            "scheduleTypeSubtypeAssociationID": 1,
            "scheduleSubTypeDTO": {
                "code": "Delivery",
                "description": "Delivery",
                "timeStampDTO": null
            },
            "scheduleTypeDTO": {
                "code": "Wkd",
                "description": "Weekday",
                "timeStampDTO": null
            }
        },
        "scheduleDescription": null,
        "scheduleStartDate": "2017-01-01T23:59:59",
        "scheduleStartHour": "07:00:00",
        "scheduleEndDate": "2099-12-31T23:59:59",
        "scheduleEndHour": "17:00:00",
        "weekDayDTO": {
            "number": 7,
            "name": "Saturday"
        }
    }, {
        "locationScheduleID": 696641,
        "locationID": 186331,
        "scheduleTypeSubtypeAssociationDTO": {
            "scheduleTypeSubtypeAssociationID": 8,
            "scheduleSubTypeDTO": {
                "code": "Office",
                "description": "Office",
                "timeStampDTO": null
            },
            "scheduleTypeDTO": {
                "code": "Bus",
                "description": "Operating Hours",
                "timeStampDTO": null
            }
        },
        "scheduleDescription": null,
        "scheduleStartDate": "1998-12-23T23:26:47.217",
        "scheduleStartHour": "07:52:00",
        "scheduleEndDate": "2098-12-31T18:00:00",
        "scheduleEndHour": "09:52:00",
        "weekDayDTO": {
            "number": 1,
            "name": "Sunday"
        }
    }, {
        "locationScheduleID": 696642,
        "locationID": 186331,
        "scheduleTypeSubtypeAssociationDTO": {
            "scheduleTypeSubtypeAssociationID": 8,
            "scheduleSubTypeDTO": {
                "code": "Office",
                "description": "Office",
                "timeStampDTO": null
            },
            "scheduleTypeDTO": {
                "code": "Bus",
                "description": "Operating Hours",
                "timeStampDTO": null
            }
        },
        "scheduleDescription": null,
        "scheduleStartDate": "1998-12-23T23:26:47.217",
        "scheduleStartHour": "12:00:00",
        "scheduleEndDate": "2098-12-31T18:00:00",
        "scheduleEndHour": "11:59:00",
        "weekDayDTO": {
            "number": 1,
            "name": "Sunday"
        }
    }, {
        "locationScheduleID": 696643,
        "locationID": 186331,
        "scheduleTypeSubtypeAssociationDTO": {
            "scheduleTypeSubtypeAssociationID": 8,
            "scheduleSubTypeDTO": {
                "code": "Office",
                "description": "Office",
                "timeStampDTO": null
            },
            "scheduleTypeDTO": {
                "code": "Bus",
                "description": "Operating Hours",
                "timeStampDTO": null
            }
        },
        "scheduleDescription": null,
        "scheduleStartDate": "1998-12-23T23:26:47.217",
        "scheduleStartHour": "12:00:00",
        "scheduleEndDate": "2098-12-31T18:00:00",
        "scheduleEndHour": "11:59:00",
        "weekDayDTO": {
            "number": 2,
            "name": "Monday"
        }
    }, {
        "locationScheduleID": 696644,
        "locationID": 186331,
        "scheduleTypeSubtypeAssociationDTO": {
            "scheduleTypeSubtypeAssociationID": 8,
            "scheduleSubTypeDTO": {
                "code": "Office",
                "description": "Office",
                "timeStampDTO": null
            },
            "scheduleTypeDTO": {
                "code": "Bus",
                "description": "Operating Hours",
                "timeStampDTO": null
            }
        },
        "scheduleDescription": null,
        "scheduleStartDate": "1998-12-23T23:26:47.217",
        "scheduleStartHour": "12:00:00",
        "scheduleEndDate": "2098-12-31T18:00:00",
        "scheduleEndHour": "11:59:00",
        "weekDayDTO": {
            "number": 1,
            "name": "Sunday"
        }
    }, {
        "locationScheduleID": 284999,
        "locationID": 186331,
        "scheduleTypeSubtypeAssociationDTO": {
            "scheduleTypeSubtypeAssociationID": 22,
            "scheduleSubTypeDTO": {
                "code": "Office",
                "description": "Office",
                "timeStampDTO": null
            },
            "scheduleTypeDTO": {
                "code": "Ecp",
                "description": "Alternate Schedule",
                "timeStampDTO": null
            }
        },
        "scheduleDescription": "Closed for Holidays",
        "scheduleStartDate": "2012-01-01T23:59:59",
        "scheduleStartHour": "07:00:00",
        "scheduleEndDate": "2016-12-31T23:59:59",
        "scheduleEndHour": "17:00:00",
        "weekDayDTO": {
            "number": 5,
            "name": "Thursday"
        }
    }, {
        "locationScheduleID": 284999,
        "locationID": 186331,
        "scheduleTypeSubtypeAssociationDTO": {
            "scheduleTypeSubtypeAssociationID": 22,
            "scheduleSubTypeDTO": {
                "code": "Office",
                "description": "Office",
                "timeStampDTO": null
            },
            "scheduleTypeDTO": {
                "code": "Ecp",
                "description": "Alternate Schedule",
                "timeStampDTO": null
            }
        },
        "scheduleDescription": null,
        "scheduleStartDate": "2017-01-01T23:59:59",
        "scheduleStartHour": "07:00:00",
        "scheduleEndDate": "2017-01-01T23:59:59",
        "scheduleEndHour": "17:00:00",
        "weekDayDTO": {
            "number": 5,
            "name": "Thursday"
        }
    }

]
