[{
    "id": 1,
    "name": "Lucille Kelly (744) 471-5306",
    "email": "lucille.kelly45@example.com",
    "type": "Freight Handling Notification",
    "address": "1000 Nicollet ",
    "isActive": true
}, {
    "id": 2,
    "name": "John smith",
    "email": "lucille.kelly45@example.com",
    "type": "Freight Handling Notification",
    "address": "6128 Ferncli Dr Swisher, IA, 52338 USA",
    "isActive": true

}, {
    "id": 3,
    "name": "Michael clay",
    "email": "lucille.kelly45@example.com",
    "type": "Freight Handling Notification",
    "address": "6128 Ferncli Dr Swisher, IA, 52338 USA",
    "isActive": true

}, {
    "id": 4,
    "name": "Jebaraj",
    "email": "lucille.kelly45@example.com",
    "type": "Freight Handling Notification",
    "address": "6128 Ferncli Dr Swisher, IA, 52338 USA",
    "isActive": true

}, {
    "id": 5,
    "name": "Wilson",
    "email": "lucille.kelly45@example.com",
    "type": "Freight Handling Notification",
    "address": "6128 Ferncli Dr Swisher, IA, 52338 USA",
    "isActive": true

}, {
    "id": 6,
    "name": "Kellies",
    "email": "lucille.kelly45@example.com",
    "type": "Freight Handling Notification",
    "address": "6128 Ferncli Dr Swisher, IA, 52338 USA",
    "isActive": true

}, {
    "id": 7,
    "name": "Donald trump",
    "email": "lucille.kelly45@example.com",
    "type": "Freight Handling Notification",
    "address": "6128 Ferncli Dr Swisher, IA, 52338 USA",
    "isActive": true

}, {
    "id": 8,
    "name": "Rachael (744) 471-5306",
    "email": "lucille.kelly45@example.com",
    "type": "Freight Handling Notification",
    "address": "6128 Ferncli Dr Swisher, IA, 52338 USA",
    "isActive": true

}, {
    "id": 9,
    "name": "Rajesh kumar ",
    "email": "lucille.kelly45@example.com",
    "type": "Freight Handling Notification",
    "address": "6128 Ferncli Dr Swisher, IA, 52338 USA",
    "isActive": true

}, {
    "id": 10,
    "name": "Mary",
    "email": "lucille.kelly45@example.com",
    "type": "Freight Handling Notification",
    "address": "6128 Ferncli Dr Swisher, IA, 52338 USA",
    "isActive": true

}]
