{
  "content": [
  {
    "address": null,
    "relationToModeTransCode": "BenfOwner",
    "relationToModeTransDesc": "Beneficial Owner",
    "accountName": "A D SUTTON AND SONS",
    "effectiveStartDate": "2017-07-09 00:00:00.0000000 -05:00",
    "effectiveEndDate": "2017-07-30 00:00:00.0000000 -06:00",
    "partyRoleAssociationID": 470,
    "selectedPartyId": 143,
    "mainPartyId": 11037
  },
  {
    "address": "DWELD",
    "relationToModeTransCode": "CstmBroker",
    "relationToModeTransDesc": "Customs Broker",
    "accountName": "626 HOLDINGS, LLC",
    "effectiveStartDate": "2017-08-11 00:00:00.0000000 -05:00",
    "effectiveEndDate": "2017-08-25 00:00:00.0000000 -06:00",
    "partyRoleAssociationID": 471,
    "selectedPartyId": 84,
    "mainPartyId": 11037
  },
  {
    "address": null,
    "relationToModeTransCode": "FrgtBroker",
    "relationToModeTransDesc": "Freight Broker",
    "accountName": null,
    "effectiveStartDate": null,
    "effectiveEndDate": null,
    "partyRoleAssociationID": 472,
    "selectedPartyId": 123,
    "mainPartyId": 11037
  },
  {
    "address": "Notif",
    "relationToModeTransCode": "PayAgent",
    "relationToModeTransDesc": "Pay Agent",
    "accountName": "A & C METALS-SAWING, INC.",
    "effectiveStartDate": "2017-12-01 00:00:00.0000000 -05:00",
    "effectiveEndDate": "2017-12-15 00:00:00.0000000 -06:00",
    "partyRoleAssociationID": 473,
    "selectedPartyId": 105,
    "mainPartyId": 11037
  }],
  "last": true,
  "totalPages": 1,
  "totalElements": 4,
  "size": 10,
  "number": 0,
  "sort": null,
  "first": true,
  "numberOfElements": 4
}
