{
  "contactId": 825486,
  "associationId": null,
  "errorMessage": null,
  "status": "success",
  "firstName": "smith",
  "lastName": "kelly",
  "salutationCode": "Dr",
  "contactType": "Payagent",
  "contactTypeID": null,
  "preferenceType": "Primary",
  "email":
  {
    "emailAddress": "smithKe@gmail.com",
    "emailId": null,
    "appointmentChangeEmail": "smithKelly",
    "effectiveTimestamp": null,
    "expirationTimestamp": null
  },
  "telephone": null,
  "address":
  {
    "isMelisaStandardisedAddress": true,
    "contactMechanismDTO": null,
    "addressLineOne": "po box 352737",
    "addressLineTwo": "",
    "cityDTO":
    {
      "cityID": null,
      "cityName": "TOLEDO",
      "latitude": null,
      "longitude": null,
      "timezone": null,
      "cityAliasName": null,
      "county": null,
      "cityPostalCodeAssociations": null,
      "effectiveTimestamp": null,
      "expirationTimestamp": null,
      "createProgramName": null,
      "lastUpdateProgramName": null,
      "createUserId": null,
      "lastUpdateUserId": null
    },
    "countyDTO":
    {
      "countyID": null,
      "countyName": "",
      "state": null,
      "effectiveTimestamp": null,
      "expirationTimestamp": null,
      "createProgramName": null,
      "lastUpdateProgramName": null,
      "createUserId": null,
      "lastUpdateUserId": null
    },
    "stateDTO":
    {
      "stateID": 108,
      "stateCode": "OH",
      "stateName": null,
      "country": null
    },
    "postalCodeDTO":
    {
      "postalCodeID": null,
      "country": null,
      "postalCodeLengthSpecification": null,
      "postalCode": "43635",
      "effectiveTimestamp": null,
      "expirationTimestamp": null,
      "createProgramName": null,
      "lastUpdateProgramName": null,
      "createUserId": null,
      "lastUpdateUserId": null
    },
    "countryDTO":
    {
      "countryCode": "USA",
      "countryName": "UNITED STATES OF AMERICA",
      "countryCallingCode": null
    },
    "latitude": null,
    "longitude": null,
    "addressID": null,
    "isInvoiceAddress": null,
    "expirationTimestamp": null,
    "effectiveTimestamp": null,
    "createProgramName": null,
    "lastUpdateProgramName": null,
    "createUserId": null,
    "lastUpdateUserId": null
  }
}
