{
    "CarrierRoute": "",
    "DeliveryPointCode": null,
    "DeliveryPointCheckDigit": null,
    "DPVFootnotes": null,
    "Address": "PO BOX25014",
    "Address2": "",
    "AddressKey": "",
    "MelissaAddressKey": "",
    "AddressTypeCode": " ",
    "AddressTypeString": "Unknown Type",
    "CityAbbreviation": "LasVegas",
    "City": "Toledo",
    "State": "AR",
    "CountyName": "",
    "CountyFips": null,
    "CountryCode": "US",
    "CongressionalDistrict": "",
    "TimeZone": "",
    "TimeZoneCode": "",
    "Urbanization": null,
    "ZipType": null,
       "Zip": "72221",
    "ParsedAddressRange": "",
    "ParsedPreDirection": null,
    "ParsedStreetName": null,
    "ParsedSuffix": null,
    "ParsedPostDirection": null,
    "ParsedSuiteName": "",
    "ParsedSuiteRange": null,
    "ParsedPrivateMailboxName": null,
    "ParsedPrivateMailboxNumber": null,
    "ParsedGarbage": null,
    "MSA": null,
    "PMSA": null,
    "CMRA": "N",
    "PrivateMailbox": null,
    "ELotOrder": null,
    "ELotNumber": null,
    "Result": "AC01,AC02,AC03,AS01",
    "ResultCodeDescription": null,
    "dpvfootnotes": null,
    "elotOrder": null,
    "elotNumber": null
}
