{
    "partyID": null,
    "childCustCode": null,
    "parentCustCode": null,
    "ognBusSiteId": null,
    "lrAddrID": null,
    "lrBusSITID": null,
    "lrDivID": null,
    "orgId": null,
    "sicCode": null,
    "ownershipType": null,
    "creditProviderBin": null,
    "creditStatus": null,
    "custDivId": null,
    "customerDivision": null,
    "sendTo": null,
    "sendDate": null,
    "sendHow": null,
    "overAllCreditScore": null,
    "creditApprover": null,
    "creditInfoPK": "621300",
    "jbhCrdStatus": null,
    "docPathName": null,
    "policyExceptionMade": null,
    "policyExcptDate": null,
    "denialReason": null,
    "truckInfoPK": null,
    "percentileScore": null,
    "combinedDBT": null,
    "yearsOnFile": null,
    "noOfTrades": null,
    "collectionCount": null,
    "annualSalesAmount": null,
    "nationalAccountCode": null,
    "nationalAccountName": null,
    "nationalCreditStatusType": null,
    "nationalCreditStatusRsn": null,
    "nationalCreditLimit": null,
    "nationalLastUpdatedId": null,
    "nationalLastUpdatedDateStr": null,
    "nationalFirstName": null,
    "nationalLastName": null,
    "nationalBilledAmount": null,
    "nationalUnbilledAmount": null,
    "nationalCreditBalance": null,
    "siteStatus": null,
    "creditLimit": null,
    "billCreditLimit": null,
    "creditApproveDate": null,
    "creditCheckDate": null,
    "unbilledAmount": null,
    "newCustomerDiv": null,
    "newCreditInfo": null,
    "newTruckInfo": null,
    "balanceOutstandingJBH": null,
    "creditAmount": null,
    "paymentTerm": null,
    "creditBalance": null,
    "salesPerson": null,
    "allowPrepay": null,
    "ownership": null,
    "allowPrepays": null,
    "ownerShipTypes": null,
    "creditProviderInfoChanged": null,
    "truckInfoChanged": null,
    "cusDivInfoChanged": null,
    "policyExpChanged": null,
    "allowCreditCardPayment": null,
    "newCreditDate": null,
    "nationalCreditInfoPK": null,
    "documentDTO": null,
    "nationalAccountNotes": [{
        "notesText": "SCORE IS 9IH",
        "notesId": "JMI1500 ",
        "notesDateStr": null,
        "notesCode": "CREDITNOTE",
        "notesToken": "908389",
        "notesKey": "621300",
        "nationalNotesChanged": false
    }, {
        "notesText": "SCORE IS 701",
        "notesId": "JMS1442 ",
        "notesDateStr": null,
        "notesCode": "CREDITNOTE",
        "notesToken": "908381",
        "notesKey": "621300",
        "nationalNotesChanged": false
    }, {
        "notesText": "SCORE IS 701",
        "notesId": "JMS1442 ",
        "notesDateStr": null,
        "notesCode": "CREDITNOTE",
        "notesToken": "908380",
        "notesKey": "621300",
        "nationalNotesChanged": false
    }],
    "cmmtypecode": null,
    "cmmtext": null,
    "crtuid": null,
    "crts": null,
    "ogngnccmmid": 0,
    "etykeyid": 0,
    "nationalNotesStr": null,
    "userId": null,
    "jbhCrdInfI": "621300",
    "xbusSITID": null,
    "xaddrsID": null,
    "psoftStatusCode": null,
    "psoftCurrencyCd": null
}
