[
{
  "code": "Bus",
  "description": "Operating Hours",
  "timeStampDTO": null
},
{
  "code": "Closed",
  "description": "Closed",
  "timeStampDTO": null
},
{
  "code": "Ecp",
  "description": "Alternate Schedule",
  "timeStampDTO": null
},
{
  "code": "Exp",
  "description": "Expedited",
  "timeStampDTO": null
},
{
  "code": "Gtr",
  "description": "Gotoreg",
  "timeStampDTO": null
},
{
  "code": "Hld",
  "description": "Holiday",
  "timeStampDTO": null
},
{
  "code": "Office",
  "description": "Office",
  "timeStampDTO": null
},
{
  "code": "Receiving",
  "description": "Receiving",
  "timeStampDTO": null
},
{
  "code": "Shipping",
  "description": "Shipping",
  "timeStampDTO": null
},
{
  "code": "Trlr Pool",
  "description": "Trlr pool",
  "timeStampDTO": null
},
{
  "code": "WillCall",
  "description": "Will Call Hours",
  "timeStampDTO": null
},
{
  "code": "Wkd",
  "description": "Weekday",
  "timeStampDTO": null
}]
