[{
    "documentID": null,
    "fileName": null,
    "fileSize": null,
    "fileObject": null,
    "fileInputStream": null,
    "creditDocFileProp": null,
    "fileFormat": null,
    "fileContent": null,
    "documentType": null,
    "documentClass": null,
    "documentVersion": null,
    "orderID": null,
    "loadNumber": null,
    "lastUpdateUserId": null,
    "lastUpdateTimestamp": null,
    "ecmObjectStore": null,
    "ecmProcessId": null,
    "ecmPassword": null,
    "documentTitle": "sampleText",
    "indexUserId": "CCI",
    "inputStream": null,
    "billToCode": null,
    "mime": null,
    "docClass": "CREDIT DOCUMENT",
    "docGuid": "{C724677B-29BC-4CB3-8344-381FE541617C}",
    "vsDocGuid": "{AA29D6F7-1A75-4E8C-9872-D690999C83E1}",
    "docType": "CREDITDOCUMENT",
    "dateCreated": "06/23/2017",
    "timeStamp": "2017-06-23T09:28:37.490+0000"
}, {
    "documentID": null,
    "fileName": null,
    "fileSize": null,
    "fileObject": null,
    "fileInputStream": null,
    "creditDocFileProp": null,
    "fileFormat": null,
    "fileContent": null,
    "documentType": null,
    "documentClass": null,
    "documentVersion": null,
    "orderID": null,
    "loadNumber": null,
    "lastUpdateUserId": null,
    "lastUpdateTimestamp": null,
    "ecmObjectStore": null,
    "ecmProcessId": null,
    "ecmPassword": null,
    "documentTitle": "abc",
    "indexUserId": "RCON592",
    "inputStream": null,
    "billToCode": null,
    "mime": null,
    "docClass": "CREDIT DOCUMENT",
    "docGuid": "{B9A9A3B3-74A5-447B-9892-42F895B175F1}",
    "vsDocGuid": "{F28E5F0A-8E4D-482A-854B-DDF5316438EF}",
    "docType": "CREDITDOCUMENT",
    "dateCreated": "05/03/2017",
    "timeStamp": "2017-05-03T08:23:30.180+0000"
}, {
    "documentID": null,
    "fileName": null,
    "fileSize": null,
    "fileObject": null,
    "fileInputStream": null,
    "creditDocFileProp": null,
    "fileFormat": null,
    "fileContent": null,
    "documentType": null,
    "documentClass": null,
    "documentVersion": null,
    "orderID": null,
    "loadNumber": null,
    "lastUpdateUserId": null,
    "lastUpdateTimestamp": null,
    "ecmObjectStore": null,
    "ecmProcessId": null,
    "ecmPassword": null,
    "documentTitle": "test",
    "indexUserId": "RCON592",
    "inputStream": null,
    "billToCode": null,
    "mime": null,
    "docClass": "CREDIT DOCUMENT",
    "docGuid": "{F4F4482B-B4BF-4AED-94C7-94A2E83CD542}",
    "vsDocGuid": "{CBFD201F-EF45-458C-943A-7ECBC6FE4418}",
    "docType": "CREDITDOCUMENT",
    "dateCreated": "06/21/2017",
    "timeStamp": "2017-06-21T07:29:30.420+0000"
}, {
    "documentID": null,
    "fileName": null,
    "fileSize": null,
    "fileObject": null,
    "fileInputStream": null,
    "creditDocFileProp": null,
    "fileFormat": null,
    "fileContent": null,
    "documentType": null,
    "documentClass": null,
    "documentVersion": null,
    "orderID": null,
    "loadNumber": null,
    "lastUpdateUserId": null,
    "lastUpdateTimestamp": null,
    "ecmObjectStore": null,
    "ecmProcessId": null,
    "ecmPassword": null,
    "documentTitle": "sampleText",
    "indexUserId": "CCI",
    "inputStream": null,
    "billToCode": null,
    "mime": null,
    "docClass": "CREDIT DOCUMENT",
    "docGuid": "{A85C09FC-58B3-4A24-9E2F-BF46A8FCCE7C}",
    "vsDocGuid": "{C488884F-41D6-43C9-9763-BB68A26D4036}",
    "docType": "CREDITDOCUMENT",
    "dateCreated": "06/23/2017",
    "timeStamp": "2017-06-23T10:10:26.767+0000"
}]
