{
    "partyID": null,
    "partyTypeCode": null,
    "binID": null,
    "accountTelNumber": null,
    "accountTelContactMechnaismId": null,
    "accountPartyRoleId": null,
    "accountAlias": null,
    "salesOwner": null,
    "bussinessIdentifier": null,
    "cargoRelease": null,
    "releaseList": null,
    "roleList": null,
    "paryRoleMap": {
        "Dwld Notif": "Dwell Detention Notification",
        "Authsign": "Authorized Customer Signature",
        "Detn Auth": "Trailer Detention Authorizatio",
        "Collect": "Collection",
        "Fsc Notif": "Fuel Surcharge Notification",
        "Lunl Notif": "Lumper Unload Notification",
        "Det Nonhwk": "Detention Notif(Non-Hawk)",
        "Recn Auth": "Reconsignment Authorization",
        "Tonu Notif": "Tonu Notification",
        "Edi": "Edi External Contact",
        "Tonu Auth": "Tonu Authorization",
        "Recn Notif": "Reconsignment Notification",
        "Dlod Auth": "Driver Load Authorization",
        "Variance": "Variance",
        "Rate Negot": "Rate Negotiator/Approver",
        "Detp Notif": "Power Detention Notification",
        "Myjbhunt": "Myjbhunt.Com",
        "Sales": "Contact For Sales",
        "Cstmbroker": "Customs Broker",
        "Detn Notif": "Trailer Detention Notification",
        "Dunl Notif": "Driver Unload Notification",
        "Dstrbutor": "Distributor",
        "Dwld Auth": "Dwell Detention Authorization",
        "Solicitor": "Solicitor",
        "Frgt Auth": "Freight Handling Authorization",
        "Frgt Notif": "Freight Handling Notification",
        "Frgtbroker": "Freight Broker",
        "Bol": "Bol Contact",
        "Fac Accesl": "Facility Level Accessorial",
        "Tech Suprt": "Technical Support",
        "Bill To": "Bill To",
        "Dlod Notif": "Driver Load Notification",
        "Payagent": "Pay Agent",
        "Finance": "Finance",
        "Dunl Auth": "Driver Unload Authorization",
        "Pendpprwrk": "Loads Pending/Paperwork",
        "Appointmnt": "Appointment",
        "Controller": "Controller",
        "Benfowner": "Beneficial Owner",
        "Detp Auth": "Power Detention Authorization",
        "Lunl Auth": "Lumper Unload Authorization",
        "Billing": "Billing",
        "Llod Auth": "Lumper Load Authorization",
        "Facility": "Facility Contact",
        "Llod Notif": "Lumper Load Notification"
    },
    "profileFeatures": null,
    "date": null,
    "lobList": null,
    "orgName": null,
    "orgId": null,
    "orgStatus": null,
    "reponseTeam": null,
    "orgStatusList": {
        "Active": "Active",
        "Inactive": "Inactive",
        "Rejected": "Rejected",
        "Pending": "Pending"
    },
    "accountTelList": null,
    "accountEmailList": null,
    "accountInformationDTO": null,
    "accountInformationDTOs": null,
    "accountprofileContacts": null,
    "sic": null
}