[
{
  "address": "ATTN ACCOUNTS PAYABLE,1400 N DAYTONA AVECHICAGO,UNITED STATES OF AMERICA,60622,ILLINOIS",
  "relationToModeTransCode": "Bill To",
  "relationToModeTransDesc": null,
  "accountName": "FORT JAMES",
  "effectiveStartDate": null,
  "effectiveEndDate": null,
  "partyRoleAssociationID": 25173,
  "selectedPartyId": 561138,
  "mainPartyId": 10012,
  "selectedPartyRelationToModeTransCode": null,
  "selectedPartyRelationToModeTransDesc": null
},
{
  "address": "DAYTONA AVECHICAGO,UNITED STATES OF AMERICA,60622,ILLINOIS",
  "relationToModeTransCode": "Beneficial Owner",
  "relationToModeTransDesc": null,
  "accountName": "FORT JAMES",
  "effectiveStartDate": null,
  "effectiveEndDate": null,
  "partyRoleAssociationID": 25174,
  "selectedPartyId": 561139,
  "mainPartyId": 10012,
  "selectedPartyRelationToModeTransCode": null,
  "selectedPartyRelationToModeTransDesc": null
},
{
  "address": "UNITED STATES OF AMERICA,60622,ILLINOIS",
  "relationToModeTransCode": "BOL",
  "relationToModeTransDesc": null,
  "accountName": "FORT JAMES",
  "effectiveStartDate": null,
  "effectiveEndDate": null,
  "partyRoleAssociationID": 25175,
  "selectedPartyId": 561149,
  "mainPartyId": 10012,
  "selectedPartyRelationToModeTransCode": null,
  "selectedPartyRelationToModeTransDesc": null
}]
