[{
    "description": "AlternateEdit",
    "addNewSetClosed": [{
        "range": "Range",
        "dateFrom": {
            "day": 10,
            "year": 2017,
            "month": 6,
            "formatted": "10/06/2017"
        },
        "dateTo": {
            "day": 12,
            "year": 2017,
            "month": 9,
            "formatted": "12/09/2017"
        }
    }, {
        "range": "Single",
        "dateFrom": {
            "day": 19,
            "year": 2017,
            "month": 5,
            "formatted": "19/05/2017"
        },
        "dateTo": {
            "day": 26,
            "year": 2017,
            "month": 6,
            "formatted": "26/06/2017"
        }
    }],
    "addNewSetOpen": [{
        "single": "Range",
        "date": {
            "day": 5,
            "year": 2017,
            "month": 5,
            "formatted": "05/05/2017"
        },
        "checked": null,
        "addHour": [{
            "fromTime": "Fri Apr 21 2017 08:00:00 GMT+0530 (India Standard Time)",
            "toTime": "Fri Apr 21 2017 12:00:00 GMT+0530 (India Standard Time)"
        }, {
            "fromTime": "Fri Apr 21 2017 13:00:00 GMT+0530 (India Standard Time)",
            "toTime": "Fri Apr 21 2017 18:00:00 GMT+0530 (India Standard Time)"
        }]
    }, {
        "single": "Single",
        "date": {
            "day": 6,
            "year": 2017,
            "month": 5,
            "formatted": "06/05/2017"
        },
        "checked": true,
        "addHour": [{
            "fromTime": "Fri Apr 21 2017 00:00:00 GMT+0530 (India Standard Time)",
            "toTime": "Fri Apr 21 2017 23:59:60 GMT+0530 (India Standard Time)"
        }]
    }]
}]
