{
  "partyID": "43586",
  "childCustCode": "MAROF5",
  "parentCustCode": null,
  "ognBusSiteId": "957928364",
  "lrAddrID": null,
  "lrBusSITID": null,
  "lrDivID": null,
  "orgId": "1164744",
  "sicCode": "4731",
  "ownershipType": "PUBLIC",
  "creditProviderBin": "2814182",
  "creditStatus": "APPROVED",
  "custDivId": null,
  "customerDivision": null,
  "sendTo": null,
  "sendDate": null,
  "sendHow": null,
  "overAllCreditScore": "40.00",
  "creditApprover": "CCI",
  "creditInfoPK": "651072",
  "jbhCrdStatus": "APPROVED",
  "docPathName": null,
  "policyExceptionMade": false,
  "policyExcptDate": null,
  "denialReason": "",
  "truckInfoPK": "60522",
  "percentileScore": "55",
  "combinedDBT": "17",
  "yearsOnFile": "2",
  "noOfTrades": "26",
  "collectionCount": "10",
  "annualSalesAmount": "0.0000",
  "nationalAccountCode": null,
  "nationalAccountName": null,
  "nationalCreditStatusType": null,
  "nationalCreditStatusRsn": null,
  "nationalCreditLimit": null,
  "nationalLastUpdatedId": null,
  "nationalLastUpdatedDateStr": null,
  "nationalFirstName": null,
  "nationalLastName": null,
  "nationalBilledAmount": null,
  "nationalUnbilledAmount": null,
  "nationalCreditBalance": null,
  "siteStatus": null,
  "creditLimit": null,
  "billCreditLimit": null,
  "creditApproveDate": "2016-11-17 10:40:06.959253",
  "creditCheckDate": "2016-11-17",
  "unbilledAmount": "0.0000",
  "newCustomerDiv": null,
  "newCreditInfo": null,
  "newTruckInfo": null,
  "balanceOutstandingJBH": "0.0000",
  "creditAmount": "35000.0000",
  "paymentTerm": "N15",
  "creditBalance": null,
  "salesPerson": null,
  "allowPrepay": "NO",
  "ownership": "PUBLIC",
  "allowPrepays": [
    true,
    false
  ],
  "ownerShipTypes": [
    "PRIVATE",
    "PUBLIC"
  ],
  "creditProviderInfoChanged": true,
  "truckInfoChanged": null,
  "cusDivInfoChanged": null,
  "policyExpChanged": null,
  "allowCreditCardPayment": null,
  "newCreditDate": null,
  "nationalCreditInfoPK": null,
  "documentDTO": null,
  "documentList": null,
  "nationalAccountNotes": null,
  "cmmtypecode": null,
  "cmmtext": null,
  "crtuid": null,
  "crts": null,
  "ogngnccmmid": 0,
  "etykeyid": 0,
  "nationalNotesStr": null,
  "userId": null,
  "jbhCrdInfI": null,
  "creditStatusList": null,
  "accountStatusList": [
    "APPROVED",
    "CREDIT HLD"
  ],
  "accountUpdatedBy": null,
  "accountUpdatedDate": "2017-01-18 22:42:26.25682",
  "newNationalAccount": null,
  "prepayFlagModifiedBy": "SYSTEM",
  "creditCardPaymentFlagModifiedBy": null,
  "groupId": "884376",
  "isCorporate": false,
  "xbusSITID": "571258500",
  "xaddrsID": "3717107",
  "psoftCurrencyCd": "USD",
  "psoftStatusCode": null,
  "xupBusSITID": null,
  "xupAddrsID": null
}