[{
    "scheduleType": "Operating Hours",
    "addNewSet": [{
        "weekDays": ["Monday", "Tuesday", "Wednesday", "Friday"],
        "checked": null,
        "addHour": [{
            "fromTime": "Fri Apr 21 2017 08:00:00 GMT+0530 (India Standard Time)",
            "toTime": "Fri Apr 21 2017 12:00:00 GMT+0530 (India Standard Time)"
        }, {
            "fromTime": "Fri Apr 21 2017 13:00:00 GMT+0530 (India Standard Time)",
            "toTime": "Fri Apr 21 2017 18:00:00 GMT+0530 (India Standard Time)"
        }]
    }, {
        "weekDays": ["Thursday"],
        "checked": true,
        "addHour": [{
            "fromTime": "Fri Apr 21 2017 00:00:00 GMT+0530 (India Standard Time)",
            "toTime": "Fri Apr 21 2017 23:59:60 GMT+0530 (India Standard Time)"
        }]
    }]
}]
