{
    "content": [{
        "contactId": 190993,
        "associationId": null,
        "errorMessage": null,
        "status": null,
        "firstName": "CARLOS",
        "lastName": "ESPINOZA",
        "salutationCode": null,
        "contactType": "Collect",
        "contactTypeID": 8835,
        "preferenceType": null,
        "email": {
            "emailAddress": "CARLOS_ESPINOZA@JBHUNT.COM",
            "emailId": 730630,
            "effectiveTimestamp": "2017-01-01T23:59:59.454Z",
            "expirationTimestamp": "2099-12-31T23:59:59.454Z"
        },
        "telephone": {
            "telephoneId": 111,
            "extension": "125",
            "telephoneAreaCode": "123",
            "telephoneNumber": "7845974",
            "country": {
                "countryCode": "",
                "countryName": ""
            }
        },
        "address": null
    }, {
        "contactId": 266323,
        "associationId": null,
        "errorMessage": null,
        "status": null,
        "firstName": "CARTONES",
        "lastName": "PONDEROSA",
        "salutationCode": null,
        "contactType": "Detn Notif",
        "contactTypeID": 9276,
        "preferenceType": "Alternate",
        "email": {
            "emailAddress": "TRAILERAUTOPRENOTE_CPSA68@JBHUNT.COM",
            "emailId": 780799,
            "effectiveTimestamp": "2017-01-01T23:59:59.454Z",
            "expirationTimestamp": "2099-12-31T23:59:59.454Z"
        },
        "telephone": null,
        "address": {
            "isMelisaStandardisedAddress": null,
            "contactMechanismDTO": null,
            "addressLineOne": "LIB A TEQUISQUIAPAN KM 4",
            "addressLineTwo": "ZONA INDUSTRIAL",
            "cityDTO": {
                "createTimestamp": "1992-11-19T15:08:11.879098",
                "createProgramName": "NextCCI",
                "lastUpdateTimestamp": "2017-03-29T13:56:19.599568",
                "lastUpdateProgramName": "OTC002  ",
                "createUserId": "WILSONS ",
                "lastUpdateUserId": "JBRO2458",
                "cityID": 40629,
                "cityName": "SAN JUAN DEL RIO",
                "latitude": 20.4,
                "longitude": 100,
                "timezone": "0.0",
                "cityAliasName": "SAN JUAN DEL RIO",
                "county": null,
                "cityPostalCodeAssociations": null,
                "effectiveTimestamp": null,
                "expirationTimestamp": null
            },
            "countyDTO": null,
            "stateDTO": {
                "stateID": 108,
                "stateCode": "OH",
                "stateName": null,
                "country": null
            },
            "postalCodeDTO": {
                "createTimestamp": "2017-01-01T23:59:59.454",
                "createProgramName": "NEXTCCI",
                "lastUpdateTimestamp": "2017-01-01T23:59:59.454",
                "lastUpdateProgramName": "NEXTCCI",
                "createUserId": "PIDCCIA1",
                "lastUpdateUserId": "PIDCCIA1",
                "postalCodeID": 73988,
                "country": null,
                "postalCodeLengthSpecification": null,
                "postalCode": "76800",
                "effectiveTimestamp": null,
                "expirationTimestamp": null
            },
            "countryDTO": {
                "countryCode": "MEX",
                "countryName": "MEXICO",
                "countryCallingCode": "01152"
            },
            "latitude": 0,
            "longitude": 0,
            "addressID": 699021,
            "isInvoiceAddress": null,
            "expirationTimestamp": null,
            "effectiveTimestamp": null,
            "createProgramName": "NEXTCCI",
            "lastUpdateProgramName": "NEXTCCI",
            "createUserId": "pidnext",
            "lastUpdateUserId": "pidnext"
        }
    }, {
        "contactId": 316967,
        "associationId": null,
        "errorMessage": null,
        "status": null,
        "firstName": "JESUS",
        "lastName": "BARRERA",
        "salutationCode": null,
        "contactType": "Facility",
        "contactTypeID": 183981,
        "preferenceType": "Alternate",
        "email": null,
        "telephone": null,
        "address": {
            "isMelisaStandardisedAddress": null,
            "contactMechanismDTO": null,
            "addressLineOne": "LIB A TEQUISQUIAPAN KM 4",
            "addressLineTwo": "ZONA INDUSTRIAL",
            "cityDTO": {
                "createTimestamp": "1992-11-19T15:08:11.879098",
                "createProgramName": "NextCCI",
                "lastUpdateTimestamp": "2017-03-29T13:56:19.599568",
                "lastUpdateProgramName": "OTC002  ",
                "createUserId": "WILSONS ",
                "lastUpdateUserId": "JBRO2458",
                "cityID": 40629,
                "cityName": "TOLEDO",
                "latitude": 20.4,
                "longitude": 100,
                "timezone": "0.0",
                "cityAliasName": "SAN JUAN DEL RIO",
                "county": null,
                "cityPostalCodeAssociations": null,
                "effectiveTimestamp": null,
                "expirationTimestamp": null
            },
            "countyDTO": null,
            "stateDTO": null,
            "postalCodeDTO": {
                "createTimestamp": "2017-01-01T23:59:59.454",
                "createProgramName": "NEXTCCI",
                "lastUpdateTimestamp": "2017-01-01T23:59:59.454",
                "lastUpdateProgramName": "NEXTCCI",
                "createUserId": "PIDCCIA1",
                "lastUpdateUserId": "PIDCCIA1",
                "postalCodeID": 73993,
                "country": null,
                "postalCodeLengthSpecification": null,
                "postalCode": "76803",
                "effectiveTimestamp": null,
                "expirationTimestamp": null
            },
            "countryDTO": {
                "countryCode": "MEX",
                "countryName": "MEXICO",
                "countryCallingCode": "01152"
            },
            "latitude": 0,
            "longitude": 0,
            "addressID": 699022,
            "isInvoiceAddress": null,
            "expirationTimestamp": null,
            "effectiveTimestamp": null,
            "createProgramName": "NEXTCCI",
            "lastUpdateProgramName": "NEXTCCI",
            "createUserId": "pidnext",
            "lastUpdateUserId": "pidnext"
        }
    }, {
        "contactId": 329820,
        "associationId": null,
        "errorMessage": null,
        "status": null,
        "firstName": "CARLOS",
        "lastName": "ESPINOZA",
        "salutationCode": null,
        "contactType": "Collect",
        "contactTypeID": 3808,
        "preferenceType": null,
        "email": {
            "emailAddress": "CARLOS_ESPINOZA@JBHUNT.COM",
            "emailId": 730630,
            "effectiveTimestamp": "2017-01-01T23:59:59.454Z",
            "expirationTimestamp": "2099-12-31T23:59:59.454Z"
        },
        "telephone": null,
        "address": null
    }, {
        "contactId": 634054,
        "associationId": null,
        "errorMessage": null,
        "status": null,
        "firstName": "JESUS",
        "lastName": "BARRERA",
        "salutationCode": null,
        "contactType": "Facility",
        "contactTypeID": 330030,
        "preferenceType": "Alternate",
        "email": null,
        "telephone": null,
        "address": {
            "isMelisaStandardisedAddress": null,
            "contactMechanismDTO": null,
            "addressLineOne": "LIB A TEQUISQUIAPAN KM 4",
            "addressLineTwo": "ZONA INDUSTRIAL",
            "cityDTO": {
                "createTimestamp": "1992-11-19T15:08:11.879098",
                "createProgramName": "NextCCI",
                "lastUpdateTimestamp": "2017-03-29T13:56:19.599568",
                "lastUpdateProgramName": "OTC002  ",
                "createUserId": "WILSONS ",
                "lastUpdateUserId": "JBRO2458",
                "cityID": 40629,
                "cityName": "LITTLE ROCK",
                "latitude": 20.4,
                "longitude": 100,
                "timezone": "0.0",
                "cityAliasName": "SAN JUAN DEL RIO",
                "county": null,
                "cityPostalCodeAssociations": null,
                "effectiveTimestamp": null,
                "expirationTimestamp": null
            },
            "countyDTO": null,
            "stateDTO": null,
            "postalCodeDTO": {
                "createTimestamp": "2017-01-01T23:59:59.454",
                "createProgramName": "NEXTCCI",
                "lastUpdateTimestamp": "2017-01-01T23:59:59.454",
                "lastUpdateProgramName": "NEXTCCI",
                "createUserId": "PIDCCIA1",
                "lastUpdateUserId": "PIDCCIA1",
                "postalCodeID": 73993,
                "country": null,
                "postalCodeLengthSpecification": null,
                "postalCode": "76803",
                "effectiveTimestamp": null,
                "expirationTimestamp": null
            },
            "countryDTO": {
                "countryCode": "MEX",
                "countryName": "MEXICO",
                "countryCallingCode": "01152"
            },
            "latitude": 0,
            "longitude": 0,
            "addressID": 699022,
            "isInvoiceAddress": null,
            "expirationTimestamp": null,
            "effectiveTimestamp": null,
            "createProgramName": "NEXTCCI",
            "lastUpdateProgramName": "NEXTCCI",
            "createUserId": "pidnext",
            "lastUpdateUserId": "pidnext"
        }
    }],
    "last": true,
    "totalElements": 5,
    "totalPages": 1,
    "size": 10,
    "number": 0,
    "sort": null,
    "numberOfElements": 5,
    "first": true
}
