[{
    "locationRolesList": [{
        "locationId": 132138,
        "locationRoleID": 132138,
        "locationRoleTypeCode": "Receiver",
        "code": null,
        "value": null
    }],
    "relationToModeTransDesc": null,
    "locationName": "E A HILDRETH & H INC",
    "effectiveStartDate": null,
    "effectiveEndDate": null,
    "address": "null,null,null,null,null",
    "partyRoleLocationRoleAssociationID": null,
    "selectedLocationId": 0,
    "mainPartyId": null,
    "locationRoleTypeDTO": null,
    "partyRolesList": null,
    "party": null,
    "accountName": null,
    "selectedPartyId": 0,
    "mainLocationId": 0,
    "partyRoleTypeDTO": null
}, {
    "locationRolesList": [{
        "locationId": 132139,
        "locationRoleID": 132139,
        "locationRoleTypeCode": "Shipper",
        "code": null,
        "value": null
    }],
    "relationToModeTransDesc": null,
    "locationName": "CARO TRANS",
    "effectiveStartDate": null,
    "effectiveEndDate": null,
    "address": "1710 ROHERSTOWN ROAD,,LANCASTER,PENNSYLVANIA,UNITED STATES OF AMERICA",
    "partyRoleLocationRoleAssociationID": null,
    "selectedLocationId": 1,
    "mainPartyId": null,
    "locationRoleTypeDTO": null,
    "partyRolesList": null,
    "party": null,
    "accountName": null,
    "selectedPartyId": 1,
    "mainLocationId": 0,
    "partyRoleTypeDTO": null
}, {
    "locationRolesList": [{
        "locationId": 132142,
        "locationRoleID": 132142,
        "locationRoleTypeCode": "Receiver",
        "code": null,
        "value": null
    }],
    "relationToModeTransDesc": null,
    "locationName": "MINNTECH CORPORATION",
    "effectiveStartDate": null,
    "effectiveEndDate": null,
    "address": "null,null,null,null,null",
    "partyRoleLocationRoleAssociationID": null,
    "selectedLocationId": 2,
    "mainPartyId": null,
    "locationRoleTypeDTO": null,
    "partyRolesList": null,
    "party": null,
    "accountName": null,
    "selectedPartyId": 2,
    "mainLocationId": 0,
    "partyRoleTypeDTO": null
}, {
    "locationRolesList": [{
        "locationId": 132140,
        "locationRoleID": 132140,
        "locationRoleTypeCode": "Receiver",
        "code": null,
        "value": null
    }],
    "relationToModeTransDesc": null,
    "locationName": "GOULD PUMP",
    "effectiveStartDate": null,
    "effectiveEndDate": null,
    "address": "null,null,null,null,null",
    "partyRoleLocationRoleAssociationID": null,
    "selectedLocationId": 3,
    "mainPartyId": null,
    "locationRoleTypeDTO": null,
    "partyRolesList": null,
    "party": null,
    "accountName": null,
    "selectedPartyId": 3,
    "mainLocationId": 0,
    "partyRoleTypeDTO": null
}, {
    "locationRolesList": [{
        "locationId": 132141,
        "locationRoleID": 132141,
        "locationRoleTypeCode": "Shipper",
        "code": null,
        "value": null
    }],
    "relationToModeTransDesc": null,
    "locationName": "LEMON GRASS",
    "effectiveStartDate": null,
    "effectiveEndDate": null,
    "address": "1710 ROHERSTOWN ROAD,,LANCASTER,PENNSYLVANIA,UNITED STATES OF AMERICA",
    "partyRoleLocationRoleAssociationID": null,
    "selectedLocationId": 4,
    "mainPartyId": null,
    "locationRoleTypeDTO": null,
    "partyRolesList": null,
    "party": null,
    "accountName": null,
    "selectedPartyId": 4,
    "mainLocationId": 0,
    "partyRoleTypeDTO": null
}, {
    "locationRolesList": [{
        "locationId": 132237,
        "locationRoleID": 132237,
        "locationRoleTypeCode": "Shipper",
        "code": null,
        "value": null
    }],
    "relationToModeTransDesc": null,
    "locationName": "SUBURBAN INDUSTRIAL PACKAGING",
    "effectiveStartDate": null,
    "effectiveEndDate": null,
    "address": "1710 ROHERSTOWN ROAD,,LANCASTER,PENNSYLVANIA,UNITED STATES OF AMERICA",
    "partyRoleLocationRoleAssociationID": null,
    "selectedLocationId": 5,
    "mainPartyId": null,
    "locationRoleTypeDTO": null,
    "partyRolesList": null,
    "party": null,
    "accountName": null,
    "selectedPartyId": 5,
    "mainLocationId": 0,
    "partyRoleTypeDTO": null
}]
