{
  "_embedded":
  {
    "personTitles": [
    {
      "personTitleCode": "Dr",
      "personTitleDescription": "Doctor",
      "_links":
      {
        "self":
        {
          "href": "http://jvdweb09701.jbhunt.com/ws_masterdata_account/salutationcodes/Dr"
        },
        "personTitle":
        {
          "href": "http://jvdweb09701.jbhunt.com/ws_masterdata_account/salutationcodes/Dr{?projection}",
          "templated": true
        }
      }
    },
    {
      "personTitleCode": "Mr",
      "personTitleDescription": "Mister",
      "_links":
      {
        "self":
        {
          "href": "http://jvdweb09701.jbhunt.com/ws_masterdata_account/salutationcodes/Mr"
        },
        "personTitle":
        {
          "href": "http://jvdweb09701.jbhunt.com/ws_masterdata_account/salutationcodes/Mr{?projection}",
          "templated": true
        }
      }
    },
    {
      "personTitleCode": "Mrs",
      "personTitleDescription": "Misess",
      "_links":
      {
        "self":
        {
          "href": "http://jvdweb09701.jbhunt.com/ws_masterdata_account/salutationcodes/Mrs"
        },
        "personTitle":
        {
          "href": "http://jvdweb09701.jbhunt.com/ws_masterdata_account/salutationcodes/Mrs{?projection}",
          "templated": true
        }
      }
    },
    {
      "personTitleCode": "Ms",
      "personTitleDescription": "Miss",
      "_links":
      {
        "self":
        {
          "href": "http://jvdweb09701.jbhunt.com/ws_masterdata_account/salutationcodes/Ms"
        },
        "personTitle":
        {
          "href": "http://jvdweb09701.jbhunt.com/ws_masterdata_account/salutationcodes/Ms{?projection}",
          "templated": true
        }
      }
    }]
  },
  "_links":
  {
    "self":
    {
      "href": "http://jvdweb09701.jbhunt.com/ws_masterdata_account/salutationcodes"
    },
    "profile":
    {
      "href": "http://jvdweb09701.jbhunt.com/ws_masterdata_account/profile/salutationcodes"
    }
  }
}
