{
    "took": 16,
    "timed_out": false,
    "_shards": {
        "total": 5,
        "successful": 5,
        "failed": 0
    },
    "hits": {
        "total": 1,
        "max_score": 22.350628,
        "hits": [{
            "_index": "account_details",
            "_type": "account_info",
            "_id": "13624",
            "_score": 22.350628,
            "_source": {
                "OrganizationName": "FIRST QUALITY PRODUCTS INC",
                "PartyID": 13624,
                "CustomerCode": null,
                "BusinessIdentificationNumber": "717698920"
            },
            "inner_hits": {
                "partyaddresses": {
                    "hits": {
                        "total": 4,
                        "max_score": 18.05788,
                        "hits": [{
                            "_nested": {
                                "field": "partyaddresses",
                                "offset": 3
                            },
                            "_score": 18.05788,
                            "_source": {
                                "partyaddresses": {
                                    "AddressLine2": "",
                                    "AddressLine1": "100 VALLEY PKWY",
                                    "TelephoneID": 3562,
                                    "StateCode": "MA",
                                    "PostalCode": "01588",
                                    "CityName": "WHITINSVILLE",
                                    "TelephoneNumber": 5388647,
                                    "CountryCode": "USA",
                                    "AddressID": 3562,
                                    "PartyRoleTypeDescription": "BILL TO"
                                }
                            }
                        }]
                    }
                }
            }
        }]
    }
}
