[ {
    "organizationHierarchyID": 42,
    "childID": 1198758,
    "childName": "Nestle",
    "childBin": 0,
    "childState": null,
    "childCityName": null,
    "childStreetAddress": "13154 COUNTY RD 140",
    "childType": "Ogn",
    "childPostalCode": "81201",
    "parentID": 1198758,
    "parentName": "Nestle",
    "parentBin": 0,
    "parentState": null,
    "parentCityName": null,
    "parentStreetAddress": null,
    "parentType": "Ogn",
    "ultimateParentID": 0,
    "ultimateParentName": null,
    "ultimateParentBin": 0,
    "ultimateParentState": null,
    "ultimateParentCityName": null,
    "ultimateParentStreetAddress": null,
    "hierarchyID": 4,
    "level": 0,
    "hierarchyTypeDescription": "JB Hunt National Account Hierarchy",
    "levelDescription": "Ultimate Parent",
    "organizationHierarchyStatusTypeDescription": "Approved"
}, {
    "organizationHierarchyID": 43,
    "childID": 1198759,
    "childName": "NESTLE BEVERAGE CO",
    "childBin": 0,
    "childState": null,
    "childCityName": null,
    "childStreetAddress": "13154 COUNTY RD 140",
    "childType": "Ogn",
    "childPostalCode": "81201",
    "parentID": 1198758,
    "parentName": "Nestle",
    "parentBin": 0,
    "parentState": null,
    "parentCityName": null,
    "parentStreetAddress": null,
    "parentType": "Ogn",
    "ultimateParentID": 0,
    "ultimateParentName": null,
    "ultimateParentBin": 0,
    "ultimateParentState": null,
    "ultimateParentCityName": null,
    "ultimateParentStreetAddress": null,
    "hierarchyID": 5,
    "level": 1,
    "hierarchyTypeDescription": "JB Hunt National Account Hierarchy",
    "levelDescription": "Parent",
    "organizationHierarchyStatusTypeDescription": ""
}, {
    "organizationHierarchyID": 44,
    "childID": 1198760,
    "childName": "NESTLE PURINA PETCARE CO.",
    "childBin": 0,
    "childState": null,
    "childCityName": null,
    "childStreetAddress": "13154 COUNTY RD 141",
    "childType": "Ogn",
    "childPostalCode": "81201",
    "parentID": 1198758,
    "parentName": "Nestle",
    "parentBin": 0,
    "parentState": null,
    "parentCityName": null,
    "parentStreetAddress": null,
    "parentType": "Ogn",
    "ultimateParentID": 0,
    "ultimateParentName": null,
    "ultimateParentBin": 0,
    "ultimateParentState": null,
    "ultimateParentCityName": null,
    "ultimateParentStreetAddress": null,
    "hierarchyID": 5,
    "level": 1,
    "hierarchyTypeDescription": "JB Hunt National Account Hierarchy",
    "levelDescription": "Parent",
    "organizationHierarchyStatusTypeDescription": ""
}, {
    "organizationHierarchyID": 45,
    "childID": 1198761,
    "childName": "NESTLE USA/FOOD",
    "childBin": 0,
    "childState": null,
    "childCityName": null,
    "childStreetAddress": "13154 COUNTY RD 142",
    "childType": "Ogn",
    "childPostalCode": "81201",
    "parentID": 1198758,
    "parentName": "Nestle",
    "parentBin": 0,
    "parentState": null,
    "parentCityName": null,
    "parentStreetAddress": null,
    "parentType": "Ogn",
    "ultimateParentID": 0,
    "ultimateParentName": null,
    "ultimateParentBin": 0,
    "ultimateParentState": null,
    "ultimateParentCityName": null,
    "ultimateParentStreetAddress": null,
    "hierarchyID": 5,
    "level": 1,
    "hierarchyTypeDescription": "JB Hunt National Account Hierarchy",
    "levelDescription": "Parent",
    "organizationHierarchyStatusTypeDescription": ""
}, {
    "organizationHierarchyID": 46,
    "childID": 6,
    "childName": "Nestle Waters",
    "childBin": 0,
    "childState": null,
    "childCityName": null,
    "childStreetAddress": "13154 COUNTY RD 140",
    "childType": "Lob",
    "childPostalCode": "81201",
    "parentID": 1198759,
    "parentName": "NESTLE BEVERAGE CO",
    "parentBin": 0,
    "parentState": null,
    "parentCityName": null,
    "parentStreetAddress": null,
    "parentType": "Ogn",
    "ultimateParentID": 0,
    "ultimateParentName": null,
    "ultimateParentBin": 0,
    "ultimateParentState": null,
    "ultimateParentCityName": null,
    "ultimateParentStreetAddress": null,
    "hierarchyID": 6,
    "level": 2,
    "hierarchyTypeDescription": "JB Hunt National Account Hierarchy",
    "levelDescription": "Business Line",
    "organizationHierarchyStatusTypeDescription": ""
}, {
    "organizationHierarchyID": 49,
    "childID": 7,
    "childName": "Perrier",
    "childBin": 0,
    "childState": null,
    "childCityName": null,
    "childStreetAddress": "13154 COUNTY RD 140",
    "childType": "Lob",
    "childPostalCode": "81201",
    "parentID": 1198759,
    "parentName": "NESTLE BEVERAGE CO",
    "parentBin": 0,
    "parentState": null,
    "parentCityName": null,
    "parentStreetAddress": null,
    "parentType": "Ogn",
    "ultimateParentID": 0,
    "ultimateParentName": null,
    "ultimateParentBin": 0,
    "ultimateParentState": null,
    "ultimateParentCityName": null,
    "ultimateParentStreetAddress": null,
    "hierarchyID": 6,
    "level": 2,
    "hierarchyTypeDescription": "JB Hunt National Account Hierarchy",
    "levelDescription": "Business Line",
    "organizationHierarchyStatusTypeDescription": ""
}, {
    "organizationHierarchyID": 53,
    "childID": 8,
    "childName": "Nestle Purina",
    "childBin": 0,
    "childState": null,
    "childCityName": null,
    "childStreetAddress": "13154 COUNTY RD 141",
    "childType": "Lob",
    "childPostalCode": "81201",
    "parentID": 1198760,
    "parentName": "NESTLE PURINA PETCARE CO.",
    "parentBin": 0,
    "parentState": null,
    "parentCityName": null,
    "parentStreetAddress": null,
    "parentType": "Ogn",
    "ultimateParentID": 0,
    "ultimateParentName": null,
    "ultimateParentBin": 0,
    "ultimateParentState": null,
    "ultimateParentCityName": null,
    "ultimateParentStreetAddress": null,
    "hierarchyID": 6,
    "level": 2,
    "hierarchyTypeDescription": "JB Hunt National Account Hierarchy",
    "levelDescription": "Business Line",
    "organizationHierarchyStatusTypeDescription": ""
}, {
    "organizationHierarchyID": 60,
    "childID": 9,
    "childName": "Nestle USA",
    "childBin": 0,
    "childState": null,
    "childCityName": null,
    "childStreetAddress": "13154 COUNTY RD 142",
    "childType": "Lob",
    "childPostalCode": "81201",
    "parentID": 1198761,
    "parentName": "NESTLE USA/FOOD",
    "parentBin": 0,
    "parentState": null,
    "parentCityName": null,
    "parentStreetAddress": null,
    "parentType": "Ogn",
    "ultimateParentID": 0,
    "ultimateParentName": null,
    "ultimateParentBin": 0,
    "ultimateParentState": null,
    "ultimateParentCityName": null,
    "ultimateParentStreetAddress": null,
    "hierarchyID": 6,
    "level": 2,
    "hierarchyTypeDescription": "JB Hunt National Account Hierarchy",
    "levelDescription": "Business Line",
    "organizationHierarchyStatusTypeDescription": ""
}, {
    "organizationHierarchyID": 47,
    "childID": 1198762,
    "childName": "NESTLE WATERS-TEA DIVISION",
    "childBin": 0,
    "childState": null,
    "childCityName": null,
    "childStreetAddress": "13154 COUNTY RD 143",
    "childType": "Ogn",
    "childPostalCode": "81201",
    "parentID": 6,
    "parentName": "Nestle Waters",
    "parentBin": 0,
    "parentState": null,
    "parentCityName": null,
    "parentStreetAddress": null,
    "parentType": "Lob",
    "ultimateParentID": 0,
    "ultimateParentName": null,
    "ultimateParentBin": 0,
    "ultimateParentState": null,
    "ultimateParentCityName": null,
    "ultimateParentStreetAddress": null,
    "hierarchyID": 7,
    "level": 3,
    "hierarchyTypeDescription": "JB Hunt National Account Hierarchy",
    "levelDescription": "Bill To",
    "organizationHierarchyStatusTypeDescription": ""
}, {
    "organizationHierarchyID": 48,
    "childID": 1198763,
    "childName": "NESTLE WATERS-TEA",
    "childBin": 0,
    "childState": null,
    "childCityName": null,
    "childStreetAddress": "13154 COUNTY RD 144",
    "childType": "Ogn",
    "childPostalCode": "81201",
    "parentID": 6,
    "parentName": "Nestle Waters",
    "parentBin": 0,
    "parentState": null,
    "parentCityName": null,
    "parentStreetAddress": null,
    "parentType": "Lob",
    "ultimateParentID": 0,
    "ultimateParentName": null,
    "ultimateParentBin": 0,
    "ultimateParentState": null,
    "ultimateParentCityName": null,
    "ultimateParentStreetAddress": null,
    "hierarchyID": 7,
    "level": 3,
    "hierarchyTypeDescription": "JB Hunt National Account Hierarchy",
    "levelDescription": "Bill To",
    "organizationHierarchyStatusTypeDescription": ""
}, {
    "organizationHierarchyID": 50,
    "childID": 1198764,
    "childName": "PERRIER GROUP/ZEPHYRHILLS/CASS",
    "childBin": 0,
    "childState": null,
    "childCityName": null,
    "childStreetAddress": "13154 COUNTY RD 145",
    "childType": "Ogn",
    "childPostalCode": "81201",
    "parentID": 7,
    "parentName": "Perrier",
    "parentBin": 0,
    "parentState": null,
    "parentCityName": null,
    "parentStreetAddress": null,
    "parentType": "Lob",
    "ultimateParentID": 0,
    "ultimateParentName": null,
    "ultimateParentBin": 0,
    "ultimateParentState": null,
    "ultimateParentCityName": null,
    "ultimateParentStreetAddress": null,
    "hierarchyID": 7,
    "level": 3,
    "hierarchyTypeDescription": "JB Hunt National Account Hierarchy",
    "levelDescription": "Bill To",
    "organizationHierarchyStatusTypeDescription": ""
}, {
    "organizationHierarchyID": 51,
    "childID": 1198765,
    "childName": "PERRIER WATER/BREINIGSVILLE",
    "childBin": 0,
    "childState": null,
    "childCityName": null,
    "childStreetAddress": "13154 COUNTY RD 146",
    "childType": "Ogn",
    "childPostalCode": "81201",
    "parentID": 7,
    "parentName": "Perrier",
    "parentBin": 0,
    "parentState": null,
    "parentCityName": null,
    "parentStreetAddress": null,
    "parentType": "Lob",
    "ultimateParentID": 0,
    "ultimateParentName": null,
    "ultimateParentBin": 0,
    "ultimateParentState": null,
    "ultimateParentCityName": null,
    "ultimateParentStreetAddress": null,
    "hierarchyID": 7,
    "level": 3,
    "hierarchyTypeDescription": "JB Hunt National Account Hierarchy",
    "levelDescription": "Bill To",
    "organizationHierarchyStatusTypeDescription": ""
}, {
    "organizationHierarchyID": 52,
    "childID": 1198766,
    "childName": "PERRIER WATER/STANWOOD MI",
    "childBin": 0,
    "childState": null,
    "childCityName": null,
    "childStreetAddress": "13154 COUNTY RD 147",
    "childType": "Ogn",
    "childPostalCode": "81201",
    "parentID": 7,
    "parentName": "Perrier",
    "parentBin": 0,
    "parentState": null,
    "parentCityName": null,
    "parentStreetAddress": null,
    "parentType": "Lob",
    "ultimateParentID": 0,
    "ultimateParentName": null,
    "ultimateParentBin": 0,
    "ultimateParentState": null,
    "ultimateParentCityName": null,
    "ultimateParentStreetAddress": null,
    "hierarchyID": 7,
    "level": 3,
    "hierarchyTypeDescription": "JB Hunt National Account Hierarchy",
    "levelDescription": "Bill To",
    "organizationHierarchyStatusTypeDescription": ""
}, {
    "organizationHierarchyID": 54,
    "childID": 1198767,
    "childName": "NESTLE PURINA OTR",
    "childBin": 0,
    "childState": null,
    "childCityName": null,
    "childStreetAddress": "13154 COUNTY RD 180",
    "childType": "Ogn",
    "childPostalCode": "81201",
    "parentID": 8,
    "parentName": "Nestle Purina",
    "parentBin": 0,
    "parentState": null,
    "parentCityName": null,
    "parentStreetAddress": null,
    "parentType": "Lob",
    "ultimateParentID": 0,
    "ultimateParentName": null,
    "ultimateParentBin": 0,
    "ultimateParentState": null,
    "ultimateParentCityName": null,
    "ultimateParentStreetAddress": null,
    "hierarchyID": 7,
    "level": 3,
    "hierarchyTypeDescription": "JB Hunt National Account Hierarchy",
    "levelDescription": "Bill To",
    "organizationHierarchyStatusTypeDescription": ""
}, {
    "organizationHierarchyID": 55,
    "childID": 1198768,
    "childName": "NESTLE PURINA PETCARE CO",
    "childBin": 0,
    "childState": null,
    "childCityName": null,
    "childStreetAddress": "13154 COUNTY RD 190",
    "childType": "Ogn",
    "childPostalCode": "81201",
    "parentID": 8,
    "parentName": "Nestle Purina",
    "parentBin": 0,
    "parentState": null,
    "parentCityName": null,
    "parentStreetAddress": null,
    "parentType": "Lob",
    "ultimateParentID": 0,
    "ultimateParentName": null,
    "ultimateParentBin": 0,
    "ultimateParentState": null,
    "ultimateParentCityName": null,
    "ultimateParentStreetAddress": null,
    "hierarchyID": 7,
    "level": 3,
    "hierarchyTypeDescription": "JB Hunt National Account Hierarchy",
    "levelDescription": "Bill To",
    "organizationHierarchyStatusTypeDescription": ""
}, {
    "organizationHierarchyID": 56,
    "childID": 1198769,
    "childName": "NESTLE PURINA IM",
    "childBin": 0,
    "childState": null,
    "childCityName": null,
    "childStreetAddress": "13154 COUNTY RD 130",
    "childType": "Ogn",
    "childPostalCode": "81201",
    "parentID": 8,
    "parentName": "Nestle Purina",
    "parentBin": 0,
    "parentState": null,
    "parentCityName": null,
    "parentStreetAddress": null,
    "parentType": "Lob",
    "ultimateParentID": 0,
    "ultimateParentName": null,
    "ultimateParentBin": 0,
    "ultimateParentState": null,
    "ultimateParentCityName": null,
    "ultimateParentStreetAddress": null,
    "hierarchyID": 7,
    "level": 3,
    "hierarchyTypeDescription": "JB Hunt National Account Hierarchy",
    "levelDescription": "Bill To",
    "organizationHierarchyStatusTypeDescription": ""
}, {
    "organizationHierarchyID": 57,
    "childID": 1198770,
    "childName": "NESTLE PURINA",
    "childBin": 0,
    "childState": null,
    "childCityName": null,
    "childStreetAddress": "13154 COUNTY RD 148",
    "childType": "Ogn",
    "childPostalCode": "81201",
    "parentID": 8,
    "parentName": "Nestle Purina",
    "parentBin": 0,
    "parentState": null,
    "parentCityName": null,
    "parentStreetAddress": null,
    "parentType": "Lob",
    "ultimateParentID": 0,
    "ultimateParentName": null,
    "ultimateParentBin": 0,
    "ultimateParentState": null,
    "ultimateParentCityName": null,
    "ultimateParentStreetAddress": null,
    "hierarchyID": 7,
    "level": 3,
    "hierarchyTypeDescription": "JB Hunt National Account Hierarchy",
    "levelDescription": "Bill To",
    "organizationHierarchyStatusTypeDescription": ""
}, {
    "organizationHierarchyID": 58,
    "childID": 1198771,
    "childName": "NESTLE PURINA PETCARE CO",
    "childBin": 0,
    "childState": null,
    "childCityName": null,
    "childStreetAddress": "13154 COUNTY RD 140",
    "childType": "Ogn",
    "childPostalCode": "81201",
    "parentID": 8,
    "parentName": "Nestle Purina",
    "parentBin": 0,
    "parentState": null,
    "parentCityName": null,
    "parentStreetAddress": null,
    "parentType": "Lob",
    "ultimateParentID": 0,
    "ultimateParentName": null,
    "ultimateParentBin": 0,
    "ultimateParentState": null,
    "ultimateParentCityName": null,
    "ultimateParentStreetAddress": null,
    "hierarchyID": 7,
    "level": 3,
    "hierarchyTypeDescription": "JB Hunt National Account Hierarchy",
    "levelDescription": "Bill To",
    "organizationHierarchyStatusTypeDescription": ""
}, {
    "organizationHierarchyID": 59,
    "childID": 1198772,
    "childName": "NESTLE PURINA PETCARE CO",
    "childBin": 0,
    "childState": null,
    "childCityName": null,
    "childStreetAddress": "13154 COUNTY RD 140",
    "childType": "Ogn",
    "childPostalCode": "81201",
    "parentID": 8,
    "parentName": "Nestle Purina",
    "parentBin": 0,
    "parentState": null,
    "parentCityName": null,
    "parentStreetAddress": null,
    "parentType": "Lob",
    "ultimateParentID": 0,
    "ultimateParentName": null,
    "ultimateParentBin": 0,
    "ultimateParentState": null,
    "ultimateParentCityName": null,
    "ultimateParentStreetAddress": null,
    "hierarchyID": 7,
    "level": 3,
    "hierarchyTypeDescription": "JB Hunt National Account Hierarchy",
    "levelDescription": "Bill To",
    "organizationHierarchyStatusTypeDescription": ""
}, {
    "organizationHierarchyID": 61,
    "childID": 1198773,
    "childName": "NESTLE USA",
    "childBin": 0,
    "childState": null,
    "childCityName": null,
    "childStreetAddress": "13154 COUNTY RD 140",
    "childType": "Ogn",
    "childPostalCode": "81201",
    "parentID": 9,
    "parentName": "Nestle USA",
    "parentBin": 0,
    "parentState": null,
    "parentCityName": null,
    "parentStreetAddress": null,
    "parentType": "Lob",
    "ultimateParentID": 0,
    "ultimateParentName": null,
    "ultimateParentBin": 0,
    "ultimateParentState": null,
    "ultimateParentCityName": null,
    "ultimateParentStreetAddress": null,
    "hierarchyID": 7,
    "level": 3,
    "hierarchyTypeDescription": "JB Hunt National Account Hierarchy",
    "levelDescription": "Bill To",
    "organizationHierarchyStatusTypeDescription": ""
}, {
    "organizationHierarchyID": 62,
    "childID": 1198774,
    "childName": "NESTLE USA INC",
    "childBin": 0,
    "childState": null,
    "childCityName": null,
    "childStreetAddress": "13154 COUNTY RD 140",
    "childType": "Ogn",
    "childPostalCode": "81201",
    "parentID": 9,
    "parentName": "Nestle USA",
    "parentBin": 0,
    "parentState": null,
    "parentCityName": null,
    "parentStreetAddress": null,
    "parentType": "Lob",
    "ultimateParentID": 0,
    "ultimateParentName": null,
    "ultimateParentBin": 0,
    "ultimateParentState": null,
    "ultimateParentCityName": null,
    "ultimateParentStreetAddress": null,
    "hierarchyID": 7,
    "level": 3,
    "hierarchyTypeDescription": "JB Hunt National Account Hierarchy",
    "levelDescription": "Bill To",
    "organizationHierarchyStatusTypeDescription": ""
}, {
    "organizationHierarchyID": 63,
    "childID": 1198775,
    "childName": "NESTLE USA",
    "childBin": 0,
    "childState": null,
    "childCityName": null,
    "childStreetAddress": "13154 COUNTY RD 140",
    "childType": "Ogn",
    "childPostalCode": "81201",
    "parentID": 9,
    "parentName": "Nestle USA",
    "parentBin": 0,
    "parentState": null,
    "parentCityName": null,
    "parentStreetAddress": null,
    "parentType": "Lob",
    "ultimateParentID": 0,
    "ultimateParentName": null,
    "ultimateParentBin": 0,
    "ultimateParentState": null,
    "ultimateParentCityName": null,
    "ultimateParentStreetAddress": null,
    "hierarchyID": 7,
    "level": 3,
    "hierarchyTypeDescription": "JB Hunt National Account Hierarchy",
    "levelDescription": "Bill To",
    "organizationHierarchyStatusTypeDescription": ""
}, {
    "organizationHierarchyID": 64,
    "childID": 1198776,
    "childName": "NESTLE RAIL DIVISION",
    "childBin": 0,
    "childState": null,
    "childCityName": null,
    "childStreetAddress": "13154 COUNTY RD 140",
    "childType": "Ogn",
    "childPostalCode": "81201",
    "parentID": 9,
    "parentName": "Nestle USA",
    "parentBin": 0,
    "parentState": null,
    "parentCityName": null,
    "parentStreetAddress": null,
    "parentType": "Lob",
    "ultimateParentID": 0,
    "ultimateParentName": null,
    "ultimateParentBin": 0,
    "ultimateParentState": null,
    "ultimateParentCityName": null,
    "ultimateParentStreetAddress": null,
    "hierarchyID": 7,
    "level": 3,
    "hierarchyTypeDescription": "JB Hunt National Account Hierarchy",
    "levelDescription": "Bill To",
    "organizationHierarchyStatusTypeDescription": ""
} ]
