[{
    "organizationHierarchyID": 20,
    "childID": 27205,
    "childName": "NESTLE",
    "childBin": null,
    "childState": null,
    "childCityName": null,
    "childStreetAddress": "500 WEST WARNER AVE",
    "childType": "Ogn",
    "childPostalCode": "92707",
    "parentID": 27205,
    "parentName": "NESTLE",
    "parentBin": null,
    "parentState": null,
    "parentCityName": null,
    "parentStreetAddress": null,
    "parentType": "Ogn",
    "ultimateParentID": null,
    "ultimateParentName": null,
    "ultimateParentBin": null,
    "ultimateParentState": null,
    "ultimateParentCityName": null,
    "ultimateParentStreetAddress": null,
    "hierarchyID": 4,
    "level": 1,
    "hierarchyLevel": null,
    "levelDescription": "Ultimate Parent",
    "hierarchyTypeDescription": "JB Hunt National Account Hierarchy",
    "organizationHierarchyStatusTypeDescription": null
}, {
    "organizationHierarchyID": 21,
    "childID": 27248,
    "childName": "NESTLE BEVERAGE CO",
    "childBin": null,
    "childState": null,
    "childCityName": null,
    "childStreetAddress": "6319 S 108TH ST",
    "childType": "Ogn",
    "childPostalCode": "53132",
    "parentID": 27205,
    "parentName": "NESTLE",
    "parentBin": null,
    "parentState": null,
    "parentCityName": null,
    "parentStreetAddress": null,
    "parentType": "Ogn",
    "ultimateParentID": null,
    "ultimateParentName": null,
    "ultimateParentBin": null,
    "ultimateParentState": null,
    "ultimateParentCityName": null,
    "ultimateParentStreetAddress": null,
    "hierarchyID": 5,
    "level": 2,
    "hierarchyLevel": null,
    "levelDescription": "Parent",
    "hierarchyTypeDescription": "JB Hunt National Account Hierarchy",
    "organizationHierarchyStatusTypeDescription": null
}, {
    "organizationHierarchyID": 22,
    "childID": 27229,
    "childName": "NESTLE PURINA PETCARE COMPANY",
    "childBin": null,
    "childState": null,
    "childCityName": null,
    "childStreetAddress": "3245 BROAD ST STE 1",
    "childType": "Ogn",
    "childPostalCode": "48130",
    "parentID": 27205,
    "parentName": "NESTLE",
    "parentBin": null,
    "parentState": null,
    "parentCityName": null,
    "parentStreetAddress": null,
    "parentType": "Ogn",
    "ultimateParentID": null,
    "ultimateParentName": null,
    "ultimateParentBin": null,
    "ultimateParentState": null,
    "ultimateParentCityName": null,
    "ultimateParentStreetAddress": null,
    "hierarchyID": 5,
    "level": 2,
    "hierarchyLevel": null,
    "levelDescription": "Parent",
    "hierarchyTypeDescription": "JB Hunt National Account Hierarchy",
    "organizationHierarchyStatusTypeDescription": null
}, {
    "organizationHierarchyID": 23,
    "childID": 27253,
    "childName": "NESTLE USA/FOOD",
    "childBin": null,
    "childState": null,
    "childCityName": null,
    "childStreetAddress": "P O BOX 567",
    "childType": "Ogn",
    "childPostalCode": "01842",
    "parentID": 27205,
    "parentName": "NESTLE",
    "parentBin": null,
    "parentState": null,
    "parentCityName": null,
    "parentStreetAddress": null,
    "parentType": "Ogn",
    "ultimateParentID": null,
    "ultimateParentName": null,
    "ultimateParentBin": null,
    "ultimateParentState": null,
    "ultimateParentCityName": null,
    "ultimateParentStreetAddress": null,
    "hierarchyID": 5,
    "level": 2,
    "hierarchyLevel": null,
    "levelDescription": "Parent",
    "hierarchyTypeDescription": "JB Hunt National Account Hierarchy",
    "organizationHierarchyStatusTypeDescription": null
}, {
    "organizationHierarchyID": 24,
    "childID": 1,
    "childName": "Nestle Waters",
    "childBin": null,
    "childState": null,
    "childCityName": null,
    "childStreetAddress": "3245 BROAD ST STE 1",
    "childType": "Lob",
    "childPostalCode": "48130",
    "parentID": 27229,
    "parentName": "NESTLE PURINA PETCARE COMPANY",
    "parentBin": null,
    "parentState": null,
    "parentCityName": null,
    "parentStreetAddress": null,
    "parentType": "Ogn",
    "ultimateParentID": null,
    "ultimateParentName": null,
    "ultimateParentBin": null,
    "ultimateParentState": null,
    "ultimateParentCityName": null,
    "ultimateParentStreetAddress": null,
    "hierarchyID": 6,
    "level": 3,
    "hierarchyLevel": null,
    "levelDescription": "Business Line",
    "hierarchyTypeDescription": "JB Hunt National Account Hierarchy",
    "organizationHierarchyStatusTypeDescription": null
}, {
    "organizationHierarchyID": 26,
    "childID": 180142,
    "childName": "NESTLE WATERS-TEA",
    "childBin": null,
    "childState": null,
    "childCityName": null,
    "childStreetAddress": "3950 50TH STREET SW",
    "childType": "Ogn",
    "childPostalCode": "35201",
    "parentID": 27229,
    "parentName": "NESTLE PURINA PETCARE COMPANY",
    "parentBin": null,
    "parentState": null,
    "parentCityName": null,
    "parentStreetAddress": null,
    "parentType": "Ogn",
    "ultimateParentID": null,
    "ultimateParentName": null,
    "ultimateParentBin": null,
    "ultimateParentState": null,
    "ultimateParentCityName": null,
    "ultimateParentStreetAddress": null,
    "hierarchyID": 7,
    "level": 3,
    "hierarchyLevel": null,
    "levelDescription": "Bill To",
    "hierarchyTypeDescription": "JB Hunt National Account Hierarchy",
    "organizationHierarchyStatusTypeDescription": null
}, {
    "organizationHierarchyID": 27,
    "childID": 2,
    "childName": "Perrier",
    "childBin": null,
    "childState": null,
    "childCityName": null,
    "childStreetAddress": "3245 BROAD ST STE 1",
    "childType": "Lob",
    "childPostalCode": "48130",
    "parentID": 27229,
    "parentName": "NESTLE PURINA PETCARE COMPANY",
    "parentBin": null,
    "parentState": null,
    "parentCityName": null,
    "parentStreetAddress": null,
    "parentType": "Ogn",
    "ultimateParentID": null,
    "ultimateParentName": null,
    "ultimateParentBin": null,
    "ultimateParentState": null,
    "ultimateParentCityName": null,
    "ultimateParentStreetAddress": null,
    "hierarchyID": 6,
    "level": 3,
    "hierarchyLevel": null,
    "levelDescription": "Business Line",
    "hierarchyTypeDescription": "JB Hunt National Account Hierarchy",
    "organizationHierarchyStatusTypeDescription": null
}, {
    "organizationHierarchyID": 31,
    "childID": 3,
    "childName": "Nestle Purina",
    "childBin": null,
    "childState": null,
    "childCityName": null,
    "childStreetAddress": "P O BOX 567",
    "childType": "Lob",
    "childPostalCode": "01842",
    "parentID": 27253,
    "parentName": "NESTLE USA/FOOD",
    "parentBin": null,
    "parentState": null,
    "parentCityName": null,
    "parentStreetAddress": null,
    "parentType": "Ogn",
    "ultimateParentID": null,
    "ultimateParentName": null,
    "ultimateParentBin": null,
    "ultimateParentState": null,
    "ultimateParentCityName": null,
    "ultimateParentStreetAddress": null,
    "hierarchyID": 6,
    "level": 3,
    "hierarchyLevel": null,
    "levelDescription": "Business Line",
    "hierarchyTypeDescription": "JB Hunt National Account Hierarchy",
    "organizationHierarchyStatusTypeDescription": null
}, {
    "organizationHierarchyID": 38,
    "childID": 4,
    "childName": "Nestle USA",
    "childBin": null,
    "childState": null,
    "childCityName": null,
    "childStreetAddress": "P O BOX 567",
    "childType": "Lob",
    "childPostalCode": "01842",
    "parentID": 27253,
    "parentName": "NESTLE USA/FOOD",
    "parentBin": null,
    "parentState": null,
    "parentCityName": null,
    "parentStreetAddress": null,
    "parentType": "Ogn",
    "ultimateParentID": null,
    "ultimateParentName": null,
    "ultimateParentBin": null,
    "ultimateParentState": null,
    "ultimateParentCityName": null,
    "ultimateParentStreetAddress": null,
    "hierarchyID": 6,
    "level": 3,
    "hierarchyLevel": null,
    "levelDescription": "Business Line",
    "hierarchyTypeDescription": "JB Hunt National Account Hierarchy",
    "organizationHierarchyStatusTypeDescription": null
}, {
    "organizationHierarchyID": 86,
    "childID": 40,
    "childName": "test",
    "childBin": null,
    "childState": null,
    "childCityName": null,
    "childStreetAddress": "P O BOX 567",
    "childType": "Lob",
    "childPostalCode": "01842",
    "parentID": 27253,
    "parentName": "NESTLE USA/FOOD",
    "parentBin": null,
    "parentState": null,
    "parentCityName": null,
    "parentStreetAddress": null,
    "parentType": "Ogn",
    "ultimateParentID": null,
    "ultimateParentName": null,
    "ultimateParentBin": null,
    "ultimateParentState": null,
    "ultimateParentCityName": null,
    "ultimateParentStreetAddress": null,
    "hierarchyID": 6,
    "level": 3,
    "hierarchyLevel": null,
    "levelDescription": "Business Line",
    "hierarchyTypeDescription": "JB Hunt National Account Hierarchy",
    "organizationHierarchyStatusTypeDescription": null
}, {
    "organizationHierarchyID": 87,
    "childID": 41,
    "childName": "june30",
    "childBin": null,
    "childState": null,
    "childCityName": null,
    "childStreetAddress": "P O BOX 567",
    "childType": "Lob",
    "childPostalCode": "01842",
    "parentID": 27253,
    "parentName": "NESTLE USA/FOOD",
    "parentBin": null,
    "parentState": null,
    "parentCityName": null,
    "parentStreetAddress": null,
    "parentType": "Ogn",
    "ultimateParentID": null,
    "ultimateParentName": null,
    "ultimateParentBin": null,
    "ultimateParentState": null,
    "ultimateParentCityName": null,
    "ultimateParentStreetAddress": null,
    "hierarchyID": 6,
    "level": 3,
    "hierarchyLevel": null,
    "levelDescription": "Business Line",
    "hierarchyTypeDescription": "JB Hunt National Account Hierarchy",
    "organizationHierarchyStatusTypeDescription": null
}, {
    "organizationHierarchyID": 88,
    "childID": 42,
    "childName": "testing",
    "childBin": null,
    "childState": null,
    "childCityName": null,
    "childStreetAddress": "P O BOX 567",
    "childType": "Lob",
    "childPostalCode": "01842",
    "parentID": 27253,
    "parentName": "NESTLE USA/FOOD",
    "parentBin": null,
    "parentState": null,
    "parentCityName": null,
    "parentStreetAddress": null,
    "parentType": "Ogn",
    "ultimateParentID": null,
    "ultimateParentName": null,
    "ultimateParentBin": null,
    "ultimateParentState": null,
    "ultimateParentCityName": null,
    "ultimateParentStreetAddress": null,
    "hierarchyID": 6,
    "level": 3,
    "hierarchyLevel": null,
    "levelDescription": "Business Line",
    "hierarchyTypeDescription": "JB Hunt National Account Hierarchy",
    "organizationHierarchyStatusTypeDescription": null
}, {
    "organizationHierarchyID": 91,
    "childID": 44,
    "childName": "NestleLob",
    "childBin": null,
    "childState": null,
    "childCityName": null,
    "childStreetAddress": "3245 BROAD ST STE 1",
    "childType": "Lob",
    "childPostalCode": "48130",
    "parentID": 27229,
    "parentName": "NESTLE PURINA PETCARE COMPANY",
    "parentBin": null,
    "parentState": null,
    "parentCityName": null,
    "parentStreetAddress": null,
    "parentType": "Ogn",
    "ultimateParentID": null,
    "ultimateParentName": null,
    "ultimateParentBin": null,
    "ultimateParentState": null,
    "ultimateParentCityName": null,
    "ultimateParentStreetAddress": null,
    "hierarchyID": 6,
    "level": 3,
    "hierarchyLevel": null,
    "levelDescription": "Business Line",
    "hierarchyTypeDescription": "JB Hunt National Account Hierarchy",
    "organizationHierarchyStatusTypeDescription": null
}, {
    "organizationHierarchyID": 92,
    "childID": 45,
    "childName": "testjuly1",
    "childBin": null,
    "childState": null,
    "childCityName": null,
    "childStreetAddress": "P O BOX 567",
    "childType": "Lob",
    "childPostalCode": "01842",
    "parentID": 27253,
    "parentName": "NESTLE USA/FOOD",
    "parentBin": null,
    "parentState": null,
    "parentCityName": null,
    "parentStreetAddress": null,
    "parentType": "Ogn",
    "ultimateParentID": null,
    "ultimateParentName": null,
    "ultimateParentBin": null,
    "ultimateParentState": null,
    "ultimateParentCityName": null,
    "ultimateParentStreetAddress": null,
    "hierarchyID": 6,
    "level": 3,
    "hierarchyLevel": null,
    "levelDescription": "Business Line",
    "hierarchyTypeDescription": "JB Hunt National Account Hierarchy",
    "organizationHierarchyStatusTypeDescription": null
}, {
    "organizationHierarchyID": 93,
    "childID": 46,
    "childName": "testjuly12",
    "childBin": null,
    "childState": null,
    "childCityName": null,
    "childStreetAddress": "P O BOX 567",
    "childType": "Lob",
    "childPostalCode": "01842",
    "parentID": 27253,
    "parentName": "NESTLE USA/FOOD",
    "parentBin": null,
    "parentState": null,
    "parentCityName": null,
    "parentStreetAddress": null,
    "parentType": "Ogn",
    "ultimateParentID": null,
    "ultimateParentName": null,
    "ultimateParentBin": null,
    "ultimateParentState": null,
    "ultimateParentCityName": null,
    "ultimateParentStreetAddress": null,
    "hierarchyID": 6,
    "level": 3,
    "hierarchyLevel": null,
    "levelDescription": "Business Line",
    "hierarchyTypeDescription": "JB Hunt National Account Hierarchy",
    "organizationHierarchyStatusTypeDescription": null
}, {
    "organizationHierarchyID": 94,
    "childID": 47,
    "childName": "test13",
    "childBin": null,
    "childState": null,
    "childCityName": null,
    "childStreetAddress": "P O BOX 567",
    "childType": "Lob",
    "childPostalCode": "01842",
    "parentID": 27253,
    "parentName": "NESTLE USA/FOOD",
    "parentBin": null,
    "parentState": null,
    "parentCityName": null,
    "parentStreetAddress": null,
    "parentType": "Ogn",
    "ultimateParentID": null,
    "ultimateParentName": null,
    "ultimateParentBin": null,
    "ultimateParentState": null,
    "ultimateParentCityName": null,
    "ultimateParentStreetAddress": null,
    "hierarchyID": 6,
    "level": 3,
    "hierarchyLevel": null,
    "levelDescription": "Business Line",
    "hierarchyTypeDescription": "JB Hunt National Account Hierarchy",
    "organizationHierarchyStatusTypeDescription": null
}, {
    "organizationHierarchyID": 95,
    "childID": 48,
    "childName": "test14",
    "childBin": null,
    "childState": null,
    "childCityName": null,
    "childStreetAddress": "P O BOX 567",
    "childType": "Lob",
    "childPostalCode": "01842",
    "parentID": 27253,
    "parentName": "NESTLE USA/FOOD",
    "parentBin": null,
    "parentState": null,
    "parentCityName": null,
    "parentStreetAddress": null,
    "parentType": "Ogn",
    "ultimateParentID": null,
    "ultimateParentName": null,
    "ultimateParentBin": null,
    "ultimateParentState": null,
    "ultimateParentCityName": null,
    "ultimateParentStreetAddress": null,
    "hierarchyID": 6,
    "level": 3,
    "hierarchyLevel": null,
    "levelDescription": "Business Line",
    "hierarchyTypeDescription": "JB Hunt National Account Hierarchy",
    "organizationHierarchyStatusTypeDescription": null
}, {
    "organizationHierarchyID": 96,
    "childID": 49,
    "childName": "test15",
    "childBin": null,
    "childState": null,
    "childCityName": null,
    "childStreetAddress": "P O BOX 567",
    "childType": "Lob",
    "childPostalCode": "01842",
    "parentID": 27253,
    "parentName": "NESTLE USA/FOOD",
    "parentBin": null,
    "parentState": null,
    "parentCityName": null,
    "parentStreetAddress": null,
    "parentType": "Ogn",
    "ultimateParentID": null,
    "ultimateParentName": null,
    "ultimateParentBin": null,
    "ultimateParentState": null,
    "ultimateParentCityName": null,
    "ultimateParentStreetAddress": null,
    "hierarchyID": 6,
    "level": 3,
    "hierarchyLevel": null,
    "levelDescription": "Business Line",
    "hierarchyTypeDescription": "JB Hunt National Account Hierarchy",
    "organizationHierarchyStatusTypeDescription": null
}, {
    "organizationHierarchyID": 97,
    "childID": 50,
    "childName": "test16",
    "childBin": null,
    "childState": null,
    "childCityName": null,
    "childStreetAddress": "P O BOX 567",
    "childType": "Lob",
    "childPostalCode": "01842",
    "parentID": 27253,
    "parentName": "NESTLE USA/FOOD",
    "parentBin": null,
    "parentState": null,
    "parentCityName": null,
    "parentStreetAddress": null,
    "parentType": "Ogn",
    "ultimateParentID": null,
    "ultimateParentName": null,
    "ultimateParentBin": null,
    "ultimateParentState": null,
    "ultimateParentCityName": null,
    "ultimateParentStreetAddress": null,
    "hierarchyID": 6,
    "level": 3,
    "hierarchyLevel": null,
    "levelDescription": "Business Line",
    "hierarchyTypeDescription": "JB Hunt National Account Hierarchy",
    "organizationHierarchyStatusTypeDescription": null
}, {
    "organizationHierarchyID": 98,
    "childID": 51,
    "childName": "test17",
    "childBin": null,
    "childState": null,
    "childCityName": null,
    "childStreetAddress": "P O BOX 567",
    "childType": "Lob",
    "childPostalCode": "01842",
    "parentID": 27253,
    "parentName": "NESTLE USA/FOOD",
    "parentBin": null,
    "parentState": null,
    "parentCityName": null,
    "parentStreetAddress": null,
    "parentType": "Ogn",
    "ultimateParentID": null,
    "ultimateParentName": null,
    "ultimateParentBin": null,
    "ultimateParentState": null,
    "ultimateParentCityName": null,
    "ultimateParentStreetAddress": null,
    "hierarchyID": 6,
    "level": 3,
    "hierarchyLevel": null,
    "levelDescription": "Business Line",
    "hierarchyTypeDescription": "JB Hunt National Account Hierarchy",
    "organizationHierarchyStatusTypeDescription": null
}, {
    "organizationHierarchyID": 117,
    "childID": 52,
    "childName": "business",
    "childBin": null,
    "childState": null,
    "childCityName": null,
    "childStreetAddress": "3245 BROAD ST STE 1",
    "childType": "Lob",
    "childPostalCode": "48130",
    "parentID": 27229,
    "parentName": "NESTLE PURINA PETCARE COMPANY",
    "parentBin": null,
    "parentState": null,
    "parentCityName": null,
    "parentStreetAddress": null,
    "parentType": "Ogn",
    "ultimateParentID": null,
    "ultimateParentName": null,
    "ultimateParentBin": null,
    "ultimateParentState": null,
    "ultimateParentCityName": null,
    "ultimateParentStreetAddress": null,
    "hierarchyID": 6,
    "level": 3,
    "hierarchyLevel": null,
    "levelDescription": "Business Line",
    "hierarchyTypeDescription": "JB Hunt National Account Hierarchy",
    "organizationHierarchyStatusTypeDescription": null
}, {
    "organizationHierarchyID": 123,
    "childID": 54,
    "childName": "business18",
    "childBin": null,
    "childState": null,
    "childCityName": null,
    "childStreetAddress": "P O BOX 567",
    "childType": "Lob",
    "childPostalCode": "01842",
    "parentID": 27253,
    "parentName": "NESTLE USA/FOOD",
    "parentBin": null,
    "parentState": null,
    "parentCityName": null,
    "parentStreetAddress": null,
    "parentType": "Ogn",
    "ultimateParentID": null,
    "ultimateParentName": null,
    "ultimateParentBin": null,
    "ultimateParentState": null,
    "ultimateParentCityName": null,
    "ultimateParentStreetAddress": null,
    "hierarchyID": 6,
    "level": 3,
    "hierarchyLevel": null,
    "levelDescription": "Business Line",
    "hierarchyTypeDescription": "JB Hunt National Account Hierarchy",
    "organizationHierarchyStatusTypeDescription": null
}, {
    "organizationHierarchyID": 136,
    "childID": 55,
    "childName": "Business 19",
    "childBin": null,
    "childState": null,
    "childCityName": null,
    "childStreetAddress": "P O BOX 567",
    "childType": "Lob",
    "childPostalCode": "01842",
    "parentID": 27253,
    "parentName": "NESTLE USA/FOOD",
    "parentBin": null,
    "parentState": null,
    "parentCityName": null,
    "parentStreetAddress": null,
    "parentType": "Ogn",
    "ultimateParentID": null,
    "ultimateParentName": null,
    "ultimateParentBin": null,
    "ultimateParentState": null,
    "ultimateParentCityName": null,
    "ultimateParentStreetAddress": null,
    "hierarchyID": 6,
    "level": 3,
    "hierarchyLevel": null,
    "levelDescription": "Business Line",
    "hierarchyTypeDescription": "JB Hunt National Account Hierarchy",
    "organizationHierarchyStatusTypeDescription": null
}, {
    "organizationHierarchyID": 25,
    "childID": 27249,
    "childName": "NESTLE WATERS-TEA DIVISION",
    "childBin": null,
    "childState": null,
    "childCityName": null,
    "childStreetAddress": "2470 E BRISTOL RD",
    "childType": "Ogn",
    "childPostalCode": "48529",
    "parentID": 1,
    "parentName": "Nestle Waters",
    "parentBin": null,
    "parentState": null,
    "parentCityName": null,
    "parentStreetAddress": null,
    "parentType": "Lob",
    "ultimateParentID": null,
    "ultimateParentName": null,
    "ultimateParentBin": null,
    "ultimateParentState": null,
    "ultimateParentCityName": null,
    "ultimateParentStreetAddress": null,
    "hierarchyID": 7,
    "level": 4,
    "hierarchyLevel": null,
    "levelDescription": "Bill To",
    "hierarchyTypeDescription": "JB Hunt National Account Hierarchy",
    "organizationHierarchyStatusTypeDescription": null
}, {
    "organizationHierarchyID": 28,
    "childID": 250722,
    "childName": "PERRIER GROUP/ZEPHYRHILLS/CASS",
    "childBin": null,
    "childState": null,
    "childCityName": null,
    "childStreetAddress": "8371 ROVANA CIRCLE",
    "childType": "Ogn",
    "childPostalCode": "95828",
    "parentID": 2,
    "parentName": "Perrier",
    "parentBin": null,
    "parentState": null,
    "parentCityName": null,
    "parentStreetAddress": null,
    "parentType": "Lob",
    "ultimateParentID": null,
    "ultimateParentName": null,
    "ultimateParentBin": null,
    "ultimateParentState": null,
    "ultimateParentCityName": null,
    "ultimateParentStreetAddress": null,
    "hierarchyID": 7,
    "level": 4,
    "hierarchyLevel": null,
    "levelDescription": "Bill To",
    "hierarchyTypeDescription": "JB Hunt National Account Hierarchy",
    "organizationHierarchyStatusTypeDescription": null
}, {
    "organizationHierarchyID": 29,
    "childID": 263655,
    "childName": "PERRIER WATER/BREINIGSVILLE",
    "childBin": null,
    "childState": null,
    "childCityName": null,
    "childStreetAddress": "1430 WEST WASHINGTON BLVD.",
    "childType": "Ogn",
    "childPostalCode": "90640",
    "parentID": 1,
    "parentName": "Nestle Waters",
    "parentBin": null,
    "parentState": null,
    "parentCityName": null,
    "parentStreetAddress": null,
    "parentType": "Lob",
    "ultimateParentID": null,
    "ultimateParentName": null,
    "ultimateParentBin": null,
    "ultimateParentState": null,
    "ultimateParentCityName": null,
    "ultimateParentStreetAddress": null,
    "hierarchyID": 7,
    "level": 4,
    "hierarchyLevel": null,
    "levelDescription": "Bill To",
    "hierarchyTypeDescription": "JB Hunt National Account Hierarchy",
    "organizationHierarchyStatusTypeDescription": null
}, {
    "organizationHierarchyID": 30,
    "childID": 386141,
    "childName": "PERRIER WATER/STANWOOD MI",
    "childBin": null,
    "childState": null,
    "childCityName": null,
    "childStreetAddress": "UPS LIVONIA",
    "childType": "Ogn",
    "childPostalCode": "48150",
    "parentID": 44,
    "parentName": "NestleLob",
    "parentBin": null,
    "parentState": null,
    "parentCityName": null,
    "parentStreetAddress": null,
    "parentType": "Lob",
    "ultimateParentID": null,
    "ultimateParentName": null,
    "ultimateParentBin": null,
    "ultimateParentState": null,
    "ultimateParentCityName": null,
    "ultimateParentStreetAddress": null,
    "hierarchyID": 7,
    "level": 4,
    "hierarchyLevel": null,
    "levelDescription": "Bill To",
    "hierarchyTypeDescription": "JB Hunt National Account Hierarchy",
    "organizationHierarchyStatusTypeDescription": null
}, {
    "organizationHierarchyID": 32,
    "childID": 27238,
    "childName": "NESTLE PURINA OTR",
    "childBin": null,
    "childState": null,
    "childCityName": null,
    "childStreetAddress": "410 JERSEY AVENUE",
    "childType": "Ogn",
    "childPostalCode": "08030",
    "parentID": 3,
    "parentName": "Nestle Purina",
    "parentBin": null,
    "parentState": null,
    "parentCityName": null,
    "parentStreetAddress": null,
    "parentType": "Lob",
    "ultimateParentID": null,
    "ultimateParentName": null,
    "ultimateParentBin": null,
    "ultimateParentState": null,
    "ultimateParentCityName": null,
    "ultimateParentStreetAddress": null,
    "hierarchyID": 7,
    "level": 4,
    "hierarchyLevel": null,
    "levelDescription": "Bill To",
    "hierarchyTypeDescription": "JB Hunt National Account Hierarchy",
    "organizationHierarchyStatusTypeDescription": null
}, {
    "organizationHierarchyID": 33,
    "childID": 27230,
    "childName": "NESTLE PURINA PETCARE COMPANY",
    "childBin": null,
    "childState": null,
    "childCityName": null,
    "childStreetAddress": "4860 MENARD DR",
    "childType": "Ogn",
    "childPostalCode": "54703",
    "parentID": 3,
    "parentName": "Nestle Purina",
    "parentBin": null,
    "parentState": null,
    "parentCityName": null,
    "parentStreetAddress": null,
    "parentType": "Lob",
    "ultimateParentID": null,
    "ultimateParentName": null,
    "ultimateParentBin": null,
    "ultimateParentState": null,
    "ultimateParentCityName": null,
    "ultimateParentStreetAddress": null,
    "hierarchyID": 7,
    "level": 4,
    "hierarchyLevel": null,
    "levelDescription": "Bill To",
    "hierarchyTypeDescription": "JB Hunt National Account Hierarchy",
    "organizationHierarchyStatusTypeDescription": null
}, {
    "organizationHierarchyID": 34,
    "childID": 27232,
    "childName": "NESTLE PURINA IM",
    "childBin": null,
    "childState": null,
    "childCityName": null,
    "childStreetAddress": "4444 SOUTH 76TH CIRCLE",
    "childType": "Ogn",
    "childPostalCode": "68127",
    "parentID": 3,
    "parentName": "Nestle Purina",
    "parentBin": null,
    "parentState": null,
    "parentCityName": null,
    "parentStreetAddress": null,
    "parentType": "Lob",
    "ultimateParentID": null,
    "ultimateParentName": null,
    "ultimateParentBin": null,
    "ultimateParentState": null,
    "ultimateParentCityName": null,
    "ultimateParentStreetAddress": null,
    "hierarchyID": 7,
    "level": 4,
    "hierarchyLevel": null,
    "levelDescription": "Bill To",
    "hierarchyTypeDescription": "JB Hunt National Account Hierarchy",
    "organizationHierarchyStatusTypeDescription": null
}, {
    "organizationHierarchyID": 35,
    "childID": 27233,
    "childName": "NESTLE PURINA",
    "childBin": null,
    "childState": null,
    "childCityName": null,
    "childStreetAddress": "1660 S 2ND ST",
    "childType": "Ogn",
    "childPostalCode": "43812",
    "parentID": 3,
    "parentName": "Nestle Purina",
    "parentBin": null,
    "parentState": null,
    "parentCityName": null,
    "parentStreetAddress": null,
    "parentType": "Lob",
    "ultimateParentID": null,
    "ultimateParentName": null,
    "ultimateParentBin": null,
    "ultimateParentState": null,
    "ultimateParentCityName": null,
    "ultimateParentStreetAddress": null,
    "hierarchyID": 7,
    "level": 4,
    "hierarchyLevel": null,
    "levelDescription": "Bill To",
    "hierarchyTypeDescription": "JB Hunt National Account Hierarchy",
    "organizationHierarchyStatusTypeDescription": null
}, {
    "organizationHierarchyID": 36,
    "childID": 27236,
    "childName": "NESTLE PURINA PETCARE COMPANY",
    "childBin": null,
    "childState": null,
    "childCityName": null,
    "childStreetAddress": "2245 PRATT BLVD",
    "childType": "Ogn",
    "childPostalCode": "60007",
    "parentID": 3,
    "parentName": "Nestle Purina",
    "parentBin": null,
    "parentState": null,
    "parentCityName": null,
    "parentStreetAddress": null,
    "parentType": "Lob",
    "ultimateParentID": null,
    "ultimateParentName": null,
    "ultimateParentBin": null,
    "ultimateParentState": null,
    "ultimateParentCityName": null,
    "ultimateParentStreetAddress": null,
    "hierarchyID": 7,
    "level": 4,
    "hierarchyLevel": null,
    "levelDescription": "Bill To",
    "hierarchyTypeDescription": "JB Hunt National Account Hierarchy",
    "organizationHierarchyStatusTypeDescription": null
}, {
    "organizationHierarchyID": 37,
    "childID": 27237,
    "childName": "NESTLE PURINA PETCARE COMPANY",
    "childBin": null,
    "childState": null,
    "childCityName": null,
    "childStreetAddress": "505 CROSSROADS PARKWAY",
    "childType": "Ogn",
    "childPostalCode": "60440",
    "parentID": 3,
    "parentName": "Nestle Purina",
    "parentBin": null,
    "parentState": null,
    "parentCityName": null,
    "parentStreetAddress": null,
    "parentType": "Lob",
    "ultimateParentID": null,
    "ultimateParentName": null,
    "ultimateParentBin": null,
    "ultimateParentState": null,
    "ultimateParentCityName": null,
    "ultimateParentStreetAddress": null,
    "hierarchyID": 7,
    "level": 4,
    "hierarchyLevel": null,
    "levelDescription": "Bill To",
    "hierarchyTypeDescription": "JB Hunt National Account Hierarchy",
    "organizationHierarchyStatusTypeDescription": null
}, {
    "organizationHierarchyID": 39,
    "childID": 441328,
    "childName": "NESTLE USA",
    "childBin": null,
    "childState": null,
    "childCityName": null,
    "childStreetAddress": "17502 FABRICA WAY",
    "childType": "Ogn",
    "childPostalCode": "90703",
    "parentID": 4,
    "parentName": "Nestle USA",
    "parentBin": null,
    "parentState": null,
    "parentCityName": null,
    "parentStreetAddress": null,
    "parentType": "Lob",
    "ultimateParentID": null,
    "ultimateParentName": null,
    "ultimateParentBin": null,
    "ultimateParentState": null,
    "ultimateParentCityName": null,
    "ultimateParentStreetAddress": null,
    "hierarchyID": 7,
    "level": 4,
    "hierarchyLevel": null,
    "levelDescription": "Bill To",
    "hierarchyTypeDescription": "JB Hunt National Account Hierarchy",
    "organizationHierarchyStatusTypeDescription": null
}, {
    "organizationHierarchyID": 40,
    "childID": 27255,
    "childName": "NESTLE USA, INC",
    "childBin": null,
    "childState": null,
    "childCityName": null,
    "childStreetAddress": "2600 WEAVER ROAD",
    "childType": "Ogn",
    "childPostalCode": "31298",
    "parentID": 4,
    "parentName": "Nestle USA",
    "parentBin": null,
    "parentState": null,
    "parentCityName": null,
    "parentStreetAddress": null,
    "parentType": "Lob",
    "ultimateParentID": null,
    "ultimateParentName": null,
    "ultimateParentBin": null,
    "ultimateParentState": null,
    "ultimateParentCityName": null,
    "ultimateParentStreetAddress": null,
    "hierarchyID": 7,
    "level": 4,
    "hierarchyLevel": null,
    "levelDescription": "Bill To",
    "hierarchyTypeDescription": "JB Hunt National Account Hierarchy",
    "organizationHierarchyStatusTypeDescription": null
}, {
    "organizationHierarchyID": 41,
    "childID": 27199,
    "childName": "NESTLE USA",
    "childBin": null,
    "childState": null,
    "childCityName": null,
    "childStreetAddress": "4909 WAYNE RD",
    "childType": "Ogn",
    "childPostalCode": "49015",
    "parentID": 4,
    "parentName": "Nestle USA",
    "parentBin": null,
    "parentState": null,
    "parentCityName": null,
    "parentStreetAddress": null,
    "parentType": "Lob",
    "ultimateParentID": null,
    "ultimateParentName": null,
    "ultimateParentBin": null,
    "ultimateParentState": null,
    "ultimateParentCityName": null,
    "ultimateParentStreetAddress": null,
    "hierarchyID": 7,
    "level": 4,
    "hierarchyLevel": null,
    "levelDescription": "Bill To",
    "hierarchyTypeDescription": "JB Hunt National Account Hierarchy",
    "organizationHierarchyStatusTypeDescription": null
}, {
    "organizationHierarchyID": 42,
    "childID": 286646,
    "childName": "NESTLE RAIL DIVISION",
    "childBin": null,
    "childState": null,
    "childCityName": null,
    "childStreetAddress": "646 CARNATION ST",
    "childType": "Ogn",
    "childPostalCode": "70460",
    "parentID": 4,
    "parentName": "Nestle USA",
    "parentBin": null,
    "parentState": null,
    "parentCityName": null,
    "parentStreetAddress": null,
    "parentType": "Lob",
    "ultimateParentID": null,
    "ultimateParentName": null,
    "ultimateParentBin": null,
    "ultimateParentState": null,
    "ultimateParentCityName": null,
    "ultimateParentStreetAddress": null,
    "hierarchyID": 7,
    "level": 4,
    "hierarchyLevel": null,
    "levelDescription": "Bill To",
    "hierarchyTypeDescription": "JB Hunt National Account Hierarchy",
    "organizationHierarchyStatusTypeDescription": null
}]