
{
  "partyCreditDTO": {
    "creditTypeDTO": null,
    "partyDTO": null,
    "partyCreditId": 0,
    "collectionCount": "120",
    "noOfTrades": "195",
    "creditScore": "0000004500",
    "annualSales": "",
    "creditLimit": "94096200",
    "salesRevenueOrLowRange": "072596000000",
    "highRangeOfSales": "000000000000",
    "fileEstablishDate": "19770100",
    "combinedDaysBeyondTerms": "005",
    "percentileScore": "044",
    "yearOfIncorporation": "19020211",
    "creditStatus": "MEDIUM RISK",
    "sicCode": "5311",
    "sicCodeDescription": "DEPARTMENT STORES",
    "corporateLinkageAvailable": "Y",
    "location": "",
    "businessType": "",
    "creditValidationStatus": null,
    "calculatedCreditScore": null,
    "yearOnFile": null,
    "calculatedCreditLimit": null
  },
  "organizationHierarchyDTO": {
    "organizationHierarchyID": 0,
    "childID": 0,
    "childName": null,
    "childBin": 0,
    "childState": null,
    "childCityName": null,
    "childStreetAddress": null,
    "childType": 0,
    "parentID": 0,
    "parentName": "",
    "parentBin": 0,
    "parentState": "",
    "parentCityName": "",
    "parentStreetAddress": "",
    "parentType": 0,
    "ultimateParentID": 0,
    "ultimateParentName": "TARGET CORP",
    "ultimateParentBin": 759193671,
    "ultimateParentState": "MN",
    "ultimateParentCityName": "MINNEAPOLIS",
    "ultimateParentStreetAddress": "1000 NICOLLET MALL",
    "hierarchyID": 0,
    "hierarchyModelID": 0,
    "hierarchyModelName": null
  }
}