[ {
    "organizationHierarchyID": 23,
    "childID": 1198758,
    "childName": "Nestle",
    "childBin": 0,
    "childState": null,
    "childCityName": null,
    "childStreetAddress": "bbb",
    "childType": "Ogn",
    "parentID": 1198758,
    "parentName": "Nestle",
    "parentBin": 0,
    "parentState": null,
    "parentCityName": null,
    "parentStreetAddress": "aaa",
    "parentType": "Ogn",
    "ultimateParentID": 0,
    "ultimateParentName": null,
    "ultimateParentBin": 0,
    "ultimateParentState": null,
    "ultimateParentCityName": null,
    "ultimateParentStreetAddress": null,
    "hierarchyID": 1,
    "level": 0,
    "hierarchyTypeDescription": "Credit Hierarchy",
    "levelDescription": "Ultimate Parent",
    "organizationHierarchyStatusTypeDescription": "Approved"
}, {
    "organizationHierarchyID": 25,
    "childID": 1198760,
    "childName": "NESTLE PURINA PETCARE CO.",
    "childBin": 0,
    "childState": null,
    "childCityName": null,
    "childStreetAddress": "bbb",
    "childType": "Ogn",
    "parentID": 1198758,
    "parentName": "Nestle",
    "parentBin": 0,
    "parentState": null,
    "parentCityName": null,
    "parentStreetAddress": "aaa",
    "parentType": "Ogn",
    "ultimateParentID": 0,
    "ultimateParentName": null,
    "ultimateParentBin": 0,
    "ultimateParentState": null,
    "ultimateParentCityName": null,
    "ultimateParentStreetAddress": null,
    "hierarchyID": 2,
    "level": 1,
    "hierarchyTypeDescription": "Credit Hierarchy",
    "levelDescription": "Parent",
    "organizationHierarchyStatusTypeDescription": ""
}, {
    "organizationHierarchyID": 26,
    "childID": 1198761,
    "childName": "NESTLE USA/FOOD",
    "childBin": 0,
    "childState": null,
    "childCityName": null,
    "childStreetAddress": "bbb",
    "childType": "Ogn",
    "parentID": 1198758,
    "parentName": "Nestle",
    "parentBin": 0,
    "parentState": null,
    "parentCityName": null,
    "parentStreetAddress": "aaa",
    "parentType": "Ogn",
    "ultimateParentID": 0,
    "ultimateParentName": null,
    "ultimateParentBin": 0,
    "ultimateParentState": null,
    "ultimateParentCityName": null,
    "ultimateParentStreetAddress": null,
    "hierarchyID": 2,
    "level": 1,
    "hierarchyTypeDescription": "Credit Hierarchy",
    "levelDescription": "Parent",
    "organizationHierarchyStatusTypeDescription": ""
}, {
    "organizationHierarchyID": 24,
    "childID": 1198759,
    "childName": "NESTLE BEVERAGE CO",
    "childBin": 0,
    "childState": null,
    "childCityName": null,
    "childStreetAddress": "bbb",
    "childType": "Ogn",
    "parentID": 1198758,
    "parentName": "Nestle",
    "parentBin": 0,
    "parentState": null,
    "parentCityName": null,
    "parentStreetAddress": "aaa",
    "parentType": "Ogn",
    "ultimateParentID": 0,
    "ultimateParentName": null,
    "ultimateParentBin": 0,
    "ultimateParentState": null,
    "ultimateParentCityName": null,
    "ultimateParentStreetAddress": null,
    "hierarchyID": 2,
    "level": 1,
    "hierarchyTypeDescription": "Credit Hierarchy",
    "levelDescription": "Parent",
    "organizationHierarchyStatusTypeDescription": ""
}, {
    "organizationHierarchyID": 27,
    "childID": 1198762,
    "childName": "NESTLE WATERS-TEA DIVISION",
    "childBin": 0,
    "childState": null,
    "childCityName": null,
    "childStreetAddress": "bbb",
    "childType": "Ogn",
    "parentID": 1198759,
    "parentName": "NESTLE BEVERAGE CO",
    "parentBin": 0,
    "parentState": null,
    "parentCityName": null,
    "parentStreetAddress": "aaa",
    "parentType": "Ogn",
    "ultimateParentID": 0,
    "ultimateParentName": null,
    "ultimateParentBin": 0,
    "ultimateParentState": null,
    "ultimateParentCityName": null,
    "ultimateParentStreetAddress": null,
    "hierarchyID": 3,
    "level": 2,
    "hierarchyTypeDescription": "Credit Hierarchy",
    "levelDescription": "Bill To",
    "organizationHierarchyStatusTypeDescription": ""
}, {
    "organizationHierarchyID": 28,
    "childID": 1198763,
    "childName": "NESTLE WATERS-TEA",
    "childBin": 0,
    "childState": null,
    "childCityName": null,
    "childStreetAddress": "bbb",
    "childType": "Ogn",
    "parentID": 1198759,
    "parentName": "NESTLE BEVERAGE CO",
    "parentBin": 0,
    "parentState": null,
    "parentCityName": null,
    "parentStreetAddress": "aaa",
    "parentType": "Ogn",
    "ultimateParentID": 0,
    "ultimateParentName": null,
    "ultimateParentBin": 0,
    "ultimateParentState": null,
    "ultimateParentCityName": null,
    "ultimateParentStreetAddress": null,
    "hierarchyID": 3,
    "level": 2,
    "hierarchyTypeDescription": "Credit Hierarchy",
    "levelDescription": "Bill To",
    "organizationHierarchyStatusTypeDescription": ""
}, {
    "organizationHierarchyID": 29,
    "childID": 1198764,
    "childName": "PERRIER GROUP/ZEPHYRHILLS/CASS",
    "childBin": 0,
    "childState": null,
    "childCityName": null,
    "childStreetAddress": "bbb",
    "childType": "Ogn",
    "parentID": 1198759,
    "parentName": "NESTLE BEVERAGE CO",
    "parentBin": 0,
    "parentState": null,
    "parentCityName": null,
    "parentStreetAddress": "aaa",
    "parentType": "Ogn",
    "ultimateParentID": 0,
    "ultimateParentName": null,
    "ultimateParentBin": 0,
    "ultimateParentState": null,
    "ultimateParentCityName": null,
    "ultimateParentStreetAddress": null,
    "hierarchyID": 3,
    "level": 2,
    "hierarchyTypeDescription": "Credit Hierarchy",
    "levelDescription": "Bill To",
    "organizationHierarchyStatusTypeDescription": ""
}, {
    "organizationHierarchyID": 30,
    "childID": 1198765,
    "childName": "PERRIER WATER/BREINIGSVILLE",
    "childBin": 0,
    "childState": null,
    "childCityName": null,
    "childStreetAddress": "bbb",
    "childType": "Ogn",
    "parentID": 1198759,
    "parentName": "NESTLE BEVERAGE CO",
    "parentBin": 0,
    "parentState": null,
    "parentCityName": null,
    "parentStreetAddress": "aaa",
    "parentType": "Ogn",
    "ultimateParentID": 0,
    "ultimateParentName": null,
    "ultimateParentBin": 0,
    "ultimateParentState": null,
    "ultimateParentCityName": null,
    "ultimateParentStreetAddress": null,
    "hierarchyID": 3,
    "level": 2,
    "hierarchyTypeDescription": "Credit Hierarchy",
    "levelDescription": "Bill To",
    "organizationHierarchyStatusTypeDescription": ""
}, {
    "organizationHierarchyID": 31,
    "childID": 1198766,
    "childName": "PERRIER WATER/STANWOOD MI",
    "childBin": 0,
    "childState": null,
    "childCityName": null,
    "childStreetAddress": "bbb",
    "childType": "Ogn",
    "parentID": 1198759,
    "parentName": "NESTLE BEVERAGE CO",
    "parentBin": 0,
    "parentState": null,
    "parentCityName": null,
    "parentStreetAddress": "aaa",
    "parentType": "Ogn",
    "ultimateParentID": 0,
    "ultimateParentName": null,
    "ultimateParentBin": 0,
    "ultimateParentState": null,
    "ultimateParentCityName": null,
    "ultimateParentStreetAddress": null,
    "hierarchyID": 3,
    "level": 2,
    "hierarchyTypeDescription": "Credit Hierarchy",
    "levelDescription": "Bill To",
    "organizationHierarchyStatusTypeDescription": ""
}, {
    "organizationHierarchyID": 32,
    "childID": 1198767,
    "childName": "NESTLE PURINA OTR",
    "childBin": 0,
    "childState": null,
    "childCityName": null,
    "childStreetAddress": "bbb",
    "childType": "Ogn",
    "parentID": 1198760,
    "parentName": "NESTLE PURINA PETCARE CO.",
    "parentBin": 0,
    "parentState": null,
    "parentCityName": null,
    "parentStreetAddress": "aaa",
    "parentType": "Ogn",
    "ultimateParentID": 0,
    "ultimateParentName": null,
    "ultimateParentBin": 0,
    "ultimateParentState": null,
    "ultimateParentCityName": null,
    "ultimateParentStreetAddress": null,
    "hierarchyID": 3,
    "level": 2,
    "hierarchyTypeDescription": "Credit Hierarchy",
    "levelDescription": "Bill To",
    "organizationHierarchyStatusTypeDescription": ""
}, {
    "organizationHierarchyID": 33,
    "childID": 1198768,
    "childName": "NESTLE PURINA PETCARE CO",
    "childBin": 0,
    "childState": null,
    "childCityName": null,
    "childStreetAddress": "bbb",
    "childType": "Ogn",
    "parentID": 1198760,
    "parentName": "NESTLE PURINA PETCARE CO.",
    "parentBin": 0,
    "parentState": null,
    "parentCityName": null,
    "parentStreetAddress": "aaa",
    "parentType": "Ogn",
    "ultimateParentID": 0,
    "ultimateParentName": null,
    "ultimateParentBin": 0,
    "ultimateParentState": null,
    "ultimateParentCityName": null,
    "ultimateParentStreetAddress": null,
    "hierarchyID": 3,
    "level": 2,
    "hierarchyTypeDescription": "Credit Hierarchy",
    "levelDescription": "Bill To",
    "organizationHierarchyStatusTypeDescription": ""
}, {
    "organizationHierarchyID": 34,
    "childID": 1198769,
    "childName": "NESTLE PURINA IM",
    "childBin": 0,
    "childState": null,
    "childCityName": null,
    "childStreetAddress": "bbb",
    "childType": "Ogn",
    "parentID": 1198760,
    "parentName": "NESTLE PURINA PETCARE CO.",
    "parentBin": 0,
    "parentState": null,
    "parentCityName": null,
    "parentStreetAddress": "aaa",
    "parentType": "Ogn",
    "ultimateParentID": 0,
    "ultimateParentName": null,
    "ultimateParentBin": 0,
    "ultimateParentState": null,
    "ultimateParentCityName": null,
    "ultimateParentStreetAddress": null,
    "hierarchyID": 3,
    "level": 2,
    "hierarchyTypeDescription": "Credit Hierarchy",
    "levelDescription": "Bill To",
    "organizationHierarchyStatusTypeDescription": ""
}, {
    "organizationHierarchyID": 35,
    "childID": 1198770,
    "childName": "NESTLE PURINA",
    "childBin": 0,
    "childState": null,
    "childCityName": null,
    "childStreetAddress": "bbb",
    "childType": "Ogn",
    "parentID": 1198760,
    "parentName": "NESTLE PURINA PETCARE CO.",
    "parentBin": 0,
    "parentState": null,
    "parentCityName": null,
    "parentStreetAddress": "aaa",
    "parentType": "Ogn",
    "ultimateParentID": 0,
    "ultimateParentName": null,
    "ultimateParentBin": 0,
    "ultimateParentState": null,
    "ultimateParentCityName": null,
    "ultimateParentStreetAddress": null,
    "hierarchyID": 3,
    "level": 2,
    "hierarchyTypeDescription": "Credit Hierarchy",
    "levelDescription": "Bill To",
    "organizationHierarchyStatusTypeDescription": ""
}, {
    "organizationHierarchyID": 36,
    "childID": 1198771,
    "childName": "NESTLE PURINA PETCARE CO",
    "childBin": 0,
    "childState": null,
    "childCityName": null,
    "childStreetAddress": "bbb",
    "childType": "Ogn",
    "parentID": 1198760,
    "parentName": "NESTLE PURINA PETCARE CO.",
    "parentBin": 0,
    "parentState": null,
    "parentCityName": null,
    "parentStreetAddress": "aaa",
    "parentType": "Ogn",
    "ultimateParentID": 0,
    "ultimateParentName": null,
    "ultimateParentBin": 0,
    "ultimateParentState": null,
    "ultimateParentCityName": null,
    "ultimateParentStreetAddress": null,
    "hierarchyID": 3,
    "level": 2,
    "hierarchyTypeDescription": "Credit Hierarchy",
    "levelDescription": "Bill To",
    "organizationHierarchyStatusTypeDescription": ""
}, {
    "organizationHierarchyID": 37,
    "childID": 1198772,
    "childName": "NESTLE PURINA PETCARE CO",
    "childBin": 0,
    "childState": null,
    "childCityName": null,
    "childStreetAddress": "bbb",
    "childType": "Ogn",
    "parentID": 1198760,
    "parentName": "NESTLE PURINA PETCARE CO.",
    "parentBin": 0,
    "parentState": null,
    "parentCityName": null,
    "parentStreetAddress": "aaa",
    "parentType": "Ogn",
    "ultimateParentID": 0,
    "ultimateParentName": null,
    "ultimateParentBin": 0,
    "ultimateParentState": null,
    "ultimateParentCityName": null,
    "ultimateParentStreetAddress": null,
    "hierarchyID": 3,
    "level": 2,
    "hierarchyTypeDescription": "Credit Hierarchy",
    "levelDescription": "Bill To",
    "organizationHierarchyStatusTypeDescription": ""
}, {
    "organizationHierarchyID": 38,
    "childID": 1198773,
    "childName": "NESTLE USA",
    "childBin": 0,
    "childState": null,
    "childCityName": null,
    "childStreetAddress": "bbb",
    "childType": "Ogn",
    "parentID": 1198761,
    "parentName": "NESTLE USA/FOOD",
    "parentBin": 0,
    "parentState": null,
    "parentCityName": null,
    "parentStreetAddress": "aaa",
    "parentType": "Ogn",
    "ultimateParentID": 0,
    "ultimateParentName": null,
    "ultimateParentBin": 0,
    "ultimateParentState": null,
    "ultimateParentCityName": null,
    "ultimateParentStreetAddress": null,
    "hierarchyID": 3,
    "level": 2,
    "hierarchyTypeDescription": "Credit Hierarchy",
    "levelDescription": "Bill To",
    "organizationHierarchyStatusTypeDescription": ""
}, {
    "organizationHierarchyID": 39,
    "childID": 1198774,
    "childName": "NESTLE USA INC",
    "childBin": 0,
    "childState": null,
    "childCityName": null,
    "childStreetAddress": "bbb",
    "childType": "Ogn",
    "parentID": 1198761,
    "parentName": "NESTLE USA/FOOD",
    "parentBin": 0,
    "parentState": null,
    "parentCityName": null,
    "parentStreetAddress": "aaa",
    "parentType": "Ogn",
    "ultimateParentID": 0,
    "ultimateParentName": null,
    "ultimateParentBin": 0,
    "ultimateParentState": null,
    "ultimateParentCityName": null,
    "ultimateParentStreetAddress": null,
    "hierarchyID": 3,
    "level": 2,
    "hierarchyTypeDescription": "Credit Hierarchy",
    "levelDescription": "Bill To",
    "organizationHierarchyStatusTypeDescription": ""
}, {
    "organizationHierarchyID": 40,
    "childID": 1198775,
    "childName": "NESTLE USA",
    "childBin": 0,
    "childState": null,
    "childCityName": null,
    "childStreetAddress": "bbb",
    "childType": "Ogn",
    "parentID": 1198761,
    "parentName": "NESTLE USA/FOOD",
    "parentBin": 0,
    "parentState": null,
    "parentCityName": null,
    "parentStreetAddress": "aaa",
    "parentType": "Ogn",
    "ultimateParentID": 0,
    "ultimateParentName": null,
    "ultimateParentBin": 0,
    "ultimateParentState": null,
    "ultimateParentCityName": null,
    "ultimateParentStreetAddress": null,
    "hierarchyID": 3,
    "level": 2,
    "hierarchyTypeDescription": "Credit Hierarchy",
    "levelDescription": "Bill To",
    "organizationHierarchyStatusTypeDescription": ""
}, {
    "organizationHierarchyID": 41,
    "childID": 1198776,
    "childName": "NESTLE RAIL DIVISION",
    "childBin": 0,
    "childState": null,
    "childCityName": null,
    "childStreetAddress": "bbb",
    "childType": "Ogn",
    "parentID": 1198761,
    "parentName": "NESTLE USA/FOOD",
    "parentBin": 0,
    "parentState": null,
    "parentCityName": null,
    "parentStreetAddress": "aaa",
    "parentType": "Ogn",
    "ultimateParentID": 0,
    "ultimateParentName": null,
    "ultimateParentBin": 0,
    "ultimateParentState": null,
    "ultimateParentCityName": null,
    "ultimateParentStreetAddress": null,
    "hierarchyID": 3,
    "level": 2,
    "hierarchyTypeDescription": "Credit Hierarchy",
    "levelDescription": "Bill To",
    "organizationHierarchyStatusTypeDescription": ""
} ]
