[{
	"contactInfo": "ABB, Inc, 5600, universal Dr. Memphis, TN 38181 USA (399) 329 - 4850",
	"bin": 55648,
	"classification": "4713 - Arrangement of  Transportation of Freight and Cargo"
},{
	"contactInfo": "GDH, Inc, 5600, universal Dr. Memphis, TN 38181 USA (399) 567 - 5676",
	"bin": 55648,
	"classification": "4713 - Arrangement of  Transportation of Freight and Cargo"
},{
	"contactInfo": "ISJ, Inc, 5600, universal Dr. Memphis, TN 38181 USA (399) 564 - 9756",
	"bin": 55648,
	"classification": "4713 - Arrangement of  Transportation of Freight and Cargo"
},{
	"contactInfo": "USH, Inc, 5600, universal Dr. Memphis, TN 38181 USA (399) 865 - 6765",
	"bin": 55648,
	"classification": "4713 - Arrangement of  Transportation of Freight and Cargo"
}]