{
    "experianBusinessInformationDTO": [{
        "bin": "759193671",
        "businessName": "TARGET CORP",
        "address": "1000 NICOLLET MALL",
        "city": "MINNEAPOLIS",
        "state": "MN",
        "postalCode": "554032542",
        "postalCodeExtention": "",
        "phoneNumber": "6123046073",
        "confidenceCode": "09102",
        "matchingNameAvailable": true,
        "transactionId": "C097058039",
        "recordSequenceNumber": "00"
    }, {
        "bin": "760038469",
        "businessName": "TARGET CORP",
        "address": "PO BOX 1296",
        "city": "CIRCLE PINES",
        "state": "MN",
        "postalCode": "55014",
        "postalCodeExtention": "",
        "phoneNumber": "",
        "confidenceCode": "09102",
        "matchingNameAvailable": false,
        "transactionId": "C097058039",
        "recordSequenceNumber": "00"
    }, {
        "bin": "924802638",
        "businessName": "TARGET STORES, INC",
        "address": "1000 NICOLLET MALL",
        "city": "MINNEAPOLIS",
        "state": "MN",
        "postalCode": "554032542",
        "postalCodeExtention": "",
        "phoneNumber": "6123046073",
        "confidenceCode": "09102",
        "matchingNameAvailable": false,
        "transactionId": "C097058039",
        "recordSequenceNumber": "00"
    }]

}
