{
    "data": [{
            "CustomerData": "Coca Cola COA... 3791 Browns Mill Cairo, GA 3172",
            "Location Distribution Center": "Coca Cola COA... Cairo, GA 31728",
            "Primary Refernce Number": "PN3453453",
            "Request Type": "DC Pickup",
            "Change Request Status": "Pending",
            "Approval Status": "99.89%",
            "Request Created Date": "05/01/2017",
            "Ageing": "2 days"

        },
        {
            "CustomerData": "Coca Cola COA... 3791 Browns Mill Cairo, GA 3172",
            "Location Distribution Center": "Coca Cola COA... Cairo, GA 31728",
            "Primary Refernce Number": "PN3453453",
            "Request Type": "DC Pickup",
            "Change Request Status": "Pending",
            "Approval Status": "99.89%",
            "Request Created Date": "05/01/2017",
            "Ageing": "2 days"

        },
        {
            "CustomerData": "Coca Cola COA... 3791 Browns Mill Cairo, GA 3172",
            "Location Distribution Center": "Coca Cola COA... Cairo, GA 31728",
            "Primary Refernce Number": "PN3453453",
            "Request Type": "DC Pickup",
            "Change Request Status": "Pending",
            "Approval Status": "99.89%",
            "Request Created Date": "05/01/2017",
            "Ageing": "2 days"

        },
        {
            "CustomerData": "Coca Cola COA... 3791 Browns Mill Cairo, GA 3172",
            "Location Distribution Center": "Coca Cola COA... Cairo, GA 31728",
            "Primary Refernce Number": "PN3453453",
            "Request Type": "DC Pickup",
            "Change Request Status": "Pending",
            "Approval Status": "99.89%",
            "Request Created Date": "05/01/2017",
            "Ageing": "2 days"

        },
        {
            "CustomerData": "Coca Cola COA... 3791 Browns Mill Cairo, GA 3172",
            "Location Distribution Center": "Coca Cola COA... Cairo, GA 31728",
            "Primary Refernce Number": "PN3453453",
            "Request Type": "DC Pickup",
            "Change Request Status": "Pending",
            "Approval Status": "99.89%",
            "Request Created Date": "05/01/2017",
            "Ageing": "2 days"

        },
        {
            "CustomerData": "Coca Cola COA... 3791 Browns Mill Cairo, GA 3172",
            "Location Distribution Center": "Coca Cola COA... Cairo, GA 31728",
            "Primary Refernce Number": "PN3453453",
            "Request Type": "DC Pickup",
            "Change Request Status": "Pending",
            "Approval Status": "99.89%",
            "Request Created Date": "05/01/2017",
            "Ageing": "2 days"

        },
        {
            "CustomerData": "Coca Cola COA... 3791 Browns Mill Cairo, GA 3172",
            "Location Distribution Center": "Coca Cola COA... Cairo, GA 31728",
            "Primary Refernce Number": "PN3453453",
            "Request Type": "DC Pickup",
            "Change Request Status": "Pending",
            "Approval Status": "99.89%",
            "Request Created Date": "05/01/2017",
            "Ageing": "2 days"

        }
    ]
}