{
    "corporateAccount":[{
        "val":"Cow Hides1"
    },{
        "val":"Cow Hides2"
    },{
        "val":"Cow Hides3"
    },{
        "val":"Cow Hides4"
    },{
        "val":"Cow Hides5"
    },{
        "val":"Cow Hides6"
    }],
    "lineOfBusiness": [{
        "code": "Hershey Foods"
    },{
        "code": "Cheddar Chips"
    }],
    "billToAccount":[{
        "val": "Cow Hides1"
    },{
        "val": "Cow Hides2"
    }],
    "origin": [{
        "val":"AL"
    }],
    "destination": [{
        "val":"IL"
    },{
        "val":"CH"
    }],
    "shipperLocation": [{
        "val":"Test123"
    }],
    "type": [{
        "val":"Daily"
    },{
        "val":"Weekly"
    }],
    "schedule":[{
        "val":"Sunday"
    },{
        "val":"Monday"
    },{
        "val":"Tuesday"
    },{
        "val":"Wednesday"
    },{
        "val":"Thursday"
    },{
        "val":"Friday"
    },{
        "val":"Saturday"
    }],
    "awarded":[{
        "val":"Awarded Primary"
    },{
        "val":"Not Awarded Primary"
    }],
    "status":[{"val":"All"},{"val":"Active"},{"val":"InActive"},{"val":"Future"}],
    "sales":[{
        "val": "Jack"
    }],
    "opTeamLeader":[{
        "val": "Jack"
    }],
    "orderOwner":[{
        "val": "Jack"
    }],
    "pricingIdentifier":[{
        "val": "Test"
    }]
}