{
	"modificationreasons": [{
			"commitmentModificationID": null,
			"commitmentModificationReasonID": 1,
			"commitmentModificationReasonName": "Bid Award",
			"commitmentModificationReasonDescription": "Reduction In Volume For A Commitment Due To A Bid Award",
			"commitmentModificationTypeCode": "Reduce",
			"commitmentModificationTypeDescription": null,
			"effectiveTimestamp": null,
			"expirationTimestamp": null
		},
		{
			"commitmentModificationID": null,
			"commitmentModificationReasonID": 2,
			"commitmentModificationReasonName": "Customer Decrease In Volume",
			"commitmentModificationReasonDescription": "Reduction In Volume Due To A Customers Lack Of Compliance ",
			"commitmentModificationTypeCode": "Reduce",
			"commitmentModificationTypeDescription": null,
			"effectiveTimestamp": null,
			"expirationTimestamp": null
		},
		{
			"commitmentModificationID": null,
			"commitmentModificationReasonID": 3,
			"commitmentModificationReasonName": "Start Up Adjustment ",
			"commitmentModificationReasonDescription": "Reduction To Achieve Compliance During Start Up Period ",
			"commitmentModificationTypeCode": "Reduce",
			"commitmentModificationTypeDescription": null,
			"effectiveTimestamp": null,
			"expirationTimestamp": null
		},
		{
			"commitmentModificationID": null,
			"commitmentModificationReasonID": 4,
			"commitmentModificationReasonName": "Operational Reasons",
			"commitmentModificationReasonDescription": "Reduction Cause By Operatnl Reasons Such Has Lack Of Cap Or Reduce Desirbilty",
			"commitmentModificationTypeCode": "Reduce",
			"commitmentModificationTypeDescription": null,
			"effectiveTimestamp": null,
			"expirationTimestamp": null
		},
		{
			"commitmentModificationID": null,
			"commitmentModificationReasonID": 5,
			"commitmentModificationReasonName": "Bid Award",
			"commitmentModificationReasonDescription": "Increase In Volume For A Commitment Due To A Bid Award",
			"commitmentModificationTypeCode": "Increase",
			"commitmentModificationTypeDescription": null,
			"effectiveTimestamp": null,
			"expirationTimestamp": null
		},
		{
			"commitmentModificationID": null,
			"commitmentModificationReasonID": 6,
			"commitmentModificationReasonName": "Customer Increase In Volume",
			"commitmentModificationReasonDescription": "Increase In Volume For A Consistent And Desirable Commitment ",
			"commitmentModificationTypeCode": "Increase",
			"commitmentModificationTypeDescription": null,
			"effectiveTimestamp": null,
			"expirationTimestamp": null
		},
		{
			"commitmentModificationID": null,
			"commitmentModificationReasonID": 7,
			"commitmentModificationReasonName": "Start Up Adjustment",
			"commitmentModificationReasonDescription": "Increase To Achieve Compliance During Start Up Period ",
			"commitmentModificationTypeCode": "Increase",
			"commitmentModificationTypeDescription": null,
			"effectiveTimestamp": null,
			"expirationTimestamp": null
		},
		{
			"commitmentModificationID": null,
			"commitmentModificationReasonID": 8,
			"commitmentModificationReasonName": "Original Schedule",
			"commitmentModificationReasonDescription": "Used When Entering A New Schedule ",
			"commitmentModificationTypeCode": "NewAlloctn",
			"commitmentModificationTypeDescription": null,
			"effectiveTimestamp": null,
			"expirationTimestamp": null
		},
		{
			"commitmentModificationID": null,
			"commitmentModificationReasonID": 9,
			"commitmentModificationReasonName": "Lost In Bid",
			"commitmentModificationReasonDescription": "Commitment Not Retained In Bid Award",
			"commitmentModificationTypeCode": "Remove ",
			"commitmentModificationTypeDescription": null,
			"effectiveTimestamp": null,
			"expirationTimestamp": null
		},
		{
			"commitmentModificationID": null,
			"commitmentModificationReasonID": 10,
			"commitmentModificationReasonName": "Customer Decrease In Volume",
			"commitmentModificationReasonDescription": "Commitment Removed Due To A Lack Of Compliance ",
			"commitmentModificationTypeCode": "Remove ",
			"commitmentModificationTypeDescription": null,
			"effectiveTimestamp": null,
			"expirationTimestamp": null
		},
		{
			"commitmentModificationID": null,
			"commitmentModificationReasonID": 11,
			"commitmentModificationReasonName": "Operational Reasons",
			"commitmentModificationReasonDescription": "Removal Cause By Operatnl Reasons Such Has Lack Of Cap Or Reduce Desirbilty",
			"commitmentModificationTypeCode": "Remove ",
			"commitmentModificationTypeDescription": null,
			"effectiveTimestamp": null,
			"expirationTimestamp": null
		},
		{
			"commitmentModificationID": null,
			"commitmentModificationReasonID": 12,
			"commitmentModificationReasonName": "No Change To Total Volume",
			"commitmentModificationReasonDescription": "When Chnge Need To Reflct Accurt Dow Compliance Tot Vol Expectatn Remain Same ",
			"commitmentModificationTypeCode": "Adjust",
			"commitmentModificationTypeDescription": null,
			"effectiveTimestamp": null,
			"expirationTimestamp": null
		},
		{
			"commitmentModificationID": null,
			"commitmentModificationReasonID": 13,
			"commitmentModificationReasonName": "Change Commitment Criteria Other Than Volume",
			"commitmentModificationReasonDescription": "When Chang Need To Cust Comit Criteria Bt Nt Vol,i.e.ServOffer,LOB,Orgn Area Etc ",
			"commitmentModificationTypeCode": "ModQual",
			"commitmentModificationTypeDescription": null,
			"effectiveTimestamp": null,
			"expirationTimestamp": null
		}
	]
}