[
  {
      "firstName": "JUAN",
      "lastName": "MENJIVAR",
      "action": "Complete",
      "actionTime": "2017-06-14 07:23:15  AM CDT",
      "userId": "JM253678",
      "image": null,
      "expiryTime": null,
      "comment": "hi"
  },
  {
      "firstName": "JUAN",
      "lastName": "MENJIVAR",
      "action": "Complete",
      "actionTime": "2017-06-14 07:37:33  AM CDT",
      "userId": "JM253678",
      "image": null,
      "expiryTime": null,
      "comment": "hi"
  },
  {
      "firstName": "JUAN",
      "lastName": "MENJIVAR",
      "action": "Complete",
      "actionTime": "2017-06-14 07:42:21  AM CDT",
      "userId": "JM253678",
      "image": null,
      "expiryTime": null,
      "comment": "hi"
  },
  {
      "firstName": "JUAN",
      "lastName": "MENJIVAR",
      "action": "Snooze",
      "actionTime": "2017-06-14 07:43:08  AM CDT",
      "userId": "JM253678",
      "image": null,
      "expiryTime": "2017-06-14 07:53:08  AM CDT",
      "comment": "hi"
  },
  {
      "firstName": "JUAN",
      "lastName": "MENJIVAR",
      "action": "Ignore",
      "actionTime": "2017-06-14 07:43:58  AM CDT",
      "userId": "JM253678",
      "image": null,
      "expiryTime": null,
      "comment": "hi"
  },
  {
      "firstName": "JUAN",
      "lastName": "MENJIVAR",
      "action": "Snooze",
      "actionTime": "2017-06-17 01:40:16  AM CDT",
      "userId": "JM253678",
      "image": null,
      "expiryTime": "2017-06-17 01:50:11  AM CDT",
      "comment": "hi"
  },
  {
      "firstName": "JUAN",
      "lastName": "MENJIVAR",
      "action": "Snooze",
      "actionTime": "2017-06-17 01:59:32  AM CDT",
      "userId": "JM253678",
      "image": null,
      "expiryTime": "2017-06-17 02:09:32  AM CDT",
      "comment": "hi"
  },
  {
      "firstName": "JUAN",
      "lastName": "MENJIVAR",
      "action": "Snooze",
      "actionTime": "2017-06-17 02:00:27  AM CDT",
      "userId": "JM253678",
      "image": null,
      "expiryTime": "2017-06-17 02:10:27  AM CDT",
      "comment": "hi"
  },
  {
      "firstName": "JUAN",
      "lastName": "MENJIVAR",
      "action": "Complete",
      "actionTime": "2017-07-21 03:11:46  AM CDT",
      "userId": "JM253678",
      "image": null,
      "expiryTime": null,
      "comment": "hi"
  },
  {
      "firstName": "JUAN",
      "lastName": "MENJIVAR",
      "action": "Complete",
      "actionTime": "2017-07-21 03:28:03  AM CDT",
      "userId": "JM253678",
      "image": null,
      "expiryTime": null,
      "comment": "hi"
  },
  {
      "firstName": "JUAN",
      "lastName": "MENJIVAR",
      "action": "Complete",
      "actionTime": "2017-07-21 03:35:56  AM CDT",
      "userId": "JM253678",
      "image": null,
      "expiryTime": null,
      "comment": "hi"
  },
  {
      "firstName": "JUAN",
      "lastName": "MENJIVAR",
      "action": "Snooze",
      "actionTime": "2017-08-02 08:49:39  AM CDT",
      "userId": "JM253678",
      "image": null,
      "expiryTime": "2017-08-02 08:58:51  AM CDT",
      "comment": "DEV"
  },
  {
      "firstName": "JUAN",
      "lastName": "MENJIVAR",
      "action": "Snooze",
      "actionTime": "2017-08-02 09:46:32  AM CDT",
      "userId": "JM253678",
      "image": null,
      "expiryTime": "2017-08-02 09:56:18  AM CDT",
      "comment": "DEV"
  },
  {
      "firstName": "JUAN",
      "lastName": "MENJIVAR",
      "action": "Complete",
      "actionTime": "2017-08-02 09:48:43  AM CDT",
      "userId": "JM253678",
      "image": null,
      "expiryTime": null,
      "comment": "DEV"
  },
  {
      "firstName": "JUAN",
      "lastName": "MENJIVAR",
      "action": "Complete",
      "actionTime": "2017-08-02 10:56:02  AM CDT",
      "userId": "JM253678",
      "image": null,
      "expiryTime": null,
      "comment": "DEV"
  },
  {
      "firstName": "JUAN",
      "lastName": "MENJIVAR",
      "action": "Complete",
      "actionTime": "2017-08-02 11:01:26  AM CDT",
      "userId": "JM253678",
      "image": null,
      "expiryTime": null,
      "comment": "DEVELOPMNT"
  },
  {
      "firstName": "JUAN",
      "lastName": "MENJIVAR",
      "action": "Snooze",
      "actionTime": "2017-08-02 11:02:34  AM CDT",
      "userId": "JM253678",
      "image": null,
      "expiryTime": "2017-08-02 11:12:34  AM CDT",
      "comment": "DEVELOPMNT"
  },
  {
      "firstName": "JUAN",
      "lastName": "MENJIVAR",
      "action": "Complete",
      "actionTime": "2017-08-03 04:47:49  AM CDT",
      "userId": "JM253678",
      "image": null,
      "expiryTime": null,
      "comment": "DEV"
  },
  {
      "firstName": "JUAN",
      "lastName": "MENJIVAR",
      "action": "Complete",
      "actionTime": "2017-08-03 10:02:04  AM CDT",
      "userId": "JM253678",
      "image": null,
      "expiryTime": null,
      "comment": "DEV"
  },
  {
      "firstName": "JUAN",
      "lastName": "MENJIVAR",
      "action": "Complete",
      "actionTime": "2017-08-03 10:04:06  AM CDT",
      "userId": "JM253678",
      "image": null,
      "expiryTime": null,
      "comment": "DEV"
  },
  {
      "firstName": "JUAN",
      "lastName": "MENJIVAR",
      "action": "Complete",
      "actionTime": "2017-08-03 10:06:46  AM CDT",
      "userId": "JM253678",
      "image": null,
      "expiryTime": null,
      "comment": "DEV"
  },
  {
      "firstName": "JUAN",
      "lastName": "MENJIVAR",
      "action": "Snooze",
      "actionTime": "2017-08-09 05:25:51  AM CDT",
      "userId": "JM253678",
      "image": null,
      "expiryTime": "2017-08-09 05:35:50  AM CDT",
      "comment": "DEV"
  },
  {
      "firstName": "JUAN",
      "lastName": "MENJIVAR",
      "action": "Snooze",
      "actionTime": "2017-08-09 08:24:12  AM CDT",
      "userId": "JM253678",
      "image": null,
      "expiryTime": "2017-08-09 08:34:11  AM CDT",
      "comment": "DEV"
  },
  {
      "firstName": "JUAN",
      "lastName": "MENJIVAR",
      "action": "Complete",
      "actionTime": "2017-08-09 08:53:36  AM CDT",
      "userId": "JM253678",
      "image": null,
      "expiryTime": null,
      "comment": "DEV"
  },
  {
      "firstName": "JUAN",
      "lastName": "MENJIVAR",
      "action": "Snooze",
      "actionTime": "2017-08-09 09:38:39  AM CDT",
      "userId": "JM253678",
      "image": null,
      "expiryTime": "2017-08-09 09:47:51  AM CDT",
      "comment": "DEV"
  },
  {
      "firstName": "JUAN",
      "lastName": "MENJIVAR",
      "action": "Snooze",
      "actionTime": "2017-08-09 09:59:49  AM CDT",
      "userId": "JM253678",
      "image": null,
      "expiryTime": "2017-08-09 10:09:47  AM CDT",
      "comment": "DEV"
  },
  {
      "firstName": "JUAN",
      "lastName": "MENJIVAR",
      "action": "Snooze",
      "actionTime": "2017-08-09 09:59:53  AM CDT",
      "userId": "JM253678",
      "image": null,
      "expiryTime": "2017-08-09 10:09:50  AM CDT",
      "comment": "DEV"
  },
  {
      "firstName": "JUAN",
      "lastName": "MENJIVAR",
      "action": "Complete",
      "actionTime": "2017-08-10 01:46:34  AM CDT",
      "userId": "JM253678",
      "image": null,
      "expiryTime": null,
      "comment": "DEV"
  },
  {
      "firstName": "JUAN",
      "lastName": "MENJIVAR",
      "action": "Complete",
      "actionTime": "2017-08-10 01:47:16  AM CDT",
      "userId": "JM253678",
      "image": null,
      "expiryTime": null,
      "comment": "DEV"
  },
  {
      "firstName": "JUAN",
      "lastName": "MENJIVAR",
      "action": "Snooze",
      "actionTime": "2017-08-10 01:55:33  AM CDT",
      "userId": "JM253678",
      "image": null,
      "expiryTime": "2017-08-10 02:05:33  AM CDT",
      "comment": "hi"
  },
  {
      "firstName": null,
      "lastName": null,
      "action": "Complete",
      "actionTime": "2017-09-04 06:13:18  AM CDT",
      "userId": "rcon800",
      "image": null,
      "expiryTime": null,
      "comment": "DEV"
  },
  {
      "firstName": null,
      "lastName": null,
      "action": "Complete",
      "actionTime": "2017-09-04 08:36:01  AM CDT",
      "userId": "rcon952",
      "image": null,
      "expiryTime": null,
      "comment": "DEV"
  },
  {
      "firstName": null,
      "lastName": null,
      "action": "Snooze",
      "actionTime": "2017-09-07 09:48:32  AM CDT",
      "userId": "rcon736",
      "image": null,
      "expiryTime": "2017-09-07 09:48:31  AM CDT",
      "comment": ""
  },
  {
      "firstName": null,
      "lastName": null,
      "action": "Snooze",
      "actionTime": "2017-09-07 10:04:07  AM CDT",
      "userId": "rcon736",
      "image": null,
      "expiryTime": "2017-09-07 10:04:05  AM CDT",
      "comment": ""
  },
  {
      "firstName": null,
      "lastName": null,
      "action": "Ignore",
      "actionTime": "2017-09-07 10:05:46  AM CDT",
      "userId": "rcon736",
      "image": null,
      "expiryTime": null,
      "comment": ""
  },
  {
      "firstName": null,
      "lastName": null,
      "action": "Ignore",
      "actionTime": "2017-09-07 10:06:12  AM CDT",
      "userId": "rcon736",
      "image": null,
      "expiryTime": null,
      "comment": ""
  },
  {
      "firstName": null,
      "lastName": null,
      "action": "Complete",
      "actionTime": "2017-09-19 10:03:55  AM CDT",
      "userId": "rcon736",
      "image": null,
      "expiryTime": null,
      "comment": "dev"
  },
  {
      "firstName": null,
      "lastName": null,
      "action": "Complete",
      "actionTime": "2017-09-19 10:06:27  AM CDT",
      "userId": "rcon736",
      "image": null,
      "expiryTime": null,
      "comment": "dev"
  },
  {
      "firstName": null,
      "lastName": null,
      "action": "Complete",
      "actionTime": "2017-09-19 10:06:50  AM CDT",
      "userId": "rcon736",
      "image": null,
      "expiryTime": null,
      "comment": "dev"
  },
  {
      "firstName": null,
      "lastName": null,
      "action": "Complete",
      "actionTime": "2017-09-20 05:39:34  AM CDT",
      "userId": "rcon736",
      "image": null,
      "expiryTime": null,
      "comment": "dev"
  },
  {
      "firstName": null,
      "lastName": null,
      "action": "Complete",
      "actionTime": "2017-09-21 02:06:47  AM CDT",
      "userId": "rcon626",
      "image": null,
      "expiryTime": null,
      "comment": "DEV"
  },
  {
      "firstName": null,
      "lastName": null,
      "action": "Complete",
      "actionTime": "2017-09-21 02:07:46  AM CDT",
      "userId": "rcon626",
      "image": null,
      "expiryTime": null,
      "comment": ""
  },
  {
      "firstName": null,
      "lastName": null,
      "action": "Complete",
      "actionTime": "2017-09-21 08:13:01  AM CDT",
      "userId": "rcon791",
      "image": null,
      "expiryTime": null,
      "comment": "DEV"
  },
  {
      "firstName": null,
      "lastName": null,
      "action": "Complete",
      "actionTime": "2017-09-21 08:41:17  AM CDT",
      "userId": "rcon800",
      "image": null,
      "expiryTime": null,
      "comment": "DEV"
  },
  {
      "firstName": null,
      "lastName": null,
      "action": "Complete",
      "actionTime": "2017-09-21 09:25:26  AM CDT",
      "userId": "rcon800",
      "image": null,
      "expiryTime": null,
      "comment": "DEV"
  },
  {
      "firstName": null,
      "lastName": null,
      "action": "Complete",
      "actionTime": "2017-09-21 09:25:37  AM CDT",
      "userId": "rcon800",
      "image": null,
      "expiryTime": null,
      "comment": "DEV"
  },
  {
      "firstName": null,
      "lastName": null,
      "action": "Complete",
      "actionTime": "2017-09-21 09:56:51  AM CDT",
      "userId": "rcon800",
      "image": null,
      "expiryTime": null,
      "comment": "DEV"
  },
  {
      "firstName": null,
      "lastName": null,
      "action": "Complete",
      "actionTime": "2017-09-21 11:40:12  AM CDT",
      "userId": "rcon791",
      "image": null,
      "expiryTime": null,
      "comment": "DEV"
  },
  {
      "firstName": null,
      "lastName": null,
      "action": "Complete",
      "actionTime": "2017-09-21 11:40:28  AM CDT",
      "userId": "rcon791",
      "image": null,
      "expiryTime": null,
      "comment": "DEV"
  },
  {
      "firstName": null,
      "lastName": null,
      "action": "Snooze",
      "actionTime": "2017-10-09 09:39:25  AM CDT",
      "userId": "rcon791",
      "image": null,
      "expiryTime": "2017-10-09 09:49:23  AM CDT",
      "comment": "DEV"
  },
  {
      "firstName": null,
      "lastName": null,
      "action": "Snooze",
      "actionTime": "2017-10-10 06:58:02  AM CDT",
      "userId": "rcon791",
      "image": null,
      "expiryTime": "2017-10-10 07:07:56  AM CDT",
      "comment": "Testing"
  },
  {
      "firstName": null,
      "lastName": null,
      "action": "Complete",
      "actionTime": "2017-10-23 04:04:16  AM CDT",
      "userId": "jcnt065",
      "image": null,
      "expiryTime": null,
      "comment": "DEV"
  },
  {
      "firstName": null,
      "lastName": null,
      "action": "Snooze",
      "actionTime": "2017-11-08 04:43:13  AM CST",
      "userId": "rcon952",
      "image": null,
      "expiryTime": "2017-11-08 04:53:12  AM CST",
      "comment": "Testing"
  },
  {
      "firstName": null,
      "lastName": null,
      "action": "Snooze",
      "actionTime": "2017-11-08 04:45:30  AM CST",
      "userId": "rcon791",
      "image": null,
      "expiryTime": "2017-11-08 04:55:26  AM CST",
      "comment": "Testing"
  },
  {
      "firstName": null,
      "lastName": null,
      "action": "Snooze",
      "actionTime": "2017-11-08 06:15:26  AM CST",
      "userId": "rcon952",
      "image": null,
      "expiryTime": "2017-11-08 06:25:22  AM CST",
      "comment": "Testing"
  },
  {
      "firstName": null,
      "lastName": null,
      "action": "Ignore",
      "actionTime": "2017-11-15 06:19:13  AM CST",
      "userId": "rcon791",
      "image": null,
      "expiryTime": null,
      "comment": "Testing"
  },
  {
      "firstName": null,
      "lastName": null,
      "action": "Snooze",
      "actionTime": "2017-11-15 06:20:17  AM CST",
      "userId": "rcon791",
      "image": null,
      "expiryTime": "2017-11-15 06:30:17  AM CST",
      "comment": "Testing"
  },
  {
      "firstName": null,
      "lastName": null,
      "action": "Snooze",
      "actionTime": "2017-11-15 06:29:39  AM CST",
      "userId": "rcon791",
      "image": null,
      "expiryTime": "2017-11-15 12:39:37  PM CST",
      "comment": "Testing"
  },
  {
      "firstName": null,
      "lastName": null,
      "action": "Snooze",
      "actionTime": "2017-11-15 06:33:46  AM CST",
      "userId": "rcon791",
      "image": null,
      "expiryTime": "2017-11-15 06:43:45  AM CST",
      "comment": "Testing"
  },
  {
      "firstName": null,
      "lastName": null,
      "action": "Snooze",
      "actionTime": "2017-11-15 07:00:17  AM CST",
      "userId": "rcon791",
      "image": null,
      "expiryTime": "2017-11-15 07:10:17  AM CST",
      "comment": "Testing"
  },
  {
      "firstName": null,
      "lastName": null,
      "action": "Snooze",
      "actionTime": "2017-11-16 07:45:05  AM CST",
      "userId": "rcon791",
      "image": null,
      "expiryTime": "2017-11-16 13:55:02  PM CST",
      "comment": null
  },
  {
      "firstName": null,
      "lastName": null,
      "action": "Snooze",
      "actionTime": "2017-11-17 01:54:20  AM CST",
      "userId": "rcon791",
      "image": null,
      "expiryTime": "2017-11-17 08:04:16  AM CST",
      "comment": null
  },
  {
      "firstName": null,
      "lastName": null,
      "action": "Snooze",
      "actionTime": "2017-11-17 01:55:49  AM CST",
      "userId": "rcon791",
      "image": null,
      "expiryTime": "2017-11-17 08:05:29  AM CST",
      "comment": "snooze"
  },
  {
      "firstName": null,
      "lastName": null,
      "action": "Complete",
      "actionTime": "2017-11-17 01:59:45  AM CST",
      "userId": "rcon791",
      "image": null,
      "expiryTime": null,
      "comment": "Complete test"
  }
]