{
    "userId": "jcnt311",
    "firstName": "Dhananjay",
    "lastName": "Sharma",
    "runtimeEnvironment": null,
    "profilePicture": null,
    "auditUserInfo": null,
    "urlAccessList": [
        {
            "uri": "/localdistributioncenter",
            "accessLevel": 5
        },
        {
            "uri": "/updatedailyroutecapacity",
            "accessLevel": 5
        },
        {
            "uri": "/updateoverridespecificsettings",
            "accessLevel": 5
        },
        {
            "uri": "/updateldccapacity",
            "accessLevel": 5
        }
        
    ],
    "username": null,
    "password": null,
    "enabled": false,
    "accountNonExpired": false,
    "accountNonLocked": false,
    "credentialsNonExpired": false,
    "authorities": null
}