{
    "_embedded": {
        "AmenityQuestion": [{
            "createTimestamp": "2016-04-13T00:00:00-05:00",
            "lastUpdateTimestamp": "2016-04-18T00:00:00-05:00",
            "createProgramName": "Studio",
            "lastUpdateProgramName": "Studio",
            "createUserId": "JISABS1",
            "lastUpdateUserId": "JISABS1",
            "active": true,
            "surveyType": {
                "createTimestamp": "2016-04-12T00:00:00-05:00",
                "lastUpdateTimestamp": "2016-04-12T00:00:00-05:00",
                "createProgramName": "Studio",
                "lastUpdateProgramName": "Studio",
                "createUserId": "JISABS1",
                "lastUpdateUserId": "JISABS1",
                "active": true,
                "surveyTypeName": "Non-JBH Shipper or Receiver"
            },
            "surveyAmenityQuestionId": 28,
            "sequenceNumber": 1,
            "amenityQuestionText": "Restroom",
            "assessmentWeight": 4.5,
            "amenityTypeCode": "Restroom",
            "_links": {
                "self": {
                    "href": "http://locationrating-tst.jbhunt.com/ws_location_rating/api/amenity-question/28"
                },
                "surveyAmenityQuestion": {
                    "href": "http://locationrating-tst.jbhunt.com/ws_location_rating/api/amenity-question/28"
                },
                "ratingOptionGroup": {
                    "href": "http://locationrating-tst.jbhunt.com/ws_location_rating/api/amenity-question/28/ratingOptionGroup"
                }
            }
        }, {
            "createTimestamp": "2016-04-13T00:00:00-05:00",
            "lastUpdateTimestamp": "2016-04-18T00:00:00-05:00",
            "createProgramName": "Studio",
            "lastUpdateProgramName": "Studio",
            "createUserId": "JISABS1",
            "lastUpdateUserId": "JISABS1",
            "active": true,
            "surveyType": {
                "createTimestamp": "2016-04-12T00:00:00-05:00",
                "lastUpdateTimestamp": "2016-04-12T00:00:00-05:00",
                "createProgramName": "Studio",
                "lastUpdateProgramName": "Studio",
                "createUserId": "JISABS1",
                "lastUpdateUserId": "JISABS1",
                "active": true,
                "surveyTypeName": "Non-JBH Shipper or Receiver"
            },
            "surveyAmenityQuestionId": 29,
            "sequenceNumber": 2,
            "amenityQuestionText": "Parking",
            "assessmentWeight": 3.2,
            "amenityTypeCode": "Parking",
            "_links": {
                "self": {
                    "href": "http://locationrating-tst.jbhunt.com/ws_location_rating/api/amenity-question/29"
                },
                "surveyAmenityQuestion": {
                    "href": "http://locationrating-tst.jbhunt.com/ws_location_rating/api/amenity-question/29"
                },
                "ratingOptionGroup": {
                    "href": "http://locationrating-tst.jbhunt.com/ws_location_rating/api/amenity-question/29/ratingOptionGroup"
                }
            }
        }, {
            "createTimestamp": "2016-04-13T00:00:00-05:00",
            "lastUpdateTimestamp": "2016-04-18T00:00:00-05:00",
            "createProgramName": "Studio",
            "lastUpdateProgramName": "Studio",
            "createUserId": "JISABS1",
            "lastUpdateUserId": "JISABS1",
            "active": true,
            "surveyType": {
                "createTimestamp": "2016-04-12T00:00:00-05:00",
                "lastUpdateTimestamp": "2016-04-12T00:00:00-05:00",
                "createProgramName": "Studio",
                "lastUpdateProgramName": "Studio",
                "createUserId": "JISABS1",
                "lastUpdateUserId": "JISABS1",
                "active": true,
                "surveyTypeName": "Non-JBH Shipper or Receiver"
            },
            "surveyAmenityQuestionId": 30,
            "sequenceNumber": 3,
            "amenityQuestionText": "Overnight Parking",
            "assessmentWeight": 2.7,
            "amenityTypeCode": "OvntPark",
            "_links": {
                "self": {
                    "href": "http://locationrating-tst.jbhunt.com/ws_location_rating/api/amenity-question/30"
                },
                "surveyAmenityQuestion": {
                    "href": "http://locationrating-tst.jbhunt.com/ws_location_rating/api/amenity-question/30"
                },
                "ratingOptionGroup": {
                    "href": "http://locationrating-tst.jbhunt.com/ws_location_rating/api/amenity-question/30/ratingOptionGroup"
                }
            }
        }, {
            "createTimestamp": "2016-04-13T00:00:00-05:00",
            "lastUpdateTimestamp": "2016-04-18T00:00:00-05:00",
            "createProgramName": "Studio",
            "lastUpdateProgramName": "Studio",
            "createUserId": "JISABS1",
            "lastUpdateUserId": "JISABS1",
            "active": true,
            "surveyType": {
                "createTimestamp": "2016-04-12T00:00:00-05:00",
                "lastUpdateTimestamp": "2016-04-12T00:00:00-05:00",
                "createProgramName": "Studio",
                "lastUpdateProgramName": "Studio",
                "createUserId": "JISABS1",
                "lastUpdateUserId": "JISABS1",
                "active": true,
                "surveyTypeName": "Non-JBH Shipper or Receiver"
            },
            "surveyAmenityQuestionId": 31,
            "sequenceNumber": 4,
            "amenityQuestionText": "Breakroom",
            "assessmentWeight": 4,
            "amenityTypeCode": "Breakroom",
            "_links": {
                "self": {
                    "href": "http://locationrating-tst.jbhunt.com/ws_location_rating/api/amenity-question/31"
                },
                "surveyAmenityQuestion": {
                    "href": "http://locationrating-tst.jbhunt.com/ws_location_rating/api/amenity-question/31"
                },
                "ratingOptionGroup": {
                    "href": "http://locationrating-tst.jbhunt.com/ws_location_rating/api/amenity-question/31/ratingOptionGroup"
                }
            }
        }, {
            "createTimestamp": "2016-04-13T00:00:00-05:00",
            "lastUpdateTimestamp": "2016-04-18T00:00:00-05:00",
            "createProgramName": "Studio",
            "lastUpdateProgramName": "Studio",
            "createUserId": "JISABS1",
            "lastUpdateUserId": "JISABS1",
            "active": true,
            "surveyType": {
                "createTimestamp": "2016-04-12T00:00:00-05:00",
                "lastUpdateTimestamp": "2016-04-12T00:00:00-05:00",
                "createProgramName": "Studio",
                "lastUpdateProgramName": "Studio",
                "createUserId": "JISABS1",
                "lastUpdateUserId": "JISABS1",
                "active": true,
                "surveyTypeName": "Non-JBH Shipper or Receiver"
            },
            "surveyAmenityQuestionId": 32,
            "sequenceNumber": 5,
            "amenityQuestionText": "Wifi",
            "assessmentWeight": 1.5,
            "amenityTypeCode": "Wifi",
            "_links": {
                "self": {
                    "href": "http://locationrating-tst.jbhunt.com/ws_location_rating/api/amenity-question/32"
                },
                "surveyAmenityQuestion": {
                    "href": "http://locationrating-tst.jbhunt.com/ws_location_rating/api/amenity-question/32"
                },
                "ratingOptionGroup": {
                    "href": "http://locationrating-tst.jbhunt.com/ws_location_rating/api/amenity-question/32/ratingOptionGroup"
                }
            }
        }, {
            "createTimestamp": "2016-04-13T00:00:00-05:00",
            "lastUpdateTimestamp": "2016-04-18T00:00:00-05:00",
            "createProgramName": "Studio",
            "lastUpdateProgramName": "Studio",
            "createUserId": "JISABS1",
            "lastUpdateUserId": "JISABS1",
            "active": false,
            "surveyType": {
                "createTimestamp": "2016-04-12T00:00:00-05:00",
                "lastUpdateTimestamp": "2016-04-12T00:00:00-05:00",
                "createProgramName": "Studio",
                "lastUpdateProgramName": "Studio",
                "createUserId": "JISABS1",
                "lastUpdateUserId": "JISABS1",
                "active": true,
                "surveyTypeName": "Non-JBH Shipper or Receiver"
            },
            "surveyAmenityQuestionId": 33,
            "sequenceNumber": 6,
            "amenityQuestionText": "Weigh Station",
            "assessmentWeight": 3,
            "amenityTypeCode": "WeighStn",
            "_links": {
                "self": {
                    "href": "http://locationrating-tst.jbhunt.com/ws_location_rating/api/amenity-question/33"
                },
                "surveyAmenityQuestion": {
                    "href": "http://locationrating-tst.jbhunt.com/ws_location_rating/api/amenity-question/33"
                },
                "ratingOptionGroup": {
                    "href": "http://locationrating-tst.jbhunt.com/ws_location_rating/api/amenity-question/33/ratingOptionGroup"
                }
            }
        }]
    },
    "_links": {
        "self": {
            "href": "http://locationrating-tst.jbhunt.com/ws_location_rating/api/amenity-question"
        },
        "profile": {
            "href": "http://locationrating-tst.jbhunt.com/ws_location_rating/api/profile/amenity-question"
        },
        "search": {
            "href": "http://locationrating-tst.jbhunt.com/ws_location_rating/api/amenity-question/search"
        }
    }
}
