[
{
  "partyRoleTypeCode": "Facility",
  "partyRoleTypeDescription": "Facility Contact"
},
{
  "partyRoleTypeCode": "Day Appointment",
  "partyRoleTypeDescription": "Day Appointment"
},
{
  "partyRoleTypeCode": "Distributor",
  "partyRoleTypeDescription": "Distributor"
},
{
  "partyRoleTypeCode": "Facility Contact",
  "partyRoleTypeDescription": "Facility Contact"
},
{
  "partyRoleTypeCode": "Facility Level Accessorial",
  "partyRoleTypeDescription": "Facility Level Accessorial"
},
{
  "partyRoleTypeCode": "Loads Pending/Paperwork",
  "partyRoleTypeDescription": "Loads Pending/Paperwork"
},
{
  "partyRoleTypeCode": "Night Appointment",
  "partyRoleTypeDescription": "Night Appointment"
},
{
  "partyRoleTypeCode": "Weekend Appointment",
  "partyRoleTypeDescription": "Weekend Appointment"
}]
