{
    "_embedded": {
        "locationTypes": [{
            "subtype": [],
            "locationTypeDescription": "Cstmport",
            "locationTypeCode": "Cstmport",
            "_links": {
                "self": {
                    "href": "http://jvdweb09701.jbhunt.com/ws_masterdata_location/locationTypes/Cstmport"
                },
                "locationType": {
                    "href": "http://jvdweb09701.jbhunt.com/ws_masterdata_location/locationTypes/Cstmport{?projection}",
                    "templated": true
                }
            }
        }, {
            "subtype": [],
            "locationTypeDescription": "Fuelstn",
            "locationTypeCode": "Fuelstn",
            "_links": {
                "self": {
                    "href": "http://jvdweb09701.jbhunt.com/ws_masterdata_location/locationTypes/Fuelstn"
                },
                "locationType": {
                    "href": "http://jvdweb09701.jbhunt.com/ws_masterdata_location/locationTypes/Fuelstn{?projection}",
                    "templated": true
                }
            }
        }, {
            "subtype": [],
            "locationTypeDescription": "Fuelstnx",
            "locationTypeCode": "Fuelstnx",
            "_links": {
                "self": {
                    "href": "http://jvdweb09701.jbhunt.com/ws_masterdata_location/locationTypes/Fuelstnx"
                },
                "locationType": {
                    "href": "http://jvdweb09701.jbhunt.com/ws_masterdata_location/locationTypes/Fuelstnx{?projection}",
                    "templated": true
                }
            }
        }, {
            "subtype": [],
            "locationTypeDescription": "Os&D",
            "locationTypeCode": "Os&D",
            "_links": {
                "self": {
                    "href": "http://jvdweb09701.jbhunt.com/ws_masterdata_location/locationTypes/Os&D"
                },
                "locationType": {
                    "href": "http://jvdweb09701.jbhunt.com/ws_masterdata_location/locationTypes/Os&D{?projection}",
                    "templated": true
                }
            }
        }, {
            "subtype": [],
            "locationTypeDescription": "Ramp",
            "locationTypeCode": "Ramp",
            "_links": {
                "self": {
                    "href": "http://jvdweb09701.jbhunt.com/ws_masterdata_location/locationTypes/Ramp"
                },
                "locationType": {
                    "href": "http://jvdweb09701.jbhunt.com/ws_masterdata_location/locationTypes/Ramp{?projection}",
                    "templated": true
                }
            }
        }, {
            "subtype": [],
            "locationTypeDescription": "Rdserv",
            "locationTypeCode": "Rdserv",
            "_links": {
                "self": {
                    "href": "http://jvdweb09701.jbhunt.com/ws_masterdata_location/locationTypes/Rdserv"
                },
                "locationType": {
                    "href": "http://jvdweb09701.jbhunt.com/ws_masterdata_location/locationTypes/Rdserv{?projection}",
                    "templated": true
                }
            }
        }, {
            "subtype": [],
            "locationTypeDescription": "Rdserv-Qmf",
            "locationTypeCode": "Rdserv-Qmf",
            "_links": {
                "self": {
                    "href": "http://jvdweb09701.jbhunt.com/ws_masterdata_location/locationTypes/Rdserv-Qmf"
                },
                "locationType": {
                    "href": "http://jvdweb09701.jbhunt.com/ws_masterdata_location/locationTypes/Rdserv-Qmf{?projection}",
                    "templated": true
                }
            }
        }, {
            "subtype": [],
            "locationTypeDescription": "Shop",
            "locationTypeCode": "Shop",
            "_links": {
                "self": {
                    "href": "http://jvdweb09701.jbhunt.com/ws_masterdata_location/locationTypes/Shop"
                },
                "locationType": {
                    "href": "http://jvdweb09701.jbhunt.com/ws_masterdata_location/locationTypes/Shop{?projection}",
                    "templated": true
                }
            }
        }, {
            "subtype": [],
            "locationTypeDescription": "Store",
            "locationTypeCode": "Store",
            "_links": {
                "self": {
                    "href": "http://jvdweb09701.jbhunt.com/ws_masterdata_location/locationTypes/Store"
                },
                "locationType": {
                    "href": "http://jvdweb09701.jbhunt.com/ws_masterdata_location/locationTypes/Store{?projection}",
                    "templated": true
                }
            }
        }, {
            "subtype": [{ "locationSubtypeCode": "term1" }],
            "locationTypeDescription": "Terminal",
            "locationTypeCode": "Terminal",
            "_links": {
                "self": {
                    "href": "http://jvdweb09701.jbhunt.com/ws_masterdata_location/locationTypes/Terminal"
                },
                "locationType": {
                    "href": "http://jvdweb09701.jbhunt.com/ws_masterdata_location/locationTypes/Terminal{?projection}",
                    "templated": true
                }
            }
        }, {
            "subtype": [{
                "@id": "64bd2c25-15b6-4f85-8746-55fa3b400927",
                "locationSubtypeCode": "CSTMPORT",
                "locationSubtypeDescription": "Custom Port",
                "effectiveTimestamp": "2017-06-06T06:13:20.3931212-05:00",
                "expirationTimestamp": "2099-12-31T23:59:59.454Z",
                "lastUpdateTimestampString": "2017-06-06T06:13:20.3931212"
            }, {
                "@id": "1040f805-7a11-46e1-97f8-879731ad89f2",
                "locationSubtypeCode": "LDC",
                "locationSubtypeDescription": "LOCal Distribution Centre",
                "effectiveTimestamp": "2017-06-06T06:13:20.3931212-05:00",
                "expirationTimestamp": "2099-12-31T23:59:59.454Z",
                "lastUpdateTimestampString": "2017-06-06T06:13:20.3931212"
            }, {
                "@id": "c7d145c8-ff5b-4e4c-aae0-28b6d704bb53",
                "locationSubtypeCode": "RDC",
                "locationSubtypeDescription": "Regional Distribution Centre",
                "effectiveTimestamp": "2017-06-06T06:13:20.3931212-05:00",
                "expirationTimestamp": "2099-12-31T23:59:59.454Z",
                "lastUpdateTimestampString": "2017-06-06T06:13:20.3931212"
            }, {
                "@id": "b54cb462-3db6-479d-a725-d8168d3bfee4",
                "locationSubtypeCode": "REWORK",
                "locationSubtypeDescription": "REWORK",
                "effectiveTimestamp": "2017-06-06T06:13:20.3931212-05:00",
                "expirationTimestamp": "2099-12-31T23:59:59.454Z",
                "lastUpdateTimestampString": "2017-06-06T06:13:20.3931212"
            }, {
                "@id": "2d1f4d92-479b-47fe-a84d-09ac7187c188",
                "locationSubtypeCode": "XDOCK",
                "locationSubtypeDescription": "XDOCK",
                "effectiveTimestamp": "2017-06-06T06:13:20.3931212-05:00",
                "expirationTimestamp": "2099-12-31T23:59:59.454Z",
                "lastUpdateTimestampString": "2017-06-06T06:13:20.3931212"
            }],
            "locationTypeDescription": "Warehouse",
            "locationTypeCode": "Warehouse",
            "_links": {
                "self": {
                    "href": "http://jvdweb09701.jbhunt.com/ws_masterdata_location/locationTypes/Warehouse"
                },
                "locationType": {
                    "href": "http://jvdweb09701.jbhunt.com/ws_masterdata_location/locationTypes/Warehouse{?projection}",
                    "templated": true
                }
            }
        }, {
            "subtype": [],
            "locationTypeDescription": "Yard",
            "locationTypeCode": "Yard",
            "_links": {
                "self": {
                    "href": "http://jvdweb09701.jbhunt.com/ws_masterdata_location/locationTypes/Yard"
                },
                "locationType": {
                    "href": "http://jvdweb09701.jbhunt.com/ws_masterdata_location/locationTypes/Yard{?projection}",
                    "templated": true
                }
            }
        }]
    },
    "_links": {
        "self": {
            "href": "http://jvdweb09701.jbhunt.com/ws_masterdata_location/locationTypes"
        },
        "profile": {
            "href": "http://jvdweb09701.jbhunt.com/ws_masterdata_location/profile/locationTypes"
        },
        "search": {
            "href": "http://jvdweb09701.jbhunt.com/ws_masterdata_location/locationTypes/search"
        }
    }
}
