{
    "took": 16,
    "timed_out": false,
    "_shards": {
        "total": 5,
        "successful": 5,
        "failed": 0
    },
    "hits": {
        "total": 1,
        "max_score": 40.910366,
        "hits": [{
            "_index": "location_detail",
            "_type": "location_info",
            "_id": "2193677",
            "_score": 40.910366,
            "_source": {
                "LocationID": "2193677",
                "LocationName": "ARROW CONSTRUCTION CO INC"
            },
            "inner_hits": {
                "locations": {
                    "hits": {
                        "total": 1,
                        "max_score": 33.32805,
                        "hits": [{
                            "_nested": {
                                "field": "locations",
                                "offset": 0
                            },
                            "_score": 33.32805,
                            "_source": {
                                "locations": {
                                    "AddressLine2": "",
                                    "AddressLine1": "32 SOUTHBORO RD",
                                    "TelephoneID": "1651392",
                                    "LocationTypeDescription": "Warehouse",
                                    "LocationSubTypeDescription": "Local dIstribution Center",
                                    "StateCode": "MA",
                                    "PostalCode": "015681038",
                                    "CityName": "UPTON",
                                    "TelephoneNumber": "5085293556",
                                    "CountryCode": "USA",
                                    "AddressID": "1651391"
                                }
                            }
                        }]
                    }
                }
            }
        }, {
            "_index": "location_detail",
            "_type": "location_info",
            "_id": "2193677",
            "_score": 40.910366,
            "_source": {
                "LocationID": "2193677",
                "LocationName": "DUMMY CONSTRUCTION CO INC"
            },
            "inner_hits": {
                "locations": {
                    "hits": {
                        "total": 1,
                        "max_score": 33.32805,
                        "hits": [{
                            "_nested": {
                                "field": "locations",
                                "offset": 0
                            },
                            "_score": 33.32805,
                            "_source": {
                                "locations": {
                                    "AddressLine2": "ADD LINE",
                                    "AddressLine1": "32 DUMMY address RD",
                                    "TelephoneID": "1651392",
                                    "LocationTypeDescription": "OS&D",
                                    "LocationSubTypeDescription": "Rework",
                                    "StateCode": "OH",
                                    "PostalCode": "015681038",
                                    "CityName": "TOLEDO",
                                    "TelephoneNumber": "",
                                    "CountryCode": "USA",
                                    "AddressID": "1651391"
                                }
                            }
                        }]
                    }
                }
            }
        }]
    }
}
