[
    {
        "contactMechanismTypeCode": "Address",
        "contactMechanismTypeDescription": "Address",
        "timeStampDTO": null,
        "expirationTimestamp": null,
        "effectiveTimestamp": null,
        "assoicationTypeDTO": null
    },
    {
        "contactMechanismTypeCode": "Email",
        "contactMechanismTypeDescription": "Electronic Mail",
        "timeStampDTO": null,
        "expirationTimestamp": null,
        "effectiveTimestamp": null,
        "assoicationTypeDTO": null
    },
    {
        "contactMechanismTypeCode": "Telephone",
        "contactMechanismTypeDescription": "Telephone",
        "timeStampDTO": null,
        "expirationTimestamp": null,
        "effectiveTimestamp": null,
        "assoicationTypeDTO": null
    }
]