[{
    "locationScheduleID": 2797772,
    "locationDto": {
        "locationID": 186331,
        "name": "HDPRO 12589-2  DCS HDSO17",
        "direction": null,
        "businessIdentificationNumber": null,
        "isOverriddenByDS": null,
        "locationType": null,
        "locationStatus": "Active",
        "effectiveTimestamp": "2017-05-31T07:43:43.3371707-05:00",
        "expirationTimestamp": "2099-12-31T23:59:59.454Z",
        "associationDTO": null,
        "locationRequirement": null,
        "locationRole": null,
        "locationSchedule": null,
        "postalCodeDTO": null,
        "cityDTO": null,
        "postalAddressDTO": null,
        "telephoneDTO": null,
        "locationPostalCodeAssociationDTO": null,
        "locationLocationTypeAssociationDTO": null
    },
    "scheduleTypeSubtypeAssociationDTO": {
        "scheduleTypeSubtypeAssociationID": 23,
        "scheduleSubTypeDTO": {
            "code": "Office",
            "description": "Office",
            "timeStampDTO": null
        },
        "scheduleTypeDTO": {
            "code": "ECP",
            "description": "Exception",
            "timeStampDTO": null
        }
    },
    "scheduleDescription": "sdfsdf",
    "scheduleStartDate": "1999-12-23T23:26:47.217",
    "scheduleStartHour": "07:00:00",
    "scheduleEndDate": "2099-12-31T18:00:00",
    "scheduleEndHour": "17:00:00",
    "weekDayDTO": {
        "number": 2,
        "name": "Monday"
    }
}, {
    "locationScheduleID": 2797773,
    "locationDto": {
        "locationID": 186331,
        "name": "HDPRO 12589-2  DCS HDSO17",
        "direction": null,
        "businessIdentificationNumber": null,
        "isOverriddenByDS": null,
        "locationType": null,
        "locationStatus": "Active",
        "effectiveTimestamp": "2017-05-31T07:43:43.3371707-05:00",
        "expirationTimestamp": "2099-12-31T23:59:59.454Z",
        "associationDTO": null,
        "locationRequirement": null,
        "locationRole": null,
        "locationSchedule": null,
        "postalCodeDTO": null,
        "cityDTO": null,
        "postalAddressDTO": null,
        "telephoneDTO": null,
        "locationPostalCodeAssociationDTO": null,
        "locationLocationTypeAssociationDTO": null
    },
    "scheduleTypeSubtypeAssociationDTO": {
        "scheduleTypeSubtypeAssociationID": 23,
        "scheduleSubTypeDTO": {
            "code": "Office",
            "description": "Office",
            "timeStampDTO": null
        },
        "scheduleTypeDTO": {
            "code": "ECP",
            "description": "Exception",
            "timeStampDTO": null
        }
    },
    "scheduleDescription": "sdfsdf",
    "scheduleStartDate": "1999-12-23T23:26:47.203",
    "scheduleStartHour": "07:00:00",
    "scheduleEndDate": "2099-12-31T18:00:00",
    "scheduleEndHour": "17:00:00",
    "weekDayDTO": {
        "number": 3,
        "name": "Tuesday"
    }
}]
