{
  "_embedded": {
    "locationTypeSubtypeAssociations": [
      {
        "locationTypeSubtypeAssociationID": 1,
        "effectiveTimestamp": "2017-04-12T06:54:19.707Z",
        "expirationTimestamp": "2099-12-31T00:00:00Z",
        "locationSubtype": {
          "locationSubtypeCode": 1,
          "effectiveTimestamp": "2017-04-12T06:47:22.63Z",
          "expirationTimestamp": "2099-12-31T00:00:00Z",
          "locationSubtypeDescription": "LDC"
        },
        "_embedded": {
          "locationType": {
            "locationTypeCode": "WAREHOUSE",
            "locationTypeDescription": "WAREHOUSE",
            "_links": {
              "self": {
                "href": "http://localhost:8080/ws_masterdata_location/locationTypes/WAREHOUSE{?projection}",
                "templated": true
              }
            }
          }
        },
        "_links": {
          "self": {
            "href": "http://localhost:8080/ws_masterdata_location/locationTypeSubtypeAssociations/2"
          },
          "locationTypeSubtypeAssociation": {
            "href": "http://localhost:8080/ws_masterdata_location/locationTypeSubtypeAssociations/2"
          },
          "locationType": {
            "href": "http://localhost:8080/ws_masterdata_location/locationTypeSubtypeAssociations/2/locationType"
          }
        }
      },
      {
        "locationTypeSubtypeAssociationID": 2,
        "effectiveTimestamp": "2017-04-12T06:54:19.707Z",
        "expirationTimestamp": "2099-12-31T00:00:00Z",
        "locationSubtype": {
          "locationSubtypeCode": 2,
          "effectiveTimestamp": "2017-04-12T06:47:22.63Z",
          "expirationTimestamp": "2099-12-31T00:00:00Z",
          "locationSubtypeDescription": "RDC"
        },
        "_embedded": {
          "locationType": {
            "locationTypeCode": "WAREHOUSE",
            "locationTypeDescription": "WAREHOUSE",
            "_links": {
              "self": {
                "href": "http://localhost:8080/ws_masterdata_location/locationTypes/WAREHOUSE{?projection}",
                "templated": true
              }
            }
          }
        },
        "_links": {
          "self": {
            "href": "http://localhost:8080/ws_masterdata_location/locationTypeSubtypeAssociations/3"
          },
          "locationTypeSubtypeAssociation": {
            "href": "http://localhost:8080/ws_masterdata_location/locationTypeSubtypeAssociations/3"
          },
          "locationType": {
            "href": "http://localhost:8080/ws_masterdata_location/locationTypeSubtypeAssociations/3/locationType"
          }
        }
      },
      {
        "locationTypeSubtypeAssociationID": 3,
        "effectiveTimestamp": "2017-04-12T06:54:19.707Z",
        "expirationTimestamp": "2099-12-31T00:00:00Z",
        "locationSubtype": {
          "locationSubtypeCode": 3,
          "effectiveTimestamp": "2017-04-12T06:47:22.63Z",
          "expirationTimestamp": "2099-12-31T00:00:00Z",
          "locationSubtypeDescription": "XDOCK"
        },
        "_embedded": {
          "locationType": {
            "locationTypeCode": "WAREHOUSE",
            "locationTypeDescription": "WAREHOUSE",
            "_links": {
              "self": {
                "href": "http://localhost:8080/ws_masterdata_location/locationTypes/WAREHOUSE{?projection}",
                "templated": true
              }
            }
          }
        },
        "_links": {
          "self": {
            "href": "http://localhost:8080/ws_masterdata_location/locationTypeSubtypeAssociations/4"
          },
          "locationTypeSubtypeAssociation": {
            "href": "http://localhost:8080/ws_masterdata_location/locationTypeSubtypeAssociations/4"
          },
          "locationType": {
            "href": "http://localhost:8080/ws_masterdata_location/locationTypeSubtypeAssociations/4/locationType"
          }
        }
      }
    ]
  },
  "_links": {
    "self": {
      "href": "http://localhost:8080/ws_masterdata_location/locationTypeSubtypeAssociations/search/filterByLocationTypeCode?locationTypeCode=WAREHOUSE"
    }
  }
}
