{
    "CarrierRoute": "",
    "DeliveryPointCode": null,
    "DeliveryPointCheckDigit": null,
    "DPVFootnotes": null,
    "Address": "PO BOX 2500",
    "Address2": "",
    "AddressKey": "",
    "MelissaAddressKey": "",
    "AddressTypeCode": " ",
    "AddressTypeString": "Unknown Type",
    "CityAbbreviation": "LasVegas",
    "City": "Green bay",
    "State": "WI",
    "CountyName": "",
    "CountyFips": null,
    "CountryCode": "US",
    "CongressionalDistrict": "",
    "TimeZone": "",
    "TimeZoneCode": "",
    "Urbanization": null,
    "ZipType": null,
    "Zip": "54306",
    "ParsedAddressRange": "",
    "ParsedPreDirection": null,
    "ParsedStreetName": null,
    "ParsedSuffix": null,
    "ParsedPostDirection": null,
    "ParsedSuiteName": "",
    "ParsedSuiteRange": null,
    "ParsedPrivateMailboxName": null,
    "ParsedPrivateMailboxNumber": null,
    "ParsedGarbage": null,
    "MSA": null,
    "PMSA": null,
    "CMRA": "N",
    "PrivateMailbox": null,
    "ELotOrder": null,
    "ELotNumber": null,
    "Result": "AC01,AC02,AC03,AS01",
    "ResultCodeDescription": null,
    "dpvfootnotes": null,
    "elotOrder": null,
    "elotNumber": null
}
