{
    "firstName": "Lucille",
    "lastName": "Kelly",
    "salutationCode": "",
    "email": {
        "emailAddress": "lucille.kelly45@example.com",
        "emailId": 111
    },
    "contactType": "Freight Handling Notification",
    "preferenceType": "Alternate",

    "address": {

        "addressLineOne": "11115TH ST & BIG HORN",
        "addressLineTwo": "AVE",
        "cityDTO": {
            "cityName": "11TH CGD LONG BC"
        },
        "countyDTO": {
            "countyName": "LOS ANGELES"
        },
        "stateDTO": {
            "stateCode": "BH",
            "stateID": 49
        },
        "countryDTO": {
            "countryCode": "USA",
            "countryName": "UNITED STATES OF AMERICA"
        },
        "postalCodeDTO": {
            "postalCode": 89102
        }
    },
    "telephoneDTO": {
        "telephoneId": 11111,
        "extension": "14785",
        "telephoneAreaCode": "",
        "telephoneNumber": "7444715306",
        "country": {
            "countryCode": "",
            "countryName": ""
        }
    }
}
