[{
    "id": 1,
    "address": "9718 Donald Junction"
  },
  {
    "id": 2,
    "address": "02982 Drewry Park"
  },
  {
    "id": 3,
    "address": "53 Melby Lane"
  },
  {
    "id": 4,
    "address": "8979 Evergreen Plaza"
  },
  {
    "id": 5,
    "address": "07123 Warrior Park"
  },
  {
    "id": 6,
    "address": "8 Summer Ridge Junction"
  },
  {
    "id": 7,
    "address": "9718 Donald Junction"
  },
  {
    "id": 8,
    "address": "02982 Drewry Park"
  },
  {
    "id": 9,
    "address": "53 Melby Lane"
  },
  {
    "id": 10,
    "address": "8979 Evergreen Plaza"
  },
  {
    "id": 11,
    "address": "07123 Warrior Park"
  },
  {
    "id": 12,
    "address": "8 Summer Ridge Junction"
  }
]