[
{
  "locationRolesList": null,
  "relationToModeTransDesc": null,
  "locationName": "CARO TRANS",
  "effectiveStartDate": null,
  "effectiveEndDate": null,
  "address": null,
  "partyRoleLocationRoleAssociationID": null,
  "selectedLocationId": null,
  "mainPartyId": null,
  "locationRoleTypeDTO": null,
  "partyRolesList": [
  {
    "partyRoleTypeCode": "Bill To",
    "partyRoleTypeDescription": null,
    "locationRoleTypeCode": null,
    "partyId": 10885,
    "partyRoleID": 64019,
    "effectiveTimestamp": null,
    "expirationTimestamp": null
  }],
  "party": null,
  "accountName": "sdsdsd",
  "selectedPartyId": 0,
  "mainLocationId": 0,
  "partyRoleTypeDTO": null
},
{
  "locationRolesList": null,
  "relationToModeTransDesc": null,
  "locationName": "CARO TRANS",
  "effectiveStartDate": null,
  "effectiveEndDate": null,
  "address": null,
  "partyRoleLocationRoleAssociationID": null,
  "selectedLocationId": null,
  "mainPartyId": null,
  "locationRoleTypeDTO": null,
  "partyRolesList": [
  {
    "partyRoleTypeCode": "Bill To",
    "partyRoleTypeDescription": null,
    "locationRoleTypeCode": null,
    "partyId": 10885,
    "partyRoleID": 64019,
    "effectiveTimestamp": null,
    "expirationTimestamp": null
  }],
  "party": null,
  "accountName": "sdsdsd",
  "selectedPartyId": 1,
  "mainLocationId": 0,
  "partyRoleTypeDTO": null
},
{
  "locationRolesList": null,
  "relationToModeTransDesc": null,
  "locationName": "CARO TRANS",
  "effectiveStartDate": null,
  "effectiveEndDate": null,
  "address": null,
  "partyRoleLocationRoleAssociationID": null,
  "selectedLocationId": null,
  "mainPartyId": null,
  "locationRoleTypeDTO": null,
  "partyRolesList": [
  {
    "partyRoleTypeCode": "Bill To",
    "partyRoleTypeDescription": null,
    "locationRoleTypeCode": null,
    "partyId": 10885,
    "partyRoleID": 64019,
    "effectiveTimestamp": null,
    "expirationTimestamp": null
  }],
  "party": null,
  "accountName": "sdsdsd",
  "selectedPartyId": 2,
  "mainLocationId": 0,
  "partyRoleTypeDTO": null
},
{
  "locationRolesList": null,
  "relationToModeTransDesc": null,
  "locationName": "CARO TRANS",
  "effectiveStartDate": null,
  "effectiveEndDate": null,
  "address": null,
  "partyRoleLocationRoleAssociationID": null,
  "selectedLocationId": null,
  "mainPartyId": null,
  "locationRoleTypeDTO": null,
  "partyRolesList": [
  {
    "partyRoleTypeCode": "Billing",
    "partyRoleTypeDescription": null,
    "locationRoleTypeCode": null,
    "partyId": 10885,
    "partyRoleID": 64019,
    "effectiveTimestamp": null,
    "expirationTimestamp": null
  }],
  "party": null,
  "accountName": "sdsdsd",
  "selectedPartyId": 3,
  "mainLocationId": 0,
  "partyRoleTypeDTO": null
}]
