[{
    "partyRoleTypeCode": "Appointmnt",
    "partyRoleTypeDescription": "Appointment",
    "locationRoleTypeCode": null,
    "partyId": 0,
    "partyRoleID": 0,
    "effectiveTimestamp": null,
    "expirationTimestamp": null
}, {
    "partyRoleTypeCode": "Authsign",
    "partyRoleTypeDescription": "Authorized Customer Signature",
    "locationRoleTypeCode": null,
    "partyId": 0,
    "partyRoleID": 0,
    "effectiveTimestamp": null,
    "expirationTimestamp": null
}, {
    "partyRoleTypeCode": "Benfowner",
    "partyRoleTypeDescription": "Beneficial Owner",
    "locationRoleTypeCode": null,
    "partyId": 0,
    "partyRoleID": 0,
    "effectiveTimestamp": null,
    "expirationTimestamp": null
}, {
    "partyRoleTypeCode": "Bill To",
    "partyRoleTypeDescription": "Bill To",
    "locationRoleTypeCode": null,
    "partyId": 0,
    "partyRoleID": 0,
    "effectiveTimestamp": null,
    "expirationTimestamp": null
}, {
    "partyRoleTypeCode": "Billing",
    "partyRoleTypeDescription": "Billing",
    "locationRoleTypeCode": null,
    "partyId": 0,
    "partyRoleID": 0,
    "effectiveTimestamp": null,
    "expirationTimestamp": null
}, {
    "partyRoleTypeCode": "Bol",
    "partyRoleTypeDescription": "Bol Contact",
    "locationRoleTypeCode": null,
    "partyId": 0,
    "partyRoleID": 0,
    "effectiveTimestamp": null,
    "expirationTimestamp": null
}, {
    "partyRoleTypeCode": "Collect",
    "partyRoleTypeDescription": "Collection",
    "locationRoleTypeCode": null,
    "partyId": 0,
    "partyRoleID": 0,
    "effectiveTimestamp": null,
    "expirationTimestamp": null
}, {
    "partyRoleTypeCode": "Controller",
    "partyRoleTypeDescription": "Controller",
    "locationRoleTypeCode": null,
    "partyId": 0,
    "partyRoleID": 0,
    "effectiveTimestamp": null,
    "expirationTimestamp": null
}, {
    "partyRoleTypeCode": "Cstmbroker",
    "partyRoleTypeDescription": "Customs Broker",
    "locationRoleTypeCode": null,
    "partyId": 0,
    "partyRoleID": 0,
    "effectiveTimestamp": null,
    "expirationTimestamp": null
}, {
    "partyRoleTypeCode": "Det Nonhwk",
    "partyRoleTypeDescription": "Detention Notif(Non-Hawk)",
    "locationRoleTypeCode": null,
    "partyId": 0,
    "partyRoleID": 0,
    "effectiveTimestamp": null,
    "expirationTimestamp": null
}, {
    "partyRoleTypeCode": "Detn Auth",
    "partyRoleTypeDescription": "Trailer Detention Authorizatio",
    "locationRoleTypeCode": null,
    "partyId": 0,
    "partyRoleID": 0,
    "effectiveTimestamp": null,
    "expirationTimestamp": null
}, {
    "partyRoleTypeCode": "Detn Notif",
    "partyRoleTypeDescription": "Trailer Detention Notification",
    "locationRoleTypeCode": null,
    "partyId": 0,
    "partyRoleID": 0,
    "effectiveTimestamp": null,
    "expirationTimestamp": null
}, {
    "partyRoleTypeCode": "Detp Auth",
    "partyRoleTypeDescription": "Power Detention Authorization",
    "locationRoleTypeCode": null,
    "partyId": 0,
    "partyRoleID": 0,
    "effectiveTimestamp": null,
    "expirationTimestamp": null
}, {
    "partyRoleTypeCode": "Detp Notif",
    "partyRoleTypeDescription": "Power Detention Notification",
    "locationRoleTypeCode": null,
    "partyId": 0,
    "partyRoleID": 0,
    "effectiveTimestamp": null,
    "expirationTimestamp": null
}, {
    "partyRoleTypeCode": "Dlod Auth",
    "partyRoleTypeDescription": "Driver Load Authorization",
    "locationRoleTypeCode": null,
    "partyId": 0,
    "partyRoleID": 0,
    "effectiveTimestamp": null,
    "expirationTimestamp": null
}, {
    "partyRoleTypeCode": "Dlod Notif",
    "partyRoleTypeDescription": "Driver Load Notification",
    "locationRoleTypeCode": null,
    "partyId": 0,
    "partyRoleID": 0,
    "effectiveTimestamp": null,
    "expirationTimestamp": null
}, {
    "partyRoleTypeCode": "Dstrbutor",
    "partyRoleTypeDescription": "Distributor",
    "locationRoleTypeCode": null,
    "partyId": 0,
    "partyRoleID": 0,
    "effectiveTimestamp": null,
    "expirationTimestamp": null
}, {
    "partyRoleTypeCode": "Dunl Auth",
    "partyRoleTypeDescription": "Driver Unload Authorization",
    "locationRoleTypeCode": null,
    "partyId": 0,
    "partyRoleID": 0,
    "effectiveTimestamp": null,
    "expirationTimestamp": null
}, {
    "partyRoleTypeCode": "Dunl Notif",
    "partyRoleTypeDescription": "Driver Unload Notification",
    "locationRoleTypeCode": null,
    "partyId": 0,
    "partyRoleID": 0,
    "effectiveTimestamp": null,
    "expirationTimestamp": null
}, {
    "partyRoleTypeCode": "Dwld Auth",
    "partyRoleTypeDescription": "Dwell Detention Authorization",
    "locationRoleTypeCode": null,
    "partyId": 0,
    "partyRoleID": 0,
    "effectiveTimestamp": null,
    "expirationTimestamp": null
}, {
    "partyRoleTypeCode": "Dwld Notif",
    "partyRoleTypeDescription": "Dwell Detention Notification",
    "locationRoleTypeCode": null,
    "partyId": 0,
    "partyRoleID": 0,
    "effectiveTimestamp": null,
    "expirationTimestamp": null
}, {
    "partyRoleTypeCode": "Edi",
    "partyRoleTypeDescription": "Edi External Contact",
    "locationRoleTypeCode": null,
    "partyId": 0,
    "partyRoleID": 0,
    "effectiveTimestamp": null,
    "expirationTimestamp": null
}, {
    "partyRoleTypeCode": "Fac Accesl",
    "partyRoleTypeDescription": "Facility Level Accessorial",
    "locationRoleTypeCode": null,
    "partyId": 0,
    "partyRoleID": 0,
    "effectiveTimestamp": null,
    "expirationTimestamp": null
}, {
    "partyRoleTypeCode": "Facility",
    "partyRoleTypeDescription": "Facility Contact",
    "locationRoleTypeCode": null,
    "partyId": 0,
    "partyRoleID": 0,
    "effectiveTimestamp": null,
    "expirationTimestamp": null
}, {
    "partyRoleTypeCode": "Finance",
    "partyRoleTypeDescription": "Finance",
    "locationRoleTypeCode": null,
    "partyId": 0,
    "partyRoleID": 0,
    "effectiveTimestamp": null,
    "expirationTimestamp": null
}, {
    "partyRoleTypeCode": "Frgt Auth",
    "partyRoleTypeDescription": "Freight Handling Authorization",
    "locationRoleTypeCode": null,
    "partyId": 0,
    "partyRoleID": 0,
    "effectiveTimestamp": null,
    "expirationTimestamp": null
}, {
    "partyRoleTypeCode": "Frgt Notif",
    "partyRoleTypeDescription": "Freight Handling Notification",
    "locationRoleTypeCode": null,
    "partyId": 0,
    "partyRoleID": 0,
    "effectiveTimestamp": null,
    "expirationTimestamp": null
}, {
    "partyRoleTypeCode": "Frgtbroker",
    "partyRoleTypeDescription": "Freight Broker",
    "locationRoleTypeCode": null,
    "partyId": 0,
    "partyRoleID": 0,
    "effectiveTimestamp": null,
    "expirationTimestamp": null
}, {
    "partyRoleTypeCode": "Fsc Notif",
    "partyRoleTypeDescription": "Fuel Surcharge Notification",
    "locationRoleTypeCode": null,
    "partyId": 0,
    "partyRoleID": 0,
    "effectiveTimestamp": null,
    "expirationTimestamp": null
}, {
    "partyRoleTypeCode": "Llod Auth",
    "partyRoleTypeDescription": "Lumper Load Authorization",
    "locationRoleTypeCode": null,
    "partyId": 0,
    "partyRoleID": 0,
    "effectiveTimestamp": null,
    "expirationTimestamp": null
}, {
    "partyRoleTypeCode": "Llod Notif",
    "partyRoleTypeDescription": "Lumper Load Notification",
    "locationRoleTypeCode": null,
    "partyId": 0,
    "partyRoleID": 0,
    "effectiveTimestamp": null,
    "expirationTimestamp": null
}, {
    "partyRoleTypeCode": "Lunl Auth",
    "partyRoleTypeDescription": "Lumper Unload Authorization",
    "locationRoleTypeCode": null,
    "partyId": 0,
    "partyRoleID": 0,
    "effectiveTimestamp": null,
    "expirationTimestamp": null
}, {
    "partyRoleTypeCode": "Lunl Notif",
    "partyRoleTypeDescription": "Lumper Unload Notification",
    "locationRoleTypeCode": null,
    "partyId": 0,
    "partyRoleID": 0,
    "effectiveTimestamp": null,
    "expirationTimestamp": null
}, {
    "partyRoleTypeCode": "Myjbhunt",
    "partyRoleTypeDescription": "Myjbhunt.Com",
    "locationRoleTypeCode": null,
    "partyId": 0,
    "partyRoleID": 0,
    "effectiveTimestamp": null,
    "expirationTimestamp": null
}, {
    "partyRoleTypeCode": "Payagent",
    "partyRoleTypeDescription": "Pay Agent",
    "locationRoleTypeCode": null,
    "partyId": 0,
    "partyRoleID": 0,
    "effectiveTimestamp": null,
    "expirationTimestamp": null
}, {
    "partyRoleTypeCode": "Pendpprwrk",
    "partyRoleTypeDescription": "Loads Pending/Paperwork",
    "locationRoleTypeCode": null,
    "partyId": 0,
    "partyRoleID": 0,
    "effectiveTimestamp": null,
    "expirationTimestamp": null
}, {
    "partyRoleTypeCode": "Rate Negot",
    "partyRoleTypeDescription": "Rate Negotiator/Approver",
    "locationRoleTypeCode": null,
    "partyId": 0,
    "partyRoleID": 0,
    "effectiveTimestamp": null,
    "expirationTimestamp": null
}, {
    "partyRoleTypeCode": "Recn Auth",
    "partyRoleTypeDescription": "Reconsignment Authorization",
    "locationRoleTypeCode": null,
    "partyId": 0,
    "partyRoleID": 0,
    "effectiveTimestamp": null,
    "expirationTimestamp": null
}, {
    "partyRoleTypeCode": "Recn Notif",
    "partyRoleTypeDescription": "Reconsignment Notification",
    "locationRoleTypeCode": null,
    "partyId": 0,
    "partyRoleID": 0,
    "effectiveTimestamp": null,
    "expirationTimestamp": null
}, {
    "partyRoleTypeCode": "Sales",
    "partyRoleTypeDescription": "Contact For Sales",
    "locationRoleTypeCode": null,
    "partyId": 0,
    "partyRoleID": 0,
    "effectiveTimestamp": null,
    "expirationTimestamp": null
}, {
    "partyRoleTypeCode": "Solicitor",
    "partyRoleTypeDescription": "Solicitor",
    "locationRoleTypeCode": null,
    "partyId": 0,
    "partyRoleID": 0,
    "effectiveTimestamp": null,
    "expirationTimestamp": null
}, {
    "partyRoleTypeCode": "Tech Suprt",
    "partyRoleTypeDescription": "Technical Support",
    "locationRoleTypeCode": null,
    "partyId": 0,
    "partyRoleID": 0,
    "effectiveTimestamp": null,
    "expirationTimestamp": null
}, {
    "partyRoleTypeCode": "Tonu Auth",
    "partyRoleTypeDescription": "Tonu Authorization",
    "locationRoleTypeCode": null,
    "partyId": 0,
    "partyRoleID": 0,
    "effectiveTimestamp": null,
    "expirationTimestamp": null
}, {
    "partyRoleTypeCode": "Tonu Notif",
    "partyRoleTypeDescription": "Tonu Notification",
    "locationRoleTypeCode": null,
    "partyId": 0,
    "partyRoleID": 0,
    "effectiveTimestamp": null,
    "expirationTimestamp": null
}, {
    "partyRoleTypeCode": "Variance",
    "partyRoleTypeDescription": "Variance",
    "locationRoleTypeCode": null,
    "partyId": 0,
    "partyRoleID": 0,
    "effectiveTimestamp": null,
    "expirationTimestamp": null
}]
