{
    "auditLog": {
        "data": [{
            "name": "Date",
            "prop": "date",
            "flexGrow": 0.7,
            "draggable": false,
            "resizeable": false,
            "reorderable": false,
            "isVisible": true,
            "maxChar": 60
        }, {
            "name": "Time (CST)",
            "prop": "time",
            "flexGrow": 0.7,
            "draggable": false,
            "resizeable": false,
            "reorderable": false,
            "isVisible": true,
            "maxChar": 60
        }, {
            "name": "Modified",
            "prop": "userId",
            "flexGrow": 0.7,
            "draggable": false,
            "resizeable": false,
            "reorderable": false,
            "isVisible": true,
            "maxChar": 60
        }, {
            "name": "Modified Value",
            "prop": "attribute",
            "flexGrow": 0.7,
            "draggable": false,
            "resizeable": false,
            "reorderable": false,
            "isVisible": true,
            "maxChar": 60
        }]
    }
}
