{
    "content": [{
        "type": "Capture",
        "userId": "John Michel A",
        "attribute": "LOAD/UNLOAD CAPTURED",
        "result": null,
        "from": null,
        "to": null,
        "date": "05/07/2017",
        "time": "07:49",
        "captureDetails": [
            "LoadNumber1"
        ],
        "reconsignmentDetails": null,
        "acceptedRules": null
    }, {
        "type": "Capture",
        "userId": "John Michel A",
        "attribute": "INBOND EXIT PORT captured",
        "result": null,
        "from": null,
        "to": null,
        "date": "05/07/2017",
        "time": "07:49",
        "captureDetails": [
            1,
            1
        ],
        "reconsignmentDetails": null,
        "acceptedRules": null
    }, {
        "type": "Capture",
        "userId": "John Michel A",
        "attribute": "INBOND HOLDER captured",
        "result": null,
        "from": null,
        "to": null,
        "date": "05/07/2017",
        "time": "07:49",
        "captureDetails": [
            "BondHolder",
            "BondHolder"
        ],
        "reconsignmentDetails": null,
        "acceptedRules": null
    }, {
        "type": "Capture",
        "userId": "John Michel A",
        "attribute": "EQUIPMENT TYPE caputured",
        "result": null,
        "from": null,
        "to": null,
        "date": "05/07/2017",
        "time": "07:49",
        "captureDetails": [
            "Length",
            "PersnalPro",
            "Freight"
        ],
        "reconsignmentDetails": null,
        "acceptedRules": null
    }, {
        "type": "Capture",
        "userId": "John Michel A",
        "attribute": "INBOND NUMBER captured",
        "result": null,
        "from": null,
        "to": null,
        "date": "05/07/2017",
        "time": "07:49",
        "captureDetails": [
            "BondNumber",
            "BondNumber"
        ],
        "reconsignmentDetails": null,
        "acceptedRules": null
    }],
    "last": false,
    "totalElements": 24,
    "totalPages": 5,
    "size": 5,
    "number": 1,
    "sort": null,
    "first": false,
    "numberOfElements": 5
}
