{
	"_embedded": {
		"orderRuleParameterTypes": [{
				"@id": 1,
				"orderRuleParameterTypeCode": "BeginTime",
				"orderRuleParameterTypeDescription": "Begin Time",
				"orderRuleParameterValueTypeCode": "Date",
				"effectiveTimestamp": "2016-01-01T00:00",
				"expirationTimestamp": "2199-12-31T23:59:59",
				"lastUpdateTimestampString": "2017-04-20T11:56:29.7024751",
				"_links": {
					"self": {
						"href": "http://jvdweb12801.jbhunt.com/ordermanagementruleservices/orderRuleParameterTypes/BeginTime"
					},
					"orderRuleParameterType": {
						"href": "http://jvdweb12801.jbhunt.com/ordermanagementruleservices/orderRuleParameterTypes/BeginTime"
					}
				}
			},
			{
				"@id": 2,
				"orderRuleParameterTypeCode": "Boolean",
				"orderRuleParameterTypeDescription": "Boolean",
				"orderRuleParameterValueTypeCode": "Char",
				"effectiveTimestamp": "2016-01-01T00:00",
				"expirationTimestamp": "2199-12-31T23:59:59",
				"lastUpdateTimestampString": "2017-04-20T11:56:29.7024751",
				"_links": {
					"self": {
						"href": "http://jvdweb12801.jbhunt.com/ordermanagementruleservices/orderRuleParameterTypes/Boolean"
					},
					"orderRuleParameterType": {
						"href": "http://jvdweb12801.jbhunt.com/ordermanagementruleservices/orderRuleParameterTypes/Boolean"
					}
				}
			},
			{
				"@id": 3,
				"orderRuleParameterTypeCode": "CubicMtr",
				"orderRuleParameterTypeDescription": "Cubic Meter",
				"orderRuleParameterValueTypeCode": "Number",
				"effectiveTimestamp": "2016-01-01T00:00",
				"expirationTimestamp": "2199-12-31T23:59:59",
				"lastUpdateTimestampString": "2017-04-20T11:56:29.7024751",
				"_links": {
					"self": {
						"href": "http://jvdweb12801.jbhunt.com/ordermanagementruleservices/orderRuleParameterTypes/CubicMtr"
					},
					"orderRuleParameterType": {
						"href": "http://jvdweb12801.jbhunt.com/ordermanagementruleservices/orderRuleParameterTypes/CubicMtr"
					}
				}
			},
			{
				"@id": 4,
				"orderRuleParameterTypeCode": "Date",
				"orderRuleParameterTypeDescription": "Date",
				"orderRuleParameterValueTypeCode": "Date",
				"effectiveTimestamp": "2016-01-01T00:00",
				"expirationTimestamp": "2199-12-31T23:59:59",
				"lastUpdateTimestampString": "2017-04-20T11:56:29.7024751",
				"_links": {
					"self": {
						"href": "http://jvdweb12801.jbhunt.com/ordermanagementruleservices/orderRuleParameterTypes/Date"
					},
					"orderRuleParameterType": {
						"href": "http://jvdweb12801.jbhunt.com/ordermanagementruleservices/orderRuleParameterTypes/Date"
					}
				}
			},
			{
				"@id": 5,
				"orderRuleParameterTypeCode": "Days",
				"orderRuleParameterTypeDescription": "Days",
				"orderRuleParameterValueTypeCode": "Number",
				"effectiveTimestamp": "2016-01-01T00:00",
				"expirationTimestamp": "2199-12-31T23:59:59",
				"lastUpdateTimestampString": "2017-04-20T11:56:29.7024751",
				"_links": {
					"self": {
						"href": "http://jvdweb12801.jbhunt.com/ordermanagementruleservices/orderRuleParameterTypes/Days"
					},
					"orderRuleParameterType": {
						"href": "http://jvdweb12801.jbhunt.com/ordermanagementruleservices/orderRuleParameterTypes/Days"
					}
				}
			},
			{
				"@id": 6,
				"orderRuleParameterTypeCode": "Dollars",
				"orderRuleParameterTypeDescription": "Dollars",
				"orderRuleParameterValueTypeCode": "Number",
				"effectiveTimestamp": "2016-01-01T00:00",
				"expirationTimestamp": "2199-12-31T23:59:59",
				"lastUpdateTimestampString": "2017-04-20T11:56:29.7024751",
				"_links": {
					"self": {
						"href": "http://jvdweb12801.jbhunt.com/ordermanagementruleservices/orderRuleParameterTypes/Dollars"
					},
					"orderRuleParameterType": {
						"href": "http://jvdweb12801.jbhunt.com/ordermanagementruleservices/orderRuleParameterTypes/Dollars"
					}
				}
			},
			{
				"@id": 7,
				"orderRuleParameterTypeCode": "Email",
				"orderRuleParameterTypeDescription": "Email",
				"orderRuleParameterValueTypeCode": "Char",
				"effectiveTimestamp": "2016-01-01T00:00",
				"expirationTimestamp": "2199-12-31T23:59:59",
				"lastUpdateTimestampString": "2017-04-20T11:56:29.7024751",
				"_links": {
					"self": {
						"href": "http://jvdweb12801.jbhunt.com/ordermanagementruleservices/orderRuleParameterTypes/Email"
					},
					"orderRuleParameterType": {
						"href": "http://jvdweb12801.jbhunt.com/ordermanagementruleservices/orderRuleParameterTypes/Email"
					}
				}
			},
			{
				"@id": 8,
				"orderRuleParameterTypeCode": "EndTime",
				"orderRuleParameterTypeDescription": "End Time",
				"orderRuleParameterValueTypeCode": "Date",
				"effectiveTimestamp": "2016-01-01T00:00",
				"expirationTimestamp": "2199-12-31T23:59:59",
				"lastUpdateTimestampString": "2017-04-20T11:56:29.7024751",
				"_links": {
					"self": {
						"href": "http://jvdweb12801.jbhunt.com/ordermanagementruleservices/orderRuleParameterTypes/EndTime"
					},
					"orderRuleParameterType": {
						"href": "http://jvdweb12801.jbhunt.com/ordermanagementruleservices/orderRuleParameterTypes/EndTime"
					}
				}
			},
			{
				"@id": 9,
				"orderRuleParameterTypeCode": "Hours",
				"orderRuleParameterTypeDescription": "Hours",
				"orderRuleParameterValueTypeCode": "Number",
				"effectiveTimestamp": "2016-01-01T00:00",
				"expirationTimestamp": "2199-12-31T23:59:59",
				"lastUpdateTimestampString": "2017-04-20T11:56:29.7024751",
				"_links": {
					"self": {
						"href": "http://jvdweb12801.jbhunt.com/ordermanagementruleservices/orderRuleParameterTypes/Hours"
					},
					"orderRuleParameterType": {
						"href": "http://jvdweb12801.jbhunt.com/ordermanagementruleservices/orderRuleParameterTypes/Hours"
					}
				}
			},
			{
				"@id": 10,
				"orderRuleParameterTypeCode": "LBSPnd",
				"orderRuleParameterTypeDescription": "LBS Pound",
				"orderRuleParameterValueTypeCode": "Number",
				"effectiveTimestamp": "2016-01-01T00:00",
				"expirationTimestamp": "2199-12-31T23:59:59",
				"lastUpdateTimestampString": "2017-04-20T11:56:29.7024751",
				"_links": {
					"self": {
						"href": "http://jvdweb12801.jbhunt.com/ordermanagementruleservices/orderRuleParameterTypes/LBSPnd"
					},
					"orderRuleParameterType": {
						"href": "http://jvdweb12801.jbhunt.com/ordermanagementruleservices/orderRuleParameterTypes/LBSPnd"
					}
				}
			},
			{
				"@id": 11,
				"orderRuleParameterTypeCode": "Miles",
				"orderRuleParameterTypeDescription": "Miles",
				"orderRuleParameterValueTypeCode": "Number",
				"effectiveTimestamp": "2016-01-01T00:00",
				"expirationTimestamp": "2199-12-31T23:59:59",
				"lastUpdateTimestampString": "2017-04-20T11:56:29.7024751",
				"_links": {
					"self": {
						"href": "http://jvdweb12801.jbhunt.com/ordermanagementruleservices/orderRuleParameterTypes/Miles"
					},
					"orderRuleParameterType": {
						"href": "http://jvdweb12801.jbhunt.com/ordermanagementruleservices/orderRuleParameterTypes/Miles"
					}
				}
			},
			{
				"@id": 12,
				"orderRuleParameterTypeCode": "Minutes",
				"orderRuleParameterTypeDescription": "Minutes",
				"orderRuleParameterValueTypeCode": "Number",
				"effectiveTimestamp": "2016-01-01T00:00",
				"expirationTimestamp": "2199-12-31T23:59:59",
				"lastUpdateTimestampString": "2017-04-20T11:56:29.7024751",
				"_links": {
					"self": {
						"href": "http://jvdweb12801.jbhunt.com/ordermanagementruleservices/orderRuleParameterTypes/Minutes"
					},
					"orderRuleParameterType": {
						"href": "http://jvdweb12801.jbhunt.com/ordermanagementruleservices/orderRuleParameterTypes/Minutes"
					}
				}
			},
			{
				"@id": 13,
				"orderRuleParameterTypeCode": "Month",
				"orderRuleParameterTypeDescription": "Month",
				"orderRuleParameterValueTypeCode": "Number",
				"effectiveTimestamp": "2016-01-01T00:00",
				"expirationTimestamp": "2199-12-31T23:59:59",
				"lastUpdateTimestampString": "2017-04-20T11:56:29.7024751",
				"_links": {
					"self": {
						"href": "http://jvdweb12801.jbhunt.com/ordermanagementruleservices/orderRuleParameterTypes/Month"
					},
					"orderRuleParameterType": {
						"href": "http://jvdweb12801.jbhunt.com/ordermanagementruleservices/orderRuleParameterTypes/Month"
					}
				}
			},
			{
				"@id": 14,
				"orderRuleParameterTypeCode": "Name",
				"orderRuleParameterTypeDescription": "Name",
				"orderRuleParameterValueTypeCode": "Char",
				"effectiveTimestamp": "2016-01-01T00:00",
				"expirationTimestamp": "2199-12-31T23:59:59",
				"lastUpdateTimestampString": "2017-04-20T11:56:29.7024751",
				"_links": {
					"self": {
						"href": "http://jvdweb12801.jbhunt.com/ordermanagementruleservices/orderRuleParameterTypes/Name"
					},
					"orderRuleParameterType": {
						"href": "http://jvdweb12801.jbhunt.com/ordermanagementruleservices/orderRuleParameterTypes/Name"
					}
				}
			},
			{
				"@id": 15,
				"orderRuleParameterTypeCode": "Number",
				"orderRuleParameterTypeDescription": "Number",
				"orderRuleParameterValueTypeCode": "Number",
				"effectiveTimestamp": "2016-01-01T00:00",
				"expirationTimestamp": "2199-12-31T23:59:59",
				"lastUpdateTimestampString": "2017-04-20T11:56:29.7024751",
				"_links": {
					"self": {
						"href": "http://jvdweb12801.jbhunt.com/ordermanagementruleservices/orderRuleParameterTypes/Number"
					},
					"orderRuleParameterType": {
						"href": "http://jvdweb12801.jbhunt.com/ordermanagementruleservices/orderRuleParameterTypes/Number"
					}
				}
			},
			{
				"@id": 16,
				"orderRuleParameterTypeCode": "Percent",
				"orderRuleParameterTypeDescription": "Percent",
				"orderRuleParameterValueTypeCode": "Number",
				"effectiveTimestamp": "2016-01-01T00:00",
				"expirationTimestamp": "2199-12-31T23:59:59",
				"lastUpdateTimestampString": "2017-04-20T11:56:29.7024751",
				"_links": {
					"self": {
						"href": "http://jvdweb12801.jbhunt.com/ordermanagementruleservices/orderRuleParameterTypes/Percent"
					},
					"orderRuleParameterType": {
						"href": "http://jvdweb12801.jbhunt.com/ordermanagementruleservices/orderRuleParameterTypes/Percent"
					}
				}
			},
			{
				"@id": 17,
				"orderRuleParameterTypeCode": "Unit",
				"orderRuleParameterTypeDescription": "Unit",
				"orderRuleParameterValueTypeCode": "Number",
				"effectiveTimestamp": "2016-01-01T00:00",
				"expirationTimestamp": "2199-12-31T23:59:59",
				"lastUpdateTimestampString": "2017-04-20T11:56:29.7024751",
				"_links": {
					"self": {
						"href": "http://jvdweb12801.jbhunt.com/ordermanagementruleservices/orderRuleParameterTypes/Unit"
					},
					"orderRuleParameterType": {
						"href": "http://jvdweb12801.jbhunt.com/ordermanagementruleservices/orderRuleParameterTypes/Unit"
					}
				}
			},
			{
				"@id": 18,
				"orderRuleParameterTypeCode": "Week",
				"orderRuleParameterTypeDescription": "Week",
				"orderRuleParameterValueTypeCode": "Number",
				"effectiveTimestamp": "2016-01-01T00:00",
				"expirationTimestamp": "2199-12-31T23:59:59",
				"lastUpdateTimestampString": "2017-04-20T11:56:29.7024751",
				"_links": {
					"self": {
						"href": "http://jvdweb12801.jbhunt.com/ordermanagementruleservices/orderRuleParameterTypes/Week"
					},
					"orderRuleParameterType": {
						"href": "http://jvdweb12801.jbhunt.com/ordermanagementruleservices/orderRuleParameterTypes/Week"
					}
				}
			},
			{
				"@id": 19,
				"orderRuleParameterTypeCode": "Year",
				"orderRuleParameterTypeDescription": "Year",
				"orderRuleParameterValueTypeCode": "Number",
				"effectiveTimestamp": "2016-01-01T00:00",
				"expirationTimestamp": "2199-12-31T23:59:59",
				"lastUpdateTimestampString": "2017-04-20T11:56:29.7024751",
				"_links": {
					"self": {
						"href": "http://jvdweb12801.jbhunt.com/ordermanagementruleservices/orderRuleParameterTypes/Year"
					},
					"orderRuleParameterType": {
						"href": "http://jvdweb12801.jbhunt.com/ordermanagementruleservices/orderRuleParameterTypes/Year"
					}
				}
			}
		]
	},
	"_links": {
		"self": {
			"href": "http://jvdweb12801.jbhunt.com/ordermanagementruleservices/orderRuleParameterTypes"
		},
		"profile": {
			"href": "http://jvdweb12801.jbhunt.com/ordermanagementruleservices/profile/orderRuleParameterTypes"
		}
	},
	"page": {
		"size": 20,
		"totalElements": 19,
		"totalPages": 1,
		"number": 0
	}
}