{
  "_embedded": {
    "orderRuleProcesses": [
      {
        "@id": 1,
        "orderRuleProcessDescription": "Appointment Management",
        "effectiveTimestamp": "2016-01-01T00:00:00",
        "expirationTimestamp": "2199-12-31T23:59:59",
        "lastUpdateTimestampString": "2017-04-20T11:52:20.190026",
        "_links": {
          "self": {
            "href": "http://jvdweb12801.jbhunt.com/ordermanagementruleservices/orderRuleProcesses/Appoint"
          },
          "orderRuleProcess": {
            "href": "http://jvdweb12801.jbhunt.com/ordermanagementruleservices/orderRuleProcesses/Appoint"
          }
        }
      },
      {
        "@id": 2,
        "orderRuleProcessDescription": "Backfill",
        "effectiveTimestamp": "2016-01-01T00:00:00",
        "expirationTimestamp": "2199-12-31T23:59:59",
        "lastUpdateTimestampString": "2017-04-20T11:52:20.190026",
        "_links": {
          "self": {
            "href": "http://jvdweb12801.jbhunt.com/ordermanagementruleservices/orderRuleProcesses/Backfill"
          },
          "orderRuleProcess": {
            "href": "http://jvdweb12801.jbhunt.com/ordermanagementruleservices/orderRuleProcesses/Backfill"
          }
        }
      },
      {
        "@id": 3,
        "orderRuleProcessDescription": "Capture",
        "effectiveTimestamp": "2016-01-01T00:00:00",
        "expirationTimestamp": "2199-12-31T23:59:59",
        "lastUpdateTimestampString": "2017-04-20T11:52:20.2056517",
        "_links": {
          "self": {
            "href": "http://jvdweb12801.jbhunt.com/ordermanagementruleservices/orderRuleProcesses/Capture"
          },
          "orderRuleProcess": {
            "href": "http://jvdweb12801.jbhunt.com/ordermanagementruleservices/orderRuleProcesses/Capture"
          }
        }
      },
      {
        "@id": 4,
        "orderRuleProcessDescription": "Confirmation",
        "effectiveTimestamp": "2016-01-01T00:00:00",
        "expirationTimestamp": "2199-12-31T23:59:59",
        "lastUpdateTimestampString": "2017-04-20T11:52:20.2056517",
        "_links": {
          "self": {
            "href": "http://jvdweb12801.jbhunt.com/ordermanagementruleservices/orderRuleProcesses/Confirm"
          },
          "orderRuleProcess": {
            "href": "http://jvdweb12801.jbhunt.com/ordermanagementruleservices/orderRuleProcesses/Confirm"
          }
        }
      },
      {
        "@id": 5,
        "orderRuleProcessDescription": "Consolidation Process",
        "effectiveTimestamp": "2016-01-01T00:00:00",
        "expirationTimestamp": "2199-12-31T23:59:59",
        "lastUpdateTimestampString": "2017-04-20T11:52:20.2056517",
        "_links": {
          "self": {
            "href": "http://jvdweb12801.jbhunt.com/ordermanagementruleservices/orderRuleProcesses/Consolidat"
          },
          "orderRuleProcess": {
            "href": "http://jvdweb12801.jbhunt.com/ordermanagementruleservices/orderRuleProcesses/Consolidat"
          }
        }
      },
      {
        "@id": 6,
        "orderRuleProcessDescription": "ELT Capture",
        "effectiveTimestamp": "2016-01-01T00:00:00",
        "expirationTimestamp": "2199-12-31T23:59:59",
        "lastUpdateTimestampString": "2017-04-20T11:52:20.2056517",
        "_links": {
          "self": {
            "href": "http://jvdweb12801.jbhunt.com/ordermanagementruleservices/orderRuleProcesses/ELT"
          },
          "orderRuleProcess": {
            "href": "http://jvdweb12801.jbhunt.com/ordermanagementruleservices/orderRuleProcesses/ELT"
          }
        }
      },
      {
        "@id": 7,
        "orderRuleProcessDescription": "Monitoring",
        "effectiveTimestamp": "2016-01-01T00:00:00",
        "expirationTimestamp": "2199-12-31T23:59:59",
        "lastUpdateTimestampString": "2017-04-20T11:52:20.2056517",
        "_links": {
          "self": {
            "href": "http://jvdweb12801.jbhunt.com/ordermanagementruleservices/orderRuleProcesses/Monitor"
          },
          "orderRuleProcess": {
            "href": "http://jvdweb12801.jbhunt.com/ordermanagementruleservices/orderRuleProcesses/Monitor"
          }
        }
      },
      {
        "@id": 8,
        "orderRuleProcessDescription": "Order Update",
        "effectiveTimestamp": "2016-01-01T00:00:00",
        "expirationTimestamp": "2199-12-31T23:59:59",
        "lastUpdateTimestampString": "2017-04-20T11:52:20.2056517",
        "_links": {
          "self": {
            "href": "http://jvdweb12801.jbhunt.com/ordermanagementruleservices/orderRuleProcesses/OrderUpdt"
          },
          "orderRuleProcess": {
            "href": "http://jvdweb12801.jbhunt.com/ordermanagementruleservices/orderRuleProcesses/OrderUpdt"
          }
        }
      },
      {
        "@id": 9,
        "orderRuleProcessDescription": "Qualification Rule",
        "effectiveTimestamp": "2016-01-01T00:00:00",
        "expirationTimestamp": "2199-12-31T23:59:59",
        "lastUpdateTimestampString": "2017-04-20T11:52:20.2056517",
        "_links": {
          "self": {
            "href": "http://jvdweb12801.jbhunt.com/ordermanagementruleservices/orderRuleProcesses/Qualify"
          },
          "orderRuleProcess": {
            "href": "http://jvdweb12801.jbhunt.com/ordermanagementruleservices/orderRuleProcesses/Qualify"
          }
        }
      },
      {
        "@id": 10,
        "orderRuleProcessDescription": "Reconsignment",
        "effectiveTimestamp": "2016-01-01T00:00:00",
        "expirationTimestamp": "2199-12-31T23:59:59",
        "lastUpdateTimestampString": "2017-04-20T11:52:20.2056517",
        "_links": {
          "self": {
            "href": "http://jvdweb12801.jbhunt.com/ordermanagementruleservices/orderRuleProcesses/Rconsgnmnt"
          },
          "orderRuleProcess": {
            "href": "http://jvdweb12801.jbhunt.com/ordermanagementruleservices/orderRuleProcesses/Rconsgnmnt"
          }
        }
      },
      {
        "@id": 11,
        "orderRuleProcessDescription": "UCR Capture",
        "effectiveTimestamp": "2016-01-01T00:00:00",
        "expirationTimestamp": "2199-12-31T23:59:59",
        "lastUpdateTimestampString": "2017-04-20T11:52:20.2056517",
        "_links": {
          "self": {
            "href": "http://jvdweb12801.jbhunt.com/ordermanagementruleservices/orderRuleProcesses/UCR"
          },
          "orderRuleProcess": {
            "href": "http://jvdweb12801.jbhunt.com/ordermanagementruleservices/orderRuleProcesses/UCR"
          }
        }
      },
      {
        "@id": 12,
        "orderRuleProcessDescription": "Update Load",
        "effectiveTimestamp": "2016-01-01T00:00:00",
        "expirationTimestamp": "2199-12-31T23:59:59",
        "lastUpdateTimestampString": "2017-04-20T11:52:20.2056517",
        "_links": {
          "self": {
            "href": "http://jvdweb12801.jbhunt.com/ordermanagementruleservices/orderRuleProcesses/UpdtLoad"
          },
          "orderRuleProcess": {
            "href": "http://jvdweb12801.jbhunt.com/ordermanagementruleservices/orderRuleProcesses/UpdtLoad"
          }
        }
      }
    ]
  },
  "_links": {
    "self": {
      "href": "http://jvdweb12801.jbhunt.com/ordermanagementruleservices/orderRuleProcesses"
    },
    "profile": {
      "href": "http://jvdweb12801.jbhunt.com/ordermanagementruleservices/profile/orderRuleProcesses"
    }
  },
  "page": {
    "size": 20,
    "totalElements": 12,
    "totalPages": 1,
    "number": 0
  }
}