{
  "_embedded": {
    "stopReferenceNumbers": [
      {
        "referenceNumberValue": "R001",
        "_links": {
          "self": {
            "href": "http://localhost:8089/ordermanagementorderservices/stopReferenceNumbers/5"
          },
          "stopReferenceNumber": {
            "href": "http://localhost:8089/ordermanagementorderservices/stopReferenceNumbers/5{?projection}",
            "templated": true
          },
          "order": {
            "href": "http://localhost:8089/ordermanagementorderservices/stopReferenceNumbers/5/order"
          },
          "associatedReferenceNumber": {
            "href": "http://localhost:8089/ordermanagementorderservices/stopReferenceNumbers/5/associatedReferenceNumber"
          },
          "stop": {
            "href": "http://localhost:8089/ordermanagementorderservices/stopReferenceNumbers/5/stop"
          }
        }
      },
      {
        "referenceNumberValue": "R001",
        "_links": {
          "self": {
            "href": "http://localhost:8089/ordermanagementorderservices/stopReferenceNumbers/340"
          },
          "stopReferenceNumber": {
            "href": "http://localhost:8089/ordermanagementorderservices/stopReferenceNumbers/340{?projection}",
            "templated": true
          },
          "order": {
            "href": "http://localhost:8089/ordermanagementorderservices/stopReferenceNumbers/340/order"
          },
          "associatedReferenceNumber": {
            "href": "http://localhost:8089/ordermanagementorderservices/stopReferenceNumbers/340/associatedReferenceNumber"
          },
          "stop": {
            "href": "http://localhost:8089/ordermanagementorderservices/stopReferenceNumbers/340/stop"
          }
        }
      },
      {
        "referenceNumberValue": "R001",
        "_links": {
          "self": {
            "href": "http://localhost:8089/ordermanagementorderservices/stopReferenceNumbers/351"
          },
          "stopReferenceNumber": {
            "href": "http://localhost:8089/ordermanagementorderservices/stopReferenceNumbers/351{?projection}",
            "templated": true
          },
          "order": {
            "href": "http://localhost:8089/ordermanagementorderservices/stopReferenceNumbers/351/order"
          },
          "associatedReferenceNumber": {
            "href": "http://localhost:8089/ordermanagementorderservices/stopReferenceNumbers/351/associatedReferenceNumber"
          },
          "stop": {
            "href": "http://localhost:8089/ordermanagementorderservices/stopReferenceNumbers/351/stop"
          }
        }
      },
      {
        "referenceNumberValue": "R001",
        "_links": {
          "self": {
            "href": "http://localhost:8089/ordermanagementorderservices/stopReferenceNumbers/400"
          },
          "stopReferenceNumber": {
            "href": "http://localhost:8089/ordermanagementorderservices/stopReferenceNumbers/400{?projection}",
            "templated": true
          },
          "order": {
            "href": "http://localhost:8089/ordermanagementorderservices/stopReferenceNumbers/400/order"
          },
          "associatedReferenceNumber": {
            "href": "http://localhost:8089/ordermanagementorderservices/stopReferenceNumbers/400/associatedReferenceNumber"
          },
          "stop": {
            "href": "http://localhost:8089/ordermanagementorderservices/stopReferenceNumbers/400/stop"
          }
        }
      }
    ],
    "orderReferenceNumbers": [
      {
        "referenceNumberValue": "gfddgfdgf",
        "_links": {
          "self": {
            "href": "http://localhost:8089/ordermanagementorderservices/orderReferenceNumbers/130"
          },
          "orderReferenceNumber": {
            "href": "http://localhost:8089/ordermanagementorderservices/orderReferenceNumbers/130{?projection}",
            "templated": true
          },
          "order": {
            "href": "http://localhost:8089/ordermanagementorderservices/orderReferenceNumbers/130/order"
          }
        }
      },
      {
        "referenceNumberValue": "R001",
        "_links": {
          "self": {
            "href": "http://localhost:8089/ordermanagementorderservices/orderReferenceNumbers/157"
          },
          "orderReferenceNumber": {
            "href": "http://localhost:8089/ordermanagementorderservices/orderReferenceNumbers/157{?projection}",
            "templated": true
          },
          "order": {
            "href": "http://localhost:8089/ordermanagementorderservices/orderReferenceNumbers/157/order"
          }
        }
      },
      {
        "referenceNumberValue": "12a",
        "_links": {
          "self": {
            "href": "http://localhost:8089/ordermanagementorderservices/orderReferenceNumbers/170"
          },
          "orderReferenceNumber": {
            "href": "http://localhost:8089/ordermanagementorderservices/orderReferenceNumbers/170{?projection}",
            "templated": true
          },
          "order": {
            "href": "http://localhost:8089/ordermanagementorderservices/orderReferenceNumbers/170/order"
          }
        }
      }
    ]
  },
  "_links": {
    "self": {
      "href": "http://localhost:8089/ordermanagementorderservices/referenceNumbers"
    },
    "profile": {
      "href": "http://localhost:8089/ordermanagementorderservices/profile/referenceNumbers"
    }
  },
  "page": {
    "size": 20,
    "totalElements": 7,
    "totalPages": 1,
    "number": 0
  }
}