{
  "_embedded" : {
    "serviceOfferingBusinessUnitTransitModeAssociations" : [ {
      "financeBusinessUnitServiceOfferingAssociation" : {
        "financeBusinessUnitServiceOfferingAssociationID" : 0,
        "financeBusinessUnitCode" : "DCS",
        "serviceOfferingCode" : null,
        "effectiveTimestamp" : null,
        "expirationTimestamp" : null,
        "lastUpdateTimestampString" : null
      },
      "transitMode" : null,
      "utilizationClassification" : null,
      "freightShippingType" : null,
      "lastUpdateTimestampString" : null,
      "_links" : {
        "self" : {
          "href" : "https://referencedataservices-dev.jbhunt.com/referencedataservices/serviceOfferingBusinessUnitTransitModeAssociations/0"
        },
        "serviceOfferingBusinessUnitTransitModeAssociation" : {
          "href" : "https://referencedataservices-dev.jbhunt.com/referencedataservices/serviceOfferingBusinessUnitTransitModeAssociations/0{?projection}",
          "templated" : true
        }
      }
    }, {
      "financeBusinessUnitServiceOfferingAssociation" : {
        "financeBusinessUnitServiceOfferingAssociationID" : 0,
        "financeBusinessUnitCode" : "ICS",
        "serviceOfferingCode" : null,
        "effectiveTimestamp" : null,
        "expirationTimestamp" : null,
        "lastUpdateTimestampString" : null
      },
      "transitMode" : null,
      "utilizationClassification" : null,
      "freightShippingType" : null,
      "lastUpdateTimestampString" : null,
      "_links" : {
        "self" : {
          "href" : "https://referencedataservices-dev.jbhunt.com/referencedataservices/serviceOfferingBusinessUnitTransitModeAssociations/0"
        },
        "serviceOfferingBusinessUnitTransitModeAssociation" : {
          "href" : "https://referencedataservices-dev.jbhunt.com/referencedataservices/serviceOfferingBusinessUnitTransitModeAssociations/0{?projection}",
          "templated" : true
        }
      }
    }, {
      "financeBusinessUnitServiceOfferingAssociation" : {
        "financeBusinessUnitServiceOfferingAssociationID" : 0,
        "financeBusinessUnitCode" : "JBI",
        "serviceOfferingCode" : null,
        "effectiveTimestamp" : null,
        "expirationTimestamp" : null,
        "lastUpdateTimestampString" : null
      },
      "transitMode" : null,
      "utilizationClassification" : null,
      "freightShippingType" : null,
      "lastUpdateTimestampString" : null,
      "_links" : {
        "self" : {
          "href" : "https://referencedataservices-dev.jbhunt.com/referencedataservices/serviceOfferingBusinessUnitTransitModeAssociations/0"
        },
        "serviceOfferingBusinessUnitTransitModeAssociation" : {
          "href" : "https://referencedataservices-dev.jbhunt.com/referencedataservices/serviceOfferingBusinessUnitTransitModeAssociations/0{?projection}",
          "templated" : true
        }
      }
    }, {
      "financeBusinessUnitServiceOfferingAssociation" : {
        "financeBusinessUnitServiceOfferingAssociationID" : 0,
        "financeBusinessUnitCode" : "JBT",
        "serviceOfferingCode" : null,
        "effectiveTimestamp" : null,
        "expirationTimestamp" : null,
        "lastUpdateTimestampString" : null
      },
      "transitMode" : null,
      "utilizationClassification" : null,
      "freightShippingType" : null,
      "lastUpdateTimestampString" : null,
      "_links" : {
        "self" : {
          "href" : "https://referencedataservices-dev.jbhunt.com/referencedataservices/serviceOfferingBusinessUnitTransitModeAssociations/0"
        },
        "serviceOfferingBusinessUnitTransitModeAssociation" : {
          "href" : "https://referencedataservices-dev.jbhunt.com/referencedataservices/serviceOfferingBusinessUnitTransitModeAssociations/0{?projection}",
          "templated" : true
        }
      }
    } ]
  },
  "_links" : {
    "self" : {
      "href" : "https://referencedataservices-dev.jbhunt.com/referencedataservices/serviceOfferingBusinessUnitTransitModeAssociations/search/fetchBusinessUnitCode"
    }
  }
}