{
    "_embedded": {
        "taskAssignments": [
            {
                "taskAssignmentName": "Walmart Task",
                "taskAssignmentID": 9,
                "_links": {
                    "self": {
                        "href": "http://winx-v0861:8081/infrastructuretaskassignmentservices/taskassignments/9"
                    },
                    "taskAssignment": {
                        "href": "http://winx-v0861:8081/infrastructuretaskassignmentservices/taskassignments/9{?projection}",
                        "templated": true
                    }
                }
            },
            {
                "taskAssignmentName": "Walmart CO Task Assignment",
                "taskAssignmentID": 18,
                "_links": {
                    "self": {
                        "href": "http://winx-v0861:8081/infrastructuretaskassignmentservices/taskassignments/18"
                    },
                    "taskAssignment": {
                        "href": "http://winx-v0861:8081/infrastructuretaskassignmentservices/taskassignments/18{?projection}",
                        "templated": true
                    }
                }
            },
            {
                "taskAssignmentName": "Walmart Warriors",
                "taskAssignmentID": 20,
                "_links": {
                    "self": {
                        "href": "http://winx-v0861:8081/infrastructuretaskassignmentservices/taskassignments/20"
                    },
                    "taskAssignment": {
                        "href": "http://winx-v0861:8081/infrastructuretaskassignmentservices/taskassignments/20{?projection}",
                        "templated": true
                    }
                }
            },
            {
                "taskAssignmentName": "JBH Walmart",
                "taskAssignmentID": 23,
                "_links": {
                    "self": {
                        "href": "http://winx-v0861:8081/infrastructuretaskassignmentservices/taskassignments/23"
                    },
                    "taskAssignment": {
                        "href": "http://winx-v0861:8081/infrastructuretaskassignmentservices/taskassignments/23{?projection}",
                        "templated": true
                    }
                }
            },
            {
                "taskAssignmentName": "Walmart warriors Tasks",
                "taskAssignmentID": 112,
                "_links": {
                    "self": {
                        "href": "http://winx-v0861:8081/infrastructuretaskassignmentservices/taskassignments/112"
                    },
                    "taskAssignment": {
                        "href": "http://winx-v0861:8081/infrastructuretaskassignmentservices/taskassignments/112{?projection}",
                        "templated": true
                    }
                }
            }
        ]
    },
    "_links": {
        "self": {
            "href": "http://winx-v0861:8081/infrastructuretaskassignmentservices/taskassignments/search/findByTaskAssignmentNameContainingAndExpirationTimestampGreaterThan?projection=taskassignmentprojection&taskAssignmentName=wal&expirationTimestamp=2017-05-18T01:57:18.0377561"
        }
    }
}