[{
  "emplId": "406344",
  "userId": "BROG5",
  "firstName": "GORDON",
  "middleName": "A",
  "lastName": "BROWN",
  "prefName": "GORDON",
  "personType": "EMP",
  "personSubType": "",
  "isDriver": "Y",
  "status": "T",
  "positionNbr": "00006142",
  "positionDescr": "REGIONAL DEDICATED FIRST SEAT",
  "managerEmplId": "",
  "managerName": "",
  "departmentCode": "090026",
  "departmentDesc": "",
  "businessUnit": "JBT",
  "jobCode": "000186",
  "jobTitle": "Regional Dedicated First Seat",
  "jobGroup": "REG",
  "locationCode": "LOWAR01",
  "locationDesc": "Lowell, AR - JB Hunt Corporate",
  "phone": "",
  "extenstion": "",
  "email": ""
}, {
  "emplId": "406345",
  "userId": "BROG6",
  "firstName": "SMITH",
  "middleName": "A",
  "lastName": "BROWN",
  "prefName": "SMITH",
  "personType": "EMP",
  "personSubType": "",
  "isDriver": "Y",
  "status": "T",
  "positionNbr": "00006142",
  "positionDescr": "REGIONAL DEDICATED FIRST SEAT",
  "managerEmplId": "",
  "managerName": "",
  "departmentCode": "090026",
  "departmentDesc": "",
  "businessUnit": "JBT",
  "jobCode": "000186",
  "jobTitle": "Regional Dedicated First Seat",
  "jobGroup": "REG",
  "locationCode": "LOWAR01",
  "locationDesc": "Lowell, AR - JB Hunt Corporate",
  "phone": "",
  "extenstion": "",
  "email": ""
}, {
  "emplId": "406346",
  "userId": "BROG7",
  "firstName": "CENA",
  "middleName": "A",
  "lastName": "BROWN",
  "prefName": "CENA",
  "personType": "EMP",
  "personSubType": "",
  "isDriver": "Y",
  "status": "T",
  "positionNbr": "00006142",
  "positionDescr": "REGIONAL DEDICATED FIRST SEAT",
  "managerEmplId": "",
  "managerName": "",
  "departmentCode": "090026",
  "departmentDesc": "",
  "businessUnit": "JBT",
  "jobCode": "000186",
  "jobTitle": "Regional Dedicated First Seat",
  "jobGroup": "REG",
  "locationCode": "LOWAR01",
  "locationDesc": "Lowell, AR - JB Hunt Corporate",
  "phone": "",
  "extenstion": "",
  "email": ""
}, {
  "emplId": "406347",
  "userId": "BROG8",
  "firstName": "JOHN",
  "middleName": "A",
  "lastName": "BROWN",
  "prefName": "JOHN",
  "personType": "EMP",
  "personSubType": "",
  "isDriver": "Y",
  "status": "T",
  "positionNbr": "00006142",
  "positionDescr": "REGIONAL DEDICATED FIRST SEAT",
  "managerEmplId": "",
  "managerName": "",
  "departmentCode": "090026",
  "departmentDesc": "",
  "businessUnit": "JBT",
  "jobCode": "000186",
  "jobTitle": "Regional Dedicated First Seat",
  "jobGroup": "REG",
  "locationCode": "LOWAR01",
  "locationDesc": "Lowell, AR - JB Hunt Corporate",
  "phone": "",
  "extenstion": "",
  "email": ""
}]