{
	"_embedded": {
		"userSavedSearches": [{
				"@id": 1,
				"userSavedSearchID": 10,
				"applicationSearchFunctionCode": "searchFunc",
				"userSearchName": "A",
				"userSearchDefaultIndicator": "Y",
				"userSearchCriteriaContent": "{\r\n\t\"serviceOfferingCode\": \"ICS\",\r\n\t\"financeBusinessUnitCode\": \"LTLDIR\",\r\n\t\"orderTypeCode\": \"Standard\",\r\n\t\"referenceNumber\": \"42\",\r\n\t\"orderNumber\": \"1253\",\r\n\t\"loadNumber\": \"123\",\r\n\t\"requestedServiceLevelCode\":\"STANDARD\"\r\n\r\n}",
				"personID": "406344",
				"lastUpdateTimestampString": "2017-05-17T05:40:14.341"

			},
			{
				"@id": 2,
				"userSavedSearchID": 11,
				"applicationSearchFunctionCode": "searchFunc",
				"userSearchName": "Favourite",
				"userSearchDefaultIndicator": "Y",
				"userSearchCriteriaContent": "{\r\n\t\"serviceOfferingCode\": \"ICS\",\r\n\t\"financeBusinessUnitCode\": \"LTLDIR\",\r\n\t\"orderTypeCode\": \"Standard\",\r\n\t\"referenceNumber\": \"42\",\r\n\t\"orderNumber\": \"1253\",\r\n\t\"loadNumber\": \"123\",\r\n\t\"requestedServiceLevelCode\":\"STANDARD\"\r\n\r\n}",
				"personID": "406344",
				"lastUpdateTimestampString": "2017-05-17T05:40:27.34"


			},
			{
				"@id": 3,
				"userSavedSearchID": 11,
				"applicationSearchFunctionCode": "searchFunc",
				"userSearchName": "hai",
				"userSearchDefaultIndicator": "Y",
				"userSearchCriteriaContent": "{\r\n\t\"serviceOfferingCode\": \"ICS\",\r\n\t\"financeBusinessUnitCode\": \"LTLDIR\",\r\n\t\"orderTypeCode\": \"Standard\",\r\n\t\"referenceNumber\": \"42\",\r\n\t\"orderNumber\": \"1253\",\r\n\t\"loadNumber\": \"123\",\r\n\t\"requestedServiceLevelCode\":\"STANDARD\"\r\n\r\n}",
				"personID": "406344",
				"lastUpdateTimestampString": "2017-05-17T05:40:27.34"


			}
		]
	}

}