{
  "accountQuery": {
    "size": 6,
    "_source": [
      "OrganizationName",
      "PartyID",
      "CustomerCode",
      "partyaddresses.AddressLine1",
      "partyaddresses.AddressLine2",
      "partyaddresses.CityName",
      "partyaddresses.StateName",
      "partyaddresses.CountryName",
      "partyaddresses.PostalCode",
      "partyaddresses.PartyRoleTypeDescription"
    ],
    "query": {
      "bool": {
        "should": [
          {
            "query_string": {
              "fields": [
                "OrganizationName^6",
                "CustomerCode^3"
              ],
              "query": "",
              "default_operator": "and"
            }
          },
          {
            "nested": {
              "path": "partyaddresses",
              "query": {
                "query_string": {
                  "fields": [
                    "partyaddresses.AddressLine1^18",
                    "partyaddresses.AddressLine2^18",
                    "partyaddresses.CityName^15",
                    "partyaddresses.StateName^12",
                    "partyaddresses.PostalCode^9",
                    "partyaddresses.CountryName",
                    "OrganizationName"
                  ],
                  "query": "",
                  "default_operator": "and"
                }
              },
              "inner_hits": {
                "size": 1,
                "_source": {
                  "includes": [
                    "partyaddresses.AddressLine1",
                    "partyaddresses.AddressLine2",
                    "partyaddresses.CityName",
                    "partyaddresses.StateName",
                    "partyaddresses.CountryName",
                    "partyaddresses.PostalCode",
                    "partyaddresses.PartyRoleTypeDescription"
                  ]
                }
              }
            }
          }
        ],
        "minimum_should_match": 1,
        "must": {
          "nested": {
            "path": "partyaddresses",
            "query": {
              "match": {
                "partyaddresses.PartyRoleTypeDescription": "BILL TO"
              }
            }
          }
        }
      }
    }
  },
  "marketingAreaQuery": {
    "_source": [
      "AreaName"
    ],
    "query": {
      "bool": {
        "must": [
          {
            "multi_match": {
              "fields": [
                "AreaName"
              ],
              "query": "",
              "type": "phrase_prefix"
            }
          }
        ]
      }
    },
    "from": "0",
    "size": "6"
  },
  "searchFilterFormControls": [
    {
      "name": "orderSearchStatus",
      "type": "multiselect",
      "validators": [],
      "errField": "orderSearchStatus",
      "isMoreField": false
    },
    {
      "name": "orderSearchAppoinment",
      "type": "singleselect",
      "validators": [],
      "errField": "appointmentInstruction",
      "isMoreField": false
    },
    {
      "name": "orderSearchAcceptance",
      "type": "singleselect",
      "validators": [],
      "errField": "orderAcceptance",
      "isMoreField": false
    },
    {
      "name": "orderSearchPickUpDate",
      "type": "dateTime",
      "validators": [],
      "errField": "PickupDateTimeData",
      "isMoreField": false
    },
    {
      "name": "orderSearchPickUpEndDate",
      "type": "dateTime",
      "validators": [],
      "errField": "pickupRangeData",
      "isMoreField": false
    },
    {
      "name": "orderSearchDeliveryDate",
      "type": "dateTime",
      "validators": [],
      "errField": "deliveryRangeData",
      "isMoreField": false
    },
    {
      "name": "orderSearchDeliveryEndDate",
      "type": "dateTime",
      "validators": [],
      "errField": "deliveryRangeData",
      "isMoreField": false
    },
    {
      "name": "orderSearchCreateDate",
      "type": "dateTime",
      "validators": [],
      "errField": "orderCreateRangeData",
      "isMoreField": false
    },
    {
      "name": "orderSearchCreateEndDate",
      "type": "dateTime",
      "validators": [],
      "errField": "orderCreateRangeData",
      "isMoreField": false
    },
    {
      "name": "orderSearchStopReason",
      "type": "singleselect",
      "validators": [],
      "errField": "orderSearchStopReason",
      "isMoreField": true
    },
    {
      "name": "OriginMarkettingArea",
      "type": "multiselect",
      "isMoreField": true,
      "errField": "OriginMarkettingArea",
      "validators": []
    },
    {
      "name": "DestinationMarkettingArea",
      "type": "multiselect",
      "validators": [],
      "errField": "DestinationMarkettingArea",
      "isMoreField": true
    },
    {
      "name": "orderSearchBusinessUnit",
      "type": "singleselect",
      "validators": [],
      "errField": "orderSearchBusinessUnit",
      "isMoreField": true
    },
    {
      "name": "orderSearchServiceOffering",
      "type": "singleselect",
      "validators": [],
      "errField": "orderSearchServiceOffering",
      "isMoreField": true
    },
    {
      "name": "orderSearchFleetCode",
      "type": "singleselect",
      "validators": [],
      "errField": "orderSearchFleetCode",
      "isMoreField": true
    },
    {
      "name": "orderSearchOrderOwner",
      "type": "singleselect",
      "validators": [],
      "errField": "orderOwner",
      "isMoreField": true
    },
    {
      "name": "orderSearchOrderCreator",
      "type": "singleselect",
      "validators": [],
      "errField": "orderSearchOrderCreator",
      "isMoreField": true
    },
    {
      "name": "orderSearchCreationChannel",
      "type": "singleselect",
      "validators": [],
      "errField": "orderSearchCreationChannel",
      "isMoreField": true
    },
    {
      "name": "orderSearchOrderType",
      "type": "singleselect",
      "validators": [],
      "errField": "orderSearchOrderType",
      "isMoreField": true
    },
    {
      "name": "orderSearchTrackingStatus",
      "type": "multiselect",
      "validators": [],
      "errField": "orderSearchTrackingStatus",
      "isMoreField": true
    },
    {
      "name": "orderSearchServiceLevel",
      "type": "singleselect",
      "validators": [],
      "errField": "orderSearchServiceLevel",
      "isMoreField": true
    },
    {
      "name": "OrderSeatchreasonOrderStatus",
      "type": "multiselect",
      "validators": [],
      "errField": "OrderSeatchreasonOrderStatus",
      "isMoreField": true
    },
    {
      "name": "orderSearchInternationalService",
      "type": "multiselect",
      "validators": [],
      "errField": "InternationalServices",
      "isMoreField": true
    },
    {
      "name": "orderSearchShipmentRequirement",
      "type": "multiselect",
      "validators": [],
      "errField": "ShipmentRequirement",
      "isMoreField": true
    },
    {
      "name": "orderSearchDrayServices",
      "type": "singleselect",
      "validators": [],
      "errField": "orderSearchDrayServices",
      "isMoreField": true
    }
  ],
  "locationQuery": {
    "size": 6,
    "query": {
      "nested": {
        "path": "locations",
        "query": {
          "bool": {
            "must": [
              {
                "query_string": {
                  "fields": [
                    "locations.AddressLine1^18",
                    "locations.AddressLine2^18",
                    "locations.CityName^15",
                    "locations.StateName^12",
                    "locations.PostalCode^9",
                    "locations.OrganizationName^6",
                    " locations.CustomerCode^3",
                    "locations.CountryName"
                  ],
                  "query": "8200 W BROAD ST VIR*",
                  "default_operator": "and"
                }
              },
              {
                "match": {
                  "locations.LocationTypeDescription": "SHIPPER RECEIVER"
                }
              }
            ]
          }
        }
      }
    },
    "aggs": {
      "locations": {
        "nested": {
          "path": "locations"
        },
        "aggs": {
          "only_loc": {
            "filter": {
              "bool": {
                "must": [
                  {
                    "query_string": {
                      "fields": [
                        "locations.AddressLine1^18",
                        "locations.AddressLine2^18",
                        "locations.CityName^15",
                        "locations.StateName^12",
                        "locations.PostalCode^9",
                        "locations.OrganizationName^6",
                        " locations.CustomerCode^3",
                        "locations.CountryName"
                      ],
                      "query": "8200 W BROAD ST. VIR*",
                      "default_operator": "and"
                    }
                  },
                  {
                    "match": {
                      "locations.LocationTypeDescription": "SHIPPER RECEIVER"
                    }
                  }
                ]
              }
            },
            "aggs": {
              "topinner": {
                "terms": {
                  "field": "locations.OrganizationName.keyword",
                  "size": 5
                },
                "aggs": {
                  "topacc_hits": {
                    "top_hits": {
                      "sort": [
                        {
                          "_score": {
                            "order": "desc"
                          }
                        }
                      ],
                      "_source": {
                        "includes": [
                          "locations.AddressLine1",
                          "locations.AddressLine2",
                          "locations.CityName",
                          "locations.StateName",
                          "locations.CountryName",
                          "locations.PostalCode",
                          "locations.LocationRoleTypeDescription",
                          "locations.OrganizationName",
                          "locations.CustomerCode"
                        ]
                      },
                      "size": 1
                    }
                  }
                }
              }
            }
          }
        }
      }
    }
  }
}