[  
   {  
      "orderID":"417983008",
      "loadStatus":"E",
      "divisionCode":"HJBT JBDCS",
      "projectCode":"PECO      ",
      "fleetCode":"DCS PEIR34",
      "carrierCode":"     ",
      "dispatchNumber":1,
      "powerUnit":"351399    ",
      "equipmentPrefix":"JBH ",
      "equipmentNumber":"351399    ",
      "totalMiles":137,
      "boardcode":"Jimmy Valeeo",
      "stopDetails":[  
         {  
            "stopNumber":"1000",
            "addressDetails":"Coco-Cola (COCA12)",
            "arrivalTime":"2017-02-01 17.30.00",
            "departureTime":"2017-02-01 17.45.00",
            "cityCode":"ILCHI     ",
            "stateCode":"IL        ",
            "zipCode":72712,
            "countryCode":"USA       ",
            "callType":"LOADED    "
         },
         {  
            "stopNumber":"99000",
            "addressDetails":"Coco-Cola (COCA12)",
            "arrivalTime":"2017-02-01 20.14.00",
            "departureTime":"2017-02-02 01.45.00",
            "cityCode":"ILCHA     ",
            "stateCode":"IL        ",
            "zipCode":72712,
            "countryCode":"USA      ",
            "callType":"EMPTY     "
         },
         {  
            "stopNumber":"99458",
            "addressDetails":"Coco-Cola (COCA12)",
            "arrivalTime":"2017-02-01 20.14.00",
            "departureTime":"2017-02-02 01.45.00",
            "cityCode":"ILCHA     ",
            "stateCode":"IL        ",
            "zipCode":72712,
            "countryCode":"USA      ",
            "callType":"EMPTY     "
         },
         {  
            "stopNumber":"14686",
            "addressDetails":"Coco-Cola (COCA12)",
            "arrivalTime":"2017-02-01 20.14.00",
            "departureTime":"2017-02-02 01.45.00",
            "cityCode":"ILCHA     ",
            "stateCode":"IL        ",
            "zipCode":72712,
            "countryCode":"USA      ",
            "callType":"EMPTY     "
         }
      ],
      "lastLocationDetails":{  
         "stopNumber":null,
         "addressDetails":{  
            "addressLineOne":"Coca Cola (COL839)",
            "addressLineTwo":"389 Eastern Summit Blvd",
            "city":"RENTON",
            "state":"WA",
            "zipCode":null,
            "country":"USA",
            "cityID":"WAREN",
            "locationdatetime":"1484161920000"
         },
         "arrivalTime":null,
         "departureTime":null,
         "cityCode":null,
         "stateCode":null,
         "zipCode":null,
         "countryCode":null,
         "callType":null
      },
      "personDetail":null,
      "milesRemaining":137,
      "prePlan":"      "
   }
]