{
	"markers" : [
    {
      "lat" : 26.074130627895766,
      "lng" : -98.26135396957397,
      "label" : "O",
      "place" : "Bentonville, AR 72711, USA",
      "type" : "Pick up",
      "mapId" : 1
    },
    {
      "lat" : 26.065919683535476,
      "lng" :  -98.26229810714722,
      "label" : "1",
      "place" : "Bentonville, AR 72711, USA",
      "type" : "Delivery",
      "mapId" : 2
    },
    {
      "lat" : 26.064878818491607,
      "lng" : -98.26594591140747,
      "label" : "2",
      "place" : "Bentonville, AR 72711, USA",
      "type" : "Delivery",
      "mapId" : 3
    },
    {
      "lat" : 26.063915046315305,
      "lng" : -98.26234102249146,
      "label" : "3",
      "place" : "Bentonville, AR 72711, USA",
      "type" : "Delivery",
      "mapId" : 4
    },
    {
      "lat" : 26.062064581509286,
      "lng" : -98.2731556892395,
      "label" : "4",
      "place" : "Bentonville, AR 72711, USA",
      "type" : "Delivery",
      "mapId" : 5
    },
    {
      "lat" : 26.065379976889513,
      "lng" : -98.28075170516968,
      "label" : "5",
      "place" : "Bentonville, AR 72711, USA",
      "type" : "Delivery",
      "mapId" : 6
    },
    {
      "lat" : 26.05778526969677,
      "lng" : -98.28555822372437,
      "label" : "D",
      "place" : "Bentonville, AR 72711, USA",
      "type" : "Delivery",
      "mapId" : 7
    }]
}