{
  "took": 423,
  "timed_out": false,
  "_shards": {
    "total": 5,
    "successful": 5,
    "failed": 0
  },
  "hits": {
    "total": 41,
    "max_score": 60.963882,
    "hits": [
      {
        "_index": "accountdetails",
        "_type": "account_info",
        "_id": "36351",
        "_score": 60.963882,
        "_source": {
          "OrganizationName": "TBC INTERNATIONAL INC",
          "PartyID": "36351"
        },
        "inner_hits": {
          "partyaddresses": {
            "hits": {
              "total": 1,
              "max_score": 60.963882,
              "hits": [
                {
                  "_nested": {
                    "field": "partyaddresses",
                    "offset": 0
                  },
                  "_score": 60.963882,
                  "_source": {
                    "partyaddresses": {
                      "AddressLine2": "PO BOX 1150",
                      "AddressLine1": "% AIMS LOGISTICS",
                      "CountryName": "UNITED STATES OF AMERICA",
                      "StateName": "TENNESSEE",
                      "PostalCode": "38027",
                      "CityName": "COLLIERVILLE"
                    }
                  }
                }
              ]
            }
          }
        }
      },
      {
        "_index": "accountdetails",
        "_type": "account_info",
        "_id": "37165",
        "_score": 49.132366,
        "_source": {
          "OrganizationName": "TOMKINS/GATES",
          "PartyID": "37165"
        },
        "inner_hits": {
          "partyaddresses": {
            "hits": {
              "total": 2,
              "max_score": 49.132366,
              "hits": [
                {
                  "_nested": {
                    "field": "partyaddresses",
                    "offset": 1
                  },
                  "_score": 49.132366,
                  "_source": {
                    "partyaddresses": {
                      "AddressLine2": "PO BOX 1150",
                      "AddressLine1": "% AIMS",
                      "CountryName": "UNITED STATES OF AMERICA",
                      "StateName": "TENNESSEE",
                      "PostalCode": "38027",
                      "CityName": "COLLIERVILLE"
                    }
                  }
                }
              ]
            }
          }
        }
      },
      {
        "_index": "accountdetails",
        "_type": "account_info",
        "_id": "2514",
        "_score": 47.456516,
        "_source": {
          "OrganizationName": "ARKANSAS BOX LLC",
          "PartyID": "2514"
        },
        "inner_hits": {
          "partyaddresses": {
            "hits": {
              "total": 1,
              "max_score": 40.395977,
              "hits": [
                {
                  "_nested": {
                    "field": "partyaddresses",
                    "offset": 0
                  },
                  "_score": 40.395977,
                  "_source": {
                    "partyaddresses": {
                      "AddressLine2": null,
                      "AddressLine1": "#1 ARCHERY LANE",
                      "CountryName": "UNITED STATES OF AMERICA",
                      "StateName": "OKLAHOMA",
                      "PostalCode": "74902",
                      "CityName": "POCOLA"
                    }
                  }
                }
              ]
            }
          }
        }
      },
      {
        "_index": "accountdetails",
        "_type": "account_info",
        "_id": "15880",
        "_score": 43.720127,
        "_source": {
          "OrganizationName": "GREEN BAY PACKAGING INC",
          "PartyID": "15880"
        },
        "inner_hits": {
          "partyaddresses": {
            "hits": {
              "total": 1,
              "max_score": 43.720127,
              "hits": [
                {
                  "_nested": {
                    "field": "partyaddresses",
                    "offset": 0
                  },
                  "_score": 43.720127,
                  "_source": {
                    "partyaddresses": {
                      "AddressLine2": "338 HWY 113 S",
                      "AddressLine1": "% ARKANSAS KRAFT DIV",
                      "CountryName": "UNITED STATES OF AMERICA",
                      "StateName": "ARKANSAS",
                      "PostalCode": "72110",
                      "CityName": "MORRILTON"
                    }
                  }
                }
              ]
            }
          }
        }
      },
      {
        "_index": "accountdetails",
        "_type": "account_info",
        "_id": "133285",
        "_score": 41.576473,
        "_source": {
          "OrganizationName": "BEMIS COMPANY, INC",
          "PartyID": "133285"
        },
        "inner_hits": {
          "partyaddresses": {
            "hits": {
              "total": 3,
              "max_score": 41.576473,
              "hits": [
                {
                  "_nested": {
                    "field": "partyaddresses",
                    "offset": 2
                  },
                  "_score": 41.576473,
                  "_source": {
                    "partyaddresses": {
                      "AddressLine2": "1301 THIRD AVENUE",
                      "AddressLine1": "% CTC SERVICES",
                      "CountryName": "UNITED STATES OF AMERICA",
                      "StateName": "MINNESOTA",
                      "PostalCode": "56001",
                      "CityName": "MANKATO"
                    }
                  }
                }
              ]
            }
          }
        }
      },
      {
        "_index": "accountdetails",
        "_type": "account_info",
        "_id": "1006",
        "_score": 7.6338267,
        "_source": {
          "OrganizationName": "AHLSTROM DEXTER LLC",
          "PartyID": "1006"
        },
        "inner_hits": {
          "partyaddresses": {
            "hits": {
              "total": 0,
              "max_score": null,
              "hits": []
            }
          }
        }
      },
      {
        "_index": "accountdetails",
        "_type": "account_info",
        "_id": "171707",
        "_score": 7.259452,
        "_source": {
          "OrganizationName": "NESTLE WATERS NORTH AMERICA",
          "PartyID": "171707"
        },
        "inner_hits": {
          "partyaddresses": {
            "hits": {
              "total": 1,
              "max_score": 0.34856427,
              "hits": [
                {
                  "_nested": {
                    "field": "partyaddresses",
                    "offset": 0
                  },
                  "_score": 0.34856427,
                  "_source": {
                    "partyaddresses": {
                      "AddressLine2": "PO BOX 6554",
                      "AddressLine1": "% CASS INFORMATION SYSTEM",
                      "CountryName": "UNITED STATES OF AMERICA",
                      "StateName": "MASSACHUSETTS",
                      "PostalCode": "1824",
                      "CityName": "CHELMSFORD"
                    }
                  }
                }
              ]
            }
          }
        }
      },
      {
        "_index": "accountdetails",
        "_type": "account_info",
        "_id": "436055",
        "_score": 6.657658,
        "_source": {
          "OrganizationName": "PERRIER GROUP OF AMERICA, INC",
          "PartyID": "436055"
        },
        "inner_hits": {
          "partyaddresses": {
            "hits": {
              "total": 1,
              "max_score": 0.012903404,
              "hits": [
                {
                  "_nested": {
                    "field": "partyaddresses",
                    "offset": 0
                  },
                  "_score": 0.012903404,
                  "_source": {
                    "partyaddresses": {
                      "AddressLine2": "13001 HOLLENBERG",
                      "AddressLine1": "% CASS",
                      "CountryName": "UNITED STATES OF AMERICA",
                      "StateName": "MISSOURI",
                      "PostalCode": "63044",
                      "CityName": "BRIDGETON"
                    }
                  }
                }
              ]
            }
          }
        }
      },
      {
        "_index": "accountdetails",
        "_type": "account_info",
        "_id": "452108",
        "_score": 0.34856427,
        "_source": {
          "OrganizationName": "LOREAL - 3RD PARTY",
          "PartyID": "452108"
        },
        "inner_hits": {
          "partyaddresses": {
            "hits": {
              "total": 2,
              "max_score": 0.34856427,
              "hits": [
                {
                  "_nested": {
                    "field": "partyaddresses",
                    "offset": 1
                  },
                  "_score": 0.34856427,
                  "_source": {
                    "partyaddresses": {
                      "AddressLine2": null,
                      "AddressLine1": "#4 INTERCHANGE BLVD",
                      "CountryName": "UNITED STATES OF AMERICA",
                      "StateName": "SOUTH CAROLINA",
                      "PostalCode": "29607",
                      "CityName": "GREENVILLE"
                    }
                  }
                }
              ]
            }
          }
        }
      },
      {
        "_index": "accountdetails",
        "_type": "account_info",
        "_id": "30086",
        "_score": 0.34856427,
        "_source": {
          "OrganizationName": "POTTERS INDUSTRIES INC",
          "PartyID": "30086"
        },
        "inner_hits": {
          "partyaddresses": {
            "hits": {
              "total": 2,
              "max_score": 0.34856427,
              "hits": [
                {
                  "_nested": {
                    "field": "partyaddresses",
                    "offset": 1
                  },
                  "_score": 0.34856427,
                  "_source": {
                    "partyaddresses": {
                      "AddressLine2": null,
                      "AddressLine1": "#4 INTERCHANGE BLVD",
                      "CountryName": "UNITED STATES OF AMERICA",
                      "StateName": "SOUTH CAROLINA",
                      "PostalCode": "29607",
                      "CityName": "GREENVILLE"
                    }
                  }
                }
              ]
            }
          }
        }
      }
    ]
  }
}