{
  "content": [
    {
      "bulkOrderUploadID": null,
      "status": "FAILED",
      "updateUserId": "rcon359",
      "updatedBy": "Guruprasad",
      "totalCount": 3,
      "processedCount": null,
      "successCount": null,
      "failureCount": null,
      "uploadedDateTime": "2017-06-14T06:50:33.408"
    },
    {
      "bulkOrderUploadID": null,
      "status": "FAILED",
      "updateUserId": "rcon359",
      "updatedBy": "Guruprasad",
      "totalCount": 3,
      "processedCount": null,
      "successCount": null,
      "failureCount": null,
      "uploadedDateTime": "2017-06-14T06:59:43.611"
    },
    {
      "bulkOrderUploadID": null,
      "status": "COMPLETED",
      "updateUserId": "rcon359",
      "updatedBy": "Guruprasad",
      "totalCount": 3,
      "processedCount": null,
      "successCount": null,
      "failureCount": null,
      "uploadedDateTime": "2017-06-14T07:00:40.71"
    },
    {
      "bulkOrderUploadID": null,
      "status": "FAILED",
      "updateUserId": "rcon359",
      "updatedBy": "Guruprasad",
      "totalCount": 3,
      "processedCount": null,
      "successCount": null,
      "failureCount": null,
      "uploadedDateTime": "2017-06-14T07:07:17.333"
    },
    {
      "bulkOrderUploadID": null,
      "status": "FAILED",
      "updateUserId": "rcon359",
      "updatedBy": "Guruprasad",
      "totalCount": 3,
      "processedCount": null,
      "successCount": null,
      "failureCount": null,
      "uploadedDateTime": "2017-06-14T07:31:14.207"
    }
  ],
  "last": false,
  "totalElements": 18,
  "totalPages": 4,
  "size": 5,
  "number": 0,
  "sort": null,
  "first": true,
  "numberOfElements": 5
}