[{
	"value": "Recommended (1)",
	"key": 1
},{
	"value": "Recommended (2)",
	"key": 2
},{
	"value": "Recommended (3)",
	"key": 3
},{
	"value": "Fair (4)",
	"key": 4
},{
	"value": "Fair (5)",
	"key": 5
},{
	"value": "Fair (6)",
	"key": 6
},{
	"value": "Fair (7)",
	"key": 7
},{
	"value": "Not Recommended (8)",
	"key": 8
},{
	"value": "Not Recommended (9)",
	"key": 9
},{
	"value": "Not Recommended (10)",
	"key": 10
},{
	"value": "Do Not Use (13)",
	"key": 13
},{
	"value": "Missing Data (99)",
	"key": 99
}]