{
	"elementsData": [{
		"id": "1",
		"name": "BUSINESS UNIT",
		"isAdded": false,
		"fieldInfo": {
			"fieldId": "financeBusinessUnitCode",
			"fieldType": "dropdown",
			"placeHolder": "Select Business Unit",
			"methodName": "loadService",
			"serviceEndPoint": ["order", "getbusinessunit"],
			"rootNode": ["_embedded", "serviceOfferingBusinessUnitTransitModeAssociations"],
			"leafNodeId": ["financeBusinessUnitServiceOfferingAssociation", "financeBusinessUnitCode"],
			"options": []
		}
	}, {
		"id": "2",
		"name": "SERVICE OFFERING",
		"isAdded": false,
		"fieldInfo": {
			"fieldId": "serviceOfferingCode",
			"fieldType": "dropdown",
			"placeHolder": "Select Service Offering",
			"methodName": "loadService",
			"serviceEndPoint": ["template", "getServiceOffering"],
			"rootNode": ["_embedded", "serviceOfferings"],
			"leafNodeId": ["serviceOfferingCode"],
			"options": []
		}
	}, {
		"id": "3",
		"name": "SERVICE LEVEL",
		"isAdded": false,
		"fieldInfo": {
			"fieldId": "serviceLevelCode",
			"fieldType": "dropdown",
			"placeHolder": "Select Service Level",
			"methodName": "loadService",
			"serviceEndPoint": ["template", "getServiceLevels"],
			"rootNode": ["_embedded", "serviceLevels"],
			"leafNodeId": ["serviceLevel", "serviceLevelCode"],
			"leafNodeName": ["serviceLevel", "serviceLevelDescription"],
			"options": []
		}
	}, {
		"id": "4",
		"name": "TRADING PARTNER",
		"isAdded": false,
		"fieldInfo": {
			"fieldId": "tradingPartnerCode",
			"fieldType": "typeAhead",
			"placeHolder": "Enter Trading Partner",
			"methodName": "initTypeAheadControl",
			"serviceEndPoint": ["template", "getTradingPartners"],
			"rootNode": [],
			"leafNodeId": ["tradingPartnerCode"],
			"leafNodeName": ["tradingPartnerDescription"],
			"method": "getData",
			"params": {"partnerCode": "", "docType": "990,214"},
			"options": [],
			"typeaheadOptionField": "id"
		}
	}, {
		"id": "5",
		"name": "FLEET CODE",
		"isAdded": false,
		"fieldInfo": {
			"fieldId": "fleetCode",
			"fieldType": "typeAhead",
			"multipleOption": false,
			"placeHolder": "Enter Fleet code",
			"methodName": "initTypeAheadControl",
			"serviceEndPoint": ["template", "getFleetCodeServiceURL"],
			"rootNode": [],
			"leafNodeId": ["id"],
			"leafNodeName": ["description"],
			"method": "getData",
			"params": {"start": 0,"end": 10, "fleetcode": ""},
			"options": [],
			"typeaheadOptionField": "id"
		}
	},{
		"id": "50",
		"name": "SOLICITOR CONTACT",
		"isAdded": false,
		"fieldInfo": {
			"fieldId": "solicitorContact",
			"fieldType": "typeAhead",
			"placeHolder": "Enter Solicitor Contact",
			"methodName": "initTypeAheadControl",
			"serviceEndPoint": ["template", "getSolicitorContact"],
			"rootNode": ["hits","hits"],
			"leafNodeId": ["_source","PartyId"],
			"leafNodeName": ["_source","Name"],
			"method": "addData",
			"params": {"size":5,"_source": ["Name","TelephoneNumber","Email","PartyId","AddressID","TelephoneID","EmailID", "PersonRoleTypeCode"], 
        	"query" :{"bool": {"must": [{ "query_string": {"default_field": "PersonRoleTypeCode", "query": "facility",
       	    "default_operator": "AND"}},{"query_string": {"fields": ["Name","TelephoneNumber","Email"],"query": "*","default_operator": "AND"}}]}}},
			"options": [],
			"typeaheadOptionField": "text"
		}
	},{
		"id": "6",
		"name": "SCAC",
		"isAdded": false,
		"fieldInfo": {
			"fieldId": "scac",
			"fieldType": "text",
			"placeHolder": "Enter SCAC",
			"maxlength": 20
		}
	}, {
		"id": "7",
		"name": "ORDER TYPE",
		"isAdded": false,
		"fieldInfo": {
			"fieldId": "orderTypeCode",
			"fieldType": "dropdown",
			"placeHolder": "Please select Order type",
			"methodName": "loadService",
			"serviceEndPoint": ["template", "getOrderType"],
			"rootNode": ["_embedded", "orderTypes"],
			"leafNodeId": ["orderTypeCode"],
			"leafNodeName": ["orderTypeDescription"],
			"options": []
		}
	}, {
		"id": "8",
		"name": "HIGH VALUE",
		"isAdded": false,
		"fieldInfo": {
			"fieldId": "orderHighValueIndicator",
			"fieldType": "checkbox",
			"placeHolder": ""
				
		}
	}, {
		"id": "9",
		"name": "REFRIGERATED ATTRIBUTE",
		"isAdded": false,
		"fieldInfo": {
			"fieldId": "orderRefrigeratedIndicator",
			"fieldType": "checkbox",
			"placeHolder": ""
		}
	}, {
		"id": "10",
		"name": "FOOD SAFETY INDICATOR",
		"isAdded": false,
		"fieldInfo": {
			"fieldId": "orderFoodSafetyIndicator",
			"fieldType": "checkbox"
		}
	}, {
		"id": "11",
		"name": "PRE COOL",
		"isAdded": false,
		"fieldInfo": {
			"fieldId": "preCoolIndicator",
			"fieldType": "temperatureControl"
		}
	}, {
		"id": "12",
		"name": "OPERATING TEMPERATURE RANGE",
		"isAdded": false,
		"fieldInfo": {
			"fieldId": "operatingTemperature",
			"fieldType": "temperatureControl"
		}
	}, {
		"id": "15",
		"name": "OPERATIONAL(ORDER) SERVICES",
		"isAdded": false,
		"fieldInfo": {
			"fieldId": "operationalservices",
			"fieldType": "select",
			"multipleOption": true,
			"placeHolder": "Operational services",
			"methodName": "loadService",
			"serviceEndPoint": ["template", "getOperationalServices"],
			"rootNode": ["_embedded", "serviceTypes"],
			"leafNodeId": ["serviceTypeCode"],
			"leafNodeName": ["serviceTypeDescription"],
			"params": {"serviceCategoryCode": "ReqServ"},
			"options": []
		}
	}, {
		"id": "16",
		"name": "TEMPLATE ACTIVE STATUS",
		"isAdded": false,
		"fieldInfo": {
			"fieldId": "templateStatus",
			"fieldType": "checkbox",
			"placeHolder": ""
		}
	}, {
		"id": "17",
		"name": "CARGO CROSSES BORDER - PARTY/CODE",
		"isAdded": false,
		"fieldInfo": {
			"fieldId": "templateCrossBorderDetails",
			"fieldType": "crossBorderParties"
		}
	}, {
		"id": "18",
		"name": "CARGO IS MOVING INBOND - BOND HOLDER ROLE",
		"isAdded": false,
		"fieldInfo": {
			"fieldId": "bondHolder",
			"fieldType": "dropdown",
			"placeHolder": "Please select bond holder role",
			"methodName": "loadService",
			"serviceEndPoint": ["template", "getBondHolderRole"],
			"rootNode": ["_embedded", "bondHolders"],
			"leafNodeId": ["bondHolderCode"],
			"leafNodeName": ["bondHolderDescription"],
			"options": []
		}
	}, {
		"id": "19",
		"name": "CARGO IS MOVING INBOND - BOND HOLDER PARTY",
		"isAdded": false,
		"fieldInfo": {
			"fieldId": "bondHolderCarrierTypeCode",
			"fieldType": "dropdown",
			"placeHolder": "Please select bond holder party",
			"methodName": "loadService",
			"serviceEndPoint": ["template", "getBondHolderParty"],
			"rootNode": ["_embedded", "bondHolderCarriers"],
			"leafNodeId": ["bondHolderCode"],
			"leafNodeName": ["bondHolderCarrierTypeDescription"],
			"options": []
		}
	}, {
		"id": "20",
		"name": "CARGO IS MOVING INBOND - BOND TYPE",
		"isAdded": false,
		"fieldInfo": {
			"fieldId": "bondType",
			"fieldType": "dropdown",
			"placeHolder": "Please select bond holder type",
			"methodName": "loadService",
			"serviceEndPoint": ["order", "getbondholdertype"],
			"rootNode": ["_embedded", "bondTypes"],
			"leafNodeId": ["bondTypeCode"],
			"leafNodeName": ["bondTypeDescription"],
			"options": []
		}
	}, {
		"id": "21",
		"name": "CARGO IS MOVING INBOND - BOND ID",
		"isAdded": false,
		"fieldInfo": {
			"fieldId": "bondNumber",
			"fieldType": "text",
			"placeHolder": "Enter Bond ID",
			"pattern": "nospecial",
			"maxlength": 20
		}
	}, {
		"id": "22",
		"name": "CARGO IS MOVING INBOND - PORT OF ENTRY",
		"isAdded": false,
		"fieldInfo": {
			"fieldId": "portOfEntry",
			"fieldType": "dropdown",
			"placeHolder": "Please select port of entry",
			"methodName": "loadService",
			"serviceEndPoint": ["template", "getPortOfEntry"],
			"rootNode": ["EntryPort"],
			"leafNodeId": ["id"],
			"leafNodeName": ["description"],
			"options": []
		}
	}, {
		"id": "23",
		"name": "CARGO IS MOVING INBOND - PORT OF EXIT",
		"isAdded": false,
		"fieldInfo": {
			"fieldId": "portOfExit",
			"fieldType": "dropdown",
			"placeHolder": "Please select port of exit",
			"methodName": "loadService",
			"serviceEndPoint": ["template", "getPortOfExit"],
			"rootNode": ["ExitPort"],
			"leafNodeId": ["code"],
			"leafNodeName": ["description"],
			"options": []
		}
	}, {
		"id": "24",
		"name": "CARGO CROSSES BORDER - INTERNATIONAL SERVICES",
		"isAdded": false,
		"fieldInfo": {
			"fieldId": "internationalServices",
			"fieldType": "dropdown",
			"placeHolder": "Please select International services",
			"methodName": "loadService",
			"serviceEndPoint": ["order", "getinternationalservices"],
			"rootNode": ["_embedded", "serviceTypes"],
			"leafNodeId": ["serviceTypeCode"],
			"leafNodeName": ["serviceTypeDescription"],
			"params": {"serviceCategoryCode": "IOS"},
			"options": []
		}
	}, {
		"id": "25",
		"name": "EQUIPMENT CATEGORY & TYPE",
		"isAdded": false,
		"fieldInfo": {
			"fieldId": "equipmentcattype",
			"fieldType": "equipmentcattype",
			"placeHolder": "Equipment Category & Type",
			"options": []
		}
	}, {
		"id": "26",
		"name": "EQUIPMENT LENGTH",
		"isAdded": false,
		"fieldInfo": {
			"fieldId": "equipmentlength",
			"fieldType": "dropdown",
			"placeHolder": "Please select Equipment Length",
			"methodName": "loadService",
			"serviceEndPoint": ["template", "getEquipmentLength"],
			"rootNode": ["_embedded", "equipmentRequirementSpecificationAssociations"],
			"leafNodeId": ["equipmentRequirementSpecificationAssociationID"],
			"leafNodeName": ["equipmentRequirementSpecification", "equipmentRequirementSpecificationDescription"],
			"options": []
		}
	}, {
		"id": "27",
		"name": "EQUIPMENT CLASS REQUIRED FLAG",
		"isAdded": false,
		"fieldInfo": {
			"fieldId": "equipmentcategoryflag",
			"fieldType": "checkbox"
		}
	}, {
		"id": "28",
		"name": "EQUIPMENT LENGTH REQUIRED FLAG",
		"isAdded": false,
		"fieldInfo": {
			"fieldId": "equipmentLengthRequiredIndicator",
			"fieldType": "checkbox"
		}
	}, {
		"id": "29",
		"name": "EQUIPMENT TYPE REQUIRED FLAG",
		"isAdded": false,
		"fieldInfo": {
			"fieldId": "equipmentTypeRequiredIndicator",
			"fieldType": "checkbox"
		}
	}, {
		"id": "30",
		"name": "FLOOR  REQUIREMENT",
		"isAdded": false,
		"fieldInfo": {
			"fieldId": "floorRequirement",
			"fieldType": "dropdown",
			"placeHolder": "Please select Floor Requirement",
			"methodName": "getEquipmentOptionsDropDownByType",
			"equipType": "Floor",
			"options": []
		}
	}, {
		"id": "31",
		"name": "DOOR REQUIREMENT",
		"isAdded": false,
		"fieldInfo": {
			"fieldId": "doorRequirement",
			"fieldType": "dropdown",
			"placeHolder": "Please select Door Requirement",
			"methodName": "getEquipmentOptionsDropDownByType",
			"equipType": "Door",
			"options": []
		}
	}, {
		"id": "32",
		"name": "ROOF REQUIREMENT",
		"isAdded": false,
		"fieldInfo": {
			"fieldId": "roofRequirement",
			"fieldType": "dropdown",
			"placeHolder": "Please select Roof Requirement",
			"methodName": "getEquipmentOptionsDropDownByType",
			"equipType": "Roof",
			"options": []
		}
	}, {
		"id": "33",
		"name": "ADDITIONAL TRAILER SPECIFICATION",
		"isAdded": false,
		"fieldInfo": {
			"fieldId": "additionalTrailer",
			"fieldType": "select",
			"multipleOption": true,
			"placeHolder": "Additional Trailer Specification",
			"methodName": "getAdditionalTrailerRequirement"
		}
	}, {
		"id": "34",
		"name": "FREIGHT SECUREMENT REQUIREMENT",
		"isAdded": false,
		"fieldInfo": {
			"fieldId": "freightSecurement",
			"fieldType": "select",
			"multipleOption": true,
			"placeHolder": "Please select Freight Requirement",
			"methodName": "getEquipmentOptionsTagsByType",
			"serviceEndPoint": ["template", "getEquipmentOption"],
			"rootNode": [],
			"leafNodeId": ["equipmentRequirementSpecificationAssociationID"],
			"leafNodeName": ["associatedDescription"],
			"equipType": "Freight",
			"typeCodeNode": ["code"],
			"options": []
		}
	}, {
		"id": "35",
		"name": "PERSONAL PROTECTION EQUIPMENT",
		"isAdded": false,
		"fieldInfo": {
			"fieldId": "personalProtectionEquipment",
			"fieldType": "select",
			"multipleOption": true,
			"placeHolder": "Please select Personal Protection Equipment",
			"methodName": "getEquipmentOptionsTagsByType",
			"serviceEndPoint": ["order", "getProtectionMaterialHandling"],
			"rootNode": ["_embedded", "equipmentRequirementSpecificationAssociations"],
			"leafNodeId": ["equipmentRequirementSpecificationAssociationID"],
			"leafNodeName": ["equipmentRequirementSpecification", "equipmentRequirementSpecificationDescription"],
			"equipType": "PersnalPro",
			"typeCodeNode": ["equipmentRequirementType", "equipmentRequirementTypeCode"],
			"options": []
		}
	}, {
		"id": "36",
		"name": "MATERIAL HANDLING EQUIPMENT",
		"isAdded": false,
		"fieldInfo": {
			"fieldId": "materialHandlingEquipment",
			"fieldType": "select",
			"multipleOption": true,
			"placeHolder": "Please select Material Handling Equipment",
			"methodName": "getEquipmentOptionsTagsByType",
			"serviceEndPoint": ["order", "getProtectionMaterialHandling"],
			"rootNode": ["_embedded", "equipmentRequirementSpecificationAssociations"],
			"leafNodeId": ["equipmentRequirementSpecificationAssociationID"],
			"leafNodeName": ["equipmentRequirementSpecification", "equipmentRequirementSpecificationDescription"],
			"equipType": "MatHandEqu",
			"typeCodeNode": ["equipmentRequirementType", "equipmentRequirementTypeCode"],
			"options": []
		}
	}, {
		"id": "37",
		"name": "BILL TO",
		"isAdded": false,
		"fieldInfo": {
			"fieldId": "billingDetail",
			"fieldType": "userprofile",
			"profileType": "Bill To",
			"addressType": "FREIGHT BILL",
			"placeHolder": "Bill To Account Address, Name or Code",
			"showContact": "true"
		}
	}, {
		"id": "38",
		"name": "FREIGHT CHARGE TERMS",
		"isAdded": false,
		"fieldInfo": {
			"fieldId": "freightChargeTermTypeCode",
			"fieldType": "dropdown",
			"placeHolder": "Please select Freight charge terms",
			"methodName": "loadService",
			"serviceEndPoint": ["order", "getfreightchargeterms"],
			"rootNode": ["_embedded", "freightChargeTerms"],
			"leafNodeId": ["freightCode"],
			"params": {"allowedValueType": "FRGHT CHRG"},
			"options": []
		}
	}, {
		"id": "39",
		"name": "AUTO RATE",
		"isAdded": false,
		"fieldInfo": {
			"fieldId": "autoRateIndicator",
			"fieldType": "checkbox"
		}
	}, {
		"id": "40",
		"name": "LINE OF BUSINESS",
		"isAdded": false,
		"fieldInfo": {
			"fieldId": "businessLineCode",
			"fieldType": "userprofile",
			"profileType": "LineOfBusiness",
			"addressType": "physical",
			"placeHolder": "Line of Business",
			"showContact": "true"
		}
	}, {
		"id": "41",
		"name": "ADDITIONAL PARTY",
		"isAdded": false,
		"fieldInfo": {
			"fieldId": "templateAssociatedParties",
			"fieldType": "additionalParties"
		}
	}, {
		"id": "42",
		"name": "ORIGIN SITE CODE/LOCATION",
		"isAdded": false,
		"fieldInfo": {
			"fieldId": "originLocation",
			"fieldType": "userprofile",
			"profileType": "Shipper",
			"addressType": "PHYSICAL",
			"placeHolder": "Location",
			"showContact": "true"
		}
	}, {
		"id": "43",
		"name": "DESTINATION SITE CODE/LOCATION",
		"isAdded": false,
		"fieldInfo": {
			"fieldId": "destinationLocation",
			"fieldType": "userprofile",
			"profileType": "Receiver",
			"addressType": "PHYSICAL",
			"placeHolder": "Location",
			"showContact": "true"
		}
	}, {
		"id": "44",
		"name": "ORIGIN APPOINTMENT INSTRUCTION",
		"isAdded": false,
		"fieldInfo": {
			"fieldId": "originAppointmentInstruction",
			"fieldType": "select",
			"multipleOption": true,
			"placeHolder": "Appointment Instruction",
			"methodName": "loadService",
			"serviceEndPoint": ["template", "getappointmentinstructions"],
			"rootNode": ["_embedded", "appointmentInstructions"],
			"leafNodeId": ["appointmentInstructionID"],
			"leafNodeName": ["appointmentInstructionText"],
			"options": []
		}
	}, {
		"id": "45",
		"name": "DESTINATION APPOINTMENT INSTRUCTION",
		"isAdded": false,
		"fieldInfo": {
			"fieldId": "destinationAppointmentInstruction",
			"fieldType": "select",
			"multipleOption": true,
			"placeHolder": "Appointment Instruction",
			"methodName": "loadService",
			"serviceEndPoint": ["template", "getappointmentinstructions"],
			"rootNode": ["_embedded", "appointmentInstructions"],
			"leafNodeId": ["appointmentInstructionID"],
			"leafNodeName": ["appointmentInstructionText"],
			"options": []
		}
	}, {
		"id": "46",
		"name": "ORIGIN APPOINTMENT TIME",
		"isAdded": false,
		"fieldInfo": {
			"fieldId": "originappointmentTime",
			"fieldType": "datetime"
		}
	}, {
		"id": "47",
		"name": "DESTINATION APPOINTMENT TIME",
		"isAdded": false,
		"fieldInfo": {
			"fieldId": "destappointmentTime",
			"fieldType": "datetime"
		}
	}, {
		"id": "48",
		"name": "ORIGIN STOP SERVICE",
		"isAdded": false,
		"fieldInfo": {
			"fieldId": "originStopServices",
			"fieldType": "select",
			"multipleOption": true,
			"placeHolder": "Stop services",
			"methodName": "loadService",
			"serviceEndPoint": ["template", "getOriginStopServices"],
			"rootNode": ["_embedded", "serviceTypes"],
			"leafNodeId": ["serviceTypeCode"],
			"leafNodeName": ["serviceTypeDescription"],
			"options": []
		}
	}, {
		"id": "49",
		"name": "DESTINATION STOP SERVICE",
		"isAdded": false,
		"fieldInfo": {
			"fieldId": "destinationStopServices",
			"fieldType": "select",
			"multipleOption": true,
			"placeHolder": "Stop services",
			"methodName": "loadService",
			"serviceEndPoint": ["template", "getDestinationStopServices"],
			"rootNode": ["_embedded", "serviceTypes"],
			"leafNodeId": ["serviceTypeCode"],
			"leafNodeName": ["serviceTypeDescription"],
			"options": []
		}
	}]
}