{
  "took": 31,
  "timed_out": false,
  "_shards": {
    "total": 5,
    "successful": 5,
    "failed": 0
  },
  "hits": {
    "total": 69,
    "max_score": 5.457457,
    "hits": [
      {
        "_index": "searchcontact",
        "_type": "account_contacts",
        "_id": "923060",
        "_score": 5.457457,
        "_source": {
          "PartyRoleID": "923060",
          "Name": "JOANNE HAMBRICK"
        },
        "inner_hits": {
          "contact_modes": {
            "hits": {
              "total": 2,
              "max_score": 2.1377103,
              "hits": [
                {
                  "_nested": {
                    "field": "contact_modes",
                    "offset": 2
                  },
                  "_score": 2.1377103,
                  "_source": {
                    "contact_modes": {
                      "Email": "jhambrick@academy.com",
                      "AccountRole": "SOLICITOR",
                      "TelephoneNumber": null
                    }
                  }
                },
                {
                  "_nested": {
                    "field": "contact_modes",
                    "offset": 1
                  },
                  "_score": 0.46623716,
                  "_source": {
                    "contact_modes": {
                      "Email": null,
                      "AccountRole": "SOLICITOR",
                      "TelephoneNumber": "6465652"
                    }
                  }
                }
              ]
            }
          }
        }
      },
      {
        "_index": "searchcontact",
        "_type": "account_contacts",
        "_id": "923043",
        "_score": 3.6006558,
        "_source": {
          "PartyRoleID": "923043",
          "Name": "JOANNE HAMBRICK"
        },
        "inner_hits": {
          "contact_modes": {
            "hits": {
              "total": 2,
              "max_score": 2.1656191,
              "hits": [
                {
                  "_nested": {
                    "field": "contact_modes",
                    "offset": 1
                  },
                  "_score": 2.1656191,
                  "_source": {
                    "contact_modes": {
                      "Email": "JHAMBRICK@ACADEMY.COM",
                      "AccountRole": "SOLICITOR",
                      "TelephoneNumber": null
                    }
                  }
                },
                {
                  "_nested": {
                    "field": "contact_modes",
                    "offset": 2
                  },
                  "_score": 0.5561813,
                  "_source": {
                    "contact_modes": {
                      "Email": null,
                      "AccountRole": "SOLICITOR",
                      "TelephoneNumber": "6465652"
                    }
                  }
                }
              ]
            }
          }
        }
      },
      {
        "_index": "searchcontact",
        "_type": "account_contacts",
        "_id": "923039",
        "_score": 3.6006558,
        "_source": {
          "PartyRoleID": "923039",
          "Name": "JOANNE HAMBRICK"
        },
        "inner_hits": {
          "contact_modes": {
            "hits": {
              "total": 2,
              "max_score": 2.1656191,
              "hits": [
                {
                  "_nested": {
                    "field": "contact_modes",
                    "offset": 2
                  },
                  "_score": 2.1656191,
                  "_source": {
                    "contact_modes": {
                      "Email": "JHAMBRICK@ACADEMY.COM",
                      "AccountRole": "SOLICITOR",
                      "TelephoneNumber": null
                    }
                  }
                },
                {
                  "_nested": {
                    "field": "contact_modes",
                    "offset": 1
                  },
                  "_score": 0.5561813,
                  "_source": {
                    "contact_modes": {
                      "Email": null,
                      "AccountRole": "SOLICITOR",
                      "TelephoneNumber": "6465652"
                    }
                  }
                }
              ]
            }
          }
        }
      },
      {
        "_index": "searchcontact",
        "_type": "account_contacts",
        "_id": "923046",
        "_score": 3.6006558,
        "_source": {
          "PartyRoleID": "923046",
          "Name": "JOANNE HAMBRICK"
        },
        "inner_hits": {
          "contact_modes": {
            "hits": {
              "total": 2,
              "max_score": 2.1656191,
              "hits": [
                {
                  "_nested": {
                    "field": "contact_modes",
                    "offset": 2
                  },
                  "_score": 2.1656191,
                  "_source": {
                    "contact_modes": {
                      "Email": "JHAMBRICK@ACADEMY.COM",
                      "AccountRole": "SOLICITOR",
                      "TelephoneNumber": null
                    }
                  }
                },
                {
                  "_nested": {
                    "field": "contact_modes",
                    "offset": 1
                  },
                  "_score": 0.5561813,
                  "_source": {
                    "contact_modes": {
                      "Email": null,
                      "AccountRole": "SOLICITOR",
                      "TelephoneNumber": "6465652"
                    }
                  }
                }
              ]
            }
          }
        }
      },
      {
        "_index": "searchcontact",
        "_type": "account_contacts",
        "_id": "923049",
        "_score": 3.6006558,
        "_source": {
          "PartyRoleID": "923049",
          "Name": "JOANNE HAMBRICK"
        },
        "inner_hits": {
          "contact_modes": {
            "hits": {
              "total": 2,
              "max_score": 2.1656191,
              "hits": [
                {
                  "_nested": {
                    "field": "contact_modes",
                    "offset": 2
                  },
                  "_score": 2.1656191,
                  "_source": {
                    "contact_modes": {
                      "Email": "JHAMBRICK@ACADEMY.COM",
                      "AccountRole": "SOLICITOR",
                      "TelephoneNumber": null
                    }
                  }
                },
                {
                  "_nested": {
                    "field": "contact_modes",
                    "offset": 1
                  },
                  "_score": 0.5561813,
                  "_source": {
                    "contact_modes": {
                      "Email": null,
                      "AccountRole": "SOLICITOR",
                      "TelephoneNumber": "6465652"
                    }
                  }
                }
              ]
            }
          }
        }
      },
      {
        "_index": "searchcontact",
        "_type": "account_contacts",
        "_id": "923055",
        "_score": 3.6006558,
        "_source": {
          "PartyRoleID": "923055",
          "Name": "JOANNE HAMBRICK"
        },
        "inner_hits": {
          "contact_modes": {
            "hits": {
              "total": 2,
              "max_score": 2.1656191,
              "hits": [
                {
                  "_nested": {
                    "field": "contact_modes",
                    "offset": 1
                  },
                  "_score": 2.1656191,
                  "_source": {
                    "contact_modes": {
                      "Email": "jhambrick@academy.com",
                      "AccountRole": "SOLICITOR",
                      "TelephoneNumber": null
                    }
                  }
                },
                {
                  "_nested": {
                    "field": "contact_modes",
                    "offset": 2
                  },
                  "_score": 0.5561813,
                  "_source": {
                    "contact_modes": {
                      "Email": null,
                      "AccountRole": "SOLICITOR",
                      "TelephoneNumber": "6465652"
                    }
                  }
                }
              ]
            }
          }
        }
      },
      {
        "_index": "searchcontact",
        "_type": "account_contacts",
        "_id": "923045",
        "_score": 3.5331583,
        "_source": {
          "PartyRoleID": "923045",
          "Name": "JOANNE HAMBRICK"
        },
        "inner_hits": {
          "contact_modes": {
            "hits": {
              "total": 2,
              "max_score": 2.0088239,
              "hits": [
                {
                  "_nested": {
                    "field": "contact_modes",
                    "offset": 1
                  },
                  "_score": 2.0088239,
                  "_source": {
                    "contact_modes": {
                      "Email": "JHAMBRICK@ACADEMY.COM",
                      "AccountRole": "SOLICITOR",
                      "TelephoneNumber": null
                    }
                  }
                },
                {
                  "_nested": {
                    "field": "contact_modes",
                    "offset": 2
                  },
                  "_score": 0.77794373,
                  "_source": {
                    "contact_modes": {
                      "Email": null,
                      "AccountRole": "SOLICITOR",
                      "TelephoneNumber": "6465652"
                    }
                  }
                }
              ]
            }
          }
        }
      },
      {
        "_index": "searchcontact",
        "_type": "account_contacts",
        "_id": "923048",
        "_score": 3.5331583,
        "_source": {
          "PartyRoleID": "923048",
          "Name": "JOANNE HAMBRICK"
        },
        "inner_hits": {
          "contact_modes": {
            "hits": {
              "total": 2,
              "max_score": 2.0088239,
              "hits": [
                {
                  "_nested": {
                    "field": "contact_modes",
                    "offset": 2
                  },
                  "_score": 2.0088239,
                  "_source": {
                    "contact_modes": {
                      "Email": "JHAMBRICK@ACADEMY.COM",
                      "AccountRole": "SOLICITOR",
                      "TelephoneNumber": null
                    }
                  }
                },
                {
                  "_nested": {
                    "field": "contact_modes",
                    "offset": 1
                  },
                  "_score": 0.77794373,
                  "_source": {
                    "contact_modes": {
                      "Email": null,
                      "AccountRole": "SOLICITOR",
                      "TelephoneNumber": "6465652"
                    }
                  }
                }
              ]
            }
          }
        }
      },
      {
        "_index": "searchcontact",
        "_type": "account_contacts",
        "_id": "923057",
        "_score": 3.5331583,
        "_source": {
          "PartyRoleID": "923057",
          "Name": "JOANNE HAMBRICK"
        },
        "inner_hits": {
          "contact_modes": {
            "hits": {
              "total": 2,
              "max_score": 2.0088239,
              "hits": [
                {
                  "_nested": {
                    "field": "contact_modes",
                    "offset": 2
                  },
                  "_score": 2.0088239,
                  "_source": {
                    "contact_modes": {
                      "Email": "jhambrick@academy.com",
                      "AccountRole": "SOLICITOR",
                      "TelephoneNumber": null
                    }
                  }
                },
                {
                  "_nested": {
                    "field": "contact_modes",
                    "offset": 1
                  },
                  "_score": 0.77794373,
                  "_source": {
                    "contact_modes": {
                      "Email": null,
                      "AccountRole": "SOLICITOR",
                      "TelephoneNumber": "6465652"
                    }
                  }
                }
              ]
            }
          }
        }
      },
      {
        "_index": "searchcontact",
        "_type": "account_contacts",
        "_id": "923038",
        "_score": 2.7073574,
        "_source": {
          "PartyRoleID": "923038",
          "Name": "JOANNE HAMBRICK"
        },
        "inner_hits": {
          "contact_modes": {
            "hits": {
              "total": 2,
              "max_score": 1.7018112,
              "hits": [
                {
                  "_nested": {
                    "field": "contact_modes",
                    "offset": 1
                  },
                  "_score": 1.7018112,
                  "_source": {
                    "contact_modes": {
                      "Email": "JHAMBRICK@ACADEMY.COM",
                      "AccountRole": "SOLICITOR",
                      "TelephoneNumber": null
                    }
                  }
                },
                {
                  "_nested": {
                    "field": "contact_modes",
                    "offset": 2
                  },
                  "_score": 0.8183103,
                  "_source": {
                    "contact_modes": {
                      "Email": null,
                      "AccountRole": "SOLICITOR",
                      "TelephoneNumber": "6465652"
                    }
                  }
                }
              ]
            }
          }
        }
      }
    ]
  }
}