{
  "orderID" : null,
  "serviceOfferingCode" : null,
  "shipmentIdentificationNumber" : null,
  "orderSourceCode" : null,
  "orderAdditionalInstruction" : null,
  "orderTrackingNumber" : null,
  "orderValueAmount" : null,
  "orderStatusCode" : "Incomplete",
  "customerID" : null,
  "requestedServiceLevelCode" : null,
  "transitModeCode" : null,
  "financeBusinessUnitCode" : null,
  "orderHighValueIndicator" : false,
  "owner" : null,
  "creator" : null,
  "acceptanceType" : null,
  "numberOfStops" : null,
  "loadNumber" : null,
  "loadStatus" : null,
  "spotPriceNumber" : null,
  "orderStatusReasonCode" : null,
  "trackingStatus" : null,
  "serviceStatus" : null,
  "measureOfTime" : null,
  "autoAccept" : null,
  "desirabilityIndex" : null,
  "chargeDTOs" : null,
  "orderBillingDetailDTOs" : [ ],
  "orderServices" : [ ],
  "orderRequestorDTOs" : [ ],
  "orderAssociatedParties" : [ ],
  "internationalOrderElement" : [ ],
  "internationalService" : null,
  "orderCrossesBorderDetailDTOs" : [ ],
  "orderOperationalElements" : null,
  "orderMonitorInformations" : [ ],
  "orderEquipmentRequirementDTOs" : [ ],
  "commentDTOs" : null,
  "stopDTOs" : null,
  "referenceNumberDTOs" : null,
  "orderTransactionalContacts" : null,
  "orderMaterialHandlingRequirementAssociation" : null,
  "servicePriorityTypeCode" : null,
  "orderTypeCode" : "other",
  "orderSubTypeCode" : "CLC",
  "orderValueTypeCode" : null,
  "orderVolumeTypeCode" : null,
  "orderRefrigeratedIndicator" : null,
  "orderGroupingID" : 1,
  "orderUnifiedCustomerRequestAssociations" : [ ],
  "orderAdditionalInstructions" : null,
  "orderCarrierDetails" : [ ],
  "orderStatusWorkflows" : [ ],
  "orderStatusEvents" : [ ],
  "orderFoodSafetyDetails" : [ ],
  "addLinks" : null,
  "restrictedFlag" : false,
  "desirabilityIndexNumber" : null,
  "lastUpdateTimestampString" : "",
  "acceptedOrderModificationID" : null
}