 [{
     "bilMgtPamI": null,
     "valMsrBasTyp": "PARM2",
     "parmNum": 2,
     "pamTyp": "RULE_TYPE",
     "pamVal": "AUTHORIZATION",
     "pamValDcm": null,
     "effTimestamp": "2013-02-07 06:52:36.562354",
     "endTimestamp": "2099-12-31 23:59:59.999999",
     "recStt": "A",
     "createUid": "BOLLING",
     "lstUpdUid": "BOLLING",
     "chargeCode": "DETENTIONP",
     "ruleType": null,
     "assignedUserId": null,
     "dollarLimit": null,
     "billingType": null,
     "frequency": null,
     "authType": null,
     "twentyFourHrCust": null
 }, {
     "bilMgtPamI": null,
     "valMsrBasTyp": "PARM2",
     "parmNum": 2,
     "pamTyp": "ASGN_USER",
     "pamVal": "JOPS021",
     "pamValDcm": null,
     "effTimestamp": "2013-02-07 06:52:36.623066",
     "endTimestamp": "2099-12-31 23:59:59.999999",
     "recStt": "A",
     "createUid": "BOLLING",
     "lstUpdUid": "JCON342",
     "chargeCode": "DETENTIONP",
     "ruleType": null,
     "assignedUserId": null,
     "dollarLimit": null,
     "billingType": null,
     "frequency": null,
     "authType": null,
     "twentyFourHrCust": null
 }, {
     "bilMgtPamI": null,
     "valMsrBasTyp": "PARM2",
     "parmNum": 2,
     "pamTyp": "BILL_TYPE",
     "pamVal": "ORDER",
     "pamValDcm": null,
     "effTimestamp": "2013-02-07 06:52:36.666258",
     "endTimestamp": "2099-12-31 23:59:59.999999",
     "recStt": "A",
     "createUid": "BOLLING",
     "lstUpdUid": "BOLLING",
     "chargeCode": "DETENTIONP",
     "ruleType": null,
     "assignedUserId": null,
     "dollarLimit": null,
     "billingType": null,
     "frequency": null,
     "authType": null,
     "twentyFourHrCust": null
 }, {
     "bilMgtPamI": null,
     "valMsrBasTyp": "PARM2",
     "parmNum": 2,
     "pamTyp": "AUTH_TYPE",
     "pamVal": "MANUALAUTH",
     "pamValDcm": null,
     "effTimestamp": "2013-02-07 06:52:36.700918",
     "endTimestamp": "2099-12-31 23:59:59.999999",
     "recStt": "A",
     "createUid": "BOLLING",
     "lstUpdUid": "BOLLING",
     "chargeCode": "DETENTIONP",
     "ruleType": null,
     "assignedUserId": null,
     "dollarLimit": null,
     "billingType": null,
     "frequency": null,
     "authType": null,
     "twentyFourHrCust": null
 }, {
     "bilMgtPamI": null,
     "valMsrBasTyp": "PARM2",
     "parmNum": 2,
     "pamTyp": "24HR_CUST",
     "pamVal": "NO",
     "pamValDcm": null,
     "effTimestamp": "2013-02-07 06:52:36.760142",
     "endTimestamp": "2099-12-31 23:59:59.999999",
     "recStt": "A",
     "createUid": "BOLLING",
     "lstUpdUid": "BOLLING",
     "chargeCode": "DETENTIONP",
     "ruleType": null,
     "assignedUserId": null,
     "dollarLimit": null,
     "billingType": null,
     "frequency": null,
     "authType": null,
     "twentyFourHrCust": null
 }]
