[{
    "list": [{
        "id": "1",
        "axsChargeCode": "Blank"
    }, {
        "id": "2",
        "axsChargeCode": "Detention"
    }, {
        "id": "3",
        "axsChargeCode": "Detentionp"
    }, {
        "id": "4",
        "axsChargeCode": "Dewelldetn"
    }, {
        "id": "5",
        "axsChargeCode": "Driver load"
    }, {
        "id": "6",
        "axsChargeCode": "Driver unld"
    }, {
        "id": "7",
        "axsChargeCode": "Lump load"
    }, {
        "id": "8",
        "axsChargeCode": "Lump unld"
    }]
}, {
    "default": [{
        "id": "1",
        "axsChargeCode": "Blank"
    }]
}]
