{
    "deleteRule": [{
            "chargeCode": "Detention",
            "splitBillAccountName": "Nautilus, Inc (NAVA35)",
            "paperwork": "Loads",
            "accessorialonOriginal": "Never",
            "billingType": "Order",
            "timeLimit": "4",
            "listNumber": "4"
        }, {
            "chargeCode": "Detention1",
            "splitBillAccountName": "Nautilus, Inc (NAVA351)",
            "paperwork": "Loads1",
            "accessorialonOriginal": "Never1",
            "billingType": "Order1",
            "timeLimit": "4",
            "listNumber": "4"
        }, {
            "chargeCode": "Detention1",
            "splitBillAccountName": "Nautilus, Inc (NAVA351)",
            "paperwork": "Loads1",
            "accessorialonOriginal": "Never1",
            "billingType": "Order1",
            "timeLimit": "4",
            "listNumber": "4"
        }

    ]
}
