[{
    "bilMgtPamI": null,
    "valMsrBasTyp": null,
    "parmNum": 1,
    "pamTyp": "AFT_HR_CTF",
    "pamVal": "17:00",
    "pamValDcm": null,
    "effTimestamp": "2015-11-18 19:35:57.123841",
    "endTimestamp": "2099-12-31 23:59:59.999999",
    "recStt": "A",
    "createUid": "JISAPR3",
    "lstUpdUid": "JISAPR3",
    "chargeCode": "DWELLDETN",
    "listNumber": null,
    "eventType": null,
    "notificationCategory": null,
    "chargeType": null,
    "outgateDayChargeable": null,
    "afterHoursApplicable": null,
    "afterHoursCutoff": null
}, {
    "bilMgtPamI": null,
    "valMsrBasTyp": null,
    "parmNum": 1,
    "pamTyp": "AFT_HR_APY",
    "pamVal": "YES",
    "pamValDcm": null,
    "effTimestamp": "2015-11-18 19:35:57.123841",
    "endTimestamp": "2099-12-31 23:59:59.999999",
    "recStt": "A",
    "createUid": "JISAPR3",
    "lstUpdUid": "JISAPR3",
    "chargeCode": "DWELLDETN",
    "listNumber": null,
    "eventType": null,
    "notificationCategory": null,
    "chargeType": null,
    "outgateDayChargeable": null,
    "afterHoursApplicable": null,
    "afterHoursCutoff": null
}, {
    "bilMgtPamI": null,
    "valMsrBasTyp": null,
    "parmNum": 1,
    "pamTyp": "OTGT_DAY_C",
    "pamVal": "NO",
    "pamValDcm": null,
    "effTimestamp": "2015-11-18 19:35:57.123841",
    "endTimestamp": "2099-12-31 23:59:59.999999",
    "recStt": "A",
    "createUid": "JISAPR3",
    "lstUpdUid": "JISAPR3",
    "chargeCode": "DWELLDETN",
    "listNumber": null,
    "eventType": null,
    "notificationCategory": null,
    "chargeType": null,
    "outgateDayChargeable": null,
    "afterHoursApplicable": null,
    "afterHoursCutoff": null
}]
