{
    "dwellDetentionListFieldDTO": [{
        "bilMgtPamI": null,
        "valMsrBasTyp": null,
        "parmNum": null,
        "pamTyp": null,
        "pamVal": null,
        "pamValDcm": null,
        "effTimestamp": null,
        "endTimestamp": null,
        "recStt": null,
        "createUid": null,
        "lstUpdUid": null,
        "chargeCode": "DWELLDETN",
        "listNumber": "0",
        "eventType": "Final",
        "notificationCategory": "Receiver",
        "chargeType": "No charge",
        "outgateDayChargeable": "NO",
        "afterHoursApplicable": "YES",
        "afterHoursCutoff": "17:00:00"
    }],
    "chargeCode": [
        "DETENTION"
    ],
    "listNumber": null,
    "eventType": [
        "PRENOTE",
        "FINAL",
        "BOTH"
    ],
    "notificationCategory": [
        "ALL-BILLTO",
        "RECEIVER"
    ],
    "chargeType": [
        "NO CHARGE",
        "NO NOTIFY",
        "BOTH"
    ],
    "outgateDayChargeable": null,
    "afterHoursApplicable": null,
    "afterHoursCutoff": [
        "17:00:00"
    ]
}
