{

  "avlBillToGrp": [
    "SCLO85     : 000049187",
    "SCLO85     : 000049188",
    "SCLO85     : 000049189",
    "SCLO85 : 000904740"
  ],


  "billtoAscOrg": [
    "AALO70     : HJBT JBVAN",
    "ABLO61     : HJBT JBVAN",
    "ABSN19     : HJBT JBHA",
    "ACCI22     : HJBT JBVAN",
    "ACEV11     : HJBT JBVAN",
    "ACLOAE     : HJBT JBVAN",
    "9CCO1      : HJBT JBHA"
  ],


  "avlBillToInSelGrp": [
    "AMMC32     : HJBT JBHA"
  ],
  "avlBillToGrpStr": "SCLO85 : 000267293",
  "avlBillToInSelGrpStr": "AMMC32     : HJBT JBHA",
  "billtoAscOrgStr": "AMMC32     : HJBT JBHA",
  "nacList": [
    "SCLO85"
  ],
  "nacStr": "SCLO85",


  "frtInvDstMode": ["EMAIL", "EDI", "EDI / PAPER", "DUMP", "FTP & PAPER"],
  "invRefNbr": ["APPT NUMBER", "BILL OF LADING", "GL CODE", "SKU", "PO", "ORDER NUMBER", "SALES ORDER", "SHIPPER ID"],


  "supportiveDocs": [
    "BATLUMP",
    "MANFEST"
  ],
  "supportiveDocsStr": null,
  "stmtDetailFormat": [
    " ",
    "FORMAT 1",
    "FORMAT 2",
    "FORMAT 3",
    "FORMAT 4",
    "FORMAT 5",
    "LDLVLDTL2",
    "CHGLVLDTL2",
    "CHGLVLDTL3",
    "CLVLDTLLCG",
    "HDBOLNGBRK"
  ],
  "stmtDetailFormatStr": "",

  "dspLdZeros": ["Yes", "No"],
  "dupFrtInvFlag": ["Yes", "No"],
  "dspInvPrefix": ["Yes", "No"],
  "returnFrtInvFlag": ["Yes", "No"],
  "returnInvoiceName": "",
  "crtPstDueInv": ["Yes", "No"],
  "refNbrReq": ["Yes", "No"],
  "showTransitMode": ["Yes", "No"],
  "prLateFee": ["Yes", "No"],
  "exclAccru": ["Yes", "No"],
  "exclPwrId": ["Yes", "No"],
  "parameterLevel": ["BILL TO", "GROUP"],  

  "addressDTO":
  {
    "adrLine1": ["1700 REDBUD BLVD STE 120", "AddressLineOne2", "AddressLineOne3"],
    "adrLine2": ["AddressLineTwo1", "AddressLineTwo2", "AddressLineTwo3"],
    "adrLine3": ["AddressLineThree1", "AddressLineThree2", "AddressLineThree3"],
    "addrIsSync": ["Yes", "No"],
    "city": ["MCKINNEY", "city2", "city3"],
    "state": ["TEXAS", "Al", "Ch"],
    "postalCode": ["75069", 21223, 23233],
    "country": ["USA", "country2", "country3"]
  }

}
