{
  "customerCode": "COELA6",
  "customerName": "NAURC",
  "division": "HJBT JBHA",
  "department": "BILL TO",
  "primaryCondition": "BILL TO",
  "searchList": null,
  "divisionList": null,
  "searchCount": null,
  "pamListVal": null,
  "refMaskId": "20162",
  "paramList": [
  {
    "paramType": "SHIPPER",
    "paramValue": "SHIPPER1",
    "status": "INACTIVE",
    "condition": "AND"
  },
  {
    "paramType": "RECEIVER",
    "paramValue": "RECEIVER1",
    "status": "INACTIVE",
    "condition": "AND"
  },
  {
    "paramType": "DEST CITY",
    "paramValue": "DALLAS",
    "status": "INACTIVE",
    "condition": "AND"
  },
  {
    "paramType": "ORIG CITY",
    "paramValue": "ARIZONA",
    "status": "INACTIVE",
    "condition": "AND"
  },
  {
    "paramType": "DEST CNTRY",
    "paramValue": "ARIZONA",
    "status": "INACTIVE",
    "condition": "AND"
  },
  {
    "paramType": "ORIG CNTRY",
    "paramValue": "ARIZONA",
    "status": null,
    "condition": "AND"
  },
  {
    "paramType": "COMMODITY",
    "paramValue": "COMMODE",
    "status": "INACTIVE",
    "condition": "AND"
  },
  {
    "paramType": "MODE",
    "paramValue": "MODE",
    "status": null,
    "condition": "AND"
  },
  {
    "paramType": "EQUIP TYPE",
    "paramValue": "EQUIP",
    "status": "INACTIVE",
    "condition": "AND"
  }],
  "filterType": [
    "SHIPPER",
    "RECEIVER",
    "ORIG CITY",
    "DEST CITY",
    "ORIG CNTRY",
    "DEST CNTRY",
    "COMMODITY",
    "MODE",
    "EQUIP TYPE"
  ],
  "schemaType": [
    "ALPHANUM",
    "ALPHA",
    "NUMERIC",
    "SPECIAL"
  ],
  "primaryParameter": null,
  "primaryValue": "COELA6",
  "primaryDivision": "HJBT JBHA",
  "refNumberType": "BOL",
  "maxLength": "10",
  "minLength": "10",
  "typeList": [
  {
    "locNum": null,
    "charType": "SPECIAL",
    "maskDataType": null,
    "constantVal": "0",
    "maskMaxLength": "10",
    "maskMinLength": "10"
  },
  {
    "locNum": null,
    "charType": "SPECIAL",
    "maskDataType": null,
    "constantVal": "7",
    "maskMaxLength": "10",
    "maskMinLength": "10"
  },
  {
    "locNum": null,
    "charType": "SPECIAL",
    "maskDataType": null,
    "constantVal": "0",
    "maskMaxLength": "10",
    "maskMinLength": "10"
  },
  {
    "locNum": null,
    "charType": "NUMERIC",
    "maskDataType": null,
    "constantVal": "",
    "maskMaxLength": "10",
    "maskMinLength": "10"
  },
  {
    "locNum": null,
    "charType": "NUMERIC",
    "maskDataType": null,
    "constantVal": "",
    "maskMaxLength": "10",
    "maskMinLength": "10"
  },
  {
    "locNum": null,
    "charType": "NUMERIC",
    "maskDataType": null,
    "constantVal": "",
    "maskMaxLength": "10",
    "maskMinLength": "10"
  },
  {
    "locNum": null,
    "charType": "NUMERIC",
    "maskDataType": null,
    "constantVal": "",
    "maskMaxLength": "10",
    "maskMinLength": "10"
  },
  {
    "locNum": null,
    "charType": "NUMERIC",
    "maskDataType": null,
    "constantVal": "",
    "maskMaxLength": "10",
    "maskMinLength": "10"
  },
  {
    "locNum": null,
    "charType": "NUMERIC",
    "maskDataType": null,
    "constantVal": "",
    "maskMaxLength": "10",
    "maskMinLength": "10"
  },
  {
    "locNum": null,
    "charType": "NUMERIC",
    "maskDataType": null,
    "constantVal": "",
    "maskMaxLength": "10",
    "maskMinLength": "10"
  }],
  "shipper": null,
  "receiver": null,
  "orgCityState": null,
  "destCityState": null,
  "destCountry": null,
  "commodity": null,
  "mode": null,
  "eqmtType": null,
  "sampleRefNumber": null,
  "status": "INACTIVE",
  "filterExist": null,
  "paramListSize": 9,
  "paramId": null,
  "typeId": null,
  "searchOption": null,
  "testRefNumber": null
}
