[{
    "originInput": "Bentonvillie",
    "originSelect": "Is",
    "destinationInput": "East Street",
    "destinationSelect": "Is",
    "intermediateInput": "Coco Cola Warehouse",
    "intermediateSelect": "Is",
    "billToInput": "2014 East Street, Bentonvillie, AR, 72717, Coco Cola Warehouse (317CA)",
    "billToSelect": "Is",
    "offFacilityInput": "AR, 72717, Coco Cola Warehouse",
    "offFacilitySelect": "Is",
    "accessorialAmountInput": "500$",
    "accessorialAmountSelect": "Is",
    "modeSelect": "Is",
    "modeSelection": "Mode 1",
    "stopSelect": "Is",
    "stopSelection": "Stop 1"
}]
