{
    "condition": [{
            "equalDesc": "EQUAL",
            "equalCode": "EQUAL"
        },
        {
            "equalDesc": "NOT EQUAL",
            "equalCode": "NOT EQUAL"
        }
    ],
    "GreaterLess": [{

            "lessGreaterDesc": "EQUAL",
            "lessGreaterCode": "EQUAL"
        },
        {

            "lessGreaterDesc": "GREATER THAN",
            "lessGreaterCode": "GREATER"
        },
        {

            "lessGreaterDesc": "LESS THAN",
            "lessGreaterCode": "LESS"
        }
    ],
    "value": [{
            "highLowDesc": "High Value",
            "highLowCode": "High Value",
            "highLowValDesc": "HI VAL"
        },
        {
            "highLowDesc": "Low Value",
            "highLowCode": "Low Value",
            "highLowValDesc": "LO VAL"
        }
    ]
}
