[
    {
        "customerCode": null,
        "createdTimestamp": null,
        "createdUserId": null,
        "createdProgramCode": null,
        "lasteUpdatedTimestamp": null,
        "lastUpdatedUserId": null,
        "lastUpdatedPrgmCode": null,
        "listNumber": 517969,
        "ruleQualifierQuantity": 0,
        "incTypC": null,
        "sfwSysC": null,
        "sequenceNumber": 0,
        "lowAmount": 0,
        "highAmount": 0,
        "valUom": null,
        "newThtIdc": null,
        "booCnnC": "",
        "pntI": 5485039,
        "lwr_bnd_val": null,
        "pntClsC": null,
        "etyI": 0,
        "etyC": "CITY ST",
        "etyTypC": "GEOGRAPHY",
        "etyQfrOpr": "ORIGIN",
        "value": "COLPE"
    },
    {
        "customerCode": null,
        "createdTimestamp": null,
        "createdUserId": null,
        "createdProgramCode": null,
        "lasteUpdatedTimestamp": null,
        "lastUpdatedUserId": null,
        "lastUpdatedPrgmCode": null,
        "listNumber": 517969,
        "ruleQualifierQuantity": 0,
        "incTypC": null,
        "sfwSysC": null,
        "sequenceNumber": 0,
        "lowAmount": 500,
        "highAmount": 99999,
        "valUom": null,
        "newThtIdc": null,
        "booCnnC": "AND",
        "pntI": 0,
        "lwr_bnd_val": null,
        "pntClsC": null,
        "etyI": 0,
        "etyC": "LO VAL",
        "etyTypC": "AMOUNT",
        "etyQfrOpr": "GREATER",
        "value": "500"
    }
]