[{
		"refVldNum": "532113",
	"shipperCode": "SHIPPER1",
	"receiverCode": "RECEIVER1",
	"origCity": "ARIZONA",
	"destCity": "DALLAS",
	"origCntry": "ARIZONA",
	"destCntry": "ARIZONA",
	"commodity": "COMMODE",
	"mode": "MODE",
	"equipType": "EQUIP",
	"sampleSchema": null,
	"status": "ACTIVE",
	"paramType": null,
	"paramValue": null,
	"paramWeight": null,
	"refNbrMskVldI": null,
	"refNbrPamId": null,
	"condition": null,
	"refType": "BOL",
	"pamHighVal": null,
	"pamLowVal": null,
	"ognConAscI": null
	},
	{
		"refVldNum": null,
		"shipperCode": null,
		"receiverCode": null,
		"origCity": null,
		"destCity": null,
		"origCntry": null,
		"destCntry": null,
		"commodity": null,
		"mode": null,
		"equipType": null,
		"sampleSchema": null,
		"status": "INACTIVE",
		"paramType": "RECEIVER",
		"paramValue": "MCLOAD",
		"paramWeight": 75,
		"refNbrMskVldI": 21138,
		"refNbrPamId": null,
		"condition": null,
		"refType": "BOL",
		"pamHighVal": null,
		"pamLowVal": null,
		"ognConAscI": null
	}
]