{
    "customerCode": null,
    "customerName": null,
    "division": null,
    "department": null,
    "primaryCondition": null,
    "primaryValue": null,
    "primaryDivision": null,
    "refNumberType": null,
    "filterType": null,
    "divisionList": null,
    "paramList": null,
    "typeList": [
        {
            "locNum": null,
            "charType": null,
            "maskDataType": null,
            "constantVal": null,
            "maskMaxLength": null,
            "maskMinLength": null
        },
        {
            "locNum": null,
            "charType": null,
            "maskDataType": null,
            "constantVal": null,
            "maskMaxLength": null,
            "maskMinLength": null
        },
        {
            "locNum": null,
            "charType": null,
            "maskDataType": null,
            "constantVal": null,
            "maskMaxLength": null,
            "maskMinLength": null
        }
    ],
    "paramListSize": null,
    "refMaskId": null,
    "searchList": null,
    "searchCount": null,
    "pamListVal": null,
    "primaryParameter": null,
    "schemaType": [
        "ALPHANUM",
        "ALPHA",
        "NUMERIC",
        "SPECIAL"
    ],
    "maxLength": "10",
    "minLength": null,
    "shipper": null,
    "receiver": null,
    "orgCityState": null,
    "destCityState": null,
    "destCountry": null,
    "commodity": null,
    "mode": null,
    "eqmtType": null,
    "sampleRefNumber": null,
    "status": null,
    "filterExist": null,
    "paramId": null,
    "typeId": null,
    "searchOption": null,
    "testRefNumber": null,
    "errorMsg": null,
    "successMsg": null,
    "userId": null
}
