{
  "avlBillToGrp": ["COTRA8     : 000279726        ",
    "COTRA8     : 000308843        ",
    "COTRA8     : 000832023        "
  ],


  "billToAscOrg": ["COGRAC     : HJBT JBHA ",
    "COTRA8     : HJBT JBHA ",
    "COTRA8     : HJBT JBVAN"
  ],

  "avlBillToInSelGrp": [
    "COGRAC     : HJBT JBHA"
  ],

  "avlBillToGrpStr": "COTRA8     : 000832023",
  "avlBillToInSelGrpStr": "COGRAC     : HJBT JBHA",
  "billtoAscOrgStr": "COGRAC     : HJBT JBHA",
  "pubCodeStr": "SP",
  "selCodeStr": "A",

  "corporateAccount": ["Nautilus,Inc(NAVA40);DCS", "Nautilus,Inc(NAVA40);DCS1", "Nautilus,Inc(NAVA40);DCS2"],
  "autoRateFlg": ["AUTORATE", "VERIFY"],
  "ratingCycCode": ["EMPTY", "INVOICE", "LOADED"],
  "ratingSysCode": [ "SIMON", "AGREEMENT"],
  "autoFlatRateStp": ["Yes", "No"],
  "autoRatewithoutCnt": ["Yes", "No"],
  "congInc": ["Yes", "No"],
  "truckRateforImLn": ["Yes", "No"],
  "citySubFlg": ["Yes", "No"],


  "hazmatPlcdFlg": ["Yes", "No"],
  "parameterLevel": ["BILL TO", "GROUP"],
  "grpId": null,

  "custCode": null,
  "custName": null,
  "businessSiteId": null,
  "addressId": null,
  "division": null,
  "department": null,
  "userId": null,
  "prevPubCode": null,


  "timeFrameRules": [
    [
      "DAYOFWEEK",
      "DAY OF WEEK"
    ],
    [
      "DAYOFMONTH",
      "DAY OF MONTH"
    ],
    [
      "DAYSEMPTY",
      "X DAYS FROM EMPTY"
    ]
  ],
  "domParameters": [
    [
      "00",
      "First Day of Month"
    ],
    [
      "99",
      "Last Day of Month"
    ],
    [
      "1",
      "1"
    ],
    [
      "2",
      "2"
    ],
    [
      "3",
      "3"
    ],
    [
      "4",
      "4"
    ],
    [
      "5",
      "5"
    ],
    [
      "6",
      "6"
    ],
    [
      "7",
      "7"
    ],
    [
      "8",
      "8"
    ],
    [
      "9",
      "9"
    ],
    [
      "10",
      "10"
    ],
    [
      "11",
      "11"
    ],
    [
      "12",
      "12"
    ],
    [
      "13",
      "13"
    ],
    [
      "14",
      "14"
    ],
    [
      "15",
      "15"
    ],
    [
      "16",
      "16"
    ],
    [
      "17",
      "17"
    ],
    [
      "18",
      "18"
    ],
    [
      "19",
      "19"
    ],
    [
      "20",
      "20"
    ],
    [
      "21",
      "21"
    ],
    [
      "22",
      "22"
    ],
    [
      "23",
      "23"
    ],
    [
      "24",
      "24"
    ],
    [
      "25",
      "25"
    ],
    [
      "26",
      "26"
    ],
    [
      "27",
      "27"
    ],
    [
      "28",
      "28"
    ],
    [
      "29",
      "29"
    ],
    [
      "30",
      "30"
    ],
    [
      "31",
      "31"
    ]
  ],
  "dowParameters": [
    [
      "1",
      "Sunday"
    ],
    [
      "2",
      "Monday"
    ],
    [
      "3",
      "Tuesday"
    ],
    [
      "4",
      "Wednesday"
    ],
    [
      "5",
      "Thursday"
    ],
    [
      "6",
      "Friday"
    ],
    [
      "7",
      "Saturday"
    ]
  ],
  "tframeRule": "",
  "tframeValue": "",
  "daysEmptyLmt": "45",
  "divisionsAxs": [
  {
    "axs": "ACCESS",
    "description": "ACCESSORIAL CHARGE"
  },
  {
    "axs": "ADMIN CHG",
    "description": "ADMINISTRATIVE CHARGE"
  },
  {
    "axs": "ALTRTE",
    "description": "ALTERNATE ROUTE"
  },
  {
    "axs": "APPTREQ",
    "description": "APPOINTMENT REQUIRED"
  },
  {
    "axs": "AUTH",
    "description": "AUTH#"
  },
  {
    "axs": "BLOCKBRACE",
    "description": "BLOCKING AND BRACING"
  },
  {
    "axs": "BOBTAIL",
    "description": "BOBTAIL"
  },
  {
    "axs": "BOL",
    "description": "BOL#"
  },
  {
    "axs": "BOXTRUCK",
    "description": "BOX TRUCK"
  },
  {
    "axs": "CALL",
    "description": "CALL FOR DELIVERY CHARGE"
  },
  {
    "axs": "CHASISRENT",
    "description": "CHASSIS RENTAL CHARGE"
  },
  {
    "axs": "CHASPREPUL",
    "description": "CHASSIS PREPULL CHARGE"
  },
  {
    "axs": "CHICONGEST",
    "description": "CHICAGO CONGESTION AND DELIVER"
  },
  {
    "axs": "CLEANTRK",
    "description": "CLEAN TRUCK FEE"
  },
  {
    "axs": "CONGESTION",
    "description": "CONGESTION CHARGE"
  },
  {
    "axs": "CONSOLIDAT",
    "description": "CONSOLIDATE LOAD"
  },
  {
    "axs": "CONTSTORAG",
    "description": "CONTAINER STORAGE CHARGE"
  },
  {
    "axs": "CONVCENTER",
    "description": "EXHIBITION HALL P/U & DELIVERY"
  },
  {
    "axs": "CORRBOL",
    "description": "CORRBOL"
  },
  {
    "axs": "CROSSTOWN",
    "description": "CROSS TOWN SURCHARGE"
  },
  {
    "axs": "CTF",
    "description": "CLEAN TRUCK FEE"
  },
  {
    "axs": "CUSTOMS",
    "description": "CUSTOMS CHARGE"
  },
  {
    "axs": "CUSTOMSFEE",
    "description": "BORDER CROSSING FEE"
  },
  {
    "axs": "DEADHDMILE",
    "description": "DEADHEAD MILES"
  },
  {
    "axs": "DEFWGT",
    "description": "DEFICIT WEIGHT"
  },
  {
    "axs": "DETENTION",
    "description": "TRLR DETENTION CHG"
  },
  {
    "axs": "DETENTIONP",
    "description": "DETENTION WITH POWER CHARGE"
  },
  {
    "axs": "DEVIATION",
    "description": "DEVIATION"
  },
  {
    "axs": "DHDSURCHRG",
    "description": "DEADHEAD SURCHARGE"
  },
  {
    "axs": "DISCOUNT",
    "description": "DISCOUNT CHARGE"
  },
  {
    "axs": "DOOR2DOOR",
    "description": "DOOR TO DOOR SERVICE"
  },
  {
    "axs": "DRADM",
    "description": "DRIVER ADMINISTRATION"
  },
  {
    "axs": "DRAYAGE",
    "description": "DRAYAGE CHARGE"
  },
  {
    "axs": "DROPTRLR",
    "description": "DROP DECK TRAILER"
  },
  {
    "axs": "DRPTRL",
    "description": "DROPPED TRAILER"
  },
  {
    "axs": "DRVRCOUNT",
    "description": "DRIVER COUNTS FREIGHT"
  },
  {
    "axs": "DRVRLOAD",
    "description": "DRIVER LOADS FREIGHT"
  },
  {
    "axs": "DRVRTCH",
    "description": "DRIVER TOUCH"
  },
  {
    "axs": "DRVRULPAY",
    "description": "DRIVER UNLOAD PAYABLE CHARGE"
  },
  {
    "axs": "DRVRUNLD",
    "description": "DRIVER UNLOADS FREIGHT"
  },
  {
    "axs": "DR2RP",
    "description": "DOOR TO RAMP"
  },
  {
    "axs": "EEIFILEFEE",
    "description": "EEI FILING FEE"
  },
  {
    "axs": "ESCORT",
    "description": "ESCORT DRIVER CHARGE"
  },
  {
    "axs": "EXMI",
    "description": "EXCESS MILES"
  },
  {
    "axs": "EXP",
    "description": "EXPEDITED SERVICE"
  },
  {
    "axs": "EXTREMELEN",
    "description": "EXTREME LENGTH"
  },
  {
    "axs": "FERRY",
    "description": "FERRY"
  },
  {
    "axs": "FUELEXP",
    "description": "FUEL EXPENSE"
  },
  {
    "axs": "FUELSURCHG",
    "description": "FUEL SUR CHARGE"
  },
  {
    "axs": "FUELUPCHRG",
    "description": "FUEL UP SURCHARGE"
  },
  {
    "axs": "GENSET",
    "description": "REFRIGERATION GENERATOR UNIT"
  },
  {
    "axs": "GENSETSTOP",
    "description": "GENSET UNIT STOPOFF"
  },
  {
    "axs": "GSTTAX",
    "description": "CANADIAN FED. TAX,GOODS,& SVCS"
  },
  {
    "axs": "GUARANTEED",
    "description": "GUARANTEED DELIVERY"
  },
  {
    "axs": "GVT",
    "description": "GOVERNMENT"
  },
  {
    "axs": "HAZMAT",
    "description": "HAZARDOUS MATERIALS"
  },
  {
    "axs": "HIGHVALUE",
    "description": "HIGH VALUE LOAD"
  },
  {
    "axs": "HOLD",
    "description": "HOLDOVER-LTL STORAGE"
  },
  {
    "axs": "HOLDING",
    "description": "HOLDING"
  },
  {
    "axs": "HOST",
    "description": "HOSTLER SERVICE"
  },
  {
    "axs": "HOT-LOAD",
    "description": "HOT LOAD"
  },
  {
    "axs": "ICF",
    "description": "INDEPENDENT CONTRACTOR FLEET"
  },
  {
    "axs": "ICSTEAM",
    "description": "ICS TEAM"
  },
  {
    "axs": "IMPLEMENT",
    "description": "IMPLEMENTATION FEE"
  },
  {
    "axs": "INBOND",
    "description": "INBOND CHARGE"
  },
  {
    "axs": "INSIDE",
    "description": "INSIDE P/U & DELIVERY"
  },
  {
    "axs": "INSIDEDLV",
    "description": "INSIDE DELIVERY CHARGE"
  },
  {
    "axs": "INSPEC",
    "description": "TRAILER INSPECTION"
  },
  {
    "axs": "LABORFEE",
    "description": "LABOR FEE"
  },
  {
    "axs": "LATEFEE",
    "description": "LATE FEE"
  },
  {
    "axs": "LAY",
    "description": "LAYOVER"
  },
  {
    "axs": "LIFTGATE",
    "description": "HYDRAULIC/MECHANICAL LIFTS"
  },
  {
    "axs": "LMPSVC",
    "description": "LUMPER SERVICE"
  },
  {
    "axs": "LMTACCESS",
    "description": "LIMITED ACCESS"
  },
  {
    "axs": "LOADALLOW",
    "description": "LOADING ALLOWANCE"
  },
  {
    "axs": "LTHVY",
    "description": "WEIGHT LIGHT / HEAVY"
  },
  {
    "axs": "LTL",
    "description": "LESS THAN TRUCKLOAD"
  },
  {
    "axs": "LUMPLDPAY",
    "description": "LUMPER LOAD PAYABLE CHARGE"
  },
  {
    "axs": "LUMPLOAD",
    "description": "LUMPER LOAD"
  },
  {
    "axs": "LUMPULPAY",
    "description": "LUMPER UNLOAD PAYABLE CHARGE"
  },
  {
    "axs": "LUMPUNLD",
    "description": "LUMPER UNLOAD"
  },
  {
    "axs": "MEXBORDER1",
    "description": "MEXICAN BORDER CROSSING"
  },
  {
    "axs": "MEXFSC",
    "description": "MEXICAN FUEL SURCHARGE"
  },
  {
    "axs": "MEXINSUR",
    "description": "EXTRA INSURANCE FOR MEXICO"
  },
  {
    "axs": "MEXRAMP",
    "description": "MEXICAN RAMP USED"
  },
  {
    "axs": "MGMT",
    "description": "MANAGEMENT FEE"
  },
  {
    "axs": "MINIMUM",
    "description": "MINIMUM CHARGE"
  },
  {
    "axs": "MISC",
    "description": "MISCELLANEOUS CHARGES"
  },
  {
    "axs": "NTFB4DEL",
    "description": "NOTIFY BEFORE DELV/APPOINTMENT"
  },
  {
    "axs": "OD",
    "description": "OVER DIMENSION"
  },
  {
    "axs": "OFFPEAKEXT",
    "description": "OFF PEAK EXTRACTION"
  },
  {
    "axs": "OPRSUPPLY",
    "description": "OPERATING SUPPLIES"
  },
  {
    "axs": "OSG",
    "description": "ICS RATE"
  },
  {
    "axs": "OSGF",
    "description": "ICS FLATBED RATE"
  },
  {
    "axs": "OSGR",
    "description": "ICS REEFER RATE"
  },
  {
    "axs": "OVERHGHT",
    "description": "OVER HEIGHT"
  },
  {
    "axs": "OVERLGTH",
    "description": "OVER LENGTH"
  },
  {
    "axs": "OVERWDTH",
    "description": "OVER WIDTH"
  },
  {
    "axs": "OVERWT",
    "description": "OVERWEIGHT"
  },
  {
    "axs": "PALALL",
    "description": "PALLETIZED"
  },
  {
    "axs": "PALDONATN",
    "description": "PALLET DONATION"
  },
  {
    "axs": "PALETJACK",
    "description": "PALLET JACK CHARGE"
  },
  {
    "axs": "PALLETEXCH",
    "description": "PALLET EXCHANGE SERVICE"
  },
  {
    "axs": "PARTIAL",
    "description": "PARTIAL LOAD"
  },
  {
    "axs": "PERMIT",
    "description": "PERMIT"
  },
  {
    "axs": "PIERPASS",
    "description": "PIERPASS"
  },
  {
    "axs": "PO",
    "description": "PO#"
  },
  {
    "axs": "PRMR",
    "description": "PREMIUM RAIL SVC"
  },
  {
    "axs": "PRMREXP",
    "description": "PREMIUM EXPRESS IM"
  },
  {
    "axs": "PWRDENTA",
    "description": "ICS POWER DETENTION"
  },
  {
    "axs": "PWRDETNA",
    "description": "DETENTION WITH POWER-ICS STMT"
  },
  {
    "axs": "RCVRUNLD",
    "description": "RECEIVER UNLOADS FREIGHT"
  },
  {
    "axs": "RECLASS",
    "description": "RECLASS FEE"
  },
  {
    "axs": "RECONSIGN",
    "description": "RECONSIGNMENT CHARGE"
  },
  {
    "axs": "REDELIVERY",
    "description": "REDELIVERY CHARGE"
  },
  {
    "axs": "REEFER",
    "description": "REFRIGERATED LOAD"
  },
  {
    "axs": "REEFER FSC",
    "description": "REEFER FUEL SURCHARGE"
  },
  {
    "axs": "REF",
    "description": "REFERENCE #"
  },
  {
    "axs": "REFUSESHIP",
    "description": "REFUSED SHIPMENT"
  },
  {
    "axs": "REJECT",
    "description": "REJECT RATE"
  },
  {
    "axs": "RELOAD",
    "description": "RELOAD"
  },
  {
    "axs": "RENT",
    "description": "TRAILER RENTAL"
  },
  {
    "axs": "REPOWER",
    "description": "REPOWER FEE"
  },
  {
    "axs": "RESIDENTAL",
    "description": "HOME P/U & DELIVERY"
  },
  {
    "axs": "RETS",
    "description": "RETURNS"
  },
  {
    "axs": "RETURNSHIP",
    "description": "RETURN SHIPMENT"
  },
  {
    "axs": "REWEIGH",
    "description": "REWEIGH FEE"
  },
  {
    "axs": "REWORK",
    "description": "REWORK"
  },
  {
    "axs": "RSTRACCESS",
    "description": "RESTRICTED ACCESS"
  },
  {
    "axs": "SCALE CHRG",
    "description": "WEIGH OR REWEIGH CHARGES"
  },
  {
    "axs": "SCHEDULED",
    "description": "GUARANTEED P/U & DELIVERY"
  },
  {
    "axs": "SDP",
    "description": "SERVICE PENALTY"
  },
  {
    "axs": "SHIPID",
    "description": "SHIP ID"
  },
  {
    "axs": "SHRTHLPAY",
    "description": "SHORT HAUL PAY"
  },
  {
    "axs": "SHUTTLE",
    "description": "SHUTTLE CHARGE"
  },
  {
    "axs": "SORTNSEG",
    "description": "SORT AND SEGREGATE FOR LTL"
  },
  {
    "axs": "SORTUNLD",
    "description": "SORT UNLOADING"
  },
  {
    "axs": "STOPMILES",
    "description": "STOPOFF MILEAGE"
  },
  {
    "axs": "STOPOFF",
    "description": "STOPOFF CHARGE"
  },
  {
    "axs": "SUPINC",
    "description": "SUPPL INC"
  },
  {
    "axs": "SUPP",
    "description": "PROJECT SUPPLIES"
  },
  {
    "axs": "SUPPLIES",
    "description": "MISCELLANEOUS SUPPLIES"
  },
  {
    "axs": "SURGEREPO",
    "description": "SURGE REPOSITIONING CHARGE"
  },
  {
    "axs": "TAILGATE",
    "description": "TAILGATE SERVICE"
  },
  {
    "axs": "TANKER",
    "description": "TANKER ENDORSEMENT"
  },
  {
    "axs": "TARP",
    "description": "TARP"
  },
  {
    "axs": "TARP4FT",
    "description": "TARP 4 FEET"
  },
  {
    "axs": "TARP6FT",
    "description": "TARP 6 FEET"
  },
  {
    "axs": "TARP8FT",
    "description": "TARP 8 FEET"
  },
  {
    "axs": "TAX",
    "description": "TAXES"
  },
  {
    "axs": "TEAM",
    "description": "TEAM SERVICE"
  },
  {
    "axs": "TEMPPRTCT",
    "description": "TEMPERATURE PROTECTION"
  },
  {
    "axs": "TERMINAL",
    "description": "TERMINAL GATE INTERCHANGE"
  },
  {
    "axs": "TICKET NBR",
    "description": "TICKET NUMBER"
  },
  {
    "axs": "TOLL",
    "description": "TOLL CHARGE"
  },
  {
    "axs": "TONU",
    "description": "TRUCK ORDERED, NOT USED"
  },
  {
    "axs": "TRADM",
    "description": "TRAILER ADMINISTRATION"
  },
  {
    "axs": "TRANSADMIN",
    "description": "TRANSPORTATION ADMIN FEE"
  },
  {
    "axs": "TRANSIT",
    "description": "TRANSIT"
  },
  {
    "axs": "TRANSITADJ",
    "description": "TRANSIT ADJUSTMENT"
  },
  {
    "axs": "TRANSLOAD",
    "description": "TRANSLOAD"
  },
  {
    "axs": "TRLDETNA",
    "description": "ICS TRAILER DETENTION"
  },
  {
    "axs": "TRLMAIN",
    "description": "TRAILER MAINTENANCE"
  },
  {
    "axs": "TRLSTOR",
    "description": "TRAILER STORAGE"
  },
  {
    "axs": "TS",
    "description": "TRAILER SERVICE"
  },
  {
    "axs": "TWIC",
    "description": "TWIC"
  },
  {
    "axs": "UNCIR",
    "description": "UNUSUAL CIRCUMSTANCES"
  },
  {
    "axs": "W/OC FLIP",
    "description": "W. OCEAN CHASSIS FLIP"
  },
  {
    "axs": "W/OC SPLIT",
    "description": "W. OCEAN CNTNR SPLIT DRAY"
  },
  {
    "axs": "WEIGHT",
    "description": "WEIGHT VERIFICATION"
  },
  {
    "axs": "WHSESRV",
    "description": "WAREHOUSE SERVICE"
  },
  {
    "axs": "WKENDHLIDY",
    "description": "WEEKEND OR HOLIDAY DLVY"
  },
  {
    "axs": "WKNDDLVY",
    "description": "WEEKEND DELIVERY-TL"
  },
  {
    "axs": "WKNDPU",
    "description": "WEEKEND PICKUP-TL"
  },
  {
    "axs": "YARD WORK",
    "description": "YARD WORK CHARGE"
  },
  {
    "axs": "40TLR",
    "description": "40 FT TRAILER SERVICE"
  }],
  "currentAxs": [],
  "newAxs": null
}
