[{
        "id": 0,
        "axsChargeCode": "Detention",
        "axsSplitBillCode": "Nautilus, Inc (NAVA35)",
        "axsPaperWork": "Loads",
        "accessorialonOriginal": "Never",
        "pamTyp": "Order",
        "axsTimeLimit": "4",
        "axsListNumber": "4"
    }, {
        "id": 1,
        "axsChargeCode": "Detention1",
        "axsSplitBillCode": "Nautilus, Inc (NAVA351)",
        "axsPaperWork": "Loads1",
        "accessorialonOriginal": "Never1",
        "pamTyp": "Order1",
        "axsTimeLimit": "4",
        "axsListNumber": "4"
    }, {
        "id": 2,
        "axsChargeCode": "Detention2",
        "axsSplitBillCode": "Nautilus, Inc (NAVA352)",
        "axsPaperWork": "Loads2",
        "accessorialonOriginal": "Never2",
        "pamTyp": "Order2",
        "axsTimeLimit": "4",
        "axsListNumber": "4"
    }

]
