[{
    "avlBillToGrp": ["OULU1000144599", "Nautilus,Inc(NAVA40)", "Nautilus,Inc(NAVA41)", "Nautilus,Inc(NAVA42)"],
    "avlBillToInSelGrp": ["OULU1      : HJBT JBHA", "Nautilus,Inc(NAVA40);DCS", "Nautilus,Inc(NAVA40);DCS1", "Nautilus,Inc(NAVA40);DCS2"],
    "billtoAscOrg": ["OULU1      : HJBT JBHA", "Nautilus,Inc(NAVA40);DCS", "Nautilus,Inc(NAVA40);DCS1", "Nautilus,Inc(NAVA40);DCS2"],
    "nacList": ["OULU1", "124 Baker St,Nautilus", "125 Baker St,Nautilus", "126 Baker St,Nautilus"],
    "mthdDlvr": ["Email", "Paper", "EDI", "EDI/Paper", "Dump", "FTP & Paper"],
    "balDueMthdDlvr": ["Paper ", "Email ", "EDI ", "EDI/Paper ", "Dump ", "FTP & Paper "],
    "stmtBillProc": ["ORDER", "Daily Date", "Monthly", "Split", "Weekly"],
    "ediInvoiceDelay": ["0", "1", "2", "3", "4", "5", "6", "7"],
    "requiredAccessorials": ["All", "And", "Any"],
    "requiredAccessorialsSelect": ["AUTHFORM", "BATLUMP", "IN_OUT_DETENTION", "LUMPER", "SCALE", "DETEN"],
    "parameterLevel": ["Bill-To", "Group"],
    "autoBillFlg": ["Yes", "No"],
    "autoBillreq": ["Yes", "No"],
    "avgSmtBillCost": ["Yes", "No"],
    "auxOnOriginal": ["Yes", "No"],
    "forceAutoBillDays": 30
}]
