[{
    "id": 1,
    "members": "6128 Ferncli Dr Swisher, IA, 52338 USA"
}, {
    "id": 2,
    "members": "6128 Ferncli Dr Swisher, IA, 52338 USA1"
}, {
    "id": 3,
    "members": "6128 Ferncli Dr Swisher, IA, 52338 USA2"
}, {
    "id": 4,
    "members": "6128 Ferncli Dr Swisher, IA, 52338 USA3"
}, {
    "id": 5,
    "members": "6128 Ferncli Dr Swisher, IA, 52338 USA4"
}, {
    "id": 6,
    "members": "6128 Ferncli Dr Swisher, IA, 52338 USA5"
}, {
    "id": 7,
    "members": "6128 Ferncli Dr Swisher, IA, 52338 USA6"
}, {
    "id": 8,
    "members": "6128 Ferncli Dr Swisher, IA, 52338 USA7"
}, {
    "id": 9,
    "members": "6128 Ferncli Dr Swisher, IA, 52338 USA8"
}, {
    "id": 10,
    "members": "6128 Ferncli Dr Swisher, IA, 52338 USA9"
}, {
    "id": 11,
    "members": "6128 Ferncli Dr Swisher, IA, 52338 USA10"
}, {
    "id": 12,
    "members": "6128 Ferncli Dr Swisher, IA, 52338 USA11"
}]
