[
{
  "customerCode": null,
  "createdTimestamp": null,
  "createdUserId": null,
  "createdProgramCode": null,
  "lasteUpdatedTimestamp": null,
  "lastUpdatedUserId": null,
  "lastUpdatedPrgmCode": null,
  "listNumber": 516877,
  "ruleQualifierQuantity": 0,
  "incTypC": null,
  "sfwSysC": null,
  "sequenceNumber": 1,
  "lowAmount": 0,
  "highAmount": 0,
  "valUom": null,
  "newThtIdc": null,
  "booCnnC": "",
  "pntI": 5485039,
  "lwr_bnd_val": "COLPE",
  "pntClsC": "City",
  "etyI": 0,
  "etyC": "Shipper",
  "etyTypC": "GEOGRAPHY",
  "etyQfrOpr": "EQUAL",
  "value": null
},
{
  "customerCode": null,
  "createdTimestamp": null,
  "createdUserId": null,
  "createdProgramCode": null,
  "lasteUpdatedTimestamp": null,
  "lastUpdatedUserId": null,
  "lastUpdatedPrgmCode": null,
  "listNumber": 516877,
  "ruleQualifierQuantity": 0,
  "incTypC": null,
  "sfwSysC": null,
  "sequenceNumber": 2,
  "lowAmount": 0,
  "highAmount": 0,
  "valUom": null,
  "newThtIdc": null,
  "booCnnC": "OR",
  "pntI": 4735220,
  "lwr_bnd_val": "ALB",
  "pntClsC": "Country",
  "etyI": 0,
  "etyC": "Inter",
  "etyTypC": "GEOGRAPHY",
  "etyQfrOpr": "EQUAL",
  "value": null
},
{
  "customerCode": null,
  "createdTimestamp": null,
  "createdUserId": null,
  "createdProgramCode": null,
  "lasteUpdatedTimestamp": null,
  "lastUpdatedUserId": null,
  "lastUpdatedPrgmCode": null,
  "listNumber": 516877,
  "ruleQualifierQuantity": 0,
  "incTypC": null,
  "sfwSysC": null,
  "sequenceNumber": 3,
  "lowAmount": 900,
  "highAmount": 99999,
  "valUom": null,
  "newThtIdc": null,
  "booCnnC": "OR",
  "pntI": 0,
  "lwr_bnd_val": "324",
  "pntClsC": "",
  "etyI": 0,
  "etyC": "LO VAL",
  "etyTypC": "AMOUNT",
  "etyQfrOpr": "GREATER",
  "value": null
},
{
  "customerCode": null,
  "createdTimestamp": null,
  "createdUserId": null,
  "createdProgramCode": null,
  "lasteUpdatedTimestamp": null,
  "lastUpdatedUserId": null,
  "lastUpdatedPrgmCode": null,
  "listNumber": 516877,
  "ruleQualifierQuantity": 0,
  "incTypC": null,
  "sfwSysC": null,
  "sequenceNumber": 4,
  "lowAmount": 0,
  "highAmount": 900,
  "valUom": null,
  "newThtIdc": null,
  "booCnnC": "AND",
  "pntI": 0,
  "lwr_bnd_val": "324",
  "pntClsC": "",
  "etyI": 0,
  "etyC": "HI VAL",
  "etyTypC": "AMOUNT",
  "etyQfrOpr": "LESS",
  "value": null
},
{
  "customerCode": null,
  "createdTimestamp": null,
  "createdUserId": null,
  "createdProgramCode": null,
  "lasteUpdatedTimestamp": null,
  "lastUpdatedUserId": null,
  "lastUpdatedPrgmCode": null,
  "listNumber": 516877,
  "ruleQualifierQuantity": 0,
  "incTypC": null,
  "sfwSysC": null,
  "sequenceNumber": 5,
  "lowAmount": 0,
  "highAmount": 0,
  "valUom": null,
  "newThtIdc": null,
  "booCnnC": "AND",
  "pntI": 0,
  "lwr_bnd_val": "324",
  "pntClsC": "",
  "etyI": 0,
  "etyC": "Mumbai",
  "etyTypC": "Shipping",
  "etyQfrOpr": "EQUAL",
  "value": null
}]
