{
    "categories": null,
    "subCategories": [
        {
            "systemCode": null,
            "functionCode": null,
            "categoryCode": "LIS NUM",
            "categoryDesc": "LIST NUMBER"
        },
        {
            "systemCode": null,
            "functionCode": null,
            "categoryCode": "ORIGIN CITY ST",
            "categoryDesc": "ORIGIN CITY/STATE"
        },
        {
            "systemCode": null,
            "functionCode": null,
            "categoryCode": "ORIGIN STATE",
            "categoryDesc": "ORIGIN STATE"
        },
        {
            "systemCode": null,
            "functionCode": null,
            "categoryCode": "ORIGIN 5ZIP",
            "categoryDesc": "ORIGIN ZIPCODE(5ZIP)"
        },
        {
            "systemCode": null,
            "functionCode": null,
            "categoryCode": "SHIPPER",
            "categoryDesc": "SHIPPER CUSTOMER CODE"
        },
        {
            "systemCode": null,
            "functionCode": null,
            "categoryCode": "DEST CITY ST",
            "categoryDesc": "DESTINATION CITY/STATE"
        },
        {
            "systemCode": null,
            "functionCode": null,
            "categoryCode": "DEST STATE",
            "categoryDesc": "DESTINATION STATE"
        },
        {
            "systemCode": null,
            "functionCode": null,
            "categoryCode": "DEST 5ZIP",
            "categoryDesc": "DESTINATION ZIPCODE(5ZIP)"
        },
        {
            "systemCode": null,
            "functionCode": null,
            "categoryCode": "RECEIVER",
            "categoryDesc": "RECEIVER CUSTOMER CODE"
        },
        {
            "systemCode": null,
            "functionCode": null,
            "categoryCode": "VIA CITY ST",
            "categoryDesc": "VIA CITY/STATE"
        },
        {
            "systemCode": null,
            "functionCode": null,
            "categoryCode": "VIA STATE",
            "categoryDesc": "VIA STATE"
        },
        {
            "systemCode": null,
            "functionCode": null,
            "categoryCode": "VIA 5ZIP",
            "categoryDesc": "VIA ZIPCODE(5ZIP)"
        },
        {
            "systemCode": null,
            "functionCode": null,
            "categoryCode": "STOP NUM",
            "categoryDesc": "VIA CUSTOMER CODE(STOPS)"
        },
        {
            "systemCode": null,
            "functionCode": null,
            "categoryCode": "LO VAL",
            "categoryDesc": "LOW AMOUNT"
        },
        {
            "systemCode": null,
            "functionCode": null,
            "categoryCode": "HI VAL",
            "categoryDesc": "HIGH AMOUNT"
        },
        {
            "systemCode": null,
            "functionCode": null,
            "categoryCode": "SOL CITY ST",
            "categoryDesc": "SOLICITOR CITY/STATE"
        },
        {
            "systemCode": null,
            "functionCode": null,
            "categoryCode": "SOL STATE",
            "categoryDesc": "SOLICITOR STATE"
        },
        {
            "systemCode": null,
            "functionCode": null,
            "categoryCode": "SOL 5ZIP",
            "categoryDesc": "SOLICITOR ZIPCODE(5ZIP)"
        },
        {
            "systemCode": null,
            "functionCode": null,
            "categoryCode": "SOLICITOR",
            "categoryDesc": "SOLICITOR CUSTOMER CODE"
        }
    ]
}

