{"mthdDlvr": [ "Paper", "EDI", "EDI/Paper",  "Email", "FTP"],
    "balDueMthdDlvr": [ "Paper", "EDI", "EDI/Paper",  "Email", "FTP"],
    "stmtBillProc": ["Order", "Daily Date",  "Weekly", "Monthly", "Split"],
    "ediInvoiceDelay": ["0", "1", "2", "3", "4", "5", "6", "7"],
   "requiredAccessorialsSelect": [
        {
            "code": "authFormRequired",
            "description": "AUTHFORM"
        }, {
            "code": "auxRequired",
            "description": "AUX"
        }, {
            "code": "balDuesRequired",
            "description": "BALDUES"
        }, {
            "code": "batLumpRequired",
            "description": "BATLUMP"
        },   {
            "code": "bolRequired",
            "description": "BOL"
        }, {
            "code": "bolInvRequired",
            "description": "BOL_INV"
        }, {
            "code": "correspRequired",
            "description": "CORRESP"
        }, {
            "code": "dcsPodRequired",
            "description": "DCS_POD"
        },{
            "code": "delRcptRequired",
            "description": "DELRCPT"
        },{
            "code": "detenRequired",
            "description": "DETEN"
        },{
            "code": "dupFrtblRequired",
            "description": "DUPFRTBL"
        },{
            "code": "frtblRequired",
            "description": "FRTBL"
        }, {
            "code": "inOutDetentionRequired",
            "description": "IN_OUT_DETENTION"
        }, 
          {
            "code": "invDetailRequired",
            "description": "INV_DETAIL"
        }, {
            "code": "labelRequired",
            "description": "LABEL"
        }, {
            "code": "loadConfReq",
            "description": "LOAD CONFIRMATION"
        },
        {
            "code": "loadsRequired",
            "description": "LOADS"
        }, {
            "code": "lumperRequired",
            "description": "LUMPER"
        }, {
            "code": "manfestRequired",
            "description": "MANFEST"
        }, {
            "code": "miscRequired",
            "description": "MISC"
        }, {
            "code": "osdRequired",
            "description": "OSD"
        }, {
            "code": "paceEmailInvRequired",
            "description": "PACE_EMAIL_INV"
        }, {
            "code": "pastDueRequired",
            "description": "PASTDUE"
        }, {
            "code": "reconRequired",
            "description": "RECON"
        }, {
            "code": "scaleRequired",
            "description": "SCALE"
        }, {
            "code": "spPriceRequired",
            "description": "SPPRICE"
        }, {
            "code": "stmtblRequired",
            "description": "STMTBL"
        }
    ],
    "parameterLevel": ["Group", "Bill To"],
    "autoBillFlg": ["Yes", "No"],
    "autoBillreq": ["Yes", "No"],
    "avgSmtBillCost": ["Yes", "No"],
    "auxOnOriginal": ["Yes", "No"],
    "forceAutoBillDays": 30,
    "lumperDocType": ["LUMPER", "COMCHECK"]
}