[{
    "availableGroups": "Chennai",
    "billToAccount": "SRZ",
    "creditProviderOrganization": "GRY",
    "corporateAccount": "Coco-Cola (COCA12)",
    "freightInvoiceDistMode": "FreightInvoice",
    "primaryInvoiceReferenceNo": "PrimaryInvoice",
    "alternateInvoiceReferenceNo": "alternateInvoiceReferenceNo",
    "supportingDocumentsRequired": "supportingDocumentsRequired",
    "statementDetailFormats": "statementDetailFormats",
    "returnInvoiceName": "returnInvoiceName",
    "refNumRequired": "refNumRequired",
    "returnFreightInvoiceRadio": "returnFreightInvoiceRadio",
    "displayLeadingZerosRadio": "displayLeadingZerosRadio",
    "showTransitModeRadio": "showTransitModeRadio",
    "excludePowerIdRulesRadio": "excludePowerIdRulesRadio",
    "excludeAccrualsRadio": "excludeAccrualsRadio",
    "duplicatedFreightRadio": "duplicatedFreightRadio",
    "createPastDueRadio": "createPastDueRadio",
    "displayInvoiceRadio": "displayInvoiceRadio",
    "addressLineOne": "addressLineOne",
    "addressLineTwo": "addressLineTwo",
    "addressLineThree": "addressLineThree",
    "city": "city",
    "state": "state",
    "postalCode": "postalCode",
    "country": "country",
    "addressBusinessSyncRadio": "addressBusinessSyncRadio"
}]
