[{
    "availableGroups": ["Cognizant"],
    "billToAccount": ["Cognizant"],
    "creditProviderOrganization": ["Cognizant"],
    "corporateAccount": ["1Cognizant"],
    "AutoBillFlag": ["Cognizant"],
    "RatingCycle": ["Cognizant"],
    "RatingSystem": ["Cognizants"],
    "AllowFlatRatesW/Stops": ["Cognizant"],
    "AutoRateWithoutContract": ["Cognizant"],
    "CongestionIncluded": ["Cognizant"],
    "TruckRateforIMLane": ["Cognizant"],
    "CitySubstitutionFlag": ["Cognizant"],
    "CitySubstitutionRadius": ["Cognizant"],
    "HighRatingAmount": ["Cognizant"],
    "LowRatingAmount": ["Cognizant"],
    "HazmatPlacardFlag": ["Cognizant"],
    "TimeFrame": ["Cognizant"],
    "Charges": ["Cognizants"]
}
]