[{
    "id": 1,
    "Address": "Coca Cola (CC1111), Browns Mill, Cairo, GA 12345, US",
    "billToAccount": "Nautilus,Inc(NAVA40);DCS"

}, {
    "id": 2,
    "Address": "Coca Cola (COAT96), Sony Viao, Rogers, AR 22725, US",
    "billToAccount": "Nautilus,Inc(NAVA41);DCS"

}, {
    "id": 3,
    "Address": "Coca Cola (124COAT), Browns Mill, Bostom, GA 12345, US",
    "billToAccount": "Nautilus,Inc(NAVA42);DCS"

}, {
    "id": 4,
    "Address": "Coca Cola (CC1111), Browns Mill, California, GA 12345, US",
    "billToAccount": "Nautilus,Inc(NAVA43);DCS"

}, {
    "id": 5,
    "Address": "Coca Cola (CC1111), Browns Mill, Newyork, GA 12345, US",
    "billToAccount": "Nautilus,Inc(NAVA44);DCS"

}, {
    "id": 6,
    "Address": "Coca Cola (CC1111), Browns Mill, NewJersy, GA 12345, US",
    "billToAccount": "Nautilus,Inc(NAVA45);DCS"

}, {
    "id": 7,
    "Address": "Coca Cola (CC1111), Browns Mill, Washington, GA 12345, US",
    "billToAccount": "Nautilus,Inc(NAVA46);DCS"

}, {
    "id": 8,
    "Address": "Coca Cola (CC1111), Browns Mill, Sanfransisco, GA 12345, US",
    "billToAccount": "Nautilus,Inc(NAVA47);DCS"

}, {
    "id": 9,
    "Address": "Coca Cola (CC1111), Browns Mill, Loss Angels, GA 12345, US",
    "billToAccount": "Nautilus,Inc(NAVA48);DCS"

}, {
    "id": 10,
    "Address": "Coca Cola (CC1111), Browns Mill, Austin, GA 12345, US",
    "billToAccount": "Nautilus,Inc(NAVA49);DCS"

}]
