[{
    "bilMgtPamI": null,
    "valMsrBasTyp": null,
    "parmNum": 2,
    "pamTyp": "LIST_NO",
    "pamVal": "0",
    "pamValDcm": null,
    "effTimestamp": "2016-04-20 15:03:40.90404",
    "endTimestamp": "2099-12-31 23:59:59.999999",
    "recStt": "A",
    "createUid": "JOPS422",
    "lstUpdUid": "JOPS422",
    "chargeCode": "DETENTION",
    "assignedUserID": null,
    "listNumber": null,
    "eventType": null,
    "notificationCategory": null,
    "chargeType": null
}, {
    "bilMgtPamI": null,
    "valMsrBasTyp": null,
    "parmNum": 2,
    "pamTyp": "ASGN_UID",
    "pamVal": "JOPS461",
    "pamValDcm": null,
    "effTimestamp": "2016-04-20 15:03:40.919366",
    "endTimestamp": "2099-12-31 23:59:59.999999",
    "recStt": "A",
    "createUid": "JOPS422",
    "lstUpdUid": "RCON665",
    "chargeCode": "DETENTION",
    "assignedUserID": null,
    "listNumber": null,
    "eventType": null,
    "notificationCategory": null,
    "chargeType": null
}, {
    "bilMgtPamI": null,
    "valMsrBasTyp": null,
    "parmNum": 2,
    "pamTyp": "CHR_TYPE",
    "pamVal": "NO CHARGE",
    "pamValDcm": null,
    "effTimestamp": "2016-04-20 15:03:40.940676",
    "endTimestamp": "2099-12-31 23:59:59.999999",
    "recStt": "A",
    "createUid": "JOPS422",
    "lstUpdUid": "JOPS422",
    "chargeCode": "DETENTION",
    "assignedUserID": null,
    "listNumber": null,
    "eventType": null,
    "notificationCategory": null,
    "chargeType": null
}, {
    "bilMgtPamI": null,
    "valMsrBasTyp": null,
    "parmNum": 2,
    "pamTyp": "LIST_NO",
    "pamVal": "0",
    "pamValDcm": null,
    "effTimestamp": "2012-10-17 13:26:32.564056",
    "endTimestamp": "2016-04-20 15:03:34.751016",
    "recStt": "I",
    "createUid": "SPENCS1",
    "lstUpdUid": "JOPS422",
    "chargeCode": "DETENTION",
    "assignedUserID": null,
    "listNumber": null,
    "eventType": null,
    "notificationCategory": null,
    "chargeType": null
}, {
    "bilMgtPamI": null,
    "valMsrBasTyp": null,
    "parmNum": 2,
    "pamTyp": "ASGN_UID",
    "pamVal": "SPENCS1",
    "pamValDcm": null,
    "effTimestamp": "2012-10-17 13:26:32.667088",
    "endTimestamp": "2016-04-20 15:03:34.751016",
    "recStt": "I",
    "createUid": "SPENCS1",
    "lstUpdUid": "JOPS422",
    "chargeCode": "DETENTION",
    "assignedUserID": null,
    "listNumber": null,
    "eventType": null,
    "notificationCategory": null,
    "chargeType": null
}, {
    "bilMgtPamI": null,
    "valMsrBasTyp": null,
    "parmNum": 2,
    "pamTyp": "CHR_TYPE",
    "pamVal": "NO CHARGE",
    "pamValDcm": null,
    "effTimestamp": "2012-10-17 13:26:32.716789",
    "endTimestamp": "2016-04-20 15:03:34.751016",
    "recStt": "I",
    "createUid": "SPENCS1",
    "lstUpdUid": "JOPS422",
    "chargeCode": "DETENTION",
    "assignedUserID": null,
    "listNumber": null,
    "eventType": null,
    "notificationCategory": null,
    "chargeType": null
}]
