{
    "trailerDetentionListFieldDTO": [{
        "bilMgtPamI": null,
        "valMsrBasTyp": null,
        "parmNum": null,
        "pamTyp": null,
        "pamVal": null,
        "pamValDcm": null,
        "effTimestamp": null,
        "endTimestamp": null,
        "recStt": null,
        "createUid": null,
        "lstUpdUid": null,
        "chargeCode": "DETENTION",
        "assignedUserID": "JOPS461",
        "listNumber": "0",
        "eventType": "Final",
        "notificationCategory": "Receiver",
        "chargeType": "NO CHARGE"
    }],
    "chargeCode": [
        "DETENTION"
    ],
    "assignedUserId": [
        "BOLLING",
        "JCDP2278",
        "JOPS021",
        "JOPS110",
        "JOPS142",
        "JOPS143",
        "JOPS218",
        "JOPS255",
        "JOPS322",
        "JOPS379",
        "JOPS380",
        "JOPS383",
        "JOPS394",
        "JOPS403",
        "JOPS404",
        "JOPS411",
        "JOPS413",
        "JOPS415",
        "JOPS416",
        "JOPS422",
        "JOPS424",
        "JOPS426",
        "JOPS433",
        "JOPS435",
        "JOPS440",
        "JOPS441",
        "JOPS442",
        "JOPS443",
        "JOPS444",
        "JOPS445",
        "JOPS447",
        "JOPS449",
        "JOPS450",
        "JOPS452",
        "JOPS453",
        "JOPS454",
        "JOPS455",
        "JOPS457",
        "JOPS458",
        "JOPS459",
        "JOPS460",
        "JOPS461",
        "JOPS462",
        "JOPS463",
        "JOPS464",
        "JOPS465",
        "JOPS466",
        "JOPS467",
        "JOPS468",
        "JOPS469",
        "JOPS471",
        "JOPS472",
        "JOPS473",
        "JOPS474",
        "JOPS475",
        "JOPS476"
    ],
    "listNo": null,
    "eventType": [
        "PRENOTE",
        "FINAL",
        "BOTH"
    ],
    "notificationCategory": [
        "ALL-BILLTO",
        "RECEIVER"
    ],
    "chargeType": [
        "NO CHARGE",
        "NO NOTIFY",
        "BOTH"
    ]
}
