{  
   "took":464,
   "timed_out":false,
   "_shards":{  
      "total":5,
      "successful":5,
      "failed":0
   },
   "hits":{  
      "total":45946,
      "max_score":1.0,
      "hits":[  
         {  
            "_index":"account-details",
            "_type":"account_info",
            "_id":"1526",
            "_score":1.0,
            "_source":{  
               "OrganizationName":"Ashley Furniture Industries, Inc.",
               "@timestamp":"2017-10-11T03:17:16.555Z",
               "PartyID":1526,
               "ExpirationTimestamp":"2100-01-01T05:59:59.453Z",
               "CustomerCode":"ASAR64",
               "@version":"1",
               "OrganizationStatusTypeCode":"Approved",
               "BusinessIdentificationNumber":"759345119",
               "partyaddresses":[  
                  {  
                     "ContactMechanismPreferenceTypeCode":"Alternate",
                     "TelephoneID":null,
                     "CountryName":"UNITED STATES OF AMERICA",
                     "StateName":"WISCONSIN",
                     "StateID":120,
                     "StateCode":"WI",
                     "PostalCode":"546121218",
                     "CityName":"ARCADIA",
                     "GPS":"44.25,-91.5",
                     "CountyID":2822,
                     "TelephoneNumber":null,
                     "PartyRoleID":144793,
                     "CountyName":"TREMPEALEAU",
                     "PartyRoleTypeDescription":"Beneficial Owner",
                     "ContactMechanismAssociationTypeCode":"Physical",
                     "PartyRoleTypeCode":"Benfowner",
                     "AddressLine2":"",
                     "FinancialBusinessUnitName":null,
                     "AddressLine1":"1 Ashley Way",
                     "PostalCodeID":169867,
                     "CityID":49471,
                     "CityAliasName":"ARCADIA",
                     "CountryCode":"USA",
                     "AddressID":6683244
                  },
                  {  
                     "ContactMechanismPreferenceTypeCode":"Primary",
                     "TelephoneID":6429061,
                     "CountryName":"UNITED STATES OF AMERICA",
                     "StateName":"WISCONSIN",
                     "StateID":120,
                     "StateCode":"WI",
                     "PostalCode":"546121218",
                     "CityName":"ARCADIA",
                     "GPS":"44.25,-91.5",
                     "CountyID":2822,
                     "TelephoneNumber":3233377,
                     "PartyRoleID":79967,
                     "CountyName":"TREMPEALEAU",
                     "PartyRoleTypeDescription":"Bill To",
                     "ContactMechanismAssociationTypeCode":"Physical",
                     "PartyRoleTypeCode":"Bill To",
                     "AddressLine2":"",
                     "FinancialBusinessUnitName":null,
                     "AddressLine1":"1 Ashley Way",
                     "PostalCodeID":169867,
                     "CityID":49471,
                     "CityAliasName":"ARCADIA",
                     "CountryCode":"USA",
                     "AddressID":6683244
                  },
                  {  
                     "ContactMechanismPreferenceTypeCode":"Alternate",
                     "TelephoneID":null,
                     "CountryName":"UNITED STATES OF AMERICA",
                     "StateName":"WISCONSIN",
                     "StateID":120,
                     "StateCode":"WI",
                     "PostalCode":"546121218",
                     "CityName":"ARCADIA",
                     "GPS":"44.25,-91.5",
                     "CountyID":2822,
                     "TelephoneNumber":null,
                     "PartyRoleID":144784,
                     "CountyName":"TREMPEALEAU",
                     "PartyRoleTypeDescription":"Customs Broker",
                     "ContactMechanismAssociationTypeCode":"Physical",
                     "PartyRoleTypeCode":"Cstmbroker",
                     "AddressLine2":"",
                     "FinancialBusinessUnitName":null,
                     "AddressLine1":"1 Ashley Way",
                     "PostalCodeID":169867,
                     "CityID":49471,
                     "CityAliasName":"ARCADIA",
                     "CountryCode":"USA",
                     "AddressID":6683244
                  },
                  {  
                     "ContactMechanismPreferenceTypeCode":"Primary",
                     "TelephoneID":6429061,
                     "CountryName":"UNITED STATES OF AMERICA",
                     "StateName":"WISCONSIN",
                     "StateID":120,
                     "StateCode":"WI",
                     "PostalCode":"546121218",
                     "CityName":"ARCADIA",
                     "GPS":"44.25,-91.5",
                     "CountyID":2822,
                     "TelephoneNumber":3233377,
                     "PartyRoleID":147137,
                     "CountyName":"TREMPEALEAU",
                     "PartyRoleTypeDescription":"Freight Broker",
                     "ContactMechanismAssociationTypeCode":"Physical",
                     "PartyRoleTypeCode":"Frgtbroker",
                     "AddressLine2":"",
                     "FinancialBusinessUnitName":null,
                     "AddressLine1":"1 Ashley Way",
                     "PostalCodeID":169867,
                     "CityID":49471,
                     "CityAliasName":"ARCADIA",
                     "CountryCode":"USA",
                     "AddressID":6683244
                  }
               ]
            }
         },
         {  
            "_index":"account-details",
            "_type":"account_info",
            "_id":"2511",
            "_score":1.0,
            "_source":{  
               "OrganizationName":"Becton, Dickinson and Company",
               "@timestamp":"2017-10-11T03:17:16.571Z",
               "PartyID":2511,
               "ExpirationTimestamp":"2100-01-01T05:59:59.453Z",
               "CustomerCode":"BDCH33",
               "@version":"1",
               "OrganizationStatusTypeCode":"Approved",
               "BusinessIdentificationNumber":"700410243",
               "partyaddresses":[  
                  {  
                     "ContactMechanismPreferenceTypeCode":"Alternate",
                     "TelephoneID":null,
                     "CountryName":"UNITED STATES OF AMERICA",
                     "StateName":"NEW JERSEY",
                     "StateID":102,
                     "StateCode":"NJ",
                     "PostalCode":"074171815",
                     "CityName":"FRANKLIN LAKES",
                     "GPS":"41.02,-74.21",
                     "CountyID":191,
                     "TelephoneNumber":null,
                     "PartyRoleID":144893,
                     "CountyName":"BERGEN",
                     "PartyRoleTypeDescription":"Beneficial Owner",
                     "ContactMechanismAssociationTypeCode":"Physical",
                     "PartyRoleTypeCode":"Benfowner",
                     "AddressLine2":"",
                     "FinancialBusinessUnitName":null,
                     "AddressLine1":"1 Becton Dr",
                     "PostalCodeID":17184,
                     "CityID":28655,
                     "CityAliasName":"FRANKLIN LKS",
                     "CountryCode":"USA",
                     "AddressID":6683265
                  },
                  {  
                     "ContactMechanismPreferenceTypeCode":"Primary",
                     "TelephoneID":5794715,
                     "CountryName":"UNITED STATES OF AMERICA",
                     "StateName":"NEW JERSEY",
                     "StateID":102,
                     "StateCode":"NJ",
                     "PostalCode":"074171815",
                     "CityName":"FRANKLIN LAKES",
                     "GPS":"41.02,-74.21",
                     "CountyID":191,
                     "TelephoneNumber":5065860,
                     "PartyRoleID":87778,
                     "CountyName":"BERGEN",
                     "PartyRoleTypeDescription":"Bill To",
                     "ContactMechanismAssociationTypeCode":"Physical",
                     "PartyRoleTypeCode":"Bill To",
                     "AddressLine2":"",
                     "FinancialBusinessUnitName":null,
                     "AddressLine1":"1 Becton Dr",
                     "PostalCodeID":17184,
                     "CityID":28655,
                     "CityAliasName":"FRANKLIN LKS",
                     "CountryCode":"USA",
                     "AddressID":6683265
                  },
                  {  
                     "ContactMechanismPreferenceTypeCode":"Alternate",
                     "TelephoneID":null,
                     "CountryName":"UNITED STATES OF AMERICA",
                     "StateName":"NEW JERSEY",
                     "StateID":102,
                     "StateCode":"NJ",
                     "PostalCode":"074171815",
                     "CityName":"FRANKLIN LAKES",
                     "GPS":"41.02,-74.21",
                     "CountyID":191,
                     "TelephoneNumber":null,
                     "PartyRoleID":144894,
                     "CountyName":"BERGEN",
                     "PartyRoleTypeDescription":"Customs Broker",
                     "ContactMechanismAssociationTypeCode":"Physical",
                     "PartyRoleTypeCode":"Cstmbroker",
                     "AddressLine2":"",
                     "FinancialBusinessUnitName":null,
                     "AddressLine1":"1 Becton Dr",
                     "PostalCodeID":17184,
                     "CityID":28655,
                     "CityAliasName":"FRANKLIN LKS",
                     "CountryCode":"USA",
                     "AddressID":6683265
                  },
                  {  
                     "ContactMechanismPreferenceTypeCode":"Alternate",
                     "TelephoneID":null,
                     "CountryName":"UNITED STATES OF AMERICA",
                     "StateName":"NEW JERSEY",
                     "StateID":102,
                     "StateCode":"NJ",
                     "PostalCode":"074171815",
                     "CityName":"FRANKLIN LAKES",
                     "GPS":"41.02,-74.21",
                     "CountyID":191,
                     "TelephoneNumber":null,
                     "PartyRoleID":144794,
                     "CountyName":"BERGEN",
                     "PartyRoleTypeDescription":"Freight Broker",
                     "ContactMechanismAssociationTypeCode":"Physical",
                     "PartyRoleTypeCode":"Frgtbroker",
                     "AddressLine2":"",
                     "FinancialBusinessUnitName":null,
                     "AddressLine1":"1 Becton Dr",
                     "PostalCodeID":17184,
                     "CityID":28655,
                     "CityAliasName":"FRANKLIN LKS",
                     "CountryCode":"USA",
                     "AddressID":6683265
                  },
                  {  
                     "ContactMechanismPreferenceTypeCode":"Alternate",
                     "TelephoneID":5794715,
                     "CountryName":"UNITED STATES OF AMERICA",
                     "StateName":"NEW JERSEY",
                     "StateID":102,
                     "StateCode":"NJ",
                     "PostalCode":"074171815",
                     "CityName":"FRANKLIN LAKES",
                     "GPS":"41.02,-74.21",
                     "CountyID":191,
                     "TelephoneNumber":5065860,
                     "PartyRoleID":145206,
                     "CountyName":"BERGEN",
                     "PartyRoleTypeDescription":"Pay Agent",
                     "ContactMechanismAssociationTypeCode":"Physical",
                     "PartyRoleTypeCode":"Payagent",
                     "AddressLine2":"",
                     "FinancialBusinessUnitName":null,
                     "AddressLine1":"1 Becton Dr",
                     "PostalCodeID":17184,
                     "CityID":28655,
                     "CityAliasName":"FRANKLIN LKS",
                     "CountryCode":"USA",
                     "AddressID":6683265
                  }
               ]
            }
         },
         {  
            "_index":"account-details",
            "_type":"account_info",
            "_id":"37366",
            "_score":1.0,
            "_source":{  
               "OrganizationName":"BEST CHAIRS INCORPORATED",
               "@timestamp":"2017-10-11T03:17:16.571Z",
               "PartyID":37366,
               "ExpirationTimestamp":"2100-01-01T05:59:59.453Z",
               "CustomerCode":"BEFE21",
               "@version":"1",
               "OrganizationStatusTypeCode":"Approved",
               "BusinessIdentificationNumber":"961788267",
               "partyaddresses":[  
                  {  
                     "ContactMechanismPreferenceTypeCode":"Primary",
                     "TelephoneID":6569870,
                     "CountryName":"UNITED STATES OF AMERICA",
                     "StateName":"INDIANA",
                     "StateID":85,
                     "StateCode":"IN",
                     "PostalCode":"475329537",
                     "CityName":"FERDINAND",
                     "GPS":"38.22,-86.86",
                     "CountyID":821,
                     "TelephoneNumber":3671761,
                     "PartyRoleID":106572,
                     "CountyName":"DUBOIS",
                     "PartyRoleTypeDescription":"Bill To",
                     "ContactMechanismAssociationTypeCode":"Physical",
                     "PartyRoleTypeCode":"Bill To",
                     "AddressLine2":"",
                     "FinancialBusinessUnitName":null,
                     "AddressLine1":"1 Best Dr",
                     "PostalCodeID":149843,
                     "CityID":13073,
                     "CityAliasName":"FERDINAND",
                     "CountryCode":"USA",
                     "AddressID":6683275
                  }
               ]
            }
         },
         {  
            "_index":"account-details",
            "_type":"account_info",
            "_id":"2838",
            "_score":1.0,
            "_source":{  
               "OrganizationName":"BLU BLOC LLC",
               "@timestamp":"2017-10-11T03:17:16.586Z",
               "PartyID":2838,
               "ExpirationTimestamp":"2100-01-01T05:59:59.453Z",
               "CustomerCode":"BLPO95",
               "@version":"1",
               "OrganizationStatusTypeCode":"Approved",
               "BusinessIdentificationNumber":"984563075",
               "partyaddresses":[  
                  {  
                     "ContactMechanismPreferenceTypeCode":"Primary",
                     "TelephoneID":6370984,
                     "CountryName":"UNITED STATES OF AMERICA",
                     "StateName":"OREGON",
                     "StateID":108,
                     "StateCode":"OR",
                     "PostalCode":"972193021",
                     "CityName":"PORTLAND",
                     "GPS":"45.52,-122.68",
                     "CountyID":2026,
                     "TelephoneNumber":7940900,
                     "PartyRoleID":96366,
                     "CountyName":"MULTNOMAH",
                     "PartyRoleTypeDescription":"Bill To",
                     "ContactMechanismAssociationTypeCode":"Physical",
                     "PartyRoleTypeCode":"Bill To",
                     "AddressLine2":"",
                     "FinancialBusinessUnitName":null,
                     "AddressLine1":"0752 SW Miles St",
                     "PostalCodeID":463003,
                     "CityID":36968,
                     "CityAliasName":"PORTLAND",
                     "CountryCode":"USA",
                     "AddressID":6683411
                  }
               ]
            }
         },
         {  
            "_index":"account-details",
            "_type":"account_info",
            "_id":"43224",
            "_score":1.0,
            "_source":{  
               "OrganizationName":"LMS Logistics Management Solutions, LLC",
               "@timestamp":"2017-10-11T03:17:16.602Z",
               "PartyID":43224,
               "ExpirationTimestamp":"2100-01-01T05:59:59.453Z",
               "CustomerCode":"LMST12",
               "@version":"1",
               "OrganizationStatusTypeCode":"Approved",
               "BusinessIdentificationNumber":"771369803",
               "partyaddresses":[  
                  {  
                     "ContactMechanismPreferenceTypeCode":"Primary",
                     "TelephoneID":5793401,
                     "CountryName":"UNITED STATES OF AMERICA",
                     "StateName":"MISSOURI",
                     "StateID":95,
                     "StateCode":"MO",
                     "PostalCode":"631417066",
                     "CityName":"Saint Louis",
                     "GPS":null,
                     "CountyID":2662,
                     "TelephoneNumber":2122914,
                     "PartyRoleID":108263,
                     "CountyName":"ST LOUIS CITY",
                     "PartyRoleTypeDescription":"Bill To",
                     "ContactMechanismAssociationTypeCode":"Physical",
                     "PartyRoleTypeCode":"Bill To",
                     "AddressLine2":"",
                     "FinancialBusinessUnitName":null,
                     "AddressLine1":"1 Cityplace Dr",
                     "PostalCodeID":196347,
                     "CityID":54588,
                     "CityAliasName":null,
                     "CountryCode":"USA",
                     "AddressID":6683429
                  }
               ]
            }
         },
         {  
            "_index":"account-details",
            "_type":"account_info",
            "_id":"4448",
            "_score":1.0,
            "_source":{  
               "OrganizationName":"The Coca-Cola Company",
               "@timestamp":"2017-10-11T03:17:16.602Z",
               "PartyID":4448,
               "ExpirationTimestamp":"2100-01-01T05:59:59.453Z",
               "CustomerCode":"COAT98",
               "@version":"1",
               "OrganizationStatusTypeCode":"Approved",
               "BusinessIdentificationNumber":"724165505",
               "partyaddresses":[  
                  {  
                     "ContactMechanismPreferenceTypeCode":"Primary",
                     "TelephoneID":6320770,
                     "CountryName":"UNITED STATES OF AMERICA",
                     "StateName":"GEORGIA",
                     "StateID":79,
                     "StateCode":"GA",
                     "PostalCode":"303132420",
                     "CityName":"ATLANTA",
                     "GPS":"33.75,-84.39",
                     "CountyID":994,
                     "TelephoneNumber":6763495,
                     "PartyRoleID":116462,
                     "CountyName":"FULTON",
                     "PartyRoleTypeDescription":"Bill To",
                     "ContactMechanismAssociationTypeCode":"Physical",
                     "PartyRoleTypeCode":"Bill To",
                     "AddressLine2":"PO BOX 1734/CHARLES DUPREY",
                     "FinancialBusinessUnitName":null,
                     "AddressLine1":"1 Coca Cola Plz NW",
                     "PostalCodeID":89607,
                     "CityID":7990,
                     "CityAliasName":"ATLANTA",
                     "CountryCode":"USA",
                     "AddressID":6683448
                  }
               ]
            }
         },
         {  
            "_index":"account-details",
            "_type":"account_info",
            "_id":"22417",
            "_score":1.0,
            "_source":{  
               "OrganizationName":"OMI INDUSTRIES",
               "@timestamp":"2017-10-11T03:17:16.617Z",
               "PartyID":22417,
               "ExpirationTimestamp":"2100-01-01T05:59:59.453Z",
               "CustomerCode":"OMLO37",
               "@version":"1",
               "OrganizationStatusTypeCode":"Approved",
               "BusinessIdentificationNumber":"938571309",
               "partyaddresses":[  
                  {  
                     "ContactMechanismPreferenceTypeCode":"Primary",
                     "TelephoneID":6596099,
                     "CountryName":"UNITED STATES OF AMERICA",
                     "StateName":"ILLINOIS",
                     "StateID":84,
                     "StateCode":"IL",
                     "PostalCode":"600478887",
                     "CityName":"LONG GROVE",
                     "GPS":"42.18,-88",
                     "CountyID":1559,
                     "TelephoneNumber":3049111,
                     "PartyRoleID":86090,
                     "CountyName":"LAKE",
                     "PartyRoleTypeDescription":"Bill To",
                     "ContactMechanismAssociationTypeCode":"Physical",
                     "PartyRoleTypeCode":"Bill To",
                     "AddressLine2":"",
                     "FinancialBusinessUnitName":null,
                     "AddressLine1":"1 Corporate Dr",
                     "PostalCodeID":406880,
                     "CityID":11766,
                     "CityAliasName":"LONG GRV",
                     "CountryCode":"USA",
                     "AddressID":6683476
                  }
               ]
            }
         },
         {  
            "_index":"account-details",
            "_type":"account_info",
            "_id":"1829",
            "_score":1.0,
            "_source":{  
               "OrganizationName":"AMGEN USA, INC",
               "@timestamp":"2017-10-11T03:17:16.617Z",
               "PartyID":1829,
               "ExpirationTimestamp":"2100-01-01T05:59:59.453Z",
               "CustomerCode":"AMTH44",
               "@version":"1",
               "OrganizationStatusTypeCode":"Approved",
               "BusinessIdentificationNumber":"802311964",
               "partyaddresses":[  
                  {  
                     "ContactMechanismPreferenceTypeCode":"Primary",
                     "TelephoneID":6119206,
                     "CountryName":"UNITED STATES OF AMERICA",
                     "StateName":"CALIFORNIA",
                     "StateID":73,
                     "StateCode":"CA",
                     "PostalCode":"913201730",
                     "CityName":"THOUSAND OAKS",
                     "GPS":"34.17,-118.84",
                     "CountyID":2891,
                     "TelephoneNumber":4471000,
                     "PartyRoleID":146138,
                     "CountyName":"VENTURA",
                     "PartyRoleTypeDescription":"Beneficial Owner",
                     "ContactMechanismAssociationTypeCode":"Physical",
                     "PartyRoleTypeCode":"Benfowner",
                     "AddressLine2":"",
                     "FinancialBusinessUnitName":null,
                     "AddressLine1":"1 Amgen Center Dr",
                     "PostalCodeID":274961,
                     "CityID":5346,
                     "CityAliasName":"THOUSAND OAKS",
                     "CountryCode":"USA",
                     "AddressID":6683520
                  },
                  {  
                     "ContactMechanismPreferenceTypeCode":"Primary",
                     "TelephoneID":6119206,
                     "CountryName":"UNITED STATES OF AMERICA",
                     "StateName":"CALIFORNIA",
                     "StateID":73,
                     "StateCode":"CA",
                     "PostalCode":"913201730",
                     "CityName":"THOUSAND OAKS",
                     "GPS":"34.17,-118.84",
                     "CountyID":2891,
                     "TelephoneNumber":4471000,
                     "PartyRoleID":83063,
                     "CountyName":"VENTURA",
                     "PartyRoleTypeDescription":"Bill To",
                     "ContactMechanismAssociationTypeCode":"Physical",
                     "PartyRoleTypeCode":"Bill To",
                     "AddressLine2":"",
                     "FinancialBusinessUnitName":null,
                     "AddressLine1":"1 Amgen Center Dr",
                     "PostalCodeID":274961,
                     "CityID":5346,
                     "CityAliasName":"THOUSAND OAKS",
                     "CountryCode":"USA",
                     "AddressID":6683520
                  },
                  {  
                     "ContactMechanismPreferenceTypeCode":"Alternate",
                     "TelephoneID":null,
                     "CountryName":"UNITED STATES OF AMERICA",
                     "StateName":"CALIFORNIA",
                     "StateID":73,
                     "StateCode":"CA",
                     "PostalCode":"913201730",
                     "CityName":"THOUSAND OAKS",
                     "GPS":"34.17,-118.84",
                     "CountyID":2891,
                     "TelephoneNumber":null,
                     "PartyRoleID":144767,
                     "CountyName":"VENTURA",
                     "PartyRoleTypeDescription":"Customs Broker",
                     "ContactMechanismAssociationTypeCode":"Physical",
                     "PartyRoleTypeCode":"Cstmbroker",
                     "AddressLine2":"",
                     "FinancialBusinessUnitName":null,
                     "AddressLine1":"1 Amgen Center Dr",
                     "PostalCodeID":274961,
                     "CityID":5346,
                     "CityAliasName":"THOUSAND OAKS",
                     "CountryCode":"USA",
                     "AddressID":6683520
                  },
                  {  
                     "ContactMechanismPreferenceTypeCode":"Alternate",
                     "TelephoneID":null,
                     "CountryName":"UNITED STATES OF AMERICA",
                     "StateName":"CALIFORNIA",
                     "StateID":73,
                     "StateCode":"CA",
                     "PostalCode":"913201730",
                     "CityName":"THOUSAND OAKS",
                     "GPS":"34.17,-118.84",
                     "CountyID":2891,
                     "TelephoneNumber":null,
                     "PartyRoleID":144775,
                     "CountyName":"VENTURA",
                     "PartyRoleTypeDescription":"Pay Agent",
                     "ContactMechanismAssociationTypeCode":"Physical",
                     "PartyRoleTypeCode":"Payagent",
                     "AddressLine2":"",
                     "FinancialBusinessUnitName":null,
                     "AddressLine1":"1 Amgen Center Dr",
                     "PostalCodeID":274961,
                     "CityID":5346,
                     "CityAliasName":"THOUSAND OAKS",
                     "CountryCode":"USA",
                     "AddressID":6683520
                  }
               ]
            }
         },
         {  
            "_index":"account-details",
            "_type":"account_info",
            "_id":"18177",
            "_score":1.0,
            "_source":{  
               "OrganizationName":"BML BLACKBIRD THEATRICAL SVC",
               "@timestamp":"2017-10-11T03:17:16.617Z",
               "PartyID":18177,
               "ExpirationTimestamp":"2100-01-01T05:59:59.453Z",
               "CustomerCode":"BMSE27",
               "@version":"1",
               "OrganizationStatusTypeCode":"Approved",
               "BusinessIdentificationNumber":"704229900",
               "partyaddresses":[  
                  {  
                     "ContactMechanismPreferenceTypeCode":"Primary",
                     "TelephoneID":5866514,
                     "CountryName":"UNITED STATES OF AMERICA",
                     "StateName":"NEW JERSEY",
                     "StateID":102,
                     "StateCode":"NJ",
                     "PostalCode":"070941917",
                     "CityName":"SECAUCUS",
                     "GPS":"40.79,-74.05",
                     "CountyID":1310,
                     "TelephoneNumber":6178900,
                     "PartyRoleID":82998,
                     "CountyName":"HUDSON",
                     "PartyRoleTypeDescription":"Bill To",
                     "ContactMechanismAssociationTypeCode":"Physical",
                     "PartyRoleTypeCode":"Bill To",
                     "AddressLine2":"",
                     "FinancialBusinessUnitName":null,
                     "AddressLine1":"1 Aquarium Dr",
                     "PostalCodeID":17802,
                     "CityID":29218,
                     "CityAliasName":"SECAUCUS",
                     "CountryCode":"USA",
                     "AddressID":6683532
                  }
               ]
            }
         },
         {  
            "_index":"account-details",
            "_type":"account_info",
            "_id":"6365",
            "_score":1.0,
            "_source":{  
               "OrganizationName":"DICALITE MANAGEMENT GROUP, INC",
               "@timestamp":"2017-10-11T03:17:16.633Z",
               "PartyID":6365,
               "ExpirationTimestamp":"2100-01-01T05:59:59.453Z",
               "CustomerCode":"DIBAAG",
               "@version":"1",
               "OrganizationStatusTypeCode":"Approved",
               "BusinessIdentificationNumber":"923911252",
               "partyaddresses":[  
                  {  
                     "ContactMechanismPreferenceTypeCode":"Primary",
                     "TelephoneID":null,
                     "CountryName":"UNITED STATES OF AMERICA",
                     "StateName":"PENNSYLVANIA",
                     "StateID":109,
                     "StateCode":"PA",
                     "PostalCode":"190043210",
                     "CityName":"BALA CYNWYD",
                     "GPS":"40,-75.23",
                     "CountyID":1988,
                     "TelephoneNumber":null,
                     "PartyRoleID":118413,
                     "CountyName":"MONTGOMERY",
                     "PartyRoleTypeDescription":"Bill To",
                     "ContactMechanismAssociationTypeCode":"Physical",
                     "PartyRoleTypeCode":"Bill To",
                     "AddressLine2":"",
                     "FinancialBusinessUnitName":null,
                     "AddressLine1":"1 Bala Ave",
                     "PostalCodeID":48165,
                     "CityID":37315,
                     "CityAliasName":"BALA CYNWYD",
                     "CountryCode":"USA",
                     "AddressID":6683548
                  }
               ]
            }
         }
      ]
   }
}