[
{
"bulkOrderUploadID": 1,
"uploadedErrorResponse": {
                "3": [{
                                "fieldErrorFlag": true,
                                "errorMessage": "Invalid DataType",
                                "errorType": "Workbook",
                                "fieldName": "Purchase Order",
                                "code": "Sheet"
                }],
                "6": [{
                                "fieldErrorFlag": true,
                                "errorMessage": "Invalid Rows",
                                "errorType": "Workbook",
                                "fieldName": "Excel Header",
                                "code": "Sheet"
                }]
},
"order": {
                "orderID": 15,
                "serviceOfferingCode": "Final Mile",
                "shipmentIdentificationNumber": null,
                "orderSourceCode": "Electronic",
                "orderAdditionalInstruction": null,
                "orderTrackingNumber": "1",
                "orderValueAmount": 1,
                "orderStatusCode": "Accepted",
                "customerID": "1",
                "requestedServiceLevelCode": null,
                "transitModeCode": "Truck",
                "financeBusinessUnitCode": "DCS",
                "orderHighValueIndicator": false,
                "owner": null,
                "creator": null,
                "acceptanceType": null,
                "numberOfStops": null,
                "loadNumber": null,
                "loadStatus": null,
                "spotPriceNumber": null,
                "orderStatusReasonCode": null,
                "trackingStatus": null,
                "serviceStatus": null,
                "measureOfTime": null,
                "autoAccept": null,
                "desirabilityIndex": null,
                "chargeDTOs": null,
                "orderBillingDetailDTOs": [{
                                "profileDTO": {
                                                "partyID": 1,
                                                "partyName": "COCO-COLA",
                                                "partyType": "BillTo",
                                                "partyStatus": "Active",
                                                "addressDTO": {
                                                                "addressLineOne": " ",
                                                                "addressLineTwo": " ",
                                                                "city": "NYR",
                                                                "state": "Hawali",
                                                                "zipCode": "72768",
                                                                "country": "USA",
                                                                "cityID": null
                                                },
                                                "contactDTO": null
                                },
                                "ratingCycleDTO": null,
                                "autorateIndicator": "Y",
                                "contactDTO": null,
                                "freightChargeTermTypeCode": null,
                                "lineOfBusinessCode": null
                }],
                "orderServices": [],
                "orderRequestorDTOs": [],
                "orderAssociatedParties": [{
                                "partyID": 1,
                                "partyName": "COCO-COLA",
                                "partyType": "AdditionalParty",
                                "partyStatus": "Active",
                                "addressDTO": {
                                                "addressLineOne": "6445 LEMMON AVE",
                                                "addressLineTwo": "DALLAS",
                                                "city": "DALLAS",
                                                "state": "TX",
                                                "zipCode": "72749",
                                                "country": "Arkansas",
                                                "cityID": null
                                },
                                "contactDTO": null
                }],
                "internationalOrderElement": [],
                "internationalService": null,
                "orderCrossesBorderDetailDTOs": [{
                                "clearingCountryCode": "CND",
                                "profileDTO": {
                                                "partyID": 1234,
                                                "partyName": null,
                                                "partyType": "Customer Broker",
                                                "partyStatus": "Active",
                                                "addressDTO": null,
                                                "contactDTO": null
                                }
                }],
                "orderOperationalElements": null,
                "orderMonitorInformations": [],
                "orderEquipmentRequirementDTOs": [],
                "commentDTOs": null,
                "stopDTOs": null,
                "referenceNumberDTOs": null,
                "orderMaterialHandlingRequirementAssociation": null,
                "servicePriorityTypeCode": "Precision",
                "orderTypeCode": "Other",
                "orderSubTypeCode": "CLC",
                "orderValueTypeCode": "High",
                "orderVolumeTypeCode": null,
                "orderRefrigeratedIndicator": null,
                "orderGroupingID": 1,
                "orderUnifiedCustomerRequestAssociations": [{
                                "orderUnifiedCustomerRequestAssociationID": 1,
                                "unifiedCustomerRequestID": 5,
                                "order": {
                                                "@id": 1,
                                                "orderID": 15,
                                                "customerID": 1,
                                                "serviceOfferingCode": "Final Mile",
                                                "requestedServiceLevelCode": null,
                                                "servicePriorityTypeCode": "Precision",
                                                "transitModeCode": "Truck",
                                                "financeBusinessUnitCode": "DCS",
                                                "orderSourceCode": "Electronic",
                                                "orderStatusCode": "Accepted",
                                                "orderTypeCode": "Other",
                                                "orderSubTypeCode": "CLC",
                                                "orderValueTypeCode": "High",
                                                "shipmentIdentificationNumber": null,
                                                "orderTrackingNumber": "1",
                                                "orderValueAmount": 1,
                                                "orderRefrigeratedIndicator": null,
                                                "orderGroupingID": 1,
                                                "internationalOrderElement": [],
                                                "orderMonitorInformations": [],
                                                "orderOperationalElement": [],
                                                "orderRequestorDetail": [],
                                                "orderBillingDetail": [{
                                                                "orderBillingDetailID": 1,
                                                                "autoRateIndicator": "Y",
                                                                "billToID": 1,
                                                                "contactID": 1,
                                                                "contactTypeCode": "EMAIl",
                                                                "freightChargeTermTypeCode": "COLLECT",
                                                                "ratingCycleType": "load",
                                                                "lineOfBusinessCode": 1,
                                                                "lastUpdateTimestampString": "2017-04-01T07:09:00.4566667"
                                                }],
                                                "orderServices": [],
                                                "internationalServices": [],
                                                "orderCarrierDetails": [],
                                                "orderStatusEvents": [],
                                                "orderMaterialHandlingRequirementAssociations": [],
                                                "orderFoodSafetyDetails": [],
                                                "trailerNumber": null,
                                                "trailerPrefix": null,
                                                "orderQuantity": null,
                                                "orderWeight": null,
                                                "unitOfOrderWeight": null,
                                                "lastUpdateTimestampString": "2017-04-01T06:59:53.66",
                                                "_links": {
                                                                "orderCrossBorderDetails": {
                                                                                "href": "http://ordermanagementorderservices-dev.jbhunt.com/ordermanagementorderservices/orderCrossBorderDetails/6"
                                                                },
                                                                "orderUnifiedCustomerRequestAssociations": {
                                                                                "href": "http://ordermanagementorderservices-dev.jbhunt.com/ordermanagementorderservices/orderUnifiedCustomerRequestAssociations/3"
                                                                },
                                                                "stops": [{
                                                                                                "href": "http://ordermanagementorderservices-dev.jbhunt.com/ordermanagementorderservices/stops/69{?projection}",
                                                                                                "templated": true
                                                                                },
                                                                                {
                                                                                                "href": "http://ordermanagementorderservices-dev.jbhunt.com/ordermanagementorderservices/stops/64{?projection}",
                                                                                                "templated": true
                                                                                },
                                                                                {
                                                                                                "href": "http://ordermanagementorderservices-dev.jbhunt.com/ordermanagementorderservices/stops/65{?projection}",
                                                                                                "templated": true
                                                                                },
                                                                                {
                                                                                                "href": "http://ordermanagementorderservices-dev.jbhunt.com/ordermanagementorderservices/stops/68{?projection}",
                                                                                                "templated": true
                                                                                },
                                                                                {
                                                                                                "href": "http://ordermanagementorderservices-dev.jbhunt.com/ordermanagementorderservices/stops/72{?projection}",
                                                                                                "templated": true
                                                                                },
                                                                                {
                                                                                                "href": "http://ordermanagementorderservices-dev.jbhunt.com/ordermanagementorderservices/stops/70{?projection}",
                                                                                                "templated": true
                                                                                },
                                                                                {
                                                                                                "href": "http://ordermanagementorderservices-dev.jbhunt.com/ordermanagementorderservices/stops/71{?projection}",
                                                                                                "templated": true
                                                                                }
                                                                ],
                                                                "orderAssociatedParties": {
                                                                                "href": "http://ordermanagementorderservices-dev.jbhunt.com/ordermanagementorderservices/orderAssociatedParties/1"
                                                                }
                                                }
                                },
                                "lastUpdateTimestampString": "2017-05-05T01:09:10.7"
                }],
                "orderAdditionalInstructions": null,
                "orderCarrierDetails": [],
                "orderStatusWorkflows": [],
                "orderStatusEvents": [],
                "orderFoodSafetyDetails": [],
                "addLinks": null,
                "restrictedFlag": false,
                "_links": {
                                "comments": {
                                                "href": "http://ordermanagementorderservices-dev.jbhunt.com/ordermanagementorderservices/orders/15/comments"
                                },
                                "referencenumbers": {
                                                "href": "http://ordermanagementorderservices-dev.jbhunt.com/ordermanagementorderservices/orders/15/referencenumbers"
                                },
                                "charges": {
                                                "href": "http://ordermanagementorderservices-dev.jbhunt.com/ordermanagementorderservices/orders/15/charges"
                                },
                                "additionalInstructions": {
                                                "href": "http://ordermanagementorderservices-dev.jbhunt.com/ordermanagementorderservices/orders/15/additionalInstructions"
                                },
                                "stops": {
                                                "href": "http://ordermanagementorderservices-dev.jbhunt.com/ordermanagementorderservices/orders/15/stops"
                                }
                }
        }
},
{
"bulkOrderUploadID": 1,
"uploadedErrorResponse": {
                "3": [{
                                "fieldErrorFlag": true,
                                "errorMessage": "Invalid DataType",
                                "errorType": "Workbook",
                                "fieldName": "Purchase Order",
                                "code": "Sheet"
                }],
                "6": [{
                                "fieldErrorFlag": true,
                                "errorMessage": "Invalid Rows",
                                "errorType": "Workbook",
                                "fieldName": "Excel Header",
                                "code": "Sheet"
                }]
},
"order": {
                "orderID": 15,
                "serviceOfferingCode": "Final Mile",
                "shipmentIdentificationNumber": null,
                "orderSourceCode": "Electronic",
                "orderAdditionalInstruction": null,
                "orderTrackingNumber": "1",
                "orderValueAmount": 1,
                "orderStatusCode": "Accepted",
                "customerID": "1",
                "requestedServiceLevelCode": null,
                "transitModeCode": "Truck",
                "financeBusinessUnitCode": "DCS",
                "orderHighValueIndicator": false,
                "owner": null,
                "creator": null,
                "acceptanceType": null,
                "numberOfStops": null,
                "loadNumber": null,
                "loadStatus": null,
                "spotPriceNumber": null,
                "orderStatusReasonCode": null,
                "trackingStatus": null,
                "serviceStatus": null,
                "measureOfTime": null,
                "autoAccept": null,
                "desirabilityIndex": null,
                "chargeDTOs": null,
                "orderBillingDetailDTOs": [{
                                "profileDTO": {
                                                "partyID": 1,
                                                "partyName": "COCO-COLA",
                                                "partyType": "BillTo",
                                                "partyStatus": "Active",
                                                "addressDTO": {
                                                                "addressLineOne": " ",
                                                                "addressLineTwo": " ",
                                                                "city": "NYR",
                                                                "state": "Hawali",
                                                                "zipCode": "72768",
                                                                "country": "USA",
                                                                "cityID": null
                                                },
                                                "contactDTO": null
                                },
                                "ratingCycleDTO": null,
                                "autorateIndicator": "Y",
                                "contactDTO": null,
                                "freightChargeTermTypeCode": null,
                                "lineOfBusinessCode": null
                }],
                "orderServices": [],
                "orderRequestorDTOs": [],
                "orderAssociatedParties": [{
                                "partyID": 1,
                                "partyName": "COCO-COLA",
                                "partyType": "AdditionalParty",
                                "partyStatus": "Active",
                                "addressDTO": {
                                                "addressLineOne": "6445 LEMMON AVE",
                                                "addressLineTwo": "DALLAS",
                                                "city": "DALLAS",
                                                "state": "TX",
                                                "zipCode": "72749",
                                                "country": "Arkansas",
                                                "cityID": null
                                },
                                "contactDTO": null
                }],
                "internationalOrderElement": [],
                "internationalService": null,
                "orderCrossesBorderDetailDTOs": [{
                                "clearingCountryCode": "CND",
                                "profileDTO": {
                                                "partyID": 1234,
                                                "partyName": null,
                                                "partyType": "Customer Broker",
                                                "partyStatus": "Active",
                                                "addressDTO": null,
                                                "contactDTO": null
                                }
                }],
                "orderOperationalElements": null,
                "orderMonitorInformations": [],
                "orderEquipmentRequirementDTOs": [],
                "commentDTOs": null,
                "stopDTOs": null,
                "referenceNumberDTOs": null,
                "orderMaterialHandlingRequirementAssociation": null,
                "servicePriorityTypeCode": "Precision",
                "orderTypeCode": "Other",
                "orderSubTypeCode": "CLC",
                "orderValueTypeCode": "High",
                "orderVolumeTypeCode": null,
                "orderRefrigeratedIndicator": null,
                "orderGroupingID": 1,
                "orderUnifiedCustomerRequestAssociations": [{
                                "orderUnifiedCustomerRequestAssociationID": 1,
                                "unifiedCustomerRequestID": 5,
                                "order": {
                                                "@id": 1,
                                                "orderID": 15,
                                                "customerID": 1,
                                                "serviceOfferingCode": "Final Mile",
                                                "requestedServiceLevelCode": null,
                                                "servicePriorityTypeCode": "Precision",
                                                "transitModeCode": "Truck",
                                                "financeBusinessUnitCode": "DCS",
                                                "orderSourceCode": "Electronic",
                                                "orderStatusCode": "Accepted",
                                                "orderTypeCode": "Other",
                                                "orderSubTypeCode": "CLC",
                                                "orderValueTypeCode": "High",
                                                "shipmentIdentificationNumber": null,
                                                "orderTrackingNumber": "1",
                                                "orderValueAmount": 1,
                                                "orderRefrigeratedIndicator": null,
                                                "orderGroupingID": 1,
                                                "internationalOrderElement": [],
                                                "orderMonitorInformations": [],
                                                "orderOperationalElement": [],
                                                "orderRequestorDetail": [],
                                                "orderBillingDetail": [{
                                                                "orderBillingDetailID": 1,
                                                                "autoRateIndicator": "Y",
                                                                "billToID": 1,
                                                                "contactID": 1,
                                                                "contactTypeCode": "EMAIl",
                                                                "freightChargeTermTypeCode": "COLLECT",
                                                                "ratingCycleType": "load",
                                                                "lineOfBusinessCode": 1,
                                                                "lastUpdateTimestampString": "2017-04-01T07:09:00.4566667"
                                                }],
                                                "orderServices": [],
                                                "internationalServices": [],
                                                "orderCarrierDetails": [],
                                                "orderStatusEvents": [],
                                                "orderMaterialHandlingRequirementAssociations": [],
                                                "orderFoodSafetyDetails": [],
                                                "trailerNumber": null,
                                                "trailerPrefix": null,
                                                "orderQuantity": null,
                                                "orderWeight": null,
                                                "unitOfOrderWeight": null,
                                                "lastUpdateTimestampString": "2017-04-01T06:59:53.66",
                                                "_links": {
                                                                "orderCrossBorderDetails": {
                                                                                "href": "http://ordermanagementorderservices-dev.jbhunt.com/ordermanagementorderservices/orderCrossBorderDetails/6"
                                                                },
                                                                "orderUnifiedCustomerRequestAssociations": {
                                                                                "href": "http://ordermanagementorderservices-dev.jbhunt.com/ordermanagementorderservices/orderUnifiedCustomerRequestAssociations/3"
                                                                },
                                                                "stops": [{
                                                                                                "href": "http://ordermanagementorderservices-dev.jbhunt.com/ordermanagementorderservices/stops/69{?projection}",
                                                                                                "templated": true
                                                                                },
                                                                                {
                                                                                                "href": "http://ordermanagementorderservices-dev.jbhunt.com/ordermanagementorderservices/stops/64{?projection}",
                                                                                                "templated": true
                                                                                },
                                                                                {
                                                                                                "href": "http://ordermanagementorderservices-dev.jbhunt.com/ordermanagementorderservices/stops/65{?projection}",
                                                                                                "templated": true
                                                                                },
                                                                                {
                                                                                                "href": "http://ordermanagementorderservices-dev.jbhunt.com/ordermanagementorderservices/stops/68{?projection}",
                                                                                                "templated": true
                                                                                },
                                                                                {
                                                                                                "href": "http://ordermanagementorderservices-dev.jbhunt.com/ordermanagementorderservices/stops/72{?projection}",
                                                                                                "templated": true
                                                                                },
                                                                                {
                                                                                                "href": "http://ordermanagementorderservices-dev.jbhunt.com/ordermanagementorderservices/stops/70{?projection}",
                                                                                                "templated": true
                                                                                },
                                                                                {
                                                                                                "href": "http://ordermanagementorderservices-dev.jbhunt.com/ordermanagementorderservices/stops/71{?projection}",
                                                                                                "templated": true
                                                                                }
                                                                ],
                                                                "orderAssociatedParties": {
                                                                                "href": "http://ordermanagementorderservices-dev.jbhunt.com/ordermanagementorderservices/orderAssociatedParties/1"
                                                                }
                                                }
                                },
                                "lastUpdateTimestampString": "2017-05-05T01:09:10.7"
                }],
                "orderAdditionalInstructions": null,
                "orderCarrierDetails": [],
                "orderStatusWorkflows": [],
                "orderStatusEvents": [],
                "orderFoodSafetyDetails": [],
                "addLinks": null,
                "restrictedFlag": false,
                "_links": {
                                "comments": {
                                                "href": "http://ordermanagementorderservices-dev.jbhunt.com/ordermanagementorderservices/orders/15/comments"
                                },
                                "referencenumbers": {
                                                "href": "http://ordermanagementorderservices-dev.jbhunt.com/ordermanagementorderservices/orders/15/referencenumbers"
                                },
                                "charges": {
                                                "href": "http://ordermanagementorderservices-dev.jbhunt.com/ordermanagementorderservices/orders/15/charges"
                                },
                                "additionalInstructions": {
                                                "href": "http://ordermanagementorderservices-dev.jbhunt.com/ordermanagementorderservices/orders/15/additionalInstructions"
                                },
                                "stops": {
                                                "href": "http://ordermanagementorderservices-dev.jbhunt.com/ordermanagementorderservices/orders/15/stops"
                                }
                }
}
},
{
"bulkOrderUploadID": 1,
"uploadedErrorResponse": {
                "3": [{
                                "fieldErrorFlag": true,
                                "errorMessage": "Invalid DataType",
                                "errorType": "Workbook",
                                "fieldName": "Purchase Order",
                                "code": "Sheet"
                }],
                "6": [{
                                "fieldErrorFlag": true,
                                "errorMessage": "Invalid Rows",
                                "errorType": "Workbook",
                                "fieldName": "Excel Header",
                                "code": "Sheet"
                }]
},
"order": {
                "orderID": 15,
                "serviceOfferingCode": "Final Mile",
                "shipmentIdentificationNumber": null,
                "orderSourceCode": "Electronic",
                "orderAdditionalInstruction": null,
                "orderTrackingNumber": "1",
                "orderValueAmount": 1,
                "orderStatusCode": "Accepted",
                "customerID": "1",
                "requestedServiceLevelCode": null,
                "transitModeCode": "Truck",
                "financeBusinessUnitCode": "DCS",
                "orderHighValueIndicator": false,
                "owner": null,
                "creator": null,
                "acceptanceType": null,
                "numberOfStops": null,
                "loadNumber": null,
                "loadStatus": null,
                "spotPriceNumber": null,
                "orderStatusReasonCode": null,
                "trackingStatus": null,
                "serviceStatus": null,
                "measureOfTime": null,
                "autoAccept": null,
                "desirabilityIndex": null,
                "chargeDTOs": null,
                "orderBillingDetailDTOs": [{
                                "profileDTO": {
                                                "partyID": 1,
                                                "partyName": "COCO-COLA",
                                                "partyType": "BillTo",
                                                "partyStatus": "Active",
                                                "addressDTO": {
                                                                "addressLineOne": " ",
                                                                "addressLineTwo": " ",
                                                                "city": "NYR",
                                                                "state": "Hawali",
                                                                "zipCode": "72768",
                                                                "country": "USA",
                                                                "cityID": null
                                                },
                                                "contactDTO": null
                                },
                                "ratingCycleDTO": null,
                                "autorateIndicator": "Y",
                                "contactDTO": null,
                                "freightChargeTermTypeCode": null,
                                "lineOfBusinessCode": null
                }],
                "orderServices": [],
                "orderRequestorDTOs": [],
                "orderAssociatedParties": [{
                                "partyID": 1,
                                "partyName": "COCO-COLA",
                                "partyType": "AdditionalParty",
                                "partyStatus": "Active",
                                "addressDTO": {
                                                "addressLineOne": "6445 LEMMON AVE",
                                                "addressLineTwo": "DALLAS",
                                                "city": "DALLAS",
                                                "state": "TX",
                                                "zipCode": "72749",
                                                "country": "Arkansas",
                                                "cityID": null
                                },
                                "contactDTO": null
                }],
                "internationalOrderElement": [],
                "internationalService": null,
                "orderCrossesBorderDetailDTOs": [{
                                "clearingCountryCode": "CND",
                                "profileDTO": {
                                                "partyID": 1234,
                                                "partyName": null,
                                                "partyType": "Customer Broker",
                                                "partyStatus": "Active",
                                                "addressDTO": null,
                                                "contactDTO": null
                                }
                }],
                "orderOperationalElements": null,
                "orderMonitorInformations": [],
                "orderEquipmentRequirementDTOs": [],
                "commentDTOs": null,
                "stopDTOs": null,
                "referenceNumberDTOs": null,
                "orderMaterialHandlingRequirementAssociation": null,
                "servicePriorityTypeCode": "Precision",
                "orderTypeCode": "Other",
                "orderSubTypeCode": "CLC",
                "orderValueTypeCode": "High",
                "orderVolumeTypeCode": null,
                "orderRefrigeratedIndicator": null,
                "orderGroupingID": 1,
                "orderUnifiedCustomerRequestAssociations": [{
                                "orderUnifiedCustomerRequestAssociationID": 1,
                                "unifiedCustomerRequestID": 5,
                                "order": {
                                                "@id": 1,
                                                "orderID": 15,
                                                "customerID": 1,
                                                "serviceOfferingCode": "Final Mile",
                                                "requestedServiceLevelCode": null,
                                                "servicePriorityTypeCode": "Precision",
                                                "transitModeCode": "Truck",
                                                "financeBusinessUnitCode": "DCS",
                                                "orderSourceCode": "Electronic",
                                                "orderStatusCode": "Accepted",
                                                "orderTypeCode": "Other",
                                                "orderSubTypeCode": "CLC",
                                                "orderValueTypeCode": "High",
                                                "shipmentIdentificationNumber": null,
                                                "orderTrackingNumber": "1",
                                                "orderValueAmount": 1,
                                                "orderRefrigeratedIndicator": null,
                                                "orderGroupingID": 1,
                                                "internationalOrderElement": [],
                                                "orderMonitorInformations": [],
                                                "orderOperationalElement": [],
                                                "orderRequestorDetail": [],
                                                "orderBillingDetail": [{
                                                                "orderBillingDetailID": 1,
                                                                "autoRateIndicator": "Y",
                                                                "billToID": 1,
                                                                "contactID": 1,
                                                                "contactTypeCode": "EMAIl",
                                                                "freightChargeTermTypeCode": "COLLECT",
                                                                "ratingCycleType": "load",
                                                                "lineOfBusinessCode": 1,
                                                                "lastUpdateTimestampString": "2017-04-01T07:09:00.4566667"
                                                }],
                                                "orderServices": [],
                                                "internationalServices": [],
                                                "orderCarrierDetails": [],
                                                "orderStatusEvents": [],
                                                "orderMaterialHandlingRequirementAssociations": [],
                                                "orderFoodSafetyDetails": [],
                                                "trailerNumber": null,
                                                "trailerPrefix": null,
                                                "orderQuantity": null,
                                                "orderWeight": null,
                                                "unitOfOrderWeight": null,
                                                "lastUpdateTimestampString": "2017-04-01T06:59:53.66",
                                                "_links": {
                                                                "orderCrossBorderDetails": {
                                                                                "href": "http://ordermanagementorderservices-dev.jbhunt.com/ordermanagementorderservices/orderCrossBorderDetails/6"
                                                                },
                                                                "orderUnifiedCustomerRequestAssociations": {
                                                                                "href": "http://ordermanagementorderservices-dev.jbhunt.com/ordermanagementorderservices/orderUnifiedCustomerRequestAssociations/3"
                                                                },
                                                                "stops": [{
                                                                                                "href": "http://ordermanagementorderservices-dev.jbhunt.com/ordermanagementorderservices/stops/69{?projection}",
                                                                                                "templated": true
                                                                                },
                                                                                {
                                                                                                "href": "http://ordermanagementorderservices-dev.jbhunt.com/ordermanagementorderservices/stops/64{?projection}",
                                                                                                "templated": true
                                                                                },
                                                                                {
                                                                                                "href": "http://ordermanagementorderservices-dev.jbhunt.com/ordermanagementorderservices/stops/65{?projection}",
                                                                                                "templated": true
                                                                                },
                                                                                {
                                                                                                "href": "http://ordermanagementorderservices-dev.jbhunt.com/ordermanagementorderservices/stops/68{?projection}",
                                                                                                "templated": true
                                                                                },
                                                                                {
                                                                                                "href": "http://ordermanagementorderservices-dev.jbhunt.com/ordermanagementorderservices/stops/72{?projection}",
                                                                                                "templated": true
                                                                                },
                                                                                {
                                                                                                "href": "http://ordermanagementorderservices-dev.jbhunt.com/ordermanagementorderservices/stops/70{?projection}",
                                                                                                "templated": true
                                                                                },
                                                                                {
                                                                                                "href": "http://ordermanagementorderservices-dev.jbhunt.com/ordermanagementorderservices/stops/71{?projection}",
                                                                                                "templated": true
                                                                                }
                                                                ],
                                                                "orderAssociatedParties": {
                                                                                "href": "http://ordermanagementorderservices-dev.jbhunt.com/ordermanagementorderservices/orderAssociatedParties/1"
                                                                }
                                                }
                                },
                                "lastUpdateTimestampString": "2017-05-05T01:09:10.7"
                }],
                "orderAdditionalInstructions": null,
                "orderCarrierDetails": [],
                "orderStatusWorkflows": [],
                "orderStatusEvents": [],
                "orderFoodSafetyDetails": [],
                "addLinks": null,
                "restrictedFlag": false,
                "_links": {
                                "comments": {
                                                "href": "http://ordermanagementorderservices-dev.jbhunt.com/ordermanagementorderservices/orders/15/comments"
                                },
                                "referencenumbers": {
                                                "href": "http://ordermanagementorderservices-dev.jbhunt.com/ordermanagementorderservices/orders/15/referencenumbers"
                                },
                                "charges": {
                                                "href": "http://ordermanagementorderservices-dev.jbhunt.com/ordermanagementorderservices/orders/15/charges"
                                },
                                "additionalInstructions": {
                                                "href": "http://ordermanagementorderservices-dev.jbhunt.com/ordermanagementorderservices/orders/15/additionalInstructions"
                                },
                                "stops": {
                                                "href": "http://ordermanagementorderservices-dev.jbhunt.com/ordermanagementorderservices/orders/15/stops"
                                }
                }
}
},
{
"bulkOrderUploadID": 1,
"uploadedErrorResponse": {
                "3": [{
                                "fieldErrorFlag": true,
                                "errorMessage": "Invalid DataType",
                                "errorType": "Workbook",
                                "fieldName": "Purchase Order",
                                "code": "Sheet"
                }],
                "6": [{
                                "fieldErrorFlag": true,
                                "errorMessage": "Invalid Rows",
                                "errorType": "Workbook",
                                "fieldName": "Excel Header",
                                "code": "Sheet"
                }]
},
"order": {
                "orderID": 15,
                "serviceOfferingCode": "Final Mile",
                "shipmentIdentificationNumber": null,
                "orderSourceCode": "Electronic",
                "orderAdditionalInstruction": null,
                "orderTrackingNumber": "1",
                "orderValueAmount": 1,
                "orderStatusCode": "Accepted",
                "customerID": "1",
                "requestedServiceLevelCode": null,
                "transitModeCode": "Truck",
                "financeBusinessUnitCode": "DCS",
                "orderHighValueIndicator": false,
                "owner": null,
                "creator": null,
                "acceptanceType": null,
                "numberOfStops": null,
                "loadNumber": null,
                "loadStatus": null,
                "spotPriceNumber": null,
                "orderStatusReasonCode": null,
                "trackingStatus": null,
                "serviceStatus": null,
                "measureOfTime": null,
                "autoAccept": null,
                "desirabilityIndex": null,
                "chargeDTOs": null,
                "orderBillingDetailDTOs": [{
                                "profileDTO": {
                                                "partyID": 1,
                                                "partyName": "COCO-COLA",
                                                "partyType": "BillTo",
                                                "partyStatus": "Active",
                                                "addressDTO": {
                                                                "addressLineOne": " ",
                                                                "addressLineTwo": " ",
                                                                "city": "NYR",
                                                                "state": "Hawali",
                                                                "zipCode": "72768",
                                                                "country": "USA",
                                                                "cityID": null
                                                },
                                                "contactDTO": null
                                },
                                "ratingCycleDTO": null,
                                "autorateIndicator": "Y",
                                "contactDTO": null,
                                "freightChargeTermTypeCode": null,
                                "lineOfBusinessCode": null
                }],
                "orderServices": [],
                "orderRequestorDTOs": [],
                "orderAssociatedParties": [{
                                "partyID": 1,
                                "partyName": "COCO-COLA",
                                "partyType": "AdditionalParty",
                                "partyStatus": "Active",
                                "addressDTO": {
                                                "addressLineOne": "6445 LEMMON AVE",
                                                "addressLineTwo": "DALLAS",
                                                "city": "DALLAS",
                                                "state": "TX",
                                                "zipCode": "72749",
                                                "country": "Arkansas",
                                                "cityID": null
                                },
                                "contactDTO": null
                }],
                "internationalOrderElement": [],
                "internationalService": null,
                "orderCrossesBorderDetailDTOs": [{
                                "clearingCountryCode": "CND",
                                "profileDTO": {
                                                "partyID": 1234,
                                                "partyName": null,
                                                "partyType": "Customer Broker",
                                                "partyStatus": "Active",
                                                "addressDTO": null,
                                                "contactDTO": null
                                }
                }],
                "orderOperationalElements": null,
                "orderMonitorInformations": [],
                "orderEquipmentRequirementDTOs": [],
                "commentDTOs": null,
                "stopDTOs": null,
                "referenceNumberDTOs": null,
                "orderMaterialHandlingRequirementAssociation": null,
                "servicePriorityTypeCode": "Precision",
                "orderTypeCode": "Other",
                "orderSubTypeCode": "CLC",
                "orderValueTypeCode": "High",
                "orderVolumeTypeCode": null,
                "orderRefrigeratedIndicator": null,
                "orderGroupingID": 1,
                "orderUnifiedCustomerRequestAssociations": [{
                                "orderUnifiedCustomerRequestAssociationID": 1,
                                "unifiedCustomerRequestID": 5,
                                "order": {
                                                "@id": 1,
                                                "orderID": 15,
                                                "customerID": 1,
                                                "serviceOfferingCode": "Final Mile",
                                                "requestedServiceLevelCode": null,
                                                "servicePriorityTypeCode": "Precision",
                                                "transitModeCode": "Truck",
                                                "financeBusinessUnitCode": "DCS",
                                                "orderSourceCode": "Electronic",
                                                "orderStatusCode": "Accepted",
                                                "orderTypeCode": "Other",
                                                "orderSubTypeCode": "CLC",
                                                "orderValueTypeCode": "High",
                                                "shipmentIdentificationNumber": null,
                                                "orderTrackingNumber": "1",
                                                "orderValueAmount": 1,
                                                "orderRefrigeratedIndicator": null,
                                                "orderGroupingID": 1,
                                                "internationalOrderElement": [],
                                                "orderMonitorInformations": [],
                                                "orderOperationalElement": [],
                                                "orderRequestorDetail": [],
                                                "orderBillingDetail": [{
                                                                "orderBillingDetailID": 1,
                                                                "autoRateIndicator": "Y",
                                                                "billToID": 1,
                                                                "contactID": 1,
                                                                "contactTypeCode": "EMAIl",
                                                                "freightChargeTermTypeCode": "COLLECT",
                                                                "ratingCycleType": "load",
                                                                "lineOfBusinessCode": 1,
                                                                "lastUpdateTimestampString": "2017-04-01T07:09:00.4566667"
                                                }],
                                                "orderServices": [],
                                                "internationalServices": [],
                                                "orderCarrierDetails": [],
                                                "orderStatusEvents": [],
                                                "orderMaterialHandlingRequirementAssociations": [],
                                                "orderFoodSafetyDetails": [],
                                                "trailerNumber": null,
                                                "trailerPrefix": null,
                                                "orderQuantity": null,
                                                "orderWeight": null,
                                                "unitOfOrderWeight": null,
                                                "lastUpdateTimestampString": "2017-04-01T06:59:53.66",
                                                "_links": {
                                                                "orderCrossBorderDetails": {
                                                                                "href": "http://ordermanagementorderservices-dev.jbhunt.com/ordermanagementorderservices/orderCrossBorderDetails/6"
                                                                },
                                                                "orderUnifiedCustomerRequestAssociations": {
                                                                                "href": "http://ordermanagementorderservices-dev.jbhunt.com/ordermanagementorderservices/orderUnifiedCustomerRequestAssociations/3"
                                                                },
                                                                "stops": [{
                                                                                                "href": "http://ordermanagementorderservices-dev.jbhunt.com/ordermanagementorderservices/stops/69{?projection}",
                                                                                                "templated": true
                                                                                },
                                                                                {
                                                                                                "href": "http://ordermanagementorderservices-dev.jbhunt.com/ordermanagementorderservices/stops/64{?projection}",
                                                                                                "templated": true
                                                                                },
                                                                                {
                                                                                                "href": "http://ordermanagementorderservices-dev.jbhunt.com/ordermanagementorderservices/stops/65{?projection}",
                                                                                                "templated": true
                                                                                },
                                                                                {
                                                                                                "href": "http://ordermanagementorderservices-dev.jbhunt.com/ordermanagementorderservices/stops/68{?projection}",
                                                                                                "templated": true
                                                                                },
                                                                                {
                                                                                                "href": "http://ordermanagementorderservices-dev.jbhunt.com/ordermanagementorderservices/stops/72{?projection}",
                                                                                                "templated": true
                                                                                },
                                                                                {
                                                                                                "href": "http://ordermanagementorderservices-dev.jbhunt.com/ordermanagementorderservices/stops/70{?projection}",
                                                                                                "templated": true
                                                                                },
                                                                                {
                                                                                                "href": "http://ordermanagementorderservices-dev.jbhunt.com/ordermanagementorderservices/stops/71{?projection}",
                                                                                                "templated": true
                                                                                }
                                                                ],
                                                                "orderAssociatedParties": {
                                                                                "href": "http://ordermanagementorderservices-dev.jbhunt.com/ordermanagementorderservices/orderAssociatedParties/1"
                                                                }
                                                }
                                },
                                "lastUpdateTimestampString": "2017-05-05T01:09:10.7"
                },
                {
                                "orderUnifiedCustomerRequestAssociationID": 1,
                                "unifiedCustomerRequestID": 5,
                                "order": {
                                                "@id": 1,
                                                "orderID": 15,
                                                "customerID": 1,
                                                "serviceOfferingCode": "Final Mile",
                                                "requestedServiceLevelCode": null,
                                                "servicePriorityTypeCode": "Precision",
                                                "transitModeCode": "Truck",
                                                "financeBusinessUnitCode": "DCS",
                                                "orderSourceCode": "Electronic",
                                                "orderStatusCode": "Accepted",
                                                "orderTypeCode": "Other",
                                                "orderSubTypeCode": "CLC",
                                                "orderValueTypeCode": "High",
                                                "shipmentIdentificationNumber": null,
                                                "orderTrackingNumber": "1",
                                                "orderValueAmount": 1,
                                                "orderRefrigeratedIndicator": null,
                                                "orderGroupingID": 1,
                                                "internationalOrderElement": [],
                                                "orderMonitorInformations": [],
                                                "orderOperationalElement": [],
                                                "orderRequestorDetail": [],
                                                "orderBillingDetail": [{
                                                                "orderBillingDetailID": 1,
                                                                "autoRateIndicator": "Y",
                                                                "billToID": 1,
                                                                "contactID": 1,
                                                                "contactTypeCode": "EMAIl",
                                                                "freightChargeTermTypeCode": "COLLECT",
                                                                "ratingCycleType": "load",
                                                                "lineOfBusinessCode": 1,
                                                                "lastUpdateTimestampString": "2017-04-01T07:09:00.4566667"
                                                }],
                                                "orderServices": [],
                                                "internationalServices": [],
                                                "orderCarrierDetails": [],
                                                "orderStatusEvents": [],
                                                "orderMaterialHandlingRequirementAssociations": [],
                                                "orderFoodSafetyDetails": [],
                                                "trailerNumber": null,
                                                "trailerPrefix": null,
                                                "orderQuantity": null,
                                                "orderWeight": null,
                                                "unitOfOrderWeight": null,
                                                "lastUpdateTimestampString": "2017-04-01T06:59:53.66",
                                                "_links": {
                                                                "orderCrossBorderDetails": {
                                                                                "href": "http://ordermanagementorderservices-dev.jbhunt.com/ordermanagementorderservices/orderCrossBorderDetails/6"
                                                                },
                                                                "orderUnifiedCustomerRequestAssociations": {
                                                                                "href": "http://ordermanagementorderservices-dev.jbhunt.com/ordermanagementorderservices/orderUnifiedCustomerRequestAssociations/3"
                                                                },
                                                                "stops": [{
                                                                                                "href": "http://ordermanagementorderservices-dev.jbhunt.com/ordermanagementorderservices/stops/69{?projection}",
                                                                                                "templated": true
                                                                                },
                                                                                {
                                                                                                "href": "http://ordermanagementorderservices-dev.jbhunt.com/ordermanagementorderservices/stops/64{?projection}",
                                                                                                "templated": true
                                                                                },
                                                                                {
                                                                                                "href": "http://ordermanagementorderservices-dev.jbhunt.com/ordermanagementorderservices/stops/65{?projection}",
                                                                                                "templated": true
                                                                                },
                                                                                {
                                                                                                "href": "http://ordermanagementorderservices-dev.jbhunt.com/ordermanagementorderservices/stops/68{?projection}",
                                                                                                "templated": true
                                                                                },
                                                                                {
                                                                                                "href": "http://ordermanagementorderservices-dev.jbhunt.com/ordermanagementorderservices/stops/72{?projection}",
                                                                                                "templated": true
                                                                                },
                                                                                {
                                                                                                "href": "http://ordermanagementorderservices-dev.jbhunt.com/ordermanagementorderservices/stops/70{?projection}",
                                                                                                "templated": true
                                                                                },
                                                                                {
                                                                                                "href": "http://ordermanagementorderservices-dev.jbhunt.com/ordermanagementorderservices/stops/71{?projection}",
                                                                                                "templated": true
                                                                                }
                                                                ],
                                                                "orderAssociatedParties": {
                                                                                "href": "http://ordermanagementorderservices-dev.jbhunt.com/ordermanagementorderservices/orderAssociatedParties/1"
                                                                }
                                                }
                                },
                                "lastUpdateTimestampString": "2017-05-05T01:09:10.7"
                },
                {
                                "orderUnifiedCustomerRequestAssociationID": 1,
                                "unifiedCustomerRequestID": 5,
                                "order": {
                                                "@id": 1,
                                                "orderID": 15,
                                                "customerID": 1,
                                                "serviceOfferingCode": "Final Mile",
                                                "requestedServiceLevelCode": null,
                                                "servicePriorityTypeCode": "Precision",
                                                "transitModeCode": "Truck",
                                                "financeBusinessUnitCode": "DCS",
                                                "orderSourceCode": "Electronic",
                                                "orderStatusCode": "Accepted",
                                                "orderTypeCode": "Other",
                                                "orderSubTypeCode": "CLC",
                                                "orderValueTypeCode": "High",
                                                "shipmentIdentificationNumber": null,
                                                "orderTrackingNumber": "1",
                                                "orderValueAmount": 1,
                                                "orderRefrigeratedIndicator": null,
                                                "orderGroupingID": 1,
                                                "internationalOrderElement": [],
                                                "orderMonitorInformations": [],
                                                "orderOperationalElement": [],
                                                "orderRequestorDetail": [],
                                                "orderBillingDetail": [{
                                                                "orderBillingDetailID": 1,
                                                                "autoRateIndicator": "Y",
                                                                "billToID": 1,
                                                                "contactID": 1,
                                                                "contactTypeCode": "EMAIl",
                                                                "freightChargeTermTypeCode": "COLLECT",
                                                                "ratingCycleType": "load",
                                                                "lineOfBusinessCode": 1,
                                                                "lastUpdateTimestampString": "2017-04-01T07:09:00.4566667"
                                                }],
                                                "orderServices": [],
                                                "internationalServices": [],
                                                "orderCarrierDetails": [],
                                                "orderStatusEvents": [],
                                                "orderMaterialHandlingRequirementAssociations": [],
                                                "orderFoodSafetyDetails": [],
                                                "trailerNumber": null,
                                                "trailerPrefix": null,
                                                "orderQuantity": null,
                                                "orderWeight": null,
                                                "unitOfOrderWeight": null,
                                                "lastUpdateTimestampString": "2017-04-01T06:59:53.66",
                                                "_links": {
                                                                "orderCrossBorderDetails": {
                                                                                "href": "http://ordermanagementorderservices-dev.jbhunt.com/ordermanagementorderservices/orderCrossBorderDetails/6"
                                                                },
                                                                "orderUnifiedCustomerRequestAssociations": {
                                                                                "href": "http://ordermanagementorderservices-dev.jbhunt.com/ordermanagementorderservices/orderUnifiedCustomerRequestAssociations/3"
                                                                },
                                                                "stops": [{
                                                                                                "href": "http://ordermanagementorderservices-dev.jbhunt.com/ordermanagementorderservices/stops/69{?projection}",
                                                                                                "templated": true
                                                                                },
                                                                                {
                                                                                                "href": "http://ordermanagementorderservices-dev.jbhunt.com/ordermanagementorderservices/stops/64{?projection}",
                                                                                                "templated": true
                                                                                },
                                                                                {
                                                                                                "href": "http://ordermanagementorderservices-dev.jbhunt.com/ordermanagementorderservices/stops/65{?projection}",
                                                                                                "templated": true
                                                                                },
                                                                                {
                                                                                                "href": "http://ordermanagementorderservices-dev.jbhunt.com/ordermanagementorderservices/stops/68{?projection}",
                                                                                                "templated": true
                                                                                },
                                                                                {
                                                                                                "href": "http://ordermanagementorderservices-dev.jbhunt.com/ordermanagementorderservices/stops/72{?projection}",
                                                                                                "templated": true
                                                                                },
                                                                                {
                                                                                                "href": "http://ordermanagementorderservices-dev.jbhunt.com/ordermanagementorderservices/stops/70{?projection}",
                                                                                                "templated": true
                                                                                },
                                                                                {
                                                                                                "href": "http://ordermanagementorderservices-dev.jbhunt.com/ordermanagementorderservices/stops/71{?projection}",
                                                                                                "templated": true
                                                                                }
                                                                ],
                                                                "orderAssociatedParties": {
                                                                                "href": "http://ordermanagementorderservices-dev.jbhunt.com/ordermanagementorderservices/orderAssociatedParties/1"
                                                                }
                                                }
                                },
                                "lastUpdateTimestampString": "2017-05-05T01:09:10.7"
                },
                {
                                "orderUnifiedCustomerRequestAssociationID": 1,
                                "unifiedCustomerRequestID": 5,
                                "order": {
                                                "@id": 1,
                                                "orderID": 15,
                                                "customerID": 1,
                                                "serviceOfferingCode": "Final Mile",
                                                "requestedServiceLevelCode": null,
                                                "servicePriorityTypeCode": "Precision",
                                                "transitModeCode": "Truck",
                                                "financeBusinessUnitCode": "DCS",
                                                "orderSourceCode": "Electronic",
                                                "orderStatusCode": "Accepted",
                                                "orderTypeCode": "Other",
                                                "orderSubTypeCode": "CLC",
                                                "orderValueTypeCode": "High",
                                                "shipmentIdentificationNumber": null,
                                                "orderTrackingNumber": "1",
                                                "orderValueAmount": 1,
                                                "orderRefrigeratedIndicator": null,
                                                "orderGroupingID": 1,
                                                "internationalOrderElement": [],
                                                "orderMonitorInformations": [],
                                                "orderOperationalElement": [],
                                                "orderRequestorDetail": [],
                                                "orderBillingDetail": [{
                                                                "orderBillingDetailID": 1,
                                                                "autoRateIndicator": "Y",
                                                                "billToID": 1,
                                                                "contactID": 1,
                                                                "contactTypeCode": "EMAIl",
                                                                "freightChargeTermTypeCode": "COLLECT",
                                                                "ratingCycleType": "load",
                                                                "lineOfBusinessCode": 1,
                                                                "lastUpdateTimestampString": "2017-04-01T07:09:00.4566667"
                                                }],
                                                "orderServices": [],
                                                "internationalServices": [],
                                                "orderCarrierDetails": [],
                                                "orderStatusEvents": [],
                                                "orderMaterialHandlingRequirementAssociations": [],
                                                "orderFoodSafetyDetails": [],
                                                "trailerNumber": null,
                                                "trailerPrefix": null,
                                                "orderQuantity": null,
                                                "orderWeight": null,
                                                "unitOfOrderWeight": null,
                                                "lastUpdateTimestampString": "2017-04-01T06:59:53.66",
                                                "_links": {
                                                                "orderCrossBorderDetails": {
                                                                                "href": "http://ordermanagementorderservices-dev.jbhunt.com/ordermanagementorderservices/orderCrossBorderDetails/6"
                                                                },
                                                                "orderUnifiedCustomerRequestAssociations": {
                                                                                "href": "http://ordermanagementorderservices-dev.jbhunt.com/ordermanagementorderservices/orderUnifiedCustomerRequestAssociations/3"
                                                                },
                                                                "stops": [{
                                                                                                "href": "http://ordermanagementorderservices-dev.jbhunt.com/ordermanagementorderservices/stops/69{?projection}",
                                                                                                "templated": true
                                                                                },
                                                                                {
                                                                                                "href": "http://ordermanagementorderservices-dev.jbhunt.com/ordermanagementorderservices/stops/64{?projection}",
                                                                                                "templated": true
                                                                                },
                                                                                {
                                                                                                "href": "http://ordermanagementorderservices-dev.jbhunt.com/ordermanagementorderservices/stops/65{?projection}",
                                                                                                "templated": true
                                                                                },
                                                                                {
                                                                                                "href": "http://ordermanagementorderservices-dev.jbhunt.com/ordermanagementorderservices/stops/68{?projection}",
                                                                                                "templated": true
                                                                                },
                                                                                {
                                                                                                "href": "http://ordermanagementorderservices-dev.jbhunt.com/ordermanagementorderservices/stops/72{?projection}",
                                                                                                "templated": true
                                                                                },
                                                                                {
                                                                                                "href": "http://ordermanagementorderservices-dev.jbhunt.com/ordermanagementorderservices/stops/70{?projection}",
                                                                                                "templated": true
                                                                                },
                                                                                {
                                                                                                "href": "http://ordermanagementorderservices-dev.jbhunt.com/ordermanagementorderservices/stops/71{?projection}",
                                                                                                "templated": true
                                                                                }
                                                                ],
                                                                "orderAssociatedParties": {
                                                                                "href": "http://ordermanagementorderservices-dev.jbhunt.com/ordermanagementorderservices/orderAssociatedParties/1"
                                                                }
                                                }
                                },
                                "lastUpdateTimestampString": "2017-05-05T01:09:10.7"
                }],
                "orderAdditionalInstructions": null,
                "orderCarrierDetails": [],
                "orderStatusWorkflows": [],
                "orderStatusEvents": [],
                "orderFoodSafetyDetails": [],
                "addLinks": null,
                "restrictedFlag": false,
                "_links": {
                                "comments": {
                                                "href": "http://ordermanagementorderservices-dev.jbhunt.com/ordermanagementorderservices/orders/15/comments"
                                },
                                "referencenumbers": {
                                                "href": "http://ordermanagementorderservices-dev.jbhunt.com/ordermanagementorderservices/orders/15/referencenumbers"
                                },
                                "charges": {
                                                "href": "http://ordermanagementorderservices-dev.jbhunt.com/ordermanagementorderservices/orders/15/charges"
                                },
                                "additionalInstructions": {
                                                "href": "http://ordermanagementorderservices-dev.jbhunt.com/ordermanagementorderservices/orders/15/additionalInstructions"
                                },
                                "stops": {
                                                "href": "http://ordermanagementorderservices-dev.jbhunt.com/ordermanagementorderservices/orders/15/stops"
                                }
                }
}
}
]