{
    "gridColumns": [{
            "name": "Bill to Account",
            "property": "BillToAccountAddr",
            "type": "address",
            "isVisible": true
        },
        {

            "name": "Origin",
            "property": "OriginAddr",
            "type": "address",
            "isVisible": true
        },
        {

            "name": "Destination",
            "property": "DeliveryAddr",
            "type": "address",
            "isVisible": true
        },
        {

            "name": "Pick Up",
            "property": "pickupDate",
            "type": "date",
            "isVisible": true
        },
        {
            "name": "Delivery",
            "property": "deliveryDate",
            "type": "date",
            "isVisible": true
        },
        {
            "name": "Auto Accept",
            "property": "autoAccept",
            "type": "string",
            "isVisible": false
        },
        {
            "name": "Broker",
            "property": "broker",
            "type": "string",
            "isVisible": false
        },
        {
            "name": "Customer Name",
            "property": "customerName",
            "type": "string",
            "isVisible": false
        },
        {
            "name": "Service Priority",
            "property": "ServicePriority",
            "type": "string",
            "isVisible": false
        },
        {
            "name": "Last Location",
            "property": "lastLocation",
            "type": "string",
            "isVisible": false
        }
    ]
}