{
	"attributes": {
		"BillParty": {
			"code": "BillParty",
			"desc": "Billing Party",
			"url": "",
			"paramname": "",
			"responseattr": "",
			"type": "textfield"
		},
		"BusUnit": {
			"code": "BusUnit",
			"desc": "Business Unit",
			"url": "api/automationrules/repocalls/businessunit.json",
			"paramname": "",
			"responseattr": "businessunit",
			"type": "multiselect"
		},
		"Customer": {
			"code": "Customer",
			"desc": "Customer",
			"url": "",
			"paramname": "",
			"responseattr": "",
			"type": "textfield"
		},
		"DelAdcd": {
			"code": "DelAdcd",
			"desc": "UCR  Delivery Address Alias Code",
			"url": "",
			"paramname": "",
			"responseattr": "",
			"type": "textfield"
		},
		"Delcity": {
			"code": "Delcity",
			"desc": "Delivery City",
			"url": "",
			"paramname": "",
			"responseattr": "",
			"type": "textfield"
		},
		"DelMarket": {
			"code": "DelMarket",
			"desc": "Delivery Marketing Area",
			"url": "/order/mdmvirtualservices/marketingareas/search/typeahead/findbymarketingarea/MKTAREA",
			"paramname": "",
			"responseattr": "marketingArea",
			"type": "multiselect"
		},
		"Delservtyp": {
			"code": "Delservtyp",
			"desc": "Delivery Service Type",
			"url": "",
			"paramname": "",
			"responseattr": "",
			"type": "textfield"
		},
		"Delsitcd": {
			"code": "Delsitcd",
			"desc": "Delivery Site Code",
			"url": "",
			"paramname": "",
			"responseattr": "",
			"type": "textfield"
		},
		"Delstate": {
			"code": "Delstate",
			"desc": "Delivery State",
			"url": "",
			"paramname": "",
			"responseattr": "",
			"type": "textfield"
		},
		"Delstprole": {
			"code": "Delstprole",
			"desc": "UCR Delivery Stop Role",
			"url": "",
			"paramname": "",
			"responseattr": "",
			"type": "textfield"
		},
		"Earlydelap": {
			"code": "Earlydelap",
			"desc": "Earliest Delivery Appointment Time",
			"url": "",
			"paramname": "",
			"responseattr": "",
			"type": "textfield"
		},
		"Earlypikap": {
			"code": "Earlypikap",
			"desc": "Earliest Pickup Appointment Date",
			"url": "",
			"paramname": "",
			"responseattr": "",
			"type": "textfield"
		},
		"Fleetcode": {
			"code": "Fleetcode",
			"desc": "Fleet Code",
			"url": "",
			"paramname": "",
			"responseattr": "",
			"type": "textfield"
		},
		"Foodsafety": {
			"code": "Foodsafety",
			"desc": "Food Safety ",
			"url": "",
			"paramname": "",
			"responseattr": "",
			"data": [{"code": "true", "description": "True"}, {"code": "false", "description": "False"}],
			"type": "boolean"
		},
		"Hazmat": {
			"code": "Hazmat",
			"desc": "Hazmat",
			"url": "",
			"paramname": "",
			"responseattr": "",
			"data": [{"code": "true", "description": "True"}, {"code": "false", "description": "False"}],
			"type": "boolean"
		},
		"Highvalue": {
			"code": "Highvalue",
			"desc": "High Value",
			"url": "",
			"paramname": "",
			"responseattr": "",
			"data": [{"code": "true", "description": "True"}, {"code": "false", "description": "False"}],
			"type": "boolean"
		},
		"Intnationl": {
			"code": "Intnationl",
			"desc": "International",
			"url": "",
			"paramname": "",
			"responseattr": "",
			"data": [{"code": "true", "description": "True"}, {"code": "false", "description": "False"}],
			"type": "boolean"
		},
		"Itemdsc": {
			"code": "Itemdsc",
			"desc": "Item Description",
			"url": "",
			"paramname": "",
			"responseattr": "",
			"type": "textfield"
		},
		"Latedelap": {
			"code": "Latedelap",
			"desc": "Lastest Delivery Appointment Time",
			"url": "",
			"paramname": "",
			"responseattr": "",
			"type": "textfield"
		},
		"Latepikap": {
			"code": "Latepikap",
			"desc": "Lastest Pickup Appointment Date",
			"url": "",
			"paramname": "",
			"responseattr": "",
			"type": "textfield"
		},
		"LOB": {
			"code": "LOB",
			"desc": "Line Of Business",
			"url": "",
			"paramname": "",
			"responseattr": "",
			"type": "textfield"
		},
		"Noofstop": {
			"code": "Noofstop",
			"desc": "Number of Stops",
			"url": "",
			"paramname": "",
			"responseattr": "",
			"type": "textfield"
		},
		"OrdChannel": {
			"code": "OrdChannel",
			"desc": "Order Creation Channel",
			"url": "",
			"paramname": "",
			"responseattr": "",
			"type": "textfield"
		},
		"Orddate": {
			"code": "Orddate",
			"desc": "Order Creation Date",
			"url": "",
			"paramname": "",
			"responseattr": "",
			"type": "textfield"
		},
		"Ordserv": {
			"code": "Ordserv",
			"desc": "Order Services",
			"url": "",
			"paramname": "",
			"responseattr": "",
			"type": "textfield"
		},
		"Ordsubtyp": {
			"code": "Ordsubtyp",
			"desc": "Order Sub Type",
			"url": "",
			"paramname": "",
			"responseattr": "",
			"type": "textfield"
		},
		"Ordtime": {
			"code": "Ordtime",
			"desc": "Order Creation Time",
			"url": "",
			"paramname": "",
			"responseattr": "",
			"type": "textfield"
		},
		"OrdTyp": {
			"code": "OrdTyp",
			"desc": "Order Type",
			"url": "",
			"paramname": "",
			"responseattr": "",
			"type": "textfield"
		},
		"Ordwt": {
			"code": "Ordwt",
			"desc": "Order Weight",
			"url": "",
			"paramname": "",
			"responseattr": "",
			"type": "textfield"
		},
		"Pickadcd": {
			"code": "Pickadcd",
			"desc": "UCR  Pickup Address Alias Code",
			"url": "",
			"paramname": "",
			"responseattr": "",
			"type": "textfield"
		},
		"Pickcity": {
			"code": "Pickcity",
			"desc": "Pickup City",
			"url": "",
			"paramname": "",
			"responseattr": "",
			"type": "textfield"
		},
		"Pickcntry": {
			"code": "Pickcntry",
			"desc": "Pickup Country",
			"url": "",
			"paramname": "",
			"responseattr": "",
			"type": "textfield"
		},
		"PickMarket": {
			"code": "PickMarket",
			"desc": "Pickup Marketing Area",
			"url": "/order/mdmvirtualservices/marketingareas/search/typeahead/findbymarketingarea/MKTAREA",
			"paramname": "",
			"responseattr": "marketingArea",
			"type": "multiselect"
		},
		"Picksitcd": {
			"code": "Picksitcd",
			"desc": "Pickstate",
			"url": "",
			"paramname": "",
			"responseattr": "",
			"type": "textfield"
		},
		"Pickstate": {
			"code": "Pickstate",
			"desc": "Pickup State",
			"url": "",
			"paramname": "",
			"responseattr": "",
			"type": "textfield"
		},
		"Pickstprl": {
			"code": "Pickstprl",
			"desc": "UCR Pickup Stop Role",
			"url": "",
			"paramname": "",
			"responseattr": "",
			"type": "textfield"
		},
		"Reefer": {
			"code": "Reefer",
			"desc": "Refrigerated",
			"url": "",
			"paramname": "",
			"responseattr": "",
			"data": [{"code": "true", "description": "True"}, {"code": "false", "description": "False"}],
			"type": "boolean"
		},
		"Refnotyp": {
			"code": "Refnotyp",
			"desc": "Reference Number Type",
			"url": "",
			"paramname": "",
			"responseattr": "",
			"type": "textfield"
		},
		"SCAC": {
			"code": "SCAC",
			"desc": "UCR SCAC",
			"url": "",
			"paramname": "",
			"responseattr": "",
			"type": "textfield"
		},
		"BUServOffr": {
			"code": "BUServOffr",
			"desc": "Service Offering",
			"url": "",
			"paramname": "",
			"responseattr": "",
			"type": "textfield"
		},
		"Solicitor": {
			"code": "Solicitor",
			"desc": "Solicitor",
			"url": "",
			"paramname": "",
			"responseattr": "",
			"type": "textfield"
		},
		"Stopserv": {
			"code": "Stopserv",
			"desc": "Stop Services",
			"url": "",
			"paramname": "",
			"responseattr": "",
			"type": "textfield"
		},
		"Supersede": {
			"code": "Supersede",
			"desc": "Supersede",
			"url": "",
			"paramname": "",
			"responseattr": "",
			"type": "textfield"
		},
		"Totalpc": {
			"code": "Totalpc",
			"desc": "Total Pieces",
			"url": "",
			"paramname": "",
			"responseattr": "",
			"type": "textfield"
		},
		"TradePart": {
			"code": "TradePart",
			"desc": "UCR Trading Partner",
			"url": "/order/EDI/tradingpartner/partners",
			"paramname": "partnerName",
			"responseattr": "tradingPartnerName",
			"type": "multiselect"
		},
		"TranMd": {
			"code": "TranMd",
			"desc": "Transit Mode",
			"url": "",
			"paramname": "",
			"responseattr": "",
			"type": "textfield"
		},
		"Trdshwship": {
			"code": "Trdshwship",
			"desc": "Trade Show Shipment",
			"url": "",
			"paramname": "",
			"responseattr": "",
			"data": [{"code": "true", "description": "True"}, {"code": "false", "description": "False"}],
			"type": "boolean"
		},
		"Volship": {
			"code": "Volship",
			"desc": "Volume Shipment",
			"url": "",
			"paramname": "",
			"responseattr": "",
			"data": [{"code": "true", "description": "True"}, {"code": "false", "description": "False"}],
			"type": "boolean"
		}
	}
}