{
	"_embedded": {
		"buso": [{
			"text": "DCS-Dedicated",
			"id": "DCS-Dedicated"
		}, {
			"text": "DCS-Backhaul",
			"id": "DCS-Backhaul"
		}, {
			"text": "JBI-All",
			"id": "JBI-All"
		}, {
			"text": "DCS-FinalMile",
			"id": "DCS-FinalMile"
		}, {
			"text": "DCS-All",
			"id": "DCS-All"
		}, {
			"text": "ICS-Brokerage",
			"id": "ICS-Brokerage"
		}, {
			"text": "ICS-LTL",
			"id": "ICS-LTL"
		}, {
			"text": "ICS-Reefer",
			"id": "ICS-Reefer"
		}, {
			"text": "ICS-Flatbed",
			"id": "ICS-Flatbed"
		}, {
			"text": "JBT-All",
			"id": "JBT-All"
		}, {
			"text": "ICS-Maritime",
			"id": "ICS-Maritime"
		}, {
			"text": "JBI-Intermodal",
			"id": "JBI-Intermodal"
		}, {
			"text": "ICS-All",
			"id": "ICS-All"
		}, {
			"text": "JBI-Backhaul",
			"id": "JBI-Backhaul"
		}, {
			"text": "JBT-OTR",
			"id": "JBT-OTR"
		}]
	}
}