{
	"_embedded": {
		"orderRuleCriterias": [{
				"@id": 1,
				"orderRuleCriteriaDescription": "Billing Party",
				"orderRuleCriteriaCode": "BillParty",
				"effectiveTimestamp": "2016-01-01T00:00:00",
				"expirationTimestamp": "2199-12-31T23:59:59",
				"orderRuleCriteriaCodeLink": null,
				"lastUpdateTimestampString": "2017-04-20T11:53:24.5208264",
				"_links": {
					"self": {
						"href": "http://jvdweb18101.jbhunt.com/ordermanagementruleservices/orderRuleCriterias/BillParty"
					},
					"orderRuleCriteria": {
						"href": "http://jvdweb18101.jbhunt.com/ordermanagementruleservices/orderRuleCriterias/BillParty"
					}
				}
			},
			{
				"@id": 2,
				"orderRuleCriteriaDescription": "Business Unit",
				"orderRuleCriteriaCode": "BusUnit",
				"effectiveTimestamp": "2016-01-01T00:00:00",
				"expirationTimestamp": "2199-12-31T23:59:59",
				"orderRuleCriteriaCodeLink": null,
				"lastUpdateTimestampString": "2017-04-20T11:53:24.5208264",
				"_links": {
					"self": {
						"href": "http://jvdweb18101.jbhunt.com/ordermanagementruleservices/orderRuleCriterias/BusUnit"
					},
					"orderRuleCriteria": {
						"href": "http://jvdweb18101.jbhunt.com/ordermanagementruleservices/orderRuleCriterias/BusUnit"
					}
				}
			},
			{
				"@id": 3,
				"orderRuleCriteriaDescription": "Destination Location",
				"orderRuleCriteriaCode": "DestLoc",
				"effectiveTimestamp": "2016-01-01T00:00:00",
				"expirationTimestamp": "2199-12-31T23:59:59",
				"orderRuleCriteriaCodeLink": null,
				"lastUpdateTimestampString": "2017-04-20T11:53:24.5364504",
				"_links": {
					"self": {
						"href": "http://jvdweb18101.jbhunt.com/ordermanagementruleservices/orderRuleCriterias/DestLoc"
					},
					"orderRuleCriteria": {
						"href": "http://jvdweb18101.jbhunt.com/ordermanagementruleservices/orderRuleCriterias/DestLoc"
					}
				}
			},
			{
				"@id": 4,
				"orderRuleCriteriaDescription": "Destination Marketing Area",
				"orderRuleCriteriaCode": "DestMarket",
				"effectiveTimestamp": "2016-01-01T00:00:00",
				"expirationTimestamp": "2199-12-31T23:59:59",
				"orderRuleCriteriaCodeLink": null,
				"lastUpdateTimestampString": "2017-04-20T11:53:24.5364504",
				"_links": {
					"self": {
						"href": "http://jvdweb18101.jbhunt.com/ordermanagementruleservices/orderRuleCriterias/DestMarket"
					},
					"orderRuleCriteria": {
						"href": "http://jvdweb18101.jbhunt.com/ordermanagementruleservices/orderRuleCriterias/DestMarket"
					}
				}
			},
			{
				"@id": 5,
				"orderRuleCriteriaDescription": "Order Channel",
				"orderRuleCriteriaCode": "OrdChannel",
				"effectiveTimestamp": "2016-01-01T00:00:00",
				"expirationTimestamp": "2199-12-31T23:59:59",
				"orderRuleCriteriaCodeLink": null,
				"lastUpdateTimestampString": "2017-04-20T11:53:24.5520753",
				"_links": {
					"self": {
						"href": "http://jvdweb18101.jbhunt.com/ordermanagementruleservices/orderRuleCriterias/OrdChannel"
					},
					"orderRuleCriteria": {
						"href": "http://jvdweb18101.jbhunt.com/ordermanagementruleservices/orderRuleCriterias/OrdChannel"
					}
				}
			},
			{
				"@id": 6,
				"orderRuleCriteriaDescription": "Origin Location",
				"orderRuleCriteriaCode": "OriginLoc",
				"effectiveTimestamp": "2016-01-01T00:00:00",
				"expirationTimestamp": "2199-12-31T23:59:59",
				"orderRuleCriteriaCodeLink": null,
				"lastUpdateTimestampString": "2017-04-20T11:53:24.5520753",
				"_links": {
					"self": {
						"href": "http://jvdweb18101.jbhunt.com/ordermanagementruleservices/orderRuleCriterias/OrginLoc"
					},
					"orderRuleCriteria": {
						"href": "http://jvdweb18101.jbhunt.com/ordermanagementruleservices/orderRuleCriterias/OrginLoc"
					}
				}
			},
			{
				"@id": 7,
				"orderRuleCriteriaDescription": "Origin Marketing Area",
				"orderRuleCriteriaCode": "OrgMarket",
				"effectiveTimestamp": "2016-01-01T00:00:00",
				"expirationTimestamp": "2199-12-31T23:59:59",
				"orderRuleCriteriaCodeLink": null,
				"lastUpdateTimestampString": "2017-04-20T11:53:24.5520753",
				"_links": {
					"self": {
						"href": "http://jvdweb18101.jbhunt.com/ordermanagementruleservices/orderRuleCriterias/OrgMarket"
					},
					"orderRuleCriteria": {
						"href": "http://jvdweb18101.jbhunt.com/ordermanagementruleservices/orderRuleCriterias/OrgMarket"
					}
				}
			},
			{
				"@id": 8,
				"orderRuleCriteriaDescription": "SCAC",
				"orderRuleCriteriaCode": "SCAC",
				"effectiveTimestamp": "2016-01-01T00:00:00",
				"expirationTimestamp": "2199-12-31T23:59:59",
				"orderRuleCriteriaCodeLink": null,
				"lastUpdateTimestampString": "2017-04-20T11:53:24.5520753",
				"_links": {
					"self": {
						"href": "http://jvdweb18101.jbhunt.com/ordermanagementruleservices/orderRuleCriterias/SCAC"
					},
					"orderRuleCriteria": {
						"href": "http://jvdweb18101.jbhunt.com/ordermanagementruleservices/orderRuleCriterias/SCAC"
					}
				}
			},
			{
				"@id": 9,
				"orderRuleCriteriaDescription": "Service Offering ",
				"orderRuleCriteriaCode": "BUServOffr",
				"effectiveTimestamp": "2016-01-01T00:00:00",
				"expirationTimestamp": "2199-12-31T23:59:59",
				"orderRuleCriteriaCodeLink": null,
				"lastUpdateTimestampString": "2017-04-20T11:53:24.5520753",
				"_links": {
					"self": {
						"href": "http://jvdweb18101.jbhunt.com/ordermanagementruleservices/orderRuleCriterias/ServOffer"
					},
					"orderRuleCriteria": {
						"href": "http://jvdweb18101.jbhunt.com/ordermanagementruleservices/orderRuleCriterias/ServOffer"
					}
				}
			},
			{
				"@id": 10,
				"orderRuleCriteriaDescription": "Trading Partner",
				"orderRuleCriteriaCode": "TradePart",
				"effectiveTimestamp": "2016-01-01T00:00:00",
				"expirationTimestamp": "2199-12-31T23:59:59",
				"orderRuleCriteriaCodeLink": null,
				"lastUpdateTimestampString": "2017-04-20T11:53:24.5520753",
				"_links": {
					"self": {
						"href": "http://jvdweb18101.jbhunt.com/ordermanagementruleservices/orderRuleCriterias/TradePart"
					},
					"orderRuleCriteria": {
						"href": "http://jvdweb18101.jbhunt.com/ordermanagementruleservices/orderRuleCriterias/TradePart"
					}
				}
			}
		]
	},
	"_links": {
		"self": {
			"href": "http://jvdweb18101.jbhunt.com/ordermanagementruleservices/orderRuleCriterias"
		},
		"profile": {
			"href": "http://jvdweb18101.jbhunt.com/ordermanagementruleservices/profile/orderRuleCriterias"
		}
	},
	"page": {
		"size": 20,
		"totalElements": 10,
		"totalPages": 1,
		"number": 0
	}
}