[{
    "id": 1,
    "city": "Aaronsburg",
    "cityAlias": "Aaron",
    "county": "JACKSON",
    "state": "PA",
    "country": "USA",
    "postalcode": 2,
    "dateFrom": {
        "month": 1,
        "date": 20,
        "year": 2017
    },
    "dateTo": {
        "month": 12,
        "date": 10,
        "year": 2017
    },
    "included": ["24516", "56278"],
    "excluded": ["56742", "87576"]
}, {
    "id": 2,
    "city": "Abbeville",
    "cityAlias": "Abbe",
    "state": "AL",
    "country": "USA",
    "county": "TYRRELL",
    "postalcode": 10,
    "dateFrom": {
        "month": 2,
        "date": 20,
        "year": 2017
    },
    "dateTo": {
        "month": 12,
        "date": 10,
        "year": 2020
    },
    "included": ["24516", "56278"],
    "excluded": ["56742", "87576"]
}, {
    "id": 3,
    "city": "Atlanta",
    "cityAlias": "Atlan",
    "state": "GA",
    "country": "USA",
    "county": "PERSON",
    "postalcode": 25,
    "dateFrom": {
        "month": 3,
        "date": 20,
        "year": 2017
    },
    "dateTo": {
        "month": 12,
        "date": 10,
        "year": 2020
    },
    "included": ["24516", "56278"],
    "excluded": ["56742", "87576"]
}, {
    "id": 4,
    "city": "Abbeville",
    "cityAlias": "Abbe",
    "state": "PA",
    "country": "Canada",
    "county": "ONSLOW",
    "postalcode": 250,
    "dateFrom": {
        "month": 4,
        "date": 20,
        "year": 2017
    },
    "dateTo": {
        "month": 12,
        "date": 10,
        "year": 2020
    },
    "included": ["24516", "56278"],
    "excluded": ["56742", "87576"]
}, {
    "id": 5,
    "city": "Aaronsburg",
    "cityAlias": "Aaron",
    "state": "AL",
    "country": "Mexico",
    "county": "CARTERET",
    "postalcode": 148,
    "dateFrom": {
        "month": 5,
        "date": 20,
        "year": 2017
    },
    "dateTo": {
        "month": 12,
        "date": 10,
        "year": 2020
    },
    "included": ["24516", "56278"],
    "excluded": ["56742", "87576"]
}, {
    "id": 6,
    "city": "Atlanta",
    "cityAlias": "Atlan",
    "state": "AL",
    "country": "Canada",
    "county": "JACKSON",
    "postalcode": 20,
    "dateFrom": {
        "month": 6,
        "date": 20,
        "year": 2017
    },
    "dateTo": {
        "month": 12,
        "date": 10,
        "year": 2020
    },
    "included": ["24516", "56278"],
    "excluded": ["56742", "87576"]
}, {
    "id": 7,
    "city": "Paragu",
    "cityAlias": "Para",
    "state": "AG",
    "country": "Canada",
    "county": "TYRRELL",
    "postalcode": 1,
    "dateFrom": {
        "month": 7,
        "date": 20,
        "year": 2017
    },
    "dateTo": {
        "month": 12,
        "date": 10,
        "year": 2020
    },
    "included": ["24516", "56278"],
    "excluded": ["56742", "87576"]
}, {
    "id": 8,
    "city": "Aaronsburg",
    "cityAlias": "Aaron",
    "state": "PK",
    "country": "Mexico",
    "county": "PERSON",
    "postalcode": 9,
    "dateFrom": {
        "month": 8,
        "date": 20,
        "year": 2017
    },
    "dateTo": {
        "month": 12,
        "date": 10,
        "year": 2020
    },
    "included": ["24516", "56278"],
    "excluded": ["56742", "87576"]
}, {
    "id": 9,
    "city": "Paragu",
    "cityAlias": "Para",
    "state": "CA",
    "country": "Mexico",
    "county": "ONSLOW",
    "postalcode": 489,
    "dateFrom": {
        "month": 9,
        "date": 20,
        "year": 2017
    },
    "dateTo": {
        "month": 12,
        "date": 10,
        "year": 2020
    },
    "included": ["24516", "56278"],
    "excluded": ["56742", "87576"]
}, {
    "id": 10,
    "city": "Aaronsburg",
    "cityAlias": "Aaron",
    "state": "AL",
    "country": "USA",
    "county": "CARTERET",
    "postalcode": 13,
    "dateFrom": {
        "month": 10,
        "date": 20,
        "year": 2017
    },
    "dateTo": {
        "month": 12,
        "date": 10,
        "year": 2020
    },
    "included": ["24516", "56278"],
    "excluded": ["56742", "87576"]
}, {
    "id": 21,
    "city": "Aaronsburg",
    "cityAlias": "Aaron",
    "county": "JACKSON",
    "state": "PA",
    "country": "USA",
    "postalcode": 200,
    "dateFrom": {
        "month": 1,
        "date": 20,
        "year": 2017
    },
    "dateTo": {
        "month": 12,
        "date": 10,
        "year": 2020
    },
    "included": ["24516", "56278"],
    "excluded": ["56742", "87576"]
}, {
    "id": 22,
    "city": "Abbeville",
    "cityAlias": "Abbe",
    "state": "AL",
    "country": "USA",
    "county": "TYRRELL",
    "postalcode": 10,
    "dateFrom": {
        "month": 2,
        "date": 20,
        "year": 2017
    },
    "dateTo": {
        "month": 12,
        "date": 10,
        "year": 2020
    },
    "included": ["24516", "56278"],
    "excluded": ["56742", "87576"]
}, {
    "id": 23,
    "city": "Atlanta",
    "cityAlias": "Atlan",
    "state": "GA",
    "country": "USA",
    "county": "PERSON",
    "postalcode": 25,
    "dateFrom": {
        "month": 3,
        "date": 20,
        "year": 2017
    },
    "dateTo": {
        "month": 12,
        "date": 10,
        "year": 2020
    },
    "included": ["24516", "56278"],
    "excluded": ["56742", "87576"]
}, {
    "id": 24,
    "city": "Abbeville",
    "cityAlias": "Abbe",
    "state": "PA",
    "country": "Canada",
    "county": "ONSLOW",
    "postalcode": 2500,
    "dateFrom": {
        "month": 4,
        "date": 20,
        "year": 2017
    },
    "dateTo": {
        "month": 12,
        "date": 10,
        "year": 2020
    },
    "included": ["24516", "56278"],
    "excluded": ["56742", "87576"]
}, {
    "id": 25,
    "city": "Aaronsburg",
    "cityAlias": "Aaron",
    "state": "AL",
    "country": "Mexico",
    "county": "CARTERET",
    "postalcode": 148,
    "dateFrom": {
        "month": 5,
        "date": 20,
        "year": 2017
    },
    "dateTo": {
        "month": 12,
        "date": 10,
        "year": 2020
    },
    "included": ["24516", "56278"],
    "excluded": ["56742", "87576"]
}, {
    "id": 26,
    "city": "Atlanta",
    "cityAlias": "Atlan",
    "state": "AL",
    "country": "Canada",
    "county": "JACKSON",
    "postalcode": 20,
    "dateFrom": {
        "month": 6,
        "date": 20,
        "year": 2017
    },
    "dateTo": {
        "month": 12,
        "date": 10,
        "year": 2020
    },
    "included": ["24516", "56278"],
    "excluded": ["56742", "87576"]
}, {
    "id": 27,
    "city": "Paragu",
    "cityAlias": "Para",
    "state": "AG",
    "country": "Canada",
    "county": "TYRRELL",
    "postalcode": 1,
    "dateFrom": {
        "month": 7,
        "date": 20,
        "year": 2017
    },
    "dateTo": {
        "month": 12,
        "date": 10,
        "year": 2020
    },
    "included": ["24516", "56278"],
    "excluded": ["56742", "87576"]
}, {
    "id": 28,
    "city": "Aaronsburg",
    "cityAlias": "Aaron",
    "state": "PK",
    "country": "Mexico",
    "county": "PERSON",
    "postalcode": 90,
    "dateFrom": {
        "month": 8,
        "date": 20,
        "year": 2017
    },
    "dateTo": {
        "month": 12,
        "date": 10,
        "year": 2020
    },
    "included": ["24516", "56278"],
    "excluded": ["56742", "87576"]
}, {
    "id": 29,
    "city": "Paragu",
    "cityAlias": "Para",
    "state": "CA",
    "country": "Mexico",
    "county": "ONSLOW",
    "postalcode": 489,
    "dateFrom": {
        "month": 9,
        "date": 20,
        "year": 2017
    },
    "dateTo": {
        "month": 12,
        "date": 10,
        "year": 2020
    },
    "included": ["24516", "56278"],
    "excluded": ["56742", "87576"]
}, {
    "id": 30,
    "city": "Aaronsburg",
    "cityAlias": "Aaron",
    "state": "AL",
    "country": "USA",
    "county": "CARTERET",
    "postalcode": 130,
    "dateFrom": {
        "month": 10,
        "date": 20,
        "year": 2017
    },
    "dateTo": {
        "month": 12,
        "date": 10,
        "year": 2020
    },
    "included": ["24516", "56278"],
    "excluded": ["56742", "87576"]
}, {
    "id": 11,
    "city": "Aaronsburg",
    "cityAlias": "Aaron",
    "county": "JACKSON",
    "state": "PA",
    "country": "USA",
    "postalcode": 20,
    "dateFrom": {
        "month": 1,
        "date": 20,
        "year": 2017
    },
    "dateTo": {
        "month": 12,
        "date": 10,
        "year": 2020
    },
    "included": ["24516", "56278"],
    "excluded": ["56742", "87576"]
}, {
    "id": 12,
    "city": "Abbeville",
    "cityAlias": "Abbe",
    "state": "AL",
    "country": "USA",
    "county": "TYRRELL",
    "postalcode": 100,
    "dateFrom": {
        "month": 2,
        "date": 20,
        "year": 2017
    },
    "dateTo": {
        "month": 12,
        "date": 10,
        "year": 2020
    },
    "included": ["24516", "56278"],
    "excluded": ["56742", "87576"]
}, {
    "id": 13,
    "city": "Atlanta",
    "cityAlias": "Atlan",
    "state": "GA",
    "country": "USA",
    "county": "PERSON",
    "postalcode": 25,
    "dateFrom": {
        "month": 3,
        "date": 20,
        "year": 2017
    },
    "dateTo": {
        "month": 12,
        "date": 10,
        "year": 2020
    },
    "included": ["24516", "56278"],
    "excluded": ["56742", "87576"]
}, {
    "id": 14,
    "city": "Abbeville",
    "cityAlias": "Abbe",
    "state": "PA",
    "country": "Canada",
    "county": "ONSLOW",
    "postalcode": 250,
    "dateFrom": {
        "month": 4,
        "date": 20,
        "year": 2017
    },
    "dateTo": {
        "month": 12,
        "date": 10,
        "year": 2020
    },
    "included": ["24516", "56278"],
    "excluded": ["56742", "87576"]
}, {
    "id": 15,
    "city": "Aaronsburg",
    "cityAlias": "Aaron",
    "state": "AL",
    "country": "Mexico",
    "county": "CARTERET",
    "postalcode": 148,
    "dateFrom": {
        "month": 5,
        "date": 20,
        "year": 2017
    },
    "dateTo": {
        "month": 12,
        "date": 10,
        "year": 2020
    },
    "included": ["24516", "56278"],
    "excluded": ["56742", "87576"]
}, {
    "id": 16,
    "city": "Atlanta",
    "cityAlias": "Atlan",
    "state": "AL",
    "country": "Canada",
    "county": "JACKSON",
    "postalcode": 20,
    "dateFrom": {
        "month": 6,
        "date": 20,
        "year": 2017
    },
    "dateTo": {
        "month": 12,
        "date": 10,
        "year": 2020
    },
    "included": ["24516", "56278"],
    "excluded": ["56742", "87576"]
}, {
    "id": 17,
    "city": "Paragu",
    "cityAlias": "Para",
    "state": "AG",
    "country": "Canada",
    "county": "TYRRELL",
    "postalcode": 1,
    "dateFrom": {
        "month": 7,
        "date": 20,
        "year": 2017
    },
    "dateTo": {
        "month": 12,
        "date": 10,
        "year": 2020
    },
    "included": ["24516", "56278"],
    "excluded": ["56742", "87576"]
}, {
    "id": 18,
    "city": "Aaronsburg",
    "cityAlias": "Aaron",
    "state": "PK",
    "country": "Mexico",
    "county": "PERSON",
    "postalcode": 9,
    "dateFrom": {
        "month": 8,
        "date": 20,
        "year": 2017
    },
    "dateTo": {
        "month": 12,
        "date": 10,
        "year": 2020
    },
    "included": ["24516", "56278"],
    "excluded": ["56742", "87576"]
}, {
    "id": 19,
    "city": "Paragu",
    "cityAlias": "Para",
    "state": "CA",
    "country": "Mexico",
    "county": "ONSLOW",
    "postalcode": 489,
    "dateFrom": {
        "month": 9,
        "date": 20,
        "year": 2017
    },
    "dateTo": {
        "month": 12,
        "date": 10,
        "year": 2020
    },
    "included": ["24516", "56278"],
    "excluded": ["56742", "87576"]
}, {
    "id": 20,
    "city": "Aaronsburg",
    "cityAlias": "Aaron",
    "state": "AL",
    "country": "USA",
    "county": "CARTERET",
    "postalcode": 13,
    "dateFrom": {
        "month": 10,
        "date": 20,
        "year": 2017
    },
    "dateTo": {
        "month": 12,
        "date": 10,
        "year": 2020
    },
    "included": ["24516", "56278"],
    "excluded": ["56742", "87576"]
}]
