{
    "content": [
        {
            "cityID": 1,
            "cityName": "* USE RI2MO *",
            "stateName": "MISSOURI",
            "countryName": "UNITED STATES OF AMERICA",
            "postalCodesQuantities": 1
        },
        {
            "cityID": 2,
            "cityName": "11TH CGD LONG BC",
            "stateName": "CALIFORNIA",
            "countryName": "UNITED STATES OF AMERICA",
            "postalCodesQuantities": 1
        },
        {
            "cityID": 3,
            "cityName": "13TH CG DISTRICT",
            "stateName": "WASHINGTON",
            "countryName": "UNITED STATES OF AMERICA",
            "postalCodesQuantities": 1
        },
        {
            "cityID": 4,
            "cityName": "1ST MC R&RD",
            "stateName": "NEW YORK",
            "countryName": "UNITED STATES OF AMERICA",
            "postalCodesQuantities": 1
        },
        {
            "cityID": 5,
            "cityName": "3RD CGD NEW YOR",
            "stateName": "NEW YORK",
            "countryName": "UNITED STATES OF AMERICA",
            "postalCodesQuantities": 1
        },
        {
            "cityID": 6,
            "cityName": "5TH CG DIST",
            "stateName": "VIRGINIA",
            "countryName": "UNITED STATES OF AMERICA",
            "postalCodesQuantities": 1
        },
        {
            "cityID": 7,
            "cityName": "7TH CGD MIAMI",
            "stateName": "FLORIDA",
            "countryName": "UNITED STATES OF AMERICA",
            "postalCodesQuantities": 1
        },
        {
            "cityID": 8,
            "cityName": "8TH CG DIST",
            "stateName": "LOUISIANA",
            "countryName": "UNITED STATES OF AMERICA",
            "postalCodesQuantities": 1
        },
        {
            "cityID": 9,
            "cityName": "8TH MC R&RD",
            "stateName": "LOUISIANA",
            "countryName": "UNITED STATES OF AMERICA",
            "postalCodesQuantities": 1
        },
        {
            "cityID": 10,
            "cityName": "AARON",
            "stateName": "GEORGIA",
            "countryName": "UNITED STATES OF AMERICA",
            "postalCodesQuantities": 1
        }
    ],
    "last": false,
    "totalPages": 4574,
    "totalElements": 45737,
    "size": 10,
    "number": 0,
    "sort": null,
    "first": true,
    "numberOfElements": 10
}