{
    "savedSearches": [
    	{"name":"Fav 01", "id":"001"},
    	{"name":"Fav 02", "id":"002"},
    	{"name":"Fav 03", "id":"003"},
    	{"name":"Fav 04", "id":"004"},
    	{"name":"Fav 05", "id":"005"},
    	{"name":"Fav 06", "id":"006"},
    	{"name":"Fav 07", "id":"007"},
    	{"name":"Fav 08", "id":"008"},
    	{"name":"Fav 09", "id":"009"},
    	{"name":"Fav 10", "id":"010"},
    	{"name":"Fav 11", "id":"011"},
    	{"name":"Fav 12", "id":"012"},
    	{"name":"Fav 13", "id":"013"},
    	{"name":"Fav 14", "id":"014"},
    	{"name":"Fav 15", "id":"015"}
    ]
}