[
	{
		"id":1,
		"creator":"Brandon S mith",
		"type":"New Account",
		"status":"Approved",
		"date":"10/20/2017",
		"profile":"Co co Cola (COWEV)1239 Sweove sev Bentonville, AR 72712",
		"isActive":true
	},{
		"id":2,
		"creator":"Brandon S mith",
		"type":"New Location",
		"status":"Pending",
		"date":"10/20/2017",
		"profile":"Co co Cola (COWEV)1239 Sweove sev Bentonville, AR 72712",
		"isActive":true

	},{
		"id":3,
		"creator":"Brandon S mith",
		"type":"New Account",
		"status":"Approved",
		"date":"10/20/2017",
		"profile":"Co co Cola (COWEV)1239 Sweove sev Bentonville, AR 72712",
		"isActive":true

	},{
		"id":4,
		"creator":"Brandon S mith",
		"type":"New Location",
		"status":"Pending",
		"date":"10/20/2017",
		"profile":"Co co Cola (COWEV)1239 Sweove sev Bentonville, AR 72712",
		"isActive":true

	},{
		"id":5,
		"creator":"Brandon S mith",
		"type":"New Account",
		"status":"Approved",
		"date":"10/20/2017",
		"profile":"Co co Cola (COWEV)1239 Sweove sev Bentonville, AR 72712",
		"isActive":true

	},{
		"id":6,
		"creator":"Brandon S mith",
		"type":"New Location",
		"status":"Pending",
		"date":"10/20/2017",
		"profile":"Co co Cola (COWEV)1239 Sweove sev Bentonville, AR 72712",
		"isActive":true

	},{
		"id":7,
		"creator":"Brandon S mith",
		"type":"New Account",
		"status":"Approved",
		"date":"10/20/2017",
		"profile":"Co co Cola (COWEV)1239 Sweove sev Bentonville, AR 72712",
		"isActive":true

	},{
		"id":8,
		"creator":"Brandon S mith",
		"type":"New Location",
		"status":"Pending",
		"date":"10/20/2017",
		"profile":"Co co Cola (COWEV)1239 Sweove sev Bentonville, AR 72712",
		"isActive":true

	},{
		"id":9,
		"creator":"Brandon S mith",
		"type":"New Account",
		"status":"Approved",
		"date":"10/20/2017",
		"profile":"Co co Cola (COWEV)1239 Sweove sev Bentonville, AR 72712",
		"isActive":true

	},{
		"id":10,
		"creator":"Brandon S mith",
		"type":"New Location",
		"status":"Pending",
		"date":"10/20/2017",
		"profile":"Co co Cola (COWEV)1239 Sweove sev Bentonville, AR 72712",
		"isActive":true

	},{
		"id":11,
		"creator":"Brandon S mith",
		"type":"New Account",
		"status":"Approved",
		"date":"10/20/2017",
		"profile":"Co co Cola (COWEV)1239 Sweove sev Bentonville, AR 72712",
		"isActive":true

	},{
		"id":12,
		"creator":"Brandon S mith",
		"type":"New Location",
		"status":"Pending",
		"date":"10/20/2017",
		"profile":"Co co Cola (COWEV)1239 Sweove sev Bentonville, AR 72712",
		"isActive":true
	}
]