{
	"_embedded": {
		"appointmentQuestions": [{
				"@id": 1,
				"createTimestamp": "2017-10-11T00:52:19.1471911",
				"createProgramName": "SSIS",
				"lastUpdateProgramName": "SSIS",
				"createUserId": "PIDNEXT",
				"lastUpdateUserId": "PIDNEXT",
				"appointmentQuestionText": "Is a Helper needed?",
				"effectiveTimestamp": "2017-01-01T00:00",
				"expirationTimestamp": "2199-12-31T23:59:59",
				"lastUpdateTimestampString": "2017-10-11T00:52:19.1471911",
				"_links": {
					"self": {
						"href": "http://localhost:8088/ordermanagementappointmentservices/appointmentQuestionRepository/1"
					},
					"appointmentQuestion": {
						"href": "http://localhost:8088/ordermanagementappointmentservices/appointmentQuestionRepository/1"
					}
				}
			},
			{
				"@id": 2,
				"createTimestamp": "2017-10-11T00:52:19.1471911",
				"createProgramName": "SSIS",
				"lastUpdateProgramName": "SSIS",
				"createUserId": "PIDNEXT",
				"lastUpdateUserId": "PIDNEXT",
				"appointmentQuestionText": "Does the Consumer want a Courtesy Call",
				"effectiveTimestamp": "2017-01-01T00:00",
				"expirationTimestamp": "2199-12-31T23:59:59",
				"lastUpdateTimestampString": "2017-10-11T00:52:19.1471911",
				"_links": {
					"self": {
						"href": "http://localhost:8088/ordermanagementappointmentservices/appointmentQuestionRepository/2"
					},
					"appointmentQuestion": {
						"href": "http://localhost:8088/ordermanagementappointmentservices/appointmentQuestionRepository/2"
					}
				}
			},
			{
				"@id": 3,
				"createTimestamp": "2017-10-11T00:52:19.1627884",
				"createProgramName": "SSIS",
				"lastUpdateProgramName": "SSIS",
				"createUserId": "PIDNEXT",
				"lastUpdateUserId": "PIDNEXT",
				"appointmentQuestionText": "Accept courtesy call on the evening before your delivery with a time window",
				"effectiveTimestamp": "2017-01-01T00:00",
				"expirationTimestamp": "2199-12-31T23:59:59",
				"lastUpdateTimestampString": "2017-10-11T00:52:19.1627884",
				"_links": {
					"self": {
						"href": "http://localhost:8088/ordermanagementappointmentservices/appointmentQuestionRepository/3"
					},
					"appointmentQuestion": {
						"href": "http://localhost:8088/ordermanagementappointmentservices/appointmentQuestionRepository/3"
					}
				}
			},
			{
				"@id": 4,
				"createTimestamp": "2017-10-11T00:52:19.1627884",
				"createProgramName": "SSIS",
				"lastUpdateProgramName": "SSIS",
				"createUserId": "PIDNEXT",
				"lastUpdateUserId": "PIDNEXT",
				"appointmentQuestionText": "Is an additional onsite helper required?",
				"effectiveTimestamp": "2017-01-01T00:00",
				"expirationTimestamp": "2199-12-31T23:59:59",
				"lastUpdateTimestampString": "2017-10-11T00:52:19.1627884",
				"_links": {
					"self": {
						"href": "http://localhost:8088/ordermanagementappointmentservices/appointmentQuestionRepository/4"
					},
					"appointmentQuestion": {
						"href": "http://localhost:8088/ordermanagementappointmentservices/appointmentQuestionRepository/4"
					}
				}
			}
		]
	},
	"_links": {
		"self": {
			"href": "http://localhost:8088/ordermanagementappointmentservices/appointmentQuestionRepository"
		},
		"profile": {
			"href": "http://localhost:8088/ordermanagementappointmentservices/profile/appointmentQuestionRepository"
		}
	},
	"page": {
		"size": 20,
		"totalElements": 4,
		"totalPages": 1,
		"number": 0
	}
}