[{
  "recommendedAppointmentTimeStamp": "2016-07-20T05:09:28.168",
  "_links": {
    "self": {
      "href": "http://localhost:8089/ordermanagementorderservices/appointments/4"
    },
    "appointment": {
      "href": "http://localhost:8089/ordermanagementorderservices/appointments/4{?projection}",
      "templated": true
    },
    "stop": {
      "href": "http://localhost:8089/ordermanagementorderservices/appointments/4/stop"
    },
    "appointmentDateTimeDetails": {
      "href": "http://localhost:8089/ordermanagementorderservices/appointments/4/appointmentDateTimeDetails"
    }
  }
},
{
  "requestAppointmentTimeStamp": "2016-07-20T05:09:28.168",
  "_links": {
    "self": {
      "href": "http://localhost:8089/ordermanagementorderservices/appointments/4"
    },
    "appointment": {
      "href": "http://localhost:8089/ordermanagementorderservices/appointments/4{?projection}",
      "templated": true
    },
    "stop": {
      "href": "http://localhost:8089/ordermanagementorderservices/appointments/4/stop"
    },
    "appointmentDateTimeDetails": {
      "href": "http://localhost:8089/ordermanagementorderservices/appointments/4/appointmentDateTimeDetails"
    }
  }
},
{
	"work": "+001-293-392-9399",
	"mobile": "+001-293-392-9372"
},
{
	"PRECALL": "PreCall Questionnaire and Appt",
	"APPT": "Update Appointment"
}, {
	"CALLDIR1": "Inbound",
	"CALLDIR2": "Outbound"
}, {
	"01": "Call Dropped",
	"02": "Appointment Requested",
	"03": "Call Result 3",
	"04": "Call Result 4"
},
{
"Preferred Name":["John Smith","John"]
}]
   