{
		  "_embedded": {
		    "barcodeTypes": [
		      {
		        "barcodeTypeCode": "code",
		        "barcodeTypeDescription": "desc",
		        "effectiveTimestamp": {
		          "month": "MARCH",
		          "year": 2017,
		          "dayOfMonth": 22,
		          "dayOfWeek": "WEDNESDAY",
		          "dayOfYear": 81,
		          "monthValue": 3,
		          "hour": 0,
		          "minute": 1,
		          "nano": 0,
		          "second": 2,
		          "chronology": {
		            "id": "ISO",
		            "calendarType": "iso8601"
		          }
		        },
		        "expirationTimestamp": {
		          "month": "MARCH",
		          "year": 2017,
		          "dayOfMonth": 22,
		          "dayOfWeek": "WEDNESDAY",
		          "dayOfYear": 81,
		          "monthValue": 3,
		          "hour": 0,
		          "minute": 1,
		          "nano": 0,
		          "second": 2,
		          "chronology": {
		            "id": "ISO",
		            "calendarType": "iso8601"
		          }
		        },
		        "lastUpdateTimestampString": {
		          "month": "MARCH",
		          "year": 2017,
		          "dayOfMonth": 22,
		          "dayOfWeek": "WEDNESDAY",
		          "dayOfYear": 81,
		          "monthValue": 3,
		          "hour": 0,
		          "minute": 1,
		          "nano": 0,
		          "second": 2,
		          "chronology": {
		            "id": "ISO",
		            "calendarType": "iso8601"
		          }
		        },
		        "_links": {
		          "self": {
		            "href": "http://localhost:8083/ordermanagementreferencedataservices/barcodeTypes/code"
		          },
		          "barcodeType": {
		            "href": "http://localhost:8083/ordermanagementreferencedataservices/barcodeTypes/code"
		          }
		        }
		      }
		    ]
		  },
		  "_links": {
		    "self": {
		      "href": "http://localhost:8083/ordermanagementreferencedataservices/barcodeTypes"
		    },
		    "profile": {
		      "href": "http://localhost:8083/ordermanagementreferencedataservices/profile/barcodeTypes"
		    }
		  },
		  "page": {
		    "size": 20,
		    "totalElements": 1,
		    "totalPages": 1,
		    "number": 0
		  }
		}


