{
    "_embedded": {
        "unitTypes": [
            {
                "chargeClassCode": "MGMT      ",
                "unitTypeCode": "%TOTCHGS  ",
                "_links": {
                    "self": {
                        "href": "http://localhost:8085/ordermanagementintegrationservices/unitTypes/160"
                    },
                    "unitType": {
                        "href": "http://localhost:8085/ordermanagementintegrationservices/unitTypes/160"
                    }
                }
            },
            {
                "chargeClassCode": "MGMT      ",
                "unitTypeCode": "FLAT      ",
                "_links": {
                    "self": {
                        "href": "http://localhost:8085/ordermanagementintegrationservices/unitTypes/161"
                    },
                    "unitType": {
                        "href": "http://localhost:8085/ordermanagementintegrationservices/unitTypes/161"
                    }
                }
            },
            {
                "chargeClassCode": "MGMT      ",
                "unitTypeCode": "PER DAY   ",
                "_links": {
                    "self": {
                        "href": "http://localhost:8085/ordermanagementintegrationservices/unitTypes/162"
                    },
                    "unitType": {
                        "href": "http://localhost:8085/ordermanagementintegrationservices/unitTypes/162"
                    }
                }
            },
            {
                "chargeClassCode": "MGMT      ",
                "unitTypeCode": "PERCENT   ",
                "_links": {
                    "self": {
                        "href": "http://localhost:8085/ordermanagementintegrationservices/unitTypes/163"
                    },
                    "unitType": {
                        "href": "http://localhost:8085/ordermanagementintegrationservices/unitTypes/163"
                    }
                }
            }
        ]
    },
    "_links": {
        "self": {
            "href": "http://localhost:8085/ordermanagementintegrationservices/unitTypes/search/findbychargecode?chargecode=MGMT"
        }
    }
}