{
  "_embedded": {
    "commentTypes": [
      {
        "commentTypeCode": "Appt",
        "commentTypeDescription": "Appointment Comment",
        "lastUpdateTimestampString": {
          "dayOfYear": 33,
          "monthValue": 2,
          "month": "FEBRUARY",
          "year": 2017,
          "dayOfMonth": 2,
          "dayOfWeek": "THURSDAY",
          "hour": 6,
          "minute": 33,
          "nano": 470090200,
          "second": 48,
          "chronology": {
            "id": "ISO",
            "calendarType": "iso8601"
          }
        },
        "_links": {
          "self": {
            "href": "http://ordermanagementreferencedataservices-dev.jbhunt.com/ordermanagementreferencedataservices/commentTypes/Appt"
          },
          "commentType": {
            "href": "http://ordermanagementreferencedataservices-dev.jbhunt.com/ordermanagementreferencedataservices/commentTypes/Appt"
          }
        }
      },
      {
        "commentTypeCode": "Billing",
        "commentTypeDescription": "Billing Comment",
        "lastUpdateTimestampString": {
          "dayOfYear": 33,
          "monthValue": 2,
          "month": "FEBRUARY",
          "year": 2017,
          "dayOfMonth": 2,
          "dayOfWeek": "THURSDAY",
          "hour": 6,
          "minute": 33,
          "nano": 470090200,
          "second": 48,
          "chronology": {
            "id": "ISO",
            "calendarType": "iso8601"
          }
        },
        "_links": {
          "self": {
            "href": "http://ordermanagementreferencedataservices-dev.jbhunt.com/ordermanagementreferencedataservices/commentTypes/Billing"
          },
          "commentType": {
            "href": "http://ordermanagementreferencedataservices-dev.jbhunt.com/ordermanagementreferencedataservices/commentTypes/Billing"
          }
        }
      },
      {
        "commentTypeCode": "BOL",
        "commentTypeDescription": "Bill Of Lading Comment",
        "lastUpdateTimestampString": {
          "dayOfYear": 33,
          "monthValue": 2,
          "month": "FEBRUARY",
          "year": 2017,
          "dayOfMonth": 2,
          "dayOfWeek": "THURSDAY",
          "hour": 6,
          "minute": 33,
          "nano": 470090200,
          "second": 48,
          "chronology": {
            "id": "ISO",
            "calendarType": "iso8601"
          }
        },
        "_links": {
          "self": {
            "href": "http://ordermanagementreferencedataservices-dev.jbhunt.com/ordermanagementreferencedataservices/commentTypes/BOL"
          },
          "commentType": {
            "href": "http://ordermanagementreferencedataservices-dev.jbhunt.com/ordermanagementreferencedataservices/commentTypes/BOL"
          }
        }
      },
      {
        "commentTypeCode": "Driver",
        "commentTypeDescription": "Driver Comment",
        "lastUpdateTimestampString": {
          "dayOfYear": 33,
          "monthValue": 2,
          "month": "FEBRUARY",
          "year": 2017,
          "dayOfMonth": 2,
          "dayOfWeek": "THURSDAY",
          "hour": 6,
          "minute": 33,
          "nano": 470090200,
          "second": 48,
          "chronology": {
            "id": "ISO",
            "calendarType": "iso8601"
          }
        },
        "_links": {
          "self": {
            "href": "http://ordermanagementreferencedataservices-dev.jbhunt.com/ordermanagementreferencedataservices/commentTypes/Driver"
          },
          "commentType": {
            "href": "http://ordermanagementreferencedataservices-dev.jbhunt.com/ordermanagementreferencedataservices/commentTypes/Driver"
          }
        }
      },
      {
        "commentTypeCode": "General",
        "commentTypeDescription": "General Comment",
        "lastUpdateTimestampString": {
          "dayOfYear": 33,
          "monthValue": 2,
          "month": "FEBRUARY",
          "year": 2017,
          "dayOfMonth": 2,
          "dayOfWeek": "THURSDAY",
          "hour": 6,
          "minute": 33,
          "nano": 470090200,
          "second": 48,
          "chronology": {
            "id": "ISO",
            "calendarType": "iso8601"
          }
        },
        "_links": {
          "self": {
            "href": "http://ordermanagementreferencedataservices-dev.jbhunt.com/ordermanagementreferencedataservices/commentTypes/General"
          },
          "commentType": {
            "href": "http://ordermanagementreferencedataservices-dev.jbhunt.com/ordermanagementreferencedataservices/commentTypes/General"
          }
        }
      },
      {
        "commentTypeCode": "OrdAddInst",
        "commentTypeDescription": "Order Additional Instructions",
        "lastUpdateTimestampString": {
          "dayOfYear": 33,
          "monthValue": 2,
          "month": "FEBRUARY",
          "year": 2017,
          "dayOfMonth": 2,
          "dayOfWeek": "THURSDAY",
          "hour": 6,
          "minute": 33,
          "nano": 470090200,
          "second": 48,
          "chronology": {
            "id": "ISO",
            "calendarType": "iso8601"
          }
        },
        "_links": {
          "self": {
            "href": "http://ordermanagementreferencedataservices-dev.jbhunt.com/ordermanagementreferencedataservices/commentTypes/OrdAddInst"
          },
          "commentType": {
            "href": "http://ordermanagementreferencedataservices-dev.jbhunt.com/ordermanagementreferencedataservices/commentTypes/OrdAddInst"
          }
        }
      },
      {
        "commentTypeCode": "Order Msg",
        "commentTypeDescription": "Order Message",
        "lastUpdateTimestampString": {
          "dayOfYear": 33,
          "monthValue": 2,
          "month": "FEBRUARY",
          "year": 2017,
          "dayOfMonth": 2,
          "dayOfWeek": "THURSDAY",
          "hour": 6,
          "minute": 33,
          "nano": 470090200,
          "second": 48,
          "chronology": {
            "id": "ISO",
            "calendarType": "iso8601"
          }
        },
        "_links": {
          "self": {
            "href": "http://ordermanagementreferencedataservices-dev.jbhunt.com/ordermanagementreferencedataservices/commentTypes/Order%20Msg"
          },
          "commentType": {
            "href": "http://ordermanagementreferencedataservices-dev.jbhunt.com/ordermanagementreferencedataservices/commentTypes/Order%20Msg"
          }
        }
      }
    ]
  },
  "_links": {
    "self": {
      "href": "http://ordermanagementreferencedataservices-dev.jbhunt.com/ordermanagementreferencedataservices/commentTypes"
    },
    "profile": {
      "href": "http://ordermanagementreferencedataservices-dev.jbhunt.com/ordermanagementreferencedataservices/profile/commentTypes"
    },
    "search": {
      "href": "http://ordermanagementreferencedataservices-dev.jbhunt.com/ordermanagementreferencedataservices/commentTypes/search"
    }
  },
  "page": {
    "size": 20,
    "totalElements": 7,
    "totalPages": 1,
    "number": 0
  }
}



