{
  "_embedded" : {
    "equipmentRequirementSpecificationAssociations" : [ {
      "equipmentRequirementSpecificationAssociationID" : 31,
      "equipmentRequirementType" : {
        "equipmentRequirementTypeCode" : "Length",
        "equipmentRequirementTypeDescription" : "Length Requirement",
        "lastUpdateTimestampString" : null
      },
      "equipmentRequirementSpecification" : {
        "equipmentRequirementSpecificationCode" : "40Ft",
        "equipmentRequirementSpecificationDescription" : "40 Feet In Length",
        "lastUpdateTimestampString" : null
      },
      "effectiveTimestamp" : null,
      "expirationTimestamp" : null,
      "equipmentRequirementSpecificationDetail" : null,
      "equipmentClassificationTypeRequirementAssociations" : null,
      "lastUpdateTimestampString" : null,
      "_links" : {
        "self" : {
          "href" : "http://localhost:8089/referencedataservices/equipmentRequirementSpecificationAssociations/31"
        },
        "equipmentRequirementSpecificationAssociation" : [ {
          "href" : "http://localhost:8089/referencedataservices/equipmentRequirementSpecificationAssociations/31"
        }, {
          "href" : "http://localhost:8089/referencedataservices/equipmentRequirementSpecificationAssociations/31/equipmentRequirementSpecificationAssociation"
        } ]
      }
    }, {
      "equipmentRequirementSpecificationAssociationID" : 35,
      "equipmentRequirementType" : {
        "equipmentRequirementTypeCode" : "Length",
        "equipmentRequirementTypeDescription" : "Length Requirement",
        "lastUpdateTimestampString" : null
      },
      "equipmentRequirementSpecification" : {
        "equipmentRequirementSpecificationCode" : "48Ft",
        "equipmentRequirementSpecificationDescription" : "48 Feet In Length",
        "lastUpdateTimestampString" : null
      },
      "effectiveTimestamp" : null,
      "expirationTimestamp" : null,
      "equipmentRequirementSpecificationDetail" : null,
      "equipmentClassificationTypeRequirementAssociations" : null,
      "lastUpdateTimestampString" : null,
      "_links" : {
        "self" : {
          "href" : "http://localhost:8089/referencedataservices/equipmentRequirementSpecificationAssociations/35"
        },
        "equipmentRequirementSpecificationAssociation" : [ {
          "href" : "http://localhost:8089/referencedataservices/equipmentRequirementSpecificationAssociations/35"
        }, {
          "href" : "http://localhost:8089/referencedataservices/equipmentRequirementSpecificationAssociations/35/equipmentRequirementSpecificationAssociation"
        } ]
      }
    }, {
      "equipmentRequirementSpecificationAssociationID" : 36,
      "equipmentRequirementType" : {
        "equipmentRequirementTypeCode" : "Length",
        "equipmentRequirementTypeDescription" : "Length Requirement",
        "lastUpdateTimestampString" : null
      },
      "equipmentRequirementSpecification" : {
        "equipmentRequirementSpecificationCode" : "53Ft",
        "equipmentRequirementSpecificationDescription" : "53 Feet In Length",
        "lastUpdateTimestampString" : null
      },
      "effectiveTimestamp" : null,
      "expirationTimestamp" : null,
      "equipmentRequirementSpecificationDetail" : null,
      "equipmentClassificationTypeRequirementAssociations" : null,
      "lastUpdateTimestampString" : null,
      "_links" : {
        "self" : {
          "href" : "http://localhost:8089/referencedataservices/equipmentRequirementSpecificationAssociations/36"
        },
        "equipmentRequirementSpecificationAssociation" : [ {
          "href" : "http://localhost:8089/referencedataservices/equipmentRequirementSpecificationAssociations/36"
        }, {
          "href" : "http://localhost:8089/referencedataservices/equipmentRequirementSpecificationAssociations/36/equipmentRequirementSpecificationAssociation"
        } ]
      }
    } ]
  },
  "_links" : {
    "self" : {
      "href" : "http://localhost:8089/referencedataservices/equipmentRequirementSpecificationAssociations/search/findEquipmentLengthByEquipmentClass?equipmentclassificationtypeassociationid=7"
    }
  }
}