{
    "userId": "rcon610",
    "firstName": "Ramesh",
    "lastName": "Ulaganathan",
    "runtimeEnvironment": null,
    "profilePicture": null,
    "auditUserInfo": null,
    "urlAccessList": [
        {
            "uri": "/.*",
            "accessLevel": 4
        },
        {
            "uri": "/access",
            "accessLevel": 5
        },
        {
            "uri": "/createorders",
            "accessLevel": 5
        },
        {
            "uri": "/createorders/order/create",
            "accessLevel": 1
        },
        {
            "uri": "/createorders/order/addstops",
            "accessLevel": 1
        },
        {
            "uri": "/vieworder",
            "accessLevel": 1
        },
        {
            "uri": "/ordersearch",
            "accessLevel": 1
        },
        {
            "uri": "/automationrules",
            "accessLevel": 1
        },
        {
            "uri": "/shippingoptions",
            "accessLevel": 1
        },
        {
            "uri": "/createorders/order/ordershippingoptions",
            "accessLevel": 1
        },
        {
            "uri": "/manageratesheet",
            "accessLevel": 1
        },
        {
            "uri": "/shippingoptions/createquickrate",
            "accessLevel": 1
        },
        {
            "uri": "/createoffer",
            "accessLevel": 1
        },
        {
            "uri": "/tasks",
            "accessLevel": 1
        },
        {
            "uri": "/createorders/template",
            "accessLevel": 1
        },
        {
            "uri": "/createorders/template/create",
            "accessLevel": 1
        },
        {
            "uri": "/createorders/template/addstops",
            "accessLevel": 1
        },
        {
            "uri": "/createorders/template/viewedit",
            "accessLevel": 1
        },
        {
            "uri": "/createorders/template/vieweditstops",
            "accessLevel": 1
        },
        {
            "uri": "/createorders/template/copy",
            "accessLevel": 1
        },
        {
            "uri": "/createorders/template/copystops",
            "accessLevel": 1
        },
        {
            "uri": "/createorders/template/massupdate/fields",
            "accessLevel": 1
        },
        {
            "uri": "/createorders/template/massupdate/items",
            "accessLevel": 1
        },
        {
            "uri": "/createorders/template/massupdate/instructions",
            "accessLevel": 1
        },
        {
            "uri": "/createorders/template/massupdate/summary",
            "accessLevel": 1
        },
        {
            "uri": "/opportunities",
            "accessLevel": 1
        },
        {
            "uri": "/vieworder/reconhistory",
            "accessLevel": 1
        },
        {
            "uri": "/viewucr/outbound",
            "accessLevel": 1
        },
        {
            "uri": "/dashboard",
            "accessLevel": 1
        },
        {
            "uri": "/exceptionmaintenance",
            "accessLevel": 1
        },
        {
            "uri": "/loadinformation",
            "accessLevel": 1
        },
        {
            "uri": "/viewucr/inbound",
            "accessLevel": 1
        }
    ],
    "dataList": {
        "ORDBUSUNT": {
            "JBI": 5,
            "JBT": 5,
            "DCS": 5,
            "ICS": 5
        }
    },
    "username": null,
    "password": null,
    "enabled": false,
    "accountNonExpired": false,
    "accountNonLocked": false,
    "credentialsNonExpired": false,
    "authorities": null
}