{
	"AdditionalInstructions": [{
		"AdditionalInstructionID": 91,
		"additionalInstructionText": "ordertext",
		"additionalInstructionType": "order",
		"orderID": 3,
		"stopID": null,
		"orderBillingDetailID": null,
		"orderEquipmentRequirementID": null
	}, {
		"AdditionalInstructionID": 90,
		"orderID": 3,
		"stopID": null,
		"orderBillingDetailID": null,
		"orderEquipmentRequirementID": null,
		"additionalInstructionText": "OrderaddInstText",
		"additionalInstructionType": "ORDER"
	}, {
		"AdditionalInstructionID": 91,
		"stopID": null,
		"orderID": 3,
		"orderBillingDetailID": null,
		"orderEquipmentRequirementID": 12,
		"additionalInstructionText": "EquipmentaddInstText",
		"additionalInstructionType": "Equipment"
	}, {
		"AdditionalInstructionID": 92,
		"stopID": 2,
		"orderID": 3,
		"orderBillingDetailID": null,
		"orderEquipmentRequirementID": null,
		"additionalInstructionText": "StopaddInstText",
		"additionalInstructionType": "Stop"
	}]

}