{
  "_embedded" : {
    "freightClasses" : [ {
      "freightClassCode" : "100",
      "freightClassDescription" : "Boat Covers, Car Covers, Canvases, Wine Cases, Caskets",
      "lastUpdateTimestampString" : {
        "dayOfYear" : 79,
        "monthValue" : 3,
        "month" : "MARCH",
        "year" : 2017,
        "dayOfMonth" : 20,
        "dayOfWeek" : "MONDAY",
        "hour" : 11,
        "minute" : 0,
        "nano" : 77563700,
        "second" : 16,
        "chronology" : {
          "id" : "ISO",
          "calendarType" : "iso8601"
        }
      },
      "_links" : {
        "self" : {
          "href" : "http://referencedataservices-dev.jbhunt.com/referencedataservices/freightClasses/100"
        },
        "freightClass" : {
          "href" : "http://referencedataservices-dev.jbhunt.com/referencedataservices/freightClasses/100"
        }
      }
    }, {
      "freightClassCode" : "110",
      "freightClassDescription" : "Cabinets, Framed Artwork, Table Saw",
      "lastUpdateTimestampString" : {
        "dayOfYear" : 79,
        "monthValue" : 3,
        "month" : "MARCH",
        "year" : 2017,
        "dayOfMonth" : 20,
        "dayOfWeek" : "MONDAY",
        "hour" : 11,
        "minute" : 0,
        "nano" : 93189000,
        "second" : 16,
        "chronology" : {
          "id" : "ISO",
          "calendarType" : "iso8601"
        }
      },
      "_links" : {
        "self" : {
          "href" : "http://referencedataservices-dev.jbhunt.com/referencedataservices/freightClasses/110"
        },
        "freightClass" : {
          "href" : "http://referencedataservices-dev.jbhunt.com/referencedataservices/freightClasses/110"
        }
      }
    }, {
      "freightClassCode" : "125",
      "freightClassDescription" : "Small Household Appliances",
      "lastUpdateTimestampString" : {
        "dayOfYear" : 79,
        "monthValue" : 3,
        "month" : "MARCH",
        "year" : 2017,
        "dayOfMonth" : 20,
        "dayOfWeek" : "MONDAY",
        "hour" : 11,
        "minute" : 0,
        "nano" : 93189000,
        "second" : 16,
        "chronology" : {
          "id" : "ISO",
          "calendarType" : "iso8601"
        }
      },
      "_links" : {
        "self" : {
          "href" : "http://referencedataservices-dev.jbhunt.com/referencedataservices/freightClasses/125"
        },
        "freightClass" : {
          "href" : "http://referencedataservices-dev.jbhunt.com/referencedataservices/freightClasses/125"
        }
      }
    }, {
      "freightClassCode" : "150",
      "freightClassDescription" : "Auto Sheet Metal Parts, Bookcases",
      "lastUpdateTimestampString" : {
        "dayOfYear" : 79,
        "monthValue" : 3,
        "month" : "MARCH",
        "year" : 2017,
        "dayOfMonth" : 20,
        "dayOfWeek" : "MONDAY",
        "hour" : 11,
        "minute" : 0,
        "nano" : 93189000,
        "second" : 16,
        "chronology" : {
          "id" : "ISO",
          "calendarType" : "iso8601"
        }
      },
      "_links" : {
        "self" : {
          "href" : "http://referencedataservices-dev.jbhunt.com/referencedataservices/freightClasses/150"
        },
        "freightClass" : {
          "href" : "http://referencedataservices-dev.jbhunt.com/referencedataservices/freightClasses/150"
        }
      }
    }, {
      "freightClassCode" : "175",
      "freightClassDescription" : "Clothing, Couches Stuffed Furniture",
      "lastUpdateTimestampString" : {
        "dayOfYear" : 79,
        "monthValue" : 3,
        "month" : "MARCH",
        "year" : 2017,
        "dayOfMonth" : 20,
        "dayOfWeek" : "MONDAY",
        "hour" : 11,
        "minute" : 0,
        "nano" : 93189000,
        "second" : 16,
        "chronology" : {
          "id" : "ISO",
          "calendarType" : "iso8601"
        }
      },
      "_links" : {
        "self" : {
          "href" : "http://referencedataservices-dev.jbhunt.com/referencedataservices/freightClasses/175"
        },
        "freightClass" : {
          "href" : "http://referencedataservices-dev.jbhunt.com/referencedataservices/freightClasses/175"
        }
      }
    }, {
      "freightClassCode" : "200",
      "freightClassDescription" : "Auto Sheet Metal Parts, Aircraft Parts, Aluminum Table, Packaged Mattresses",
      "lastUpdateTimestampString" : {
        "dayOfYear" : 79,
        "monthValue" : 3,
        "month" : "MARCH",
        "year" : 2017,
        "dayOfMonth" : 20,
        "dayOfWeek" : "MONDAY",
        "hour" : 11,
        "minute" : 0,
        "nano" : 93189000,
        "second" : 16,
        "chronology" : {
          "id" : "ISO",
          "calendarType" : "iso8601"
        }
      },
      "_links" : {
        "self" : {
          "href" : "http://referencedataservices-dev.jbhunt.com/referencedataservices/freightClasses/200"
        },
        "freightClass" : {
          "href" : "http://referencedataservices-dev.jbhunt.com/referencedataservices/freightClasses/200"
        }
      }
    }, {
      "freightClassCode" : "250",
      "freightClassDescription" : "Bamboo Furniture, Mattress And Box Spring, Plasma TV",
      "lastUpdateTimestampString" : {
        "dayOfYear" : 79,
        "monthValue" : 3,
        "month" : "MARCH",
        "year" : 2017,
        "dayOfMonth" : 20,
        "dayOfWeek" : "MONDAY",
        "hour" : 11,
        "minute" : 0,
        "nano" : 93189000,
        "second" : 16,
        "chronology" : {
          "id" : "ISO",
          "calendarType" : "iso8601"
        }
      },
      "_links" : {
        "self" : {
          "href" : "http://referencedataservices-dev.jbhunt.com/referencedataservices/freightClasses/250"
        },
        "freightClass" : {
          "href" : "http://referencedataservices-dev.jbhunt.com/referencedataservices/freightClasses/250"
        }
      }
    }, {
      "freightClassCode" : "300",
      "freightClassDescription" : "Wood Cabinets, Tables, Chairs Setup, Model Boats",
      "lastUpdateTimestampString" : {
        "dayOfYear" : 79,
        "monthValue" : 3,
        "month" : "MARCH",
        "year" : 2017,
        "dayOfMonth" : 20,
        "dayOfWeek" : "MONDAY",
        "hour" : 11,
        "minute" : 0,
        "nano" : 93189000,
        "second" : 16,
        "chronology" : {
          "id" : "ISO",
          "calendarType" : "iso8601"
        }
      },
      "_links" : {
        "self" : {
          "href" : "http://referencedataservices-dev.jbhunt.com/referencedataservices/freightClasses/300"
        },
        "freightClass" : {
          "href" : "http://referencedataservices-dev.jbhunt.com/referencedataservices/freightClasses/300"
        }
      }
    }, {
      "freightClassCode" : "400",
      "freightClassDescription" : "Deer Antlers",
      "lastUpdateTimestampString" : {
        "dayOfYear" : 79,
        "monthValue" : 3,
        "month" : "MARCH",
        "year" : 2017,
        "dayOfMonth" : 20,
        "dayOfWeek" : "MONDAY",
        "hour" : 11,
        "minute" : 0,
        "nano" : 93189000,
        "second" : 16,
        "chronology" : {
          "id" : "ISO",
          "calendarType" : "iso8601"
        }
      },
      "_links" : {
        "self" : {
          "href" : "http://referencedataservices-dev.jbhunt.com/referencedataservices/freightClasses/400"
        },
        "freightClass" : {
          "href" : "http://referencedataservices-dev.jbhunt.com/referencedataservices/freightClasses/400"
        }
      }
    }, {
      "freightClassCode" : "50",
      "freightClassDescription" : "Fits On Standard Shrink-Wrapped 4×4 Pallet, Very Durable",
      "lastUpdateTimestampString" : {
        "dayOfYear" : 79,
        "monthValue" : 3,
        "month" : "MARCH",
        "year" : 2017,
        "dayOfMonth" : 20,
        "dayOfWeek" : "MONDAY",
        "hour" : 11,
        "minute" : 0,
        "nano" : 93189000,
        "second" : 16,
        "chronology" : {
          "id" : "ISO",
          "calendarType" : "iso8601"
        }
      },
      "_links" : {
        "self" : {
          "href" : "http://referencedataservices-dev.jbhunt.com/referencedataservices/freightClasses/50"
        },
        "freightClass" : {
          "href" : "http://referencedataservices-dev.jbhunt.com/referencedataservices/freightClasses/50"
        }
      }
    }, {
      "freightClassCode" : "500",
      "freightClassDescription" : "Bags Of Gold Dust, Ping Pong Balls",
      "lastUpdateTimestampString" : {
        "dayOfYear" : 79,
        "monthValue" : 3,
        "month" : "MARCH",
        "year" : 2017,
        "dayOfMonth" : 20,
        "dayOfWeek" : "MONDAY",
        "hour" : 11,
        "minute" : 0,
        "nano" : 93189000,
        "second" : 16,
        "chronology" : {
          "id" : "ISO",
          "calendarType" : "iso8601"
        }
      },
      "_links" : {
        "self" : {
          "href" : "http://referencedataservices-dev.jbhunt.com/referencedataservices/freightClasses/500"
        },
        "freightClass" : {
          "href" : "http://referencedataservices-dev.jbhunt.com/referencedataservices/freightClasses/500"
        }
      }
    }, {
      "freightClassCode" : "55",
      "freightClassDescription" : "Bricks, Cement, Mortar, Hardwood Flooring",
      "lastUpdateTimestampString" : {
        "dayOfYear" : 79,
        "monthValue" : 3,
        "month" : "MARCH",
        "year" : 2017,
        "dayOfMonth" : 20,
        "dayOfWeek" : "MONDAY",
        "hour" : 11,
        "minute" : 0,
        "nano" : 93189000,
        "second" : 16,
        "chronology" : {
          "id" : "ISO",
          "calendarType" : "iso8601"
        }
      },
      "_links" : {
        "self" : {
          "href" : "http://referencedataservices-dev.jbhunt.com/referencedataservices/freightClasses/55"
        },
        "freightClass" : {
          "href" : "http://referencedataservices-dev.jbhunt.com/referencedataservices/freightClasses/55"
        }
      }
    }, {
      "freightClassCode" : "60",
      "freightClassDescription" : "Car Accessories & Car Parts",
      "lastUpdateTimestampString" : {
        "dayOfYear" : 79,
        "monthValue" : 3,
        "month" : "MARCH",
        "year" : 2017,
        "dayOfMonth" : 20,
        "dayOfWeek" : "MONDAY",
        "hour" : 11,
        "minute" : 0,
        "nano" : 93189000,
        "second" : 16,
        "chronology" : {
          "id" : "ISO",
          "calendarType" : "iso8601"
        }
      },
      "_links" : {
        "self" : {
          "href" : "http://referencedataservices-dev.jbhunt.com/referencedataservices/freightClasses/60"
        },
        "freightClass" : {
          "href" : "http://referencedataservices-dev.jbhunt.com/referencedataservices/freightClasses/60"
        }
      }
    }, {
      "freightClassCode" : "65",
      "freightClassDescription" : "Car Accessories & Car Parts, Bottled Beverages, Books In Boxes",
      "lastUpdateTimestampString" : {
        "dayOfYear" : 79,
        "monthValue" : 3,
        "month" : "MARCH",
        "year" : 2017,
        "dayOfMonth" : 20,
        "dayOfWeek" : "MONDAY",
        "hour" : 11,
        "minute" : 0,
        "nano" : 93189000,
        "second" : 16,
        "chronology" : {
          "id" : "ISO",
          "calendarType" : "iso8601"
        }
      },
      "_links" : {
        "self" : {
          "href" : "http://referencedataservices-dev.jbhunt.com/referencedataservices/freightClasses/65"
        },
        "freightClass" : {
          "href" : "http://referencedataservices-dev.jbhunt.com/referencedataservices/freightClasses/65"
        }
      }
    }, {
      "freightClassCode" : "70",
      "freightClassDescription" : "Car Accessories & Car Parts, Food Items, Automobile Engines",
      "lastUpdateTimestampString" : {
        "dayOfYear" : 79,
        "monthValue" : 3,
        "month" : "MARCH",
        "year" : 2017,
        "dayOfMonth" : 20,
        "dayOfWeek" : "MONDAY",
        "hour" : 11,
        "minute" : 0,
        "nano" : 93189000,
        "second" : 16,
        "chronology" : {
          "id" : "ISO",
          "calendarType" : "iso8601"
        }
      },
      "_links" : {
        "self" : {
          "href" : "http://referencedataservices-dev.jbhunt.com/referencedataservices/freightClasses/70"
        },
        "freightClass" : {
          "href" : "http://referencedataservices-dev.jbhunt.com/referencedataservices/freightClasses/70"
        }
      }
    }, {
      "freightClassCode" : "77.5",
      "freightClassDescription" : "Tires, Bathroom Fixtures",
      "lastUpdateTimestampString" : {
        "dayOfYear" : 79,
        "monthValue" : 3,
        "month" : "MARCH",
        "year" : 2017,
        "dayOfMonth" : 20,
        "dayOfWeek" : "MONDAY",
        "hour" : 11,
        "minute" : 0,
        "nano" : 93189000,
        "second" : 16,
        "chronology" : {
          "id" : "ISO",
          "calendarType" : "iso8601"
        }
      },
      "_links" : {
        "self" : {
          "href" : "http://referencedataservices-dev.jbhunt.com/referencedataservices/freightClasses/77.5"
        },
        "freightClass" : {
          "href" : "http://referencedataservices-dev.jbhunt.com/referencedataservices/freightClasses/77.5"
        }
      }
    }, {
      "freightClassCode" : "85",
      "freightClassDescription" : "Crated Machinery, Cast Iron Stoves",
      "lastUpdateTimestampString" : {
        "dayOfYear" : 79,
        "monthValue" : 3,
        "month" : "MARCH",
        "year" : 2017,
        "dayOfMonth" : 20,
        "dayOfWeek" : "MONDAY",
        "hour" : 11,
        "minute" : 0,
        "nano" : 93189000,
        "second" : 16,
        "chronology" : {
          "id" : "ISO",
          "calendarType" : "iso8601"
        }
      },
      "_links" : {
        "self" : {
          "href" : "http://referencedataservices-dev.jbhunt.com/referencedataservices/freightClasses/85"
        },
        "freightClass" : {
          "href" : "http://referencedataservices-dev.jbhunt.com/referencedataservices/freightClasses/85"
        }
      }
    }, {
      "freightClassCode" : "92.5",
      "freightClassDescription" : "Computers, Monitors, Refrigerators",
      "lastUpdateTimestampString" : {
        "dayOfYear" : 79,
        "monthValue" : 3,
        "month" : "MARCH",
        "year" : 2017,
        "dayOfMonth" : 20,
        "dayOfWeek" : "MONDAY",
        "hour" : 11,
        "minute" : 0,
        "nano" : 108814300,
        "second" : 16,
        "chronology" : {
          "id" : "ISO",
          "calendarType" : "iso8601"
        }
      },
      "_links" : {
        "self" : {
          "href" : "http://referencedataservices-dev.jbhunt.com/referencedataservices/freightClasses/92.5"
        },
        "freightClass" : {
          "href" : "http://referencedataservices-dev.jbhunt.com/referencedataservices/freightClasses/92.5"
        }
      }
    } ]
  },
  "_links" : {
    "self" : {
      "href" : "http://referencedataservices-dev.jbhunt.com/referencedataservices/freightClasses"
    },
    "profile" : {
      "href" : "http://referencedataservices-dev.jbhunt.com/referencedataservices/profile/freightClasses"
    },
    "search" : {
      "href" : "http://referencedataservices-dev.jbhunt.com/referencedataservices/freightClasses/search"
    }
  },
  "page" : {
    "size" : 20,
    "totalElements" : 18,
    "totalPages" : 1,
    "number" : 0
  }
}