{
  "Additonal Services": [
    {
      "requestServiceTypeId": 4825,
      "customerServiceTypeCode": "ASSEMBLY",
      "serviceDescription": "Assembly",
      "tradingPartner": null,
      "availabilityStatus": null,
      "productCategory": "ALL",
      "consumerClass": "HOMEDELVR",
      "modelNumber": "20185260",
      "jbhServiceTypeCode": "ASSEMBLY",
      "defaultServiceFlag": "N"
    },
    {
      "requestServiceTypeId": 4347,
      "customerServiceTypeCode": "DASMBLBIKE",
      "serviceDescription": "Dissassembly Bike",
      "tradingPartner": null,
      "availabilityStatus": null,
      "productCategory": "ALL",
      "consumerClass": "HOMEDELVR",
      "modelNumber": "20185260",
      "jbhServiceTypeCode": "DASMBLBIKE",
      "defaultServiceFlag": "N"
    },
    {
      "requestServiceTypeId": 4348,
      "customerServiceTypeCode": "DASMBLELIP",
      "serviceDescription": "Dissassembly Elliptical",
      "tradingPartner": null,
      "availabilityStatus": null,
      "productCategory": "ALL",
      "consumerClass": "HOMEDELVR",
      "modelNumber": "20185260",
      "jbhServiceTypeCode": "DASMBLELIP",
      "defaultServiceFlag": "N"
    },
    {
      "requestServiceTypeId": 4349,
      "customerServiceTypeCode": "DASMBLTRED",
      "serviceDescription": "Dissassembly Treadmill",
      "tradingPartner": null,
      "availabilityStatus": null,
      "productCategory": "ALL",
      "consumerClass": "HOMEDELVR",
      "modelNumber": "20185260",
      "jbhServiceTypeCode": "DASMBLTRED",
      "defaultServiceFlag": "N"
    },
    {
      "requestServiceTypeId": 4826,
      "customerServiceTypeCode": "DISASSEMBLY",
      "serviceDescription": "Disassembly",
      "tradingPartner": null,
      "availabilityStatus": null,
      "productCategory": "ALL",
      "consumerClass": "HOMEDELVR",
      "modelNumber": "20185260",
      "jbhServiceTypeCode": "DISASSEMBLY",
      "defaultServiceFlag": "N"
    },
    {
      "requestServiceTypeId": 1560,
      "customerServiceTypeCode": "ICRFNW",
      "serviceDescription": "Install Freezer",
      "tradingPartner": null,
      "availabilityStatus": null,
      "productCategory": "ALL",
      "consumerClass": "HOMEDELVR",
      "modelNumber": "20185260",
      "jbhServiceTypeCode": "ICRFNW",
      "defaultServiceFlag": "N"
    },
    {
      "requestServiceTypeId": 1561,
      "customerServiceTypeCode": "IDISHW",
      "serviceDescription": "Install Dishwasher",
      "tradingPartner": null,
      "availabilityStatus": null,
      "productCategory": "ALL",
      "consumerClass": "HOMEDELVR",
      "modelNumber": "20185260",
      "jbhServiceTypeCode": "IDISHW",
      "defaultServiceFlag": "N"
    },
    {
      "requestServiceTypeId": 1562,
      "customerServiceTypeCode": "IELDRYER",
      "serviceDescription": "Install Electric Dryer",
      "tradingPartner": null,
      "availabilityStatus": null,
      "productCategory": "ALL",
      "consumerClass": "HOMEDELVR",
      "modelNumber": "20185260",
      "jbhServiceTypeCode": "IELDRYER",
      "defaultServiceFlag": "N"
    },
    {
      "requestServiceTypeId": 1563,
      "customerServiceTypeCode": "IELRNG",
      "serviceDescription": "Install Electric Range",
      "tradingPartner": null,
      "availabilityStatus": null,
      "productCategory": "ALL",
      "consumerClass": "HOMEDELVR",
      "modelNumber": "20185260",
      "jbhServiceTypeCode": "IELRNG",
      "defaultServiceFlag": "N"
    },
    {
      "requestServiceTypeId": 1564,
      "customerServiceTypeCode": "IGSDRYER",
      "serviceDescription": "Install Gas Dryer",
      "tradingPartner": null,
      "availabilityStatus": null,
      "productCategory": "ALL",
      "consumerClass": "HOMEDELVR",
      "modelNumber": "20185260",
      "jbhServiceTypeCode": "IGSDRYER",
      "defaultServiceFlag": "N"
    },
    {
      "requestServiceTypeId": 1565,
      "customerServiceTypeCode": "IGSRNG",
      "serviceDescription": "Install Gas Range",
      "tradingPartner": null,
      "availabilityStatus": null,
      "productCategory": "ALL",
      "consumerClass": "HOMEDELVR",
      "modelNumber": "20185260",
      "jbhServiceTypeCode": "IGSRNG",
      "defaultServiceFlag": "N"
    },
    {
      "requestServiceTypeId": 1566,
      "customerServiceTypeCode": "IMHC",
      "serviceDescription": "Install Microwave Hood Combo",
      "tradingPartner": null,
      "availabilityStatus": null,
      "productCategory": "ALL",
      "consumerClass": "HOMEDELVR",
      "modelNumber": "20185260",
      "jbhServiceTypeCode": "IMHC",
      "defaultServiceFlag": "N"
    },
    {
      "requestServiceTypeId": 1567,
      "customerServiceTypeCode": "IREFRGR",
      "serviceDescription": "Install Refrigerator",
      "tradingPartner": null,
      "availabilityStatus": null,
      "productCategory": "ALL",
      "consumerClass": "HOMEDELVR",
      "modelNumber": "20185260",
      "jbhServiceTypeCode": "IREFRGR",
      "defaultServiceFlag": "N"
    },
    {
      "requestServiceTypeId": 1568,
      "customerServiceTypeCode": "IWASHER",
      "serviceDescription": "Install Washer",
      "tradingPartner": null,
      "availabilityStatus": null,
      "productCategory": "ALL",
      "consumerClass": "HOMEDELVR",
      "modelNumber": "20185260",
      "jbhServiceTypeCode": "IWASHER",
      "defaultServiceFlag": "N"
    },
    {
      "requestServiceTypeId": 1569,
      "customerServiceTypeCode": "MOVEFLOR10",
      "serviceDescription": "Move to 10th Floor",
      "tradingPartner": null,
      "availabilityStatus": null,
      "productCategory": "ALL",
      "consumerClass": "HOMEDELVR",
      "modelNumber": "20185260",
      "jbhServiceTypeCode": "MOVEFLOR10",
      "defaultServiceFlag": "N"
    },
    {
      "requestServiceTypeId": 4297,
      "customerServiceTypeCode": "MOVEFLOR2",
      "serviceDescription": "Move to 2nd Floor",
      "tradingPartner": null,
      "availabilityStatus": null,
      "productCategory": "ALL",
      "consumerClass": "HOMEDELVR",
      "modelNumber": "20185260",
      "jbhServiceTypeCode": "MOVEFLOR2",
      "defaultServiceFlag": "N"
    },
    {
      "requestServiceTypeId": 1570,
      "customerServiceTypeCode": "MOVEFLOR4",
      "serviceDescription": "Move to 4th Floor",
      "tradingPartner": null,
      "availabilityStatus": null,
      "productCategory": "ALL",
      "consumerClass": "HOMEDELVR",
      "modelNumber": "20185260",
      "jbhServiceTypeCode": "MOVEFLOR4",
      "defaultServiceFlag": "N"
    },
    {
      "requestServiceTypeId": 4298,
      "customerServiceTypeCode": "RETURN",
      "serviceDescription": "Return Pickups",
      "tradingPartner": null,
      "availabilityStatus": null,
      "productCategory": "ALL",
      "consumerClass": "HOMEDELVR",
      "modelNumber": "20185260",
      "jbhServiceTypeCode": "RETURN",
      "defaultServiceFlag": "N"
    },
    {
      "requestServiceTypeId": 4299,
      "customerServiceTypeCode": "RETURNWDEL",
      "serviceDescription": "Return Pickup w Delv",
      "tradingPartner": null,
      "availabilityStatus": null,
      "productCategory": "ALL",
      "consumerClass": "HOMEDELVR",
      "modelNumber": "20185260",
      "jbhServiceTypeCode": "RETURNWDEL",
      "defaultServiceFlag": "N"
    }
  ],
  "Standard Services": [
    {
      "requestServiceTypeId": 4273,
      "customerServiceTypeCode": "ASMBLBIKE",
      "serviceDescription": "Assemble Bike",
      "tradingPartner": null,
      "availabilityStatus": null,
      "productCategory": "ALL",
      "consumerClass": "HOMEDELVR",
      "modelNumber": "20185260",
      "jbhServiceTypeCode": "ASMBLBIKE",
      "defaultServiceFlag": "Y"
    },
    {
      "requestServiceTypeId": 4274,
      "customerServiceTypeCode": "ASMBLELIP",
      "serviceDescription": "Assemble Elliptical",
      "tradingPartner": null,
      "availabilityStatus": null,
      "productCategory": "ALL",
      "consumerClass": "HOMEDELVR",
      "modelNumber": "20185260",
      "jbhServiceTypeCode": "ASMBLELIP",
      "defaultServiceFlag": "Y"
    },
    {
      "requestServiceTypeId": 4275,
      "customerServiceTypeCode": "ASMBLTRED",
      "serviceDescription": "Assemble Treadmill",
      "tradingPartner": null,
      "availabilityStatus": null,
      "productCategory": "ALL",
      "consumerClass": "HOMEDELVR",
      "modelNumber": "20185260",
      "jbhServiceTypeCode": "ASMBLTRED",
      "defaultServiceFlag": "Y"
    },
    {
      "requestServiceTypeId": 5689,
      "customerServiceTypeCode": "ASMDSKTRED",
      "serviceDescription": "Assemble Desk Treadmill",
      "tradingPartner": null,
      "availabilityStatus": null,
      "productCategory": "ALL",
      "consumerClass": "HOMEDELVR",
      "modelNumber": "20185260",
      "jbhServiceTypeCode": "ASMDSKTRED",
      "defaultServiceFlag": "Y"
    },
    {
      "requestServiceTypeId": 4873,
      "customerServiceTypeCode": "ASSEMBLE",
      "serviceDescription": "Assembly",
      "tradingPartner": null,
      "availabilityStatus": null,
      "productCategory": "ALL",
      "consumerClass": "HOMEDELVR",
      "modelNumber": "20185260",
      "jbhServiceTypeCode": "ASSEMBLE",
      "defaultServiceFlag": "Y"
    },
    {
      "requestServiceTypeId": 4874,
      "customerServiceTypeCode": "DISASSEMBLE",
      "serviceDescription": "Disassembly",
      "tradingPartner": null,
      "availabilityStatus": null,
      "productCategory": "ALL",
      "consumerClass": "HOMEDELVR",
      "modelNumber": "20185260",
      "jbhServiceTypeCode": "DISASSEMBLE",
      "defaultServiceFlag": "Y"
    },
    {
      "requestServiceTypeId": 5690,
      "customerServiceTypeCode": "DSMDSKTRED",
      "serviceDescription": "Dissassembly Desk Treadmill",
      "tradingPartner": null,
      "availabilityStatus": null,
      "productCategory": "ALL",
      "consumerClass": "HOMEDELVR",
      "modelNumber": "20185260",
      "jbhServiceTypeCode": "DSMDSKTRED",
      "defaultServiceFlag": "Y"
    },
    {
      "requestServiceTypeId": 4276,
      "customerServiceTypeCode": "HAOU",
      "serviceDescription": "Haul Away Old Unit",
      "tradingPartner": null,
      "availabilityStatus": null,
      "productCategory": "ALL",
      "consumerClass": "HOMEDELVR",
      "modelNumber": "20185260",
      "jbhServiceTypeCode": "HAOU",
      "defaultServiceFlag": "Y"
    },
    {
      "requestServiceTypeId": 1571,
      "customerServiceTypeCode": "MOVEFLOR5",
      "serviceDescription": "Move to 5th Floor",
      "tradingPartner": null,
      "availabilityStatus": null,
      "productCategory": "ALL",
      "consumerClass": "HOMEDELVR",
      "modelNumber": "20185260",
      "jbhServiceTypeCode": "MOVEFLOR5",
      "defaultServiceFlag": "Y"
    },
    {
      "requestServiceTypeId": 1572,
      "customerServiceTypeCode": "MOVEFLOR6",
      "serviceDescription": "Move to 6th Floor",
      "tradingPartner": null,
      "availabilityStatus": null,
      "productCategory": "ALL",
      "consumerClass": "HOMEDELVR",
      "modelNumber": "20185260",
      "jbhServiceTypeCode": "MOVEFLOR6",
      "defaultServiceFlag": "Y"
    },
    {
      "requestServiceTypeId": 1573,
      "customerServiceTypeCode": "MOVEFLOR7",
      "serviceDescription": "Move to 7th Floor",
      "tradingPartner": null,
      "availabilityStatus": null,
      "productCategory": "ALL",
      "consumerClass": "HOMEDELVR",
      "modelNumber": "20185260",
      "jbhServiceTypeCode": "MOVEFLOR7",
      "defaultServiceFlag": "Y"
    },
    {
      "requestServiceTypeId": 1574,
      "customerServiceTypeCode": "MOVEFLOR8",
      "serviceDescription": "Move to 8th Floor",
      "tradingPartner": null,
      "availabilityStatus": null,
      "productCategory": "ALL",
      "consumerClass": "HOMEDELVR",
      "modelNumber": "20185260",
      "jbhServiceTypeCode": "MOVEFLOR8",
      "defaultServiceFlag": "Y"
    },
    {
      "requestServiceTypeId": 1575,
      "customerServiceTypeCode": "MOVEFLOR9",
      "serviceDescription": "Move to 9th Floor",
      "tradingPartner": null,
      "availabilityStatus": null,
      "productCategory": "ALL",
      "consumerClass": "HOMEDELVR",
      "modelNumber": "20185260",
      "jbhServiceTypeCode": "MOVEFLOR9",
      "defaultServiceFlag": "Y"
    },
    {
      "requestServiceTypeId": 4849,
      "customerServiceTypeCode": "MOVELVTR10",
      "serviceDescription": "Elevator Move 1 to 10 Floors",
      "tradingPartner": null,
      "availabilityStatus": null,
      "productCategory": "ALL",
      "consumerClass": "HOMEDELVR",
      "modelNumber": "20185260",
      "jbhServiceTypeCode": "MOVELVTR10",
      "defaultServiceFlag": "Y"
    },
    {
      "requestServiceTypeId": 4850,
      "customerServiceTypeCode": "MOVELVTR20",
      "serviceDescription": "Elevator Move 11 to 20 Floors",
      "tradingPartner": null,
      "availabilityStatus": null,
      "productCategory": "ALL",
      "consumerClass": "HOMEDELVR",
      "modelNumber": "20185260",
      "jbhServiceTypeCode": "MOVELVTR20",
      "defaultServiceFlag": "Y"
    },
    {
      "requestServiceTypeId": 4851,
      "customerServiceTypeCode": "MOVELVTR30",
      "serviceDescription": "Elevator Move 21 to 30 Floors",
      "tradingPartner": null,
      "availabilityStatus": null,
      "productCategory": "ALL",
      "consumerClass": "HOMEDELVR",
      "modelNumber": "20185260",
      "jbhServiceTypeCode": "MOVELVTR30",
      "defaultServiceFlag": "Y"
    },
    {
      "requestServiceTypeId": 4852,
      "customerServiceTypeCode": "MOVELVTR31",
      "serviceDescription": "Elevator Move 31 + Floors",
      "tradingPartner": null,
      "availabilityStatus": null,
      "productCategory": "ALL",
      "consumerClass": "HOMEDELVR",
      "modelNumber": "20185260",
      "jbhServiceTypeCode": "MOVELVTR31",
      "defaultServiceFlag": "Y"
    },
    {
      "requestServiceTypeId": 1576,
      "customerServiceTypeCode": "MOVETOFLOR",
      "serviceDescription": "Move to 3rd Floor",
      "tradingPartner": null,
      "availabilityStatus": null,
      "productCategory": "ALL",
      "consumerClass": "HOMEDELVR",
      "modelNumber": "20185260",
      "jbhServiceTypeCode": "MOVETOFLOR",
      "defaultServiceFlag": "Y"
    },
    {
      "requestServiceTypeId": 5305,
      "customerServiceTypeCode": "OPENINSPCT",
      "serviceDescription": "Uncrate or Open and Inspect,Haul Away Debris",
      "tradingPartner": null,
      "availabilityStatus": null,
      "productCategory": "ALL",
      "consumerClass": "WILLCALL",
      "modelNumber": "20185260",
      "jbhServiceTypeCode": "OPENINSPCT",
      "defaultServiceFlag": "Y"
    },
    {
      "requestServiceTypeId": 5691,
      "customerServiceTypeCode": "PCEUNCRATE",
      "serviceDescription": "PCE Uncrate, haul away packaging",
      "tradingPartner": null,
      "availabilityStatus": null,
      "productCategory": "ALL",
      "consumerClass": "HOMEDELVR",
      "modelNumber": "20185260",
      "jbhServiceTypeCode": "PCEUNCRATE",
      "defaultServiceFlag": "Y"
    },
    {
      "requestServiceTypeId": 1577,
      "customerServiceTypeCode": "PERUNIT",
      "serviceDescription": "Per Unit",
      "tradingPartner": null,
      "availabilityStatus": null,
      "productCategory": "ALL",
      "consumerClass": "HOMEDELVR",
      "modelNumber": "20185260",
      "jbhServiceTypeCode": "PERUNIT",
      "defaultServiceFlag": "Y"
    },
    {
      "requestServiceTypeId": 4277,
      "customerServiceTypeCode": "REMOVAL",
      "serviceDescription": "Pickup Item and Bring Back to LDC",
      "tradingPartner": null,
      "availabilityStatus": null,
      "productCategory": "ALL",
      "consumerClass": "HOMEDELVR",
      "modelNumber": "20185260",
      "jbhServiceTypeCode": "REMOVAL",
      "defaultServiceFlag": "Y"
    },
    {
      "requestServiceTypeId": 1579,
      "customerServiceTypeCode": "RMOFCHOICE",
      "serviceDescription": "Room of choice designated by the customer",
      "tradingPartner": null,
      "availabilityStatus": null,
      "productCategory": "ALL",
      "consumerClass": "HOMEDELVR",
      "modelNumber": "20185260",
      "jbhServiceTypeCode": "RMOFCHOICE",
      "defaultServiceFlag": "Y"
    },
    {
      "requestServiceTypeId": 1580,
      "customerServiceTypeCode": "THRESHOLD",
      "serviceDescription": "Delivery of product inside front door",
      "tradingPartner": null,
      "availabilityStatus": null,
      "productCategory": "ALL",
      "consumerClass": "HOMEDELVR",
      "modelNumber": "20185260",
      "jbhServiceTypeCode": "THRESHOLD",
      "defaultServiceFlag": "Y"
    },
    {
      "requestServiceTypeId": 1581,
      "customerServiceTypeCode": "UNCRATE",
      "serviceDescription": "Uncrate, haul away packaging",
      "tradingPartner": null,
      "availabilityStatus": null,
      "productCategory": "ALL",
      "consumerClass": "HOMEDELVR",
      "modelNumber": "20185260",
      "jbhServiceTypeCode": "UNCRATE",
      "defaultServiceFlag": "Y"
    },
    {
      "requestServiceTypeId": 1582,
      "customerServiceTypeCode": "WILLCALL",
      "serviceDescription": "Will Call",
      "tradingPartner": null,
      "availabilityStatus": null,
      "productCategory": "ALL",
      "consumerClass": "WILLCALL",
      "modelNumber": "20185260",
      "jbhServiceTypeCode": "WILLCALL",
      "defaultServiceFlag": "Y"
    }
  ]
}