{
  "_embedded" : {
    "itemHandlingTypes" : [ {
      "itemHandlingTypeCode" : "Bags",
      "itemHandlingTypeDescription" : "Bags Handling",
      "effectiveTimestamp" : {
        "dayOfYear" : 1,
        "monthValue" : 1,
        "month" : "JANUARY",
        "year" : 2016,
        "dayOfMonth" : 1,
        "dayOfWeek" : "FRIDAY",
        "hour" : 0,
        "minute" : 0,
        "nano" : 0,
        "second" : 0,
        "chronology" : {
          "id" : "ISO",
          "calendarType" : "iso8601"
        }
      },
      "expirationTimestamp" : {
        "dayOfYear" : 365,
        "monthValue" : 12,
        "month" : "DECEMBER",
        "year" : 2199,
        "dayOfMonth" : 31,
        "dayOfWeek" : "TUESDAY",
        "hour" : 23,
        "minute" : 59,
        "nano" : 0,
        "second" : 59,
        "chronology" : {
          "id" : "ISO",
          "calendarType" : "iso8601"
        }
      },
      "lastUpdateTimestampString" : {
        "dayOfYear" : 79,
        "monthValue" : 3,
        "month" : "MARCH",
        "year" : 2017,
        "dayOfMonth" : 20,
        "dayOfWeek" : "MONDAY",
        "hour" : 11,
        "minute" : 28,
        "nano" : 933983300,
        "second" : 55,
        "chronology" : {
          "id" : "ISO",
          "calendarType" : "iso8601"
        }
      },
      "_links" : {
        "self" : {
          "href" : "http://referencedataservices-dev.jbhunt.com/referencedataservices/itemHandlingTypes/Bags"
        },
        "itemHandlingType" : {
          "href" : "http://referencedataservices-dev.jbhunt.com/referencedataservices/itemHandlingTypes/Bags"
        }
      }
    }, {
      "itemHandlingTypeCode" : "Bags1",
      "itemHandlingTypeDescription" : "Bags Handling1",
      "effectiveTimestamp" : {
        "dayOfYear" : 1,
        "monthValue" : 1,
        "month" : "JANUARY",
        "year" : 2016,
        "dayOfMonth" : 1,
        "dayOfWeek" : "FRIDAY",
        "hour" : 0,
        "minute" : 0,
        "nano" : 0,
        "second" : 0,
        "chronology" : {
          "id" : "ISO",
          "calendarType" : "iso8601"
        }
      },
      "expirationTimestamp" : {
        "dayOfYear" : 365,
        "monthValue" : 12,
        "month" : "DECEMBER",
        "year" : 2099,
        "dayOfMonth" : 31,
        "dayOfWeek" : "THURSDAY",
        "hour" : 23,
        "minute" : 59,
        "nano" : 0,
        "second" : 0,
        "chronology" : {
          "id" : "ISO",
          "calendarType" : "iso8601"
        }
      },
      "lastUpdateTimestampString" : {
        "dayOfYear" : 81,
        "monthValue" : 3,
        "month" : "MARCH",
        "year" : 2017,
        "dayOfMonth" : 22,
        "dayOfWeek" : "WEDNESDAY",
        "hour" : 6,
        "minute" : 20,
        "nano" : 470000000,
        "second" : 27,
        "chronology" : {
          "id" : "ISO",
          "calendarType" : "iso8601"
        }
      },
      "_links" : {
        "self" : {
          "href" : "http://referencedataservices-dev.jbhunt.com/referencedataservices/itemHandlingTypes/Bags1"
        },
        "itemHandlingType" : {
          "href" : "http://referencedataservices-dev.jbhunt.com/referencedataservices/itemHandlingTypes/Bags1"
        }
      }
    }, {
      "itemHandlingTypeCode" : "Barrels",
      "itemHandlingTypeDescription" : "Barrels Handling",
      "effectiveTimestamp" : {
        "dayOfYear" : 1,
        "monthValue" : 1,
        "month" : "JANUARY",
        "year" : 2016,
        "dayOfMonth" : 1,
        "dayOfWeek" : "FRIDAY",
        "hour" : 0,
        "minute" : 0,
        "nano" : 0,
        "second" : 0,
        "chronology" : {
          "id" : "ISO",
          "calendarType" : "iso8601"
        }
      },
      "expirationTimestamp" : {
        "dayOfYear" : 365,
        "monthValue" : 12,
        "month" : "DECEMBER",
        "year" : 2199,
        "dayOfMonth" : 31,
        "dayOfWeek" : "TUESDAY",
        "hour" : 23,
        "minute" : 59,
        "nano" : 0,
        "second" : 59,
        "chronology" : {
          "id" : "ISO",
          "calendarType" : "iso8601"
        }
      },
      "lastUpdateTimestampString" : {
        "dayOfYear" : 79,
        "monthValue" : 3,
        "month" : "MARCH",
        "year" : 2017,
        "dayOfMonth" : 20,
        "dayOfWeek" : "MONDAY",
        "hour" : 11,
        "minute" : 28,
        "nano" : 949608700,
        "second" : 55,
        "chronology" : {
          "id" : "ISO",
          "calendarType" : "iso8601"
        }
      },
      "_links" : {
        "self" : {
          "href" : "http://referencedataservices-dev.jbhunt.com/referencedataservices/itemHandlingTypes/Barrels"
        },
        "itemHandlingType" : {
          "href" : "http://referencedataservices-dev.jbhunt.com/referencedataservices/itemHandlingTypes/Barrels"
        }
      }
    }, {
      "itemHandlingTypeCode" : "Bins",
      "itemHandlingTypeDescription" : "Bins Handling",
      "effectiveTimestamp" : {
        "dayOfYear" : 1,
        "monthValue" : 1,
        "month" : "JANUARY",
        "year" : 2016,
        "dayOfMonth" : 1,
        "dayOfWeek" : "FRIDAY",
        "hour" : 0,
        "minute" : 0,
        "nano" : 0,
        "second" : 0,
        "chronology" : {
          "id" : "ISO",
          "calendarType" : "iso8601"
        }
      },
      "expirationTimestamp" : {
        "dayOfYear" : 365,
        "monthValue" : 12,
        "month" : "DECEMBER",
        "year" : 2199,
        "dayOfMonth" : 31,
        "dayOfWeek" : "TUESDAY",
        "hour" : 23,
        "minute" : 59,
        "nano" : 0,
        "second" : 59,
        "chronology" : {
          "id" : "ISO",
          "calendarType" : "iso8601"
        }
      },
      "lastUpdateTimestampString" : {
        "dayOfYear" : 79,
        "monthValue" : 3,
        "month" : "MARCH",
        "year" : 2017,
        "dayOfMonth" : 20,
        "dayOfWeek" : "MONDAY",
        "hour" : 11,
        "minute" : 28,
        "nano" : 949608700,
        "second" : 55,
        "chronology" : {
          "id" : "ISO",
          "calendarType" : "iso8601"
        }
      },
      "_links" : {
        "self" : {
          "href" : "http://referencedataservices-dev.jbhunt.com/referencedataservices/itemHandlingTypes/Bins"
        },
        "itemHandlingType" : {
          "href" : "http://referencedataservices-dev.jbhunt.com/referencedataservices/itemHandlingTypes/Bins"
        }
      }
    }, {
      "itemHandlingTypeCode" : "Boxes",
      "itemHandlingTypeDescription" : "Boxes Handling",
      "effectiveTimestamp" : {
        "dayOfYear" : 1,
        "monthValue" : 1,
        "month" : "JANUARY",
        "year" : 2016,
        "dayOfMonth" : 1,
        "dayOfWeek" : "FRIDAY",
        "hour" : 0,
        "minute" : 0,
        "nano" : 0,
        "second" : 0,
        "chronology" : {
          "id" : "ISO",
          "calendarType" : "iso8601"
        }
      },
      "expirationTimestamp" : {
        "dayOfYear" : 365,
        "monthValue" : 12,
        "month" : "DECEMBER",
        "year" : 2199,
        "dayOfMonth" : 31,
        "dayOfWeek" : "TUESDAY",
        "hour" : 23,
        "minute" : 59,
        "nano" : 0,
        "second" : 59,
        "chronology" : {
          "id" : "ISO",
          "calendarType" : "iso8601"
        }
      },
      "lastUpdateTimestampString" : {
        "dayOfYear" : 79,
        "monthValue" : 3,
        "month" : "MARCH",
        "year" : 2017,
        "dayOfMonth" : 20,
        "dayOfWeek" : "MONDAY",
        "hour" : 11,
        "minute" : 28,
        "nano" : 949608700,
        "second" : 55,
        "chronology" : {
          "id" : "ISO",
          "calendarType" : "iso8601"
        }
      },
      "_links" : {
        "self" : {
          "href" : "http://referencedataservices-dev.jbhunt.com/referencedataservices/itemHandlingTypes/Boxes"
        },
        "itemHandlingType" : {
          "href" : "http://referencedataservices-dev.jbhunt.com/referencedataservices/itemHandlingTypes/Boxes"
        }
      }
    }, {
      "itemHandlingTypeCode" : "Buckets",
      "itemHandlingTypeDescription" : "Buckets Handling",
      "effectiveTimestamp" : {
        "dayOfYear" : 1,
        "monthValue" : 1,
        "month" : "JANUARY",
        "year" : 2016,
        "dayOfMonth" : 1,
        "dayOfWeek" : "FRIDAY",
        "hour" : 0,
        "minute" : 0,
        "nano" : 0,
        "second" : 0,
        "chronology" : {
          "id" : "ISO",
          "calendarType" : "iso8601"
        }
      },
      "expirationTimestamp" : {
        "dayOfYear" : 365,
        "monthValue" : 12,
        "month" : "DECEMBER",
        "year" : 2199,
        "dayOfMonth" : 31,
        "dayOfWeek" : "TUESDAY",
        "hour" : 23,
        "minute" : 59,
        "nano" : 0,
        "second" : 59,
        "chronology" : {
          "id" : "ISO",
          "calendarType" : "iso8601"
        }
      },
      "lastUpdateTimestampString" : {
        "dayOfYear" : 79,
        "monthValue" : 3,
        "month" : "MARCH",
        "year" : 2017,
        "dayOfMonth" : 20,
        "dayOfWeek" : "MONDAY",
        "hour" : 11,
        "minute" : 28,
        "nano" : 949608700,
        "second" : 55,
        "chronology" : {
          "id" : "ISO",
          "calendarType" : "iso8601"
        }
      },
      "_links" : {
        "self" : {
          "href" : "http://referencedataservices-dev.jbhunt.com/referencedataservices/itemHandlingTypes/Buckets"
        },
        "itemHandlingType" : {
          "href" : "http://referencedataservices-dev.jbhunt.com/referencedataservices/itemHandlingTypes/Buckets"
        }
      }
    }, {
      "itemHandlingTypeCode" : "Bundles",
      "itemHandlingTypeDescription" : "Bundles Handling",
      "effectiveTimestamp" : {
        "dayOfYear" : 1,
        "monthValue" : 1,
        "month" : "JANUARY",
        "year" : 2016,
        "dayOfMonth" : 1,
        "dayOfWeek" : "FRIDAY",
        "hour" : 0,
        "minute" : 0,
        "nano" : 0,
        "second" : 0,
        "chronology" : {
          "id" : "ISO",
          "calendarType" : "iso8601"
        }
      },
      "expirationTimestamp" : {
        "dayOfYear" : 365,
        "monthValue" : 12,
        "month" : "DECEMBER",
        "year" : 2199,
        "dayOfMonth" : 31,
        "dayOfWeek" : "TUESDAY",
        "hour" : 23,
        "minute" : 59,
        "nano" : 0,
        "second" : 59,
        "chronology" : {
          "id" : "ISO",
          "calendarType" : "iso8601"
        }
      },
      "lastUpdateTimestampString" : {
        "dayOfYear" : 79,
        "monthValue" : 3,
        "month" : "MARCH",
        "year" : 2017,
        "dayOfMonth" : 20,
        "dayOfWeek" : "MONDAY",
        "hour" : 11,
        "minute" : 28,
        "nano" : 949608700,
        "second" : 55,
        "chronology" : {
          "id" : "ISO",
          "calendarType" : "iso8601"
        }
      },
      "_links" : {
        "self" : {
          "href" : "http://referencedataservices-dev.jbhunt.com/referencedataservices/itemHandlingTypes/Bundles"
        },
        "itemHandlingType" : {
          "href" : "http://referencedataservices-dev.jbhunt.com/referencedataservices/itemHandlingTypes/Bundles"
        }
      }
    }, {
      "itemHandlingTypeCode" : "Case",
      "itemHandlingTypeDescription" : "Case Handling",
      "effectiveTimestamp" : {
        "dayOfYear" : 1,
        "monthValue" : 1,
        "month" : "JANUARY",
        "year" : 2016,
        "dayOfMonth" : 1,
        "dayOfWeek" : "FRIDAY",
        "hour" : 0,
        "minute" : 0,
        "nano" : 0,
        "second" : 0,
        "chronology" : {
          "id" : "ISO",
          "calendarType" : "iso8601"
        }
      },
      "expirationTimestamp" : {
        "dayOfYear" : 365,
        "monthValue" : 12,
        "month" : "DECEMBER",
        "year" : 2199,
        "dayOfMonth" : 31,
        "dayOfWeek" : "TUESDAY",
        "hour" : 23,
        "minute" : 59,
        "nano" : 0,
        "second" : 59,
        "chronology" : {
          "id" : "ISO",
          "calendarType" : "iso8601"
        }
      },
      "lastUpdateTimestampString" : {
        "dayOfYear" : 79,
        "monthValue" : 3,
        "month" : "MARCH",
        "year" : 2017,
        "dayOfMonth" : 20,
        "dayOfWeek" : "MONDAY",
        "hour" : 11,
        "minute" : 28,
        "nano" : 949608700,
        "second" : 55,
        "chronology" : {
          "id" : "ISO",
          "calendarType" : "iso8601"
        }
      },
      "_links" : {
        "self" : {
          "href" : "http://referencedataservices-dev.jbhunt.com/referencedataservices/itemHandlingTypes/Case"
        },
        "itemHandlingType" : {
          "href" : "http://referencedataservices-dev.jbhunt.com/referencedataservices/itemHandlingTypes/Case"
        }
      }
    }, {
      "itemHandlingTypeCode" : "Casks",
      "itemHandlingTypeDescription" : "Casks Handling",
      "effectiveTimestamp" : {
        "dayOfYear" : 1,
        "monthValue" : 1,
        "month" : "JANUARY",
        "year" : 2016,
        "dayOfMonth" : 1,
        "dayOfWeek" : "FRIDAY",
        "hour" : 0,
        "minute" : 0,
        "nano" : 0,
        "second" : 0,
        "chronology" : {
          "id" : "ISO",
          "calendarType" : "iso8601"
        }
      },
      "expirationTimestamp" : {
        "dayOfYear" : 365,
        "monthValue" : 12,
        "month" : "DECEMBER",
        "year" : 2199,
        "dayOfMonth" : 31,
        "dayOfWeek" : "TUESDAY",
        "hour" : 23,
        "minute" : 59,
        "nano" : 0,
        "second" : 59,
        "chronology" : {
          "id" : "ISO",
          "calendarType" : "iso8601"
        }
      },
      "lastUpdateTimestampString" : {
        "dayOfYear" : 79,
        "monthValue" : 3,
        "month" : "MARCH",
        "year" : 2017,
        "dayOfMonth" : 20,
        "dayOfWeek" : "MONDAY",
        "hour" : 11,
        "minute" : 28,
        "nano" : 949608700,
        "second" : 55,
        "chronology" : {
          "id" : "ISO",
          "calendarType" : "iso8601"
        }
      },
      "_links" : {
        "self" : {
          "href" : "http://referencedataservices-dev.jbhunt.com/referencedataservices/itemHandlingTypes/Casks"
        },
        "itemHandlingType" : {
          "href" : "http://referencedataservices-dev.jbhunt.com/referencedataservices/itemHandlingTypes/Casks"
        }
      }
    }, {
      "itemHandlingTypeCode" : "Cratesdrum",
      "itemHandlingTypeDescription" : "Cratesdrums Handling",
      "effectiveTimestamp" : {
        "dayOfYear" : 1,
        "monthValue" : 1,
        "month" : "JANUARY",
        "year" : 2016,
        "dayOfMonth" : 1,
        "dayOfWeek" : "FRIDAY",
        "hour" : 0,
        "minute" : 0,
        "nano" : 0,
        "second" : 0,
        "chronology" : {
          "id" : "ISO",
          "calendarType" : "iso8601"
        }
      },
      "expirationTimestamp" : {
        "dayOfYear" : 365,
        "monthValue" : 12,
        "month" : "DECEMBER",
        "year" : 2199,
        "dayOfMonth" : 31,
        "dayOfWeek" : "TUESDAY",
        "hour" : 23,
        "minute" : 59,
        "nano" : 0,
        "second" : 59,
        "chronology" : {
          "id" : "ISO",
          "calendarType" : "iso8601"
        }
      },
      "lastUpdateTimestampString" : {
        "dayOfYear" : 79,
        "monthValue" : 3,
        "month" : "MARCH",
        "year" : 2017,
        "dayOfMonth" : 20,
        "dayOfWeek" : "MONDAY",
        "hour" : 11,
        "minute" : 28,
        "nano" : 949608700,
        "second" : 55,
        "chronology" : {
          "id" : "ISO",
          "calendarType" : "iso8601"
        }
      },
      "_links" : {
        "self" : {
          "href" : "http://referencedataservices-dev.jbhunt.com/referencedataservices/itemHandlingTypes/Cratesdrum"
        },
        "itemHandlingType" : {
          "href" : "http://referencedataservices-dev.jbhunt.com/referencedataservices/itemHandlingTypes/Cratesdrum"
        }
      }
    }, {
      "itemHandlingTypeCode" : "Floor",
      "itemHandlingTypeDescription" : "Floor Handling",
      "effectiveTimestamp" : {
        "dayOfYear" : 1,
        "monthValue" : 1,
        "month" : "JANUARY",
        "year" : 2016,
        "dayOfMonth" : 1,
        "dayOfWeek" : "FRIDAY",
        "hour" : 0,
        "minute" : 0,
        "nano" : 0,
        "second" : 0,
        "chronology" : {
          "id" : "ISO",
          "calendarType" : "iso8601"
        }
      },
      "expirationTimestamp" : {
        "dayOfYear" : 365,
        "monthValue" : 12,
        "month" : "DECEMBER",
        "year" : 2199,
        "dayOfMonth" : 31,
        "dayOfWeek" : "TUESDAY",
        "hour" : 23,
        "minute" : 59,
        "nano" : 0,
        "second" : 59,
        "chronology" : {
          "id" : "ISO",
          "calendarType" : "iso8601"
        }
      },
      "lastUpdateTimestampString" : {
        "dayOfYear" : 79,
        "monthValue" : 3,
        "month" : "MARCH",
        "year" : 2017,
        "dayOfMonth" : 20,
        "dayOfWeek" : "MONDAY",
        "hour" : 11,
        "minute" : 28,
        "nano" : 949608700,
        "second" : 55,
        "chronology" : {
          "id" : "ISO",
          "calendarType" : "iso8601"
        }
      },
      "_links" : {
        "self" : {
          "href" : "http://referencedataservices-dev.jbhunt.com/referencedataservices/itemHandlingTypes/Floor"
        },
        "itemHandlingType" : {
          "href" : "http://referencedataservices-dev.jbhunt.com/referencedataservices/itemHandlingTypes/Floor"
        }
      }
    }, {
      "itemHandlingTypeCode" : "Gaylords",
      "itemHandlingTypeDescription" : "Gaylords Handling",
      "effectiveTimestamp" : {
        "dayOfYear" : 1,
        "monthValue" : 1,
        "month" : "JANUARY",
        "year" : 2016,
        "dayOfMonth" : 1,
        "dayOfWeek" : "FRIDAY",
        "hour" : 0,
        "minute" : 0,
        "nano" : 0,
        "second" : 0,
        "chronology" : {
          "id" : "ISO",
          "calendarType" : "iso8601"
        }
      },
      "expirationTimestamp" : {
        "dayOfYear" : 365,
        "monthValue" : 12,
        "month" : "DECEMBER",
        "year" : 2199,
        "dayOfMonth" : 31,
        "dayOfWeek" : "TUESDAY",
        "hour" : 23,
        "minute" : 59,
        "nano" : 0,
        "second" : 59,
        "chronology" : {
          "id" : "ISO",
          "calendarType" : "iso8601"
        }
      },
      "lastUpdateTimestampString" : {
        "dayOfYear" : 79,
        "monthValue" : 3,
        "month" : "MARCH",
        "year" : 2017,
        "dayOfMonth" : 20,
        "dayOfWeek" : "MONDAY",
        "hour" : 11,
        "minute" : 28,
        "nano" : 949608700,
        "second" : 55,
        "chronology" : {
          "id" : "ISO",
          "calendarType" : "iso8601"
        }
      },
      "_links" : {
        "self" : {
          "href" : "http://referencedataservices-dev.jbhunt.com/referencedataservices/itemHandlingTypes/Gaylords"
        },
        "itemHandlingType" : {
          "href" : "http://referencedataservices-dev.jbhunt.com/referencedataservices/itemHandlingTypes/Gaylords"
        }
      }
    }, {
      "itemHandlingTypeCode" : "Kegs",
      "itemHandlingTypeDescription" : "Kegs Handling",
      "effectiveTimestamp" : {
        "dayOfYear" : 1,
        "monthValue" : 1,
        "month" : "JANUARY",
        "year" : 2016,
        "dayOfMonth" : 1,
        "dayOfWeek" : "FRIDAY",
        "hour" : 0,
        "minute" : 0,
        "nano" : 0,
        "second" : 0,
        "chronology" : {
          "id" : "ISO",
          "calendarType" : "iso8601"
        }
      },
      "expirationTimestamp" : {
        "dayOfYear" : 365,
        "monthValue" : 12,
        "month" : "DECEMBER",
        "year" : 2199,
        "dayOfMonth" : 31,
        "dayOfWeek" : "TUESDAY",
        "hour" : 23,
        "minute" : 59,
        "nano" : 0,
        "second" : 59,
        "chronology" : {
          "id" : "ISO",
          "calendarType" : "iso8601"
        }
      },
      "lastUpdateTimestampString" : {
        "dayOfYear" : 79,
        "monthValue" : 3,
        "month" : "MARCH",
        "year" : 2017,
        "dayOfMonth" : 20,
        "dayOfWeek" : "MONDAY",
        "hour" : 11,
        "minute" : 28,
        "nano" : 949608700,
        "second" : 55,
        "chronology" : {
          "id" : "ISO",
          "calendarType" : "iso8601"
        }
      },
      "_links" : {
        "self" : {
          "href" : "http://referencedataservices-dev.jbhunt.com/referencedataservices/itemHandlingTypes/Kegs"
        },
        "itemHandlingType" : {
          "href" : "http://referencedataservices-dev.jbhunt.com/referencedataservices/itemHandlingTypes/Kegs"
        }
      }
    }, {
      "itemHandlingTypeCode" : "lugguge",
      "itemHandlingTypeDescription" : "lugguge Handling",
      "effectiveTimestamp" : {
        "dayOfYear" : 1,
        "monthValue" : 1,
        "month" : "JANUARY",
        "year" : 2016,
        "dayOfMonth" : 1,
        "dayOfWeek" : "FRIDAY",
        "hour" : 0,
        "minute" : 0,
        "nano" : 0,
        "second" : 0,
        "chronology" : {
          "id" : "ISO",
          "calendarType" : "iso8601"
        }
      },
      "expirationTimestamp" : {
        "dayOfYear" : 365,
        "monthValue" : 12,
        "month" : "DECEMBER",
        "year" : 2199,
        "dayOfMonth" : 31,
        "dayOfWeek" : "TUESDAY",
        "hour" : 23,
        "minute" : 59,
        "nano" : 0,
        "second" : 59,
        "chronology" : {
          "id" : "ISO",
          "calendarType" : "iso8601"
        }
      },
      "lastUpdateTimestampString" : {
        "dayOfYear" : 79,
        "monthValue" : 3,
        "month" : "MARCH",
        "year" : 2017,
        "dayOfMonth" : 20,
        "dayOfWeek" : "MONDAY",
        "hour" : 11,
        "minute" : 28,
        "nano" : 949608700,
        "second" : 55,
        "chronology" : {
          "id" : "ISO",
          "calendarType" : "iso8601"
        }
      },
      "_links" : {
        "self" : {
          "href" : "http://referencedataservices-dev.jbhunt.com/referencedataservices/itemHandlingTypes/lugguge"
        },
        "itemHandlingType" : {
          "href" : "http://referencedataservices-dev.jbhunt.com/referencedataservices/itemHandlingTypes/lugguge"
        }
      }
    }, {
      "itemHandlingTypeCode" : "Pallets",
      "itemHandlingTypeDescription" : "Pallets Handling",
      "effectiveTimestamp" : {
        "dayOfYear" : 1,
        "monthValue" : 1,
        "month" : "JANUARY",
        "year" : 2016,
        "dayOfMonth" : 1,
        "dayOfWeek" : "FRIDAY",
        "hour" : 0,
        "minute" : 0,
        "nano" : 0,
        "second" : 0,
        "chronology" : {
          "id" : "ISO",
          "calendarType" : "iso8601"
        }
      },
      "expirationTimestamp" : {
        "dayOfYear" : 365,
        "monthValue" : 12,
        "month" : "DECEMBER",
        "year" : 2199,
        "dayOfMonth" : 31,
        "dayOfWeek" : "TUESDAY",
        "hour" : 23,
        "minute" : 59,
        "nano" : 0,
        "second" : 59,
        "chronology" : {
          "id" : "ISO",
          "calendarType" : "iso8601"
        }
      },
      "lastUpdateTimestampString" : {
        "dayOfYear" : 79,
        "monthValue" : 3,
        "month" : "MARCH",
        "year" : 2017,
        "dayOfMonth" : 20,
        "dayOfWeek" : "MONDAY",
        "hour" : 11,
        "minute" : 28,
        "nano" : 949608700,
        "second" : 55,
        "chronology" : {
          "id" : "ISO",
          "calendarType" : "iso8601"
        }
      },
      "_links" : {
        "self" : {
          "href" : "http://referencedataservices-dev.jbhunt.com/referencedataservices/itemHandlingTypes/Pallets"
        },
        "itemHandlingType" : {
          "href" : "http://referencedataservices-dev.jbhunt.com/referencedataservices/itemHandlingTypes/Pallets"
        }
      }
    }, {
      "itemHandlingTypeCode" : "Reels",
      "itemHandlingTypeDescription" : "Reels Handling",
      "effectiveTimestamp" : {
        "dayOfYear" : 1,
        "monthValue" : 1,
        "month" : "JANUARY",
        "year" : 2016,
        "dayOfMonth" : 1,
        "dayOfWeek" : "FRIDAY",
        "hour" : 0,
        "minute" : 0,
        "nano" : 0,
        "second" : 0,
        "chronology" : {
          "id" : "ISO",
          "calendarType" : "iso8601"
        }
      },
      "expirationTimestamp" : {
        "dayOfYear" : 365,
        "monthValue" : 12,
        "month" : "DECEMBER",
        "year" : 2199,
        "dayOfMonth" : 31,
        "dayOfWeek" : "TUESDAY",
        "hour" : 23,
        "minute" : 59,
        "nano" : 0,
        "second" : 59,
        "chronology" : {
          "id" : "ISO",
          "calendarType" : "iso8601"
        }
      },
      "lastUpdateTimestampString" : {
        "dayOfYear" : 79,
        "monthValue" : 3,
        "month" : "MARCH",
        "year" : 2017,
        "dayOfMonth" : 20,
        "dayOfWeek" : "MONDAY",
        "hour" : 11,
        "minute" : 28,
        "nano" : 949608700,
        "second" : 55,
        "chronology" : {
          "id" : "ISO",
          "calendarType" : "iso8601"
        }
      },
      "_links" : {
        "self" : {
          "href" : "http://referencedataservices-dev.jbhunt.com/referencedataservices/itemHandlingTypes/Reels"
        },
        "itemHandlingType" : {
          "href" : "http://referencedataservices-dev.jbhunt.com/referencedataservices/itemHandlingTypes/Reels"
        }
      }
    }, {
      "itemHandlingTypeCode" : "Rolls",
      "itemHandlingTypeDescription" : "Rolls Handling",
      "effectiveTimestamp" : {
        "dayOfYear" : 1,
        "monthValue" : 1,
        "month" : "JANUARY",
        "year" : 2016,
        "dayOfMonth" : 1,
        "dayOfWeek" : "FRIDAY",
        "hour" : 0,
        "minute" : 0,
        "nano" : 0,
        "second" : 0,
        "chronology" : {
          "id" : "ISO",
          "calendarType" : "iso8601"
        }
      },
      "expirationTimestamp" : {
        "dayOfYear" : 365,
        "monthValue" : 12,
        "month" : "DECEMBER",
        "year" : 2199,
        "dayOfMonth" : 31,
        "dayOfWeek" : "TUESDAY",
        "hour" : 23,
        "minute" : 59,
        "nano" : 0,
        "second" : 59,
        "chronology" : {
          "id" : "ISO",
          "calendarType" : "iso8601"
        }
      },
      "lastUpdateTimestampString" : {
        "dayOfYear" : 79,
        "monthValue" : 3,
        "month" : "MARCH",
        "year" : 2017,
        "dayOfMonth" : 20,
        "dayOfWeek" : "MONDAY",
        "hour" : 11,
        "minute" : 28,
        "nano" : 949608700,
        "second" : 55,
        "chronology" : {
          "id" : "ISO",
          "calendarType" : "iso8601"
        }
      },
      "_links" : {
        "self" : {
          "href" : "http://referencedataservices-dev.jbhunt.com/referencedataservices/itemHandlingTypes/Rolls"
        },
        "itemHandlingType" : {
          "href" : "http://referencedataservices-dev.jbhunt.com/referencedataservices/itemHandlingTypes/Rolls"
        }
      }
    }, {
      "itemHandlingTypeCode" : "Slips",
      "itemHandlingTypeDescription" : "Slips Handling",
      "effectiveTimestamp" : {
        "dayOfYear" : 1,
        "monthValue" : 1,
        "month" : "JANUARY",
        "year" : 2016,
        "dayOfMonth" : 1,
        "dayOfWeek" : "FRIDAY",
        "hour" : 0,
        "minute" : 0,
        "nano" : 0,
        "second" : 0,
        "chronology" : {
          "id" : "ISO",
          "calendarType" : "iso8601"
        }
      },
      "expirationTimestamp" : {
        "dayOfYear" : 365,
        "monthValue" : 12,
        "month" : "DECEMBER",
        "year" : 2199,
        "dayOfMonth" : 31,
        "dayOfWeek" : "TUESDAY",
        "hour" : 23,
        "minute" : 59,
        "nano" : 0,
        "second" : 59,
        "chronology" : {
          "id" : "ISO",
          "calendarType" : "iso8601"
        }
      },
      "lastUpdateTimestampString" : {
        "dayOfYear" : 79,
        "monthValue" : 3,
        "month" : "MARCH",
        "year" : 2017,
        "dayOfMonth" : 20,
        "dayOfWeek" : "MONDAY",
        "hour" : 11,
        "minute" : 28,
        "nano" : 949608700,
        "second" : 55,
        "chronology" : {
          "id" : "ISO",
          "calendarType" : "iso8601"
        }
      },
      "_links" : {
        "self" : {
          "href" : "http://referencedataservices-dev.jbhunt.com/referencedataservices/itemHandlingTypes/Slips"
        },
        "itemHandlingType" : {
          "href" : "http://referencedataservices-dev.jbhunt.com/referencedataservices/itemHandlingTypes/Slips"
        }
      }
    }, {
      "itemHandlingTypeCode" : "Spools",
      "itemHandlingTypeDescription" : "Spools Handling",
      "effectiveTimestamp" : {
        "dayOfYear" : 1,
        "monthValue" : 1,
        "month" : "JANUARY",
        "year" : 2016,
        "dayOfMonth" : 1,
        "dayOfWeek" : "FRIDAY",
        "hour" : 0,
        "minute" : 0,
        "nano" : 0,
        "second" : 0,
        "chronology" : {
          "id" : "ISO",
          "calendarType" : "iso8601"
        }
      },
      "expirationTimestamp" : {
        "dayOfYear" : 365,
        "monthValue" : 12,
        "month" : "DECEMBER",
        "year" : 2199,
        "dayOfMonth" : 31,
        "dayOfWeek" : "TUESDAY",
        "hour" : 23,
        "minute" : 59,
        "nano" : 0,
        "second" : 59,
        "chronology" : {
          "id" : "ISO",
          "calendarType" : "iso8601"
        }
      },
      "lastUpdateTimestampString" : {
        "dayOfYear" : 79,
        "monthValue" : 3,
        "month" : "MARCH",
        "year" : 2017,
        "dayOfMonth" : 20,
        "dayOfWeek" : "MONDAY",
        "hour" : 11,
        "minute" : 28,
        "nano" : 949608700,
        "second" : 55,
        "chronology" : {
          "id" : "ISO",
          "calendarType" : "iso8601"
        }
      },
      "_links" : {
        "self" : {
          "href" : "http://referencedataservices-dev.jbhunt.com/referencedataservices/itemHandlingTypes/Spools"
        },
        "itemHandlingType" : {
          "href" : "http://referencedataservices-dev.jbhunt.com/referencedataservices/itemHandlingTypes/Spools"
        }
      }
    }, {
      "itemHandlingTypeCode" : "Tires",
      "itemHandlingTypeDescription" : "Tires Handling",
      "effectiveTimestamp" : {
        "dayOfYear" : 1,
        "monthValue" : 1,
        "month" : "JANUARY",
        "year" : 2016,
        "dayOfMonth" : 1,
        "dayOfWeek" : "FRIDAY",
        "hour" : 0,
        "minute" : 0,
        "nano" : 0,
        "second" : 0,
        "chronology" : {
          "id" : "ISO",
          "calendarType" : "iso8601"
        }
      },
      "expirationTimestamp" : {
        "dayOfYear" : 365,
        "monthValue" : 12,
        "month" : "DECEMBER",
        "year" : 2199,
        "dayOfMonth" : 31,
        "dayOfWeek" : "TUESDAY",
        "hour" : 23,
        "minute" : 59,
        "nano" : 0,
        "second" : 59,
        "chronology" : {
          "id" : "ISO",
          "calendarType" : "iso8601"
        }
      },
      "lastUpdateTimestampString" : {
        "dayOfYear" : 79,
        "monthValue" : 3,
        "month" : "MARCH",
        "year" : 2017,
        "dayOfMonth" : 20,
        "dayOfWeek" : "MONDAY",
        "hour" : 11,
        "minute" : 28,
        "nano" : 949608700,
        "second" : 55,
        "chronology" : {
          "id" : "ISO",
          "calendarType" : "iso8601"
        }
      },
      "_links" : {
        "self" : {
          "href" : "http://referencedataservices-dev.jbhunt.com/referencedataservices/itemHandlingTypes/Tires"
        },
        "itemHandlingType" : {
          "href" : "http://referencedataservices-dev.jbhunt.com/referencedataservices/itemHandlingTypes/Tires"
        }
      }
    } ]
  },
  "_links" : {
    "first" : {
      "href" : "http://referencedataservices-dev.jbhunt.com/referencedataservices/itemHandlingTypes?page=0&size=20"
    },
    "self" : {
      "href" : "http://referencedataservices-dev.jbhunt.com/referencedataservices/itemHandlingTypes"
    },
    "next" : {
      "href" : "http://referencedataservices-dev.jbhunt.com/referencedataservices/itemHandlingTypes?page=1&size=20"
    },
    "last" : {
      "href" : "http://referencedataservices-dev.jbhunt.com/referencedataservices/itemHandlingTypes?page=1&size=20"
    },
    "profile" : {
      "href" : "http://referencedataservices-dev.jbhunt.com/referencedataservices/profile/itemHandlingTypes"
    },
    "search" : {
      "href" : "http://referencedataservices-dev.jbhunt.com/referencedataservices/itemHandlingTypes/search"
    }
  },
  "page" : {
    "size" : 20,
    "totalElements" : 21,
    "totalPages" : 2,
    "number" : 0
  }
}