{
  "_embedded": {
    "serviceOfferingBusinessUnitTransitModeAssociations": [
      {
        "transitModeCode": "Truck",
        "serviceOfferingCode": "Dedicated",
        "financeBusinessUnitCode": "DCS",
        "_links": {
          "self": {
            "href": "http://referencedataservices-dev.jbhunt.com/referencedataservices/serviceOfferingBusinessUnitTransitModeAssociations/16"
          },
          "serviceOfferingBusinessUnitTransitModeAssociation": {
            "href": "http://referencedataservices-dev.jbhunt.com/referencedataservices/serviceOfferingBusinessUnitTransitModeAssociations/16{?projection}",
            "templated": true
          }
        }
      },
      {
        "transitModeCode": "Truck",
        "serviceOfferingCode": "Backhaul",
        "financeBusinessUnitCode": "DCS",
        "_links": {
          "self": {
            "href": "http://referencedataservices-dev.jbhunt.com/referencedataservices/serviceOfferingBusinessUnitTransitModeAssociations/17"
          },
          "serviceOfferingBusinessUnitTransitModeAssociation": {
            "href": "http://referencedataservices-dev.jbhunt.com/referencedataservices/serviceOfferingBusinessUnitTransitModeAssociations/17{?projection}",
            "templated": true
          }
        }
      },
      {
        "transitModeCode": "Truck",
        "serviceOfferingCode": "Final Mile",
        "financeBusinessUnitCode": "DCS",
        "_links": {
          "self": {
            "href": "http://referencedataservices-dev.jbhunt.com/referencedataservices/serviceOfferingBusinessUnitTransitModeAssociations/18"
          },
          "serviceOfferingBusinessUnitTransitModeAssociation": {
            "href": "http://referencedataservices-dev.jbhunt.com/referencedataservices/serviceOfferingBusinessUnitTransitModeAssociations/18{?projection}",
            "templated": true
          }
        }
      }
    ]
  },
  "_links": {
    "self": {
      "href": "http://referencedataservices-dev.jbhunt.com/referencedataservices/serviceOfferingBusinessUnitTransitModeAssociations/search/findByFinanceBusinessUnitServiceOfferingAssociationFinanceBusinessUnitCode?financeBusinessUnitCode=DCS&projection=viewserviceofferingbusinessunittransitmode"
    }
  }
}