[
  {
    "orderId": 0,
    "orderQualificationShippingOptionID": 0,
    "serviceOffering": null,
    "shippingOptionDate": null,
    "qualificationShippingOption": null,
    "qualificationIntegrationSystemDetailDTOs": [
      {
        "link": "http://jvdweb12801.jbhunt.com/ordermanagementorderservices/shippingoptions/87/qualificationintegrationsystemdetail",
        "qualificationIntegrationSystemDetailID": 35,
        "integrationSystemName": "IteSysName",
        "qualificationShippingOptionID": 87,
        "integrationSystemResponse": "{\"aloQDaily\":1}"
      },
      {
        "link": "http://jvdweb12801.jbhunt.com/ordermanagementorderservices/shippingoptions/87/qualificationintegrationsystemdetail",
        "qualificationIntegrationSystemDetailID": 35,
        "integrationSystemName": "IteSysName",
        "qualificationShippingOptionID": 87,
        "integrationSystemResponse": "{\"aloQDaily\":1}"
      }
    ],
    "orderProcessingRuleResultDTOs": [
      {
        "link": "http://jvdweb12801.jbhunt.com/ordermanagementorderservices/shippingoptions/87/orderprocessingruleresult",
        "orderProcessingRuleResulID": 64,
        "orderProcessingRunID": null,
        "orderRuleDetailID": 42,
        "qualificationShippingOptionID": 87,
        "ruleResultStatusCode": "fail",
        "ruleExceptions": [
          {
            "link": "http://jvdweb12801.jbhunt.com/ordermanagementorderservices/shippingoptions/87/ruleexception",
            "ruleExceptionID": 25,
            "exceptionTypeCode": "WklyCmtExc",
            "ruleExceptionStatusCode": "Pending",
            "ruleExceptionName": "WklyCmtExceededException",
            "ruleExceptionDescription": "Weekly Commitment Exceeded Exception"
          },
          {
            "link": "http://jvdweb12801.jbhunt.com/ordermanagementorderservices/shippingoptions/87/ruleexception",
            "ruleExceptionID": 25,
            "exceptionTypeCode": "WklyCmtExc",
            "ruleExceptionStatusCode": "Pending",
            "ruleExceptionName": "WklyCmtExceededException",
            "ruleExceptionDescription": "Weekly Commitment Exceeded Exception"
          }
        ]
      }
    ]
  }
]