{
  "_embedded" : {
    "stopReasons" : [ {
      "stopReasonCode" : "Delivery ",
      "stopReasonDescription" : "Delivery Stop",
      "effectiveTimestamp" : {
        "dayOfYear" : 1,
        "monthValue" : 1,
        "month" : "JANUARY",
        "year" : 2016,
        "dayOfMonth" : 1,
        "dayOfWeek" : "FRIDAY",
        "hour" : 0,
        "minute" : 0,
        "nano" : 0,
        "second" : 0,
        "chronology" : {
          "id" : "ISO",
          "calendarType" : "iso8601"
        }
      },
      "expirationTimestamp" : {
        "dayOfYear" : 365,
        "monthValue" : 12,
        "month" : "DECEMBER",
        "year" : 2199,
        "dayOfMonth" : 31,
        "dayOfWeek" : "TUESDAY",
        "hour" : 23,
        "minute" : 59,
        "nano" : 0,
        "second" : 59,
        "chronology" : {
          "id" : "ISO",
          "calendarType" : "iso8601"
        }
      },
      "lastUpdateTimestampString" : {
        "dayOfYear" : 90,
        "monthValue" : 3,
        "month" : "MARCH",
        "year" : 2017,
        "dayOfMonth" : 31,
        "dayOfWeek" : "FRIDAY",
        "hour" : 23,
        "minute" : 32,
        "nano" : 460903600,
        "second" : 46,
        "chronology" : {
          "id" : "ISO",
          "calendarType" : "iso8601"
        }
      },
      "_links" : {
        "self" : {
          "href" : "https://supplychainmanagement-dev.jbhunt.com/supplychainmanagement/ordermanagementreferencedataservices/stopReasons/Delivery"
        },
        "stopReason" : {
          "href" : "https://supplychainmanagement-dev.jbhunt.com/supplychainmanagement/ordermanagementreferencedataservices/stopReasons/Delivery"
        }
      }
    }, {
      "stopReasonCode" : "Dispatch",
      "stopReasonDescription" : "Dispatch Stop",
      "effectiveTimestamp" : {
        "dayOfYear" : 1,
        "monthValue" : 1,
        "month" : "JANUARY",
        "year" : 2016,
        "dayOfMonth" : 1,
        "dayOfWeek" : "FRIDAY",
        "hour" : 0,
        "minute" : 0,
        "nano" : 0,
        "second" : 0,
        "chronology" : {
          "id" : "ISO",
          "calendarType" : "iso8601"
        }
      },
      "expirationTimestamp" : {
        "dayOfYear" : 365,
        "monthValue" : 12,
        "month" : "DECEMBER",
        "year" : 2199,
        "dayOfMonth" : 31,
        "dayOfWeek" : "TUESDAY",
        "hour" : 23,
        "minute" : 59,
        "nano" : 0,
        "second" : 59,
        "chronology" : {
          "id" : "ISO",
          "calendarType" : "iso8601"
        }
      },
      "lastUpdateTimestampString" : {
        "dayOfYear" : 90,
        "monthValue" : 3,
        "month" : "MARCH",
        "year" : 2017,
        "dayOfMonth" : 31,
        "dayOfWeek" : "FRIDAY",
        "hour" : 23,
        "minute" : 32,
        "nano" : 460903600,
        "second" : 46,
        "chronology" : {
          "id" : "ISO",
          "calendarType" : "iso8601"
        }
      },
      "_links" : {
        "self" : {
          "href" : "https://supplychainmanagement-dev.jbhunt.com/supplychainmanagement/ordermanagementreferencedataservices/stopReasons/Dispatch"
        },
        "stopReason" : {
          "href" : "https://supplychainmanagement-dev.jbhunt.com/supplychainmanagement/ordermanagementreferencedataservices/stopReasons/Dispatch"
        }
      }
    }, {
      "stopReasonCode" : "Install",
      "stopReasonDescription" : "Installation Stop",
      "effectiveTimestamp" : {
        "dayOfYear" : 1,
        "monthValue" : 1,
        "month" : "JANUARY",
        "year" : 2016,
        "dayOfMonth" : 1,
        "dayOfWeek" : "FRIDAY",
        "hour" : 0,
        "minute" : 0,
        "nano" : 0,
        "second" : 0,
        "chronology" : {
          "id" : "ISO",
          "calendarType" : "iso8601"
        }
      },
      "expirationTimestamp" : {
        "dayOfYear" : 365,
        "monthValue" : 12,
        "month" : "DECEMBER",
        "year" : 2199,
        "dayOfMonth" : 31,
        "dayOfWeek" : "TUESDAY",
        "hour" : 23,
        "minute" : 59,
        "nano" : 0,
        "second" : 59,
        "chronology" : {
          "id" : "ISO",
          "calendarType" : "iso8601"
        }
      },
      "lastUpdateTimestampString" : {
        "dayOfYear" : 90,
        "monthValue" : 3,
        "month" : "MARCH",
        "year" : 2017,
        "dayOfMonth" : 31,
        "dayOfWeek" : "FRIDAY",
        "hour" : 23,
        "minute" : 32,
        "nano" : 460903600,
        "second" : 46,
        "chronology" : {
          "id" : "ISO",
          "calendarType" : "iso8601"
        }
      },
      "_links" : {
        "self" : {
          "href" : "https://supplychainmanagement-dev.jbhunt.com/supplychainmanagement/ordermanagementreferencedataservices/stopReasons/Install"
        },
        "stopReason" : {
          "href" : "https://supplychainmanagement-dev.jbhunt.com/supplychainmanagement/ordermanagementreferencedataservices/stopReasons/Install"
        }
      }
    }, {
      "stopReasonCode" : "Pickup ",
      "stopReasonDescription" : "Pickup Stop",
      "effectiveTimestamp" : {
        "dayOfYear" : 1,
        "monthValue" : 1,
        "month" : "JANUARY",
        "year" : 2016,
        "dayOfMonth" : 1,
        "dayOfWeek" : "FRIDAY",
        "hour" : 0,
        "minute" : 0,
        "nano" : 0,
        "second" : 0,
        "chronology" : {
          "id" : "ISO",
          "calendarType" : "iso8601"
        }
      },
      "expirationTimestamp" : {
        "dayOfYear" : 365,
        "monthValue" : 12,
        "month" : "DECEMBER",
        "year" : 2199,
        "dayOfMonth" : 31,
        "dayOfWeek" : "TUESDAY",
        "hour" : 23,
        "minute" : 59,
        "nano" : 0,
        "second" : 59,
        "chronology" : {
          "id" : "ISO",
          "calendarType" : "iso8601"
        }
      },
      "lastUpdateTimestampString" : {
        "dayOfYear" : 90,
        "monthValue" : 3,
        "month" : "MARCH",
        "year" : 2017,
        "dayOfMonth" : 31,
        "dayOfWeek" : "FRIDAY",
        "hour" : 23,
        "minute" : 32,
        "nano" : 460903600,
        "second" : 46,
        "chronology" : {
          "id" : "ISO",
          "calendarType" : "iso8601"
        }
      },
      "_links" : {
        "self" : {
          "href" : "https://supplychainmanagement-dev.jbhunt.com/supplychainmanagement/ordermanagementreferencedataservices/stopReasons/Pickup"
        },
        "stopReason" : {
          "href" : "https://supplychainmanagement-dev.jbhunt.com/supplychainmanagement/ordermanagementreferencedataservices/stopReasons/Pickup"
        }
      }
    }, {
      "stopReasonCode" : "Rework",
      "stopReasonDescription" : "Rework Stop",
      "effectiveTimestamp" : {
        "dayOfYear" : 1,
        "monthValue" : 1,
        "month" : "JANUARY",
        "year" : 2016,
        "dayOfMonth" : 1,
        "dayOfWeek" : "FRIDAY",
        "hour" : 0,
        "minute" : 0,
        "nano" : 0,
        "second" : 0,
        "chronology" : {
          "id" : "ISO",
          "calendarType" : "iso8601"
        }
      },
      "expirationTimestamp" : {
        "dayOfYear" : 365,
        "monthValue" : 12,
        "month" : "DECEMBER",
        "year" : 2199,
        "dayOfMonth" : 31,
        "dayOfWeek" : "TUESDAY",
        "hour" : 23,
        "minute" : 59,
        "nano" : 0,
        "second" : 59,
        "chronology" : {
          "id" : "ISO",
          "calendarType" : "iso8601"
        }
      },
      "lastUpdateTimestampString" : {
        "dayOfYear" : 90,
        "monthValue" : 3,
        "month" : "MARCH",
        "year" : 2017,
        "dayOfMonth" : 31,
        "dayOfWeek" : "FRIDAY",
        "hour" : 23,
        "minute" : 32,
        "nano" : 492156000,
        "second" : 46,
        "chronology" : {
          "id" : "ISO",
          "calendarType" : "iso8601"
        }
      },
      "_links" : {
        "self" : {
          "href" : "https://supplychainmanagement-dev.jbhunt.com/supplychainmanagement/ordermanagementreferencedataservices/stopReasons/Rework"
        },
        "stopReason" : {
          "href" : "https://supplychainmanagement-dev.jbhunt.com/supplychainmanagement/ordermanagementreferencedataservices/stopReasons/Rework"
        }
      }
    }, {
      "stopReasonCode" : "Scale",
      "stopReasonDescription" : "Scale Stop",
      "effectiveTimestamp" : {
        "dayOfYear" : 1,
        "monthValue" : 1,
        "month" : "JANUARY",
        "year" : 2016,
        "dayOfMonth" : 1,
        "dayOfWeek" : "FRIDAY",
        "hour" : 0,
        "minute" : 0,
        "nano" : 0,
        "second" : 0,
        "chronology" : {
          "id" : "ISO",
          "calendarType" : "iso8601"
        }
      },
      "expirationTimestamp" : {
        "dayOfYear" : 365,
        "monthValue" : 12,
        "month" : "DECEMBER",
        "year" : 2199,
        "dayOfMonth" : 31,
        "dayOfWeek" : "TUESDAY",
        "hour" : 23,
        "minute" : 59,
        "nano" : 0,
        "second" : 59,
        "chronology" : {
          "id" : "ISO",
          "calendarType" : "iso8601"
        }
      },
      "lastUpdateTimestampString" : {
        "dayOfYear" : 90,
        "monthValue" : 3,
        "month" : "MARCH",
        "year" : 2017,
        "dayOfMonth" : 31,
        "dayOfWeek" : "FRIDAY",
        "hour" : 23,
        "minute" : 32,
        "nano" : 460903600,
        "second" : 46,
        "chronology" : {
          "id" : "ISO",
          "calendarType" : "iso8601"
        }
      },
      "_links" : {
        "self" : {
          "href" : "https://supplychainmanagement-dev.jbhunt.com/supplychainmanagement/ordermanagementreferencedataservices/stopReasons/Scale"
        },
        "stopReason" : {
          "href" : "https://supplychainmanagement-dev.jbhunt.com/supplychainmanagement/ordermanagementreferencedataservices/stopReasons/Scale"
        }
      }
    }, {
      "stopReasonCode" : "Will Call",
      "stopReasonDescription" : "Stop for Call",
      "effectiveTimestamp" : {
        "dayOfYear" : 1,
        "monthValue" : 1,
        "month" : "JANUARY",
        "year" : 2016,
        "dayOfMonth" : 1,
        "dayOfWeek" : "FRIDAY",
        "hour" : 0,
        "minute" : 0,
        "nano" : 0,
        "second" : 0,
        "chronology" : {
          "id" : "ISO",
          "calendarType" : "iso8601"
        }
      },
      "expirationTimestamp" : {
        "dayOfYear" : 365,
        "monthValue" : 12,
        "month" : "DECEMBER",
        "year" : 2199,
        "dayOfMonth" : 31,
        "dayOfWeek" : "TUESDAY",
        "hour" : 23,
        "minute" : 59,
        "nano" : 0,
        "second" : 59,
        "chronology" : {
          "id" : "ISO",
          "calendarType" : "iso8601"
        }
      },
      "lastUpdateTimestampString" : {
        "dayOfYear" : 90,
        "monthValue" : 3,
        "month" : "MARCH",
        "year" : 2017,
        "dayOfMonth" : 31,
        "dayOfWeek" : "FRIDAY",
        "hour" : 23,
        "minute" : 32,
        "nano" : 492156000,
        "second" : 46,
        "chronology" : {
          "id" : "ISO",
          "calendarType" : "iso8601"
        }
      },
      "_links" : {
        "self" : {
          "href" : "https://supplychainmanagement-dev.jbhunt.com/supplychainmanagement/ordermanagementreferencedataservices/stopReasons/Will%20Call"
        },
        "stopReason" : {
          "href" : "https://supplychainmanagement-dev.jbhunt.com/supplychainmanagement/ordermanagementreferencedataservices/stopReasons/Will%20Call"
        }
      }
    } ]
  },
  "_links" : {
    "self" : {
      "href" : "https://supplychainmanagement-dev.jbhunt.com/supplychainmanagement/ordermanagementreferencedataservices/stopReasons"
    },
    "profile" : {
      "href" : "https://supplychainmanagement-dev.jbhunt.com/supplychainmanagement/ordermanagementreferencedataservices/profile/stopReasons"
    },
    "search" : {
      "href" : "https://supplychainmanagement-dev.jbhunt.com/supplychainmanagement/ordermanagementreferencedataservices/stopReasons/search"
    }
  },
  "page" : {
    "size" : 20,
    "totalElements" : 7,
    "totalPages" : 1,
    "number" : 0
  }
}