{
        "totalRecords": 1,
        "profileDTO": [{
    "id": 1001,
    "code": "AMSEF3",
    "name": "AMAZON LTL % J.B. HUNT - SW",
    "addressDTO": {
      "id": 1001,
      "addressLine1": "SEATTLE",
      "addressLine2": "705 5TH AVENUE SOUTH",
      "city": "SEATTLE",
      "state": "WASHINGTON",
      "zipcode": 98104,
      "country": "USA"
    },
    "lineOfBusiness": "lineOfBusiness",
    "creditStatus": "approved",
    "active": "Yes",
    "facilityOverviewRequirementCodeDTO": {
      "code": "1001",
      "value": "appointmentRequired"
    }
  }]
}