{
  "took": 1,
  "timed_out": false,
  "_shards": {
    "total": 5,
    "successful": 5,
    "failed": 0
  },
  "hits": {
    "total": 3,
    "max_score": 1,
    "hits": [
      {
        "_index": "ordermanagementtemplateindex",
        "_type": "templates",
        "_id": "_update_by_query",
        "_score": 1,
        "_source": {
          "orderBillingDetailDTOs": [
            {
              "solicitorCode": "SCT103"
            }
          ]
        }
      },
      {
        "_index": "ordermanagementtemplateindex",
        "_type": "templates",
        "_id": "AVqytT8LxIGGPSVVaLk1",
        "_score": 1,
        "_source": {
          "orderBillingDetailDTOs": [
            {
              "solicitorCode": "SCT104"
            }
          ]
        }
      },
      {
        "_index": "ordermanagementtemplateindex",
        "_type": "templates",
        "_id": "AVqytMfHxIGGPSVVaLk0",
        "_score": 1,
        "_source": {
          "orderBillingDetailDTOs": [
            {
              "solicitorCode": "5070"
            }
          ]
        }
      },
      {
        "_index": "ordermanagementtemplateindex",
        "_type": "templates",
        "_id": "AVqytMfHxIGGPSVVaLk0",
        "_score": 1,
        "_source": {
          "orderBillingDetailDTOs": [
            {
              "solicitorCode": "5080"
            }
          ]
        }
      },
      {
        "_index": "ordermanagementtemplateindex",
        "_type": "templates",
        "_id": "AVqytMfHxIGGPSVVaLk0",
        "_score": 1,
        "_source": {
          "orderBillingDetailDTOs": [
            {
              "solicitorCode": "6123"
            }
          ]
        }
      }
    ]
  }
}