[{
  "orderRecommendationDetailId": 0,
  "opportunityStatus": "Pending",
  "opportunityRespondByTimestamp": "2017-05-02T02:57:38.633",
  "orderOrigin": null,
  "orderDestination": null,
  "billTo": null,
  "comments": null,
  "indendedServiceOffering": null,
  "eligibleServiceOfferings": null,
  "opportunityId": 0,
  "orderId": null,
  "orderQualificationRunId": null,
  "orderRuleDetailId": null,
  "opportunityStatusCode": null,
  "oppRespondByTimeInMins": null,
  "opportunityRespondByTime": null,
  "opportunityDate": null,
  "opportunityStartTime": null,
  "opportunityEndTime": null,
  "effectiveTimestamp": null,
  "expirationTimestamp": null,
  "pickup": null,
  "delivery": null,
  "opportunityPostingWorkflowDTOList": [
    {
      "opportunityPostingWorkflowId": 3,
      "opportunityId": 0,
      "financeBusinessUnitCode": null,
      "serviceOfferingCode": null,
      "opportunityPostingTypeCode": null,
      "opportunityPostingStatusCode": "CondAccptd",
      "comment": "Opportunity Rejected"
    },
    {
      "opportunityPostingWorkflowId": 4,
      "opportunityId": 0,
      "financeBusinessUnitCode": null,
      "serviceOfferingCode": null,
      "opportunityPostingTypeCode": null,
      "opportunityPostingStatusCode": "Available",
      "comment": "Accepted"
    },
    {
      "opportunityPostingWorkflowId": 5,
      "opportunityId": 0,
      "financeBusinessUnitCode": null,
      "serviceOfferingCode": null,
      "opportunityPostingTypeCode": null,
      "opportunityPostingStatusCode": "BA - JBT",
      "comment": "Opportunity Conditionally Accpted for Primary"
    },
    {
      "opportunityPostingWorkflowId": 427,
      "opportunityId": 0,
      "financeBusinessUnitCode": null,
      "serviceOfferingCode": null,
      "opportunityPostingTypeCode": null,
      "opportunityPostingStatusCode": "Rejected",
      "comment": null
    },
    {
      "opportunityPostingWorkflowId": 428,
      "opportunityId": 0,
      "financeBusinessUnitCode": null,
      "serviceOfferingCode": null,
      "opportunityPostingTypeCode": null,
      "opportunityPostingStatusCode": "Rejected",
      "comment": null
    },
    {
      "opportunityPostingWorkflowId": 429,
      "opportunityId": 0,
      "financeBusinessUnitCode": null,
      "serviceOfferingCode": null,
      "opportunityPostingTypeCode": null,
      "opportunityPostingStatusCode": "Rejected",
      "comment": null
    },
    {
      "opportunityPostingWorkflowId": 430,
      "opportunityId": 0,
      "financeBusinessUnitCode": null,
      "serviceOfferingCode": null,
      "opportunityPostingTypeCode": null,
      "opportunityPostingStatusCode": "Rejected",
      "comment": null
    },
    {
      "opportunityPostingWorkflowId": 431,
      "opportunityId": 0,
      "financeBusinessUnitCode": null,
      "serviceOfferingCode": null,
      "opportunityPostingTypeCode": null,
      "opportunityPostingStatusCode": "Rejected",
      "comment": null
    },
    {
      "opportunityPostingWorkflowId": 432,
      "opportunityId": 0,
      "financeBusinessUnitCode": null,
      "serviceOfferingCode": null,
      "opportunityPostingTypeCode": null,
      "opportunityPostingStatusCode": "Rejected",
      "comment": null
    },
    {
      "opportunityPostingWorkflowId": 433,
      "opportunityId": 0,
      "financeBusinessUnitCode": null,
      "serviceOfferingCode": null,
      "opportunityPostingTypeCode": null,
      "opportunityPostingStatusCode": "Rejected",
      "comment": null
    },
    {
      "opportunityPostingWorkflowId": 434,
      "opportunityId": 0,
      "financeBusinessUnitCode": null,
      "serviceOfferingCode": null,
      "opportunityPostingTypeCode": null,
      "opportunityPostingStatusCode": "Rejected",
      "comment": null
    },
    {
      "opportunityPostingWorkflowId": 435,
      "opportunityId": 0,
      "financeBusinessUnitCode": null,
      "serviceOfferingCode": null,
      "opportunityPostingTypeCode": null,
      "opportunityPostingStatusCode": "Rejected",
      "comment": null
    },
    {
      "opportunityPostingWorkflowId": 436,
      "opportunityId": 0,
      "financeBusinessUnitCode": null,
      "serviceOfferingCode": null,
      "opportunityPostingTypeCode": null,
      "opportunityPostingStatusCode": "Rejected",
      "comment": null
    },
    {
      "opportunityPostingWorkflowId": 437,
      "opportunityId": 0,
      "financeBusinessUnitCode": null,
      "serviceOfferingCode": null,
      "opportunityPostingTypeCode": null,
      "opportunityPostingStatusCode": "Rejected",
      "comment": null
    }
  ],
  "opportunityCreatorName": "Pavithra Jeeva Kumar",
  "stopCount": -1,
  "orderDTO": {
    "orderID": "F342560",
    "serviceOfferingCode": "OTR",
    "shipmentIdentificationNumber": null,
    "orderSourceCode": null,
    "orderAdditionalInstruction": null,
    "orderTrackingNumber": null,
    "orderValueAmount": null,
    "orderStatusCode": null,
    "customerID": null,
    "requestedServiceLevelCode": null,
    "transitModeCode": "Over the Road",
    "financeBusinessUnitCode": "ICS",
    "orderHighValueIndicator": false,
    "owner": null,
    "creator": null,
    "acceptanceType": null,
    "chargeDTOs": null,
    "orderBillingDetailDTOs": [
      {
        "profileDTO": {
          "partyID": 0,
          "partyName": null,
          "partyType": null,
          "partyStatus": null,
          "addressDTO": {
            "addressLineOne": "Flat c",
            "addressLineTwo": "Anna Nagar",
            "city": "chennai",
            "state": "tamilnadu",
            "zipCode": "606601",
            "country": "India",
            "cityID": "chn-001"
          },
          "contactDTO": {
            "contactId": 1,
            "contactValue": "2313243124",
            "contactType": "Night",
            "contactName": "Gautham",
            "contactMethod": "phone",
            "locationCode": "2022312312",
            "firstName": "Gautham",
            "marketingArea": "Software",
            "lastName": null,
            "profileCode": "profile 221",
            "profileName": "Venkat"
          }
        },
        "ratingCycleDTO": null,
        "autorateIndicator": null,
        "contactDTO": null,
        "freightChargeTermTypeCode": null,
        "lineOfBusinessCode": null
      }
    ],
    "orderServices": null,
    "orderRequestorDTOs": [
      {
        "profileDTO": {
          "partyID": 0,
          "partyName": null,
          "partyType": null,
          "partyStatus": null,
          "addressDTO": {
            "addressLineOne": "Flat c",
            "addressLineTwo": "Anna Nagar",
            "city": "chennai",
            "state": "tamilnadu",
            "zipCode": "606601",
            "country": "India",
            "cityID": "chn-001"
          },
          "contactDTO": {
            "contactId": 1,
            "contactValue": "2313243124",
            "contactType": "Night",
            "contactName": "Gautham",
            "contactMethod": "phone",
            "locationCode": "2022312312",
            "firstName": "Gautham",
            "marketingArea": "Software",
            "lastName": null,
            "profileCode": "profile 221",
            "profileName": "Venkat"
          }
        },
        "outsourcing": false
      }
    ],
    "orderAssociatedParties": null,
    "internationalOrderElement": null,
    "internationalService": null,
    "orderCrossesBorderDetailDTOs": null,
    "orderOperationalElements": null,
    "orderMonitorInformations": null,
    "orderEquipmentRequirementDTOs": null,
    "commentDTOs": null,
    "stopDTOs": [
      {
        "stop": {
          "@id": 1,
          "stopID": 0,
          "locationID": 0,
          "locationContactID": 0,
          "locationContactType": null,
          "highCostDeliveryIndicator": null,
          "stopReason": "PickUP",
          "stopSequenceNumber": 0,
          "totalStopWeight": null,
          "unitOfWeightMeasurementCode": null,
          "initialOfferedDate": null,
          "order": null,
          "stopCharges": null,
          "stopComments": null,
          "stopServices": null,
          "stopReferenceNumbers": null,
          "appointment": [
            {
              "@id": 1,
              "appointmentID": 0,
              "appointmentTypeCode": null,
              "appointmentConfirmationNumber": null,
              "requestCallBackIndicator": null,
              "recommendedAppointmentTimeStamp": null,
              "appointmentInboundDate": null,
              "appointmentDetails": null,
              "stop": null,
              "appointmentDateTimeDetails": [
                {
                  "@id": 1,
                  "appointmentDateTimeDetailID": 0,
                  "appointmentStartTimestamp": "2017-05-02T02:59:30.632",
                  "appointmentEndTimestamp": "2017-05-02T02:59:30.632",
                  "primaryAppointmentIndicator": null,
                  "lastUpdateTimestampString": null
                }
              ],
              "appointmentInstructionAssociations": null,
              "lastUpdateTimestampString": null
            }
          ],
          "stopItemHandlingDetailAssociation": null,
          "stopAdditionalInstructions": null,
          "lastUpdateTimestampString": null
        },
        "stopMiles": null,
        "totalStopMiles": null,
        "totalOrderWeight": null,
        "totalStopWeight": 0.98645,
        "locationDTO": {
          "partyID": 0,
          "partyName": null,
          "partyType": null,
          "partyStatus": null,
          "addressDTO": {
            "addressLineOne": "Flat c",
            "addressLineTwo": "Anna Nagar",
            "city": "chennai",
            "state": "tamilnadu",
            "zipCode": "606601",
            "country": "India",
            "cityID": "chn-001"
          },
          "contactDTO": {
            "contactId": 1,
            "contactValue": "2313243124",
            "contactType": "Night",
            "contactName": "Gautham",
            "contactMethod": "phone",
            "locationCode": "2022312312",
            "firstName": "Gautham",
            "marketingArea": "Software",
            "lastName": null,
            "profileCode": "profile 221",
            "profileName": "Venkat"
          }
        },
        "link": null,
        "itemHandlingDetailDTOs": null
      }
    ],
    "referenceNumberDTOs": null,
    "orderMaterialHandlingRequirementAssociation": null,
    "servicePriorityTypeCode": null,
    "orderTypeCode": null,
    "orderSubTypeCode": null,
    "orderValueTypeCode": null,
    "orderVolumeTypeCode": null,
    "orderRefrigeratedIndicator": null,
    "orderGroupingID": null,
    "orderUnifiedCustomerRequestAssociations": null,
    "orderAdditionalInstructions": null,
    "orderCarrierDetails": null,
    "orderStatusWorkflows": null,
    "orderStatusEvents": null,
    "orderFoodSafetyDetails": null,
    "addLinks": null
  },
  "opportunityConditionalAcceptanceDetailDTO": null,
  "trailerNumber": null,
  "equipmentType": null,
  "totalStopWeight": 0.98645,
  "totalStopMiles": 0,
  "tenderRate": 0,
  "rateGuidance": null,
  "specialCondition": null
},
{
  "orderRecommendationDetailId": 0,
  "opportunityStatus": "Conditionally Accepted",
  "opportunityRespondByTimestamp": "2017-05-02T02:57:38.633",
  "orderOrigin": null,
  "orderDestination": null,
  "billTo": null,
  "comments": null,
  "indendedServiceOffering": null,
  "eligibleServiceOfferings": null,
  "opportunityId": 0,
  "orderId": null,
  "orderQualificationRunId": null,
  "orderRuleDetailId": null,
  "opportunityStatusCode": null,
  "oppRespondByTimeInMins": null,
  "opportunityRespondByTime": null,
  "opportunityDate": null,
  "opportunityStartTime": null,
  "opportunityEndTime": null,
  "effectiveTimestamp": null,
  "expirationTimestamp": null,
  "pickup": null,
  "delivery": null,
  "opportunityPostingWorkflowDTOList": [
    {
      "opportunityPostingWorkflowId": 3,
      "opportunityId": 0,
      "financeBusinessUnitCode": null,
      "serviceOfferingCode": null,
      "opportunityPostingTypeCode": null,
      "opportunityPostingStatusCode": "CondAccptd",
      "comment": "Opportunity Rejected"
    },
    {
      "opportunityPostingWorkflowId": 4,
      "opportunityId": 0,
      "financeBusinessUnitCode": null,
      "serviceOfferingCode": null,
      "opportunityPostingTypeCode": null,
      "opportunityPostingStatusCode": "Available",
      "comment": "Accepted"
    },
    {
      "opportunityPostingWorkflowId": 5,
      "opportunityId": 0,
      "financeBusinessUnitCode": null,
      "serviceOfferingCode": null,
      "opportunityPostingTypeCode": null,
      "opportunityPostingStatusCode": "BA - JBT",
      "comment": "Opportunity Conditionally Accpted for Primary"
    },
    {
      "opportunityPostingWorkflowId": 427,
      "opportunityId": 0,
      "financeBusinessUnitCode": null,
      "serviceOfferingCode": null,
      "opportunityPostingTypeCode": null,
      "opportunityPostingStatusCode": "Rejected",
      "comment": null
    },
    {
      "opportunityPostingWorkflowId": 428,
      "opportunityId": 0,
      "financeBusinessUnitCode": null,
      "serviceOfferingCode": null,
      "opportunityPostingTypeCode": null,
      "opportunityPostingStatusCode": "Rejected",
      "comment": null
    },
    {
      "opportunityPostingWorkflowId": 429,
      "opportunityId": 0,
      "financeBusinessUnitCode": null,
      "serviceOfferingCode": null,
      "opportunityPostingTypeCode": null,
      "opportunityPostingStatusCode": "Rejected",
      "comment": null
    },
    {
      "opportunityPostingWorkflowId": 430,
      "opportunityId": 0,
      "financeBusinessUnitCode": null,
      "serviceOfferingCode": null,
      "opportunityPostingTypeCode": null,
      "opportunityPostingStatusCode": "Rejected",
      "comment": null
    },
    {
      "opportunityPostingWorkflowId": 431,
      "opportunityId": 0,
      "financeBusinessUnitCode": null,
      "serviceOfferingCode": null,
      "opportunityPostingTypeCode": null,
      "opportunityPostingStatusCode": "Rejected",
      "comment": null
    },
    {
      "opportunityPostingWorkflowId": 432,
      "opportunityId": 0,
      "financeBusinessUnitCode": null,
      "serviceOfferingCode": null,
      "opportunityPostingTypeCode": null,
      "opportunityPostingStatusCode": "Rejected",
      "comment": null
    },
    {
      "opportunityPostingWorkflowId": 433,
      "opportunityId": 0,
      "financeBusinessUnitCode": null,
      "serviceOfferingCode": null,
      "opportunityPostingTypeCode": null,
      "opportunityPostingStatusCode": "Rejected",
      "comment": null
    },
    {
      "opportunityPostingWorkflowId": 434,
      "opportunityId": 0,
      "financeBusinessUnitCode": null,
      "serviceOfferingCode": null,
      "opportunityPostingTypeCode": null,
      "opportunityPostingStatusCode": "Rejected",
      "comment": null
    },
    {
      "opportunityPostingWorkflowId": 435,
      "opportunityId": 0,
      "financeBusinessUnitCode": null,
      "serviceOfferingCode": null,
      "opportunityPostingTypeCode": null,
      "opportunityPostingStatusCode": "Rejected",
      "comment": null
    },
    {
      "opportunityPostingWorkflowId": 436,
      "opportunityId": 0,
      "financeBusinessUnitCode": null,
      "serviceOfferingCode": null,
      "opportunityPostingTypeCode": null,
      "opportunityPostingStatusCode": "Rejected",
      "comment": null
    },
    {
      "opportunityPostingWorkflowId": 437,
      "opportunityId": 0,
      "financeBusinessUnitCode": null,
      "serviceOfferingCode": null,
      "opportunityPostingTypeCode": null,
      "opportunityPostingStatusCode": "Rejected",
      "comment": null
    }
  ],
  "opportunityCreatorName": "Pavithra Jeeva Kumar",
  "stopCount": -1,
  "orderDTO": {
    "orderID": "HH65930",
    "serviceOfferingCode": "OTR",
    "shipmentIdentificationNumber": null,
    "orderSourceCode": null,
    "orderAdditionalInstruction": null,
    "orderTrackingNumber": null,
    "orderValueAmount": null,
    "orderStatusCode": null,
    "customerID": null,
    "requestedServiceLevelCode": null,
    "transitModeCode": "Over the Road",
    "financeBusinessUnitCode": "ICS",
    "orderHighValueIndicator": false,
    "owner": null,
    "creator": null,
    "acceptanceType": null,
    "chargeDTOs": null,
    "orderBillingDetailDTOs": [
      {
        "profileDTO": {
          "partyID": 0,
          "partyName": null,
          "partyType": null,
          "partyStatus": null,
          "addressDTO": {
            "addressLineOne": "Flat c",
            "addressLineTwo": "Anna Nagar",
            "city": "chennai",
            "state": "tamilnadu",
            "zipCode": "606601",
            "country": "India",
            "cityID": "chn-001"
          },
          "contactDTO": {
            "contactId": 1,
            "contactValue": "2313243124",
            "contactType": "Night",
            "contactName": "Gautham",
            "contactMethod": "phone",
            "locationCode": "2022312312",
            "firstName": "Gautham",
            "marketingArea": "Software",
            "lastName": null,
            "profileCode": "profile 221",
            "profileName": "Venkat"
          }
        },
        "ratingCycleDTO": null,
        "autorateIndicator": null,
        "contactDTO": null,
        "freightChargeTermTypeCode": null,
        "lineOfBusinessCode": null
      }
    ],
    "orderServices": null,
    "orderRequestorDTOs": [
      {
        "profileDTO": {
          "partyID": 0,
          "partyName": null,
          "partyType": null,
          "partyStatus": null,
          "addressDTO": {
            "addressLineOne": "Flat c",
            "addressLineTwo": "Anna Nagar",
            "city": "chennai",
            "state": "tamilnadu",
            "zipCode": "606601",
            "country": "India",
            "cityID": "chn-001"
          },
          "contactDTO": {
            "contactId": 1,
            "contactValue": "2313243124",
            "contactType": "Night",
            "contactName": "Gautham",
            "contactMethod": "phone",
            "locationCode": "2022312312",
            "firstName": "Gautham",
            "marketingArea": "Software",
            "lastName": null,
            "profileCode": "profile 221",
            "profileName": "Venkat"
          }
        },
        "outsourcing": false
      }
    ],
    "orderAssociatedParties": null,
    "internationalOrderElement": null,
    "internationalService": null,
    "orderCrossesBorderDetailDTOs": null,
    "orderOperationalElements": null,
    "orderMonitorInformations": null,
    "orderEquipmentRequirementDTOs": null,
    "commentDTOs": null,
    "stopDTOs": [
      {
        "stop": {
          "@id": 1,
          "stopID": 0,
          "locationID": 0,
          "locationContactID": 0,
          "locationContactType": null,
          "highCostDeliveryIndicator": null,
          "stopReason": "PickUP",
          "stopSequenceNumber": 0,
          "totalStopWeight": null,
          "unitOfWeightMeasurementCode": null,
          "initialOfferedDate": null,
          "order": null,
          "stopCharges": null,
          "stopComments": null,
          "stopServices": null,
          "stopReferenceNumbers": null,
          "appointment": [
            {
              "@id": 1,
              "appointmentID": 0,
              "appointmentTypeCode": null,
              "appointmentConfirmationNumber": null,
              "requestCallBackIndicator": null,
              "recommendedAppointmentTimeStamp": null,
              "appointmentInboundDate": null,
              "appointmentDetails": null,
              "stop": null,
              "appointmentDateTimeDetails": [
                {
                  "@id": 1,
                  "appointmentDateTimeDetailID": 0,
                  "appointmentStartTimestamp": "2017-05-02T02:59:30.632",
                  "appointmentEndTimestamp": "2017-05-02T02:59:30.632",
                  "primaryAppointmentIndicator": null,
                  "lastUpdateTimestampString": null
                }
              ],
              "appointmentInstructionAssociations": null,
              "lastUpdateTimestampString": null
            }
          ],
          "stopItemHandlingDetailAssociation": null,
          "stopAdditionalInstructions": null,
          "lastUpdateTimestampString": null
        },
        "stopMiles": null,
        "totalStopMiles": null,
        "totalOrderWeight": null,
        "totalStopWeight": 0.98645,
        "locationDTO": {
          "partyID": 0,
          "partyName": null,
          "partyType": null,
          "partyStatus": null,
          "addressDTO": {
            "addressLineOne": "Flat c",
            "addressLineTwo": "Anna Nagar",
            "city": "chennai",
            "state": "tamilnadu",
            "zipCode": "606601",
            "country": "India",
            "cityID": "chn-001"
          },
          "contactDTO": {
            "contactId": 1,
            "contactValue": "2313243124",
            "contactType": "Night",
            "contactName": "Gautham",
            "contactMethod": "phone",
            "locationCode": "2022312312",
            "firstName": "Gautham",
            "marketingArea": "Software",
            "lastName": null,
            "profileCode": "profile 221",
            "profileName": "Venkat"
          }
        },
        "link": null,
        "itemHandlingDetailDTOs": null
      }
    ],
    "referenceNumberDTOs": null,
    "orderMaterialHandlingRequirementAssociation": null,
    "servicePriorityTypeCode": null,
    "orderTypeCode": null,
    "orderSubTypeCode": null,
    "orderValueTypeCode": null,
    "orderVolumeTypeCode": null,
    "orderRefrigeratedIndicator": null,
    "orderGroupingID": null,
    "orderUnifiedCustomerRequestAssociations": null,
    "orderAdditionalInstructions": null,
    "orderCarrierDetails": null,
    "orderStatusWorkflows": null,
    "orderStatusEvents": null,
    "orderFoodSafetyDetails": null,
    "addLinks": null
  },
  "opportunityConditionalAcceptanceDetailDTO": null,
  "trailerNumber": null,
  "equipmentType": null,
  "totalStopWeight": 0.98645,
  "totalStopMiles": 0,
  "tenderRate": 0,
  "rateGuidance": null,
  "specialCondition": null
},
{
  "orderRecommendationDetailId": 0,
  "opportunityStatus": "Available",
  "opportunityRespondByTimestamp": "2017-05-02T02:57:38.633",
  "orderOrigin": null,
  "orderDestination": null,
  "billTo": null,
  "comments": null,
  "indendedServiceOffering": null,
  "eligibleServiceOfferings": null,
  "opportunityId": 0,
  "orderId": null,
  "orderQualificationRunId": null,
  "orderRuleDetailId": null,
  "opportunityStatusCode": null,
  "oppRespondByTimeInMins": null,
  "opportunityRespondByTime": null,
  "opportunityDate": null,
  "opportunityStartTime": null,
  "opportunityEndTime": null,
  "effectiveTimestamp": null,
  "expirationTimestamp": null,
  "pickup": null,
  "delivery": null,
  "opportunityPostingWorkflowDTOList": [
    {
      "opportunityPostingWorkflowId": 3,
      "opportunityId": 0,
      "financeBusinessUnitCode": null,
      "serviceOfferingCode": null,
      "opportunityPostingTypeCode": null,
      "opportunityPostingStatusCode": "CondAccptd",
      "comment": "Opportunity Rejected"
    },
    {
      "opportunityPostingWorkflowId": 4,
      "opportunityId": 0,
      "financeBusinessUnitCode": null,
      "serviceOfferingCode": null,
      "opportunityPostingTypeCode": null,
      "opportunityPostingStatusCode": "Available",
      "comment": "Accepted"
    },
    {
      "opportunityPostingWorkflowId": 5,
      "opportunityId": 0,
      "financeBusinessUnitCode": null,
      "serviceOfferingCode": null,
      "opportunityPostingTypeCode": null,
      "opportunityPostingStatusCode": "BA - JBT",
      "comment": "Opportunity Conditionally Accpted for Primary"
    },
    {
      "opportunityPostingWorkflowId": 427,
      "opportunityId": 0,
      "financeBusinessUnitCode": null,
      "serviceOfferingCode": null,
      "opportunityPostingTypeCode": null,
      "opportunityPostingStatusCode": "Rejected",
      "comment": null
    },
    {
      "opportunityPostingWorkflowId": 428,
      "opportunityId": 0,
      "financeBusinessUnitCode": null,
      "serviceOfferingCode": null,
      "opportunityPostingTypeCode": null,
      "opportunityPostingStatusCode": "Rejected",
      "comment": null
    },
    {
      "opportunityPostingWorkflowId": 429,
      "opportunityId": 0,
      "financeBusinessUnitCode": null,
      "serviceOfferingCode": null,
      "opportunityPostingTypeCode": null,
      "opportunityPostingStatusCode": "Rejected",
      "comment": null
    },
    {
      "opportunityPostingWorkflowId": 430,
      "opportunityId": 0,
      "financeBusinessUnitCode": null,
      "serviceOfferingCode": null,
      "opportunityPostingTypeCode": null,
      "opportunityPostingStatusCode": "Rejected",
      "comment": null
    },
    {
      "opportunityPostingWorkflowId": 431,
      "opportunityId": 0,
      "financeBusinessUnitCode": null,
      "serviceOfferingCode": null,
      "opportunityPostingTypeCode": null,
      "opportunityPostingStatusCode": "Rejected",
      "comment": null
    },
    {
      "opportunityPostingWorkflowId": 432,
      "opportunityId": 0,
      "financeBusinessUnitCode": null,
      "serviceOfferingCode": null,
      "opportunityPostingTypeCode": null,
      "opportunityPostingStatusCode": "Rejected",
      "comment": null
    },
    {
      "opportunityPostingWorkflowId": 433,
      "opportunityId": 0,
      "financeBusinessUnitCode": null,
      "serviceOfferingCode": null,
      "opportunityPostingTypeCode": null,
      "opportunityPostingStatusCode": "Rejected",
      "comment": null
    },
    {
      "opportunityPostingWorkflowId": 434,
      "opportunityId": 0,
      "financeBusinessUnitCode": null,
      "serviceOfferingCode": null,
      "opportunityPostingTypeCode": null,
      "opportunityPostingStatusCode": "Rejected",
      "comment": null
    },
    {
      "opportunityPostingWorkflowId": 435,
      "opportunityId": 0,
      "financeBusinessUnitCode": null,
      "serviceOfferingCode": null,
      "opportunityPostingTypeCode": null,
      "opportunityPostingStatusCode": "Rejected",
      "comment": null
    },
    {
      "opportunityPostingWorkflowId": 436,
      "opportunityId": 0,
      "financeBusinessUnitCode": null,
      "serviceOfferingCode": null,
      "opportunityPostingTypeCode": null,
      "opportunityPostingStatusCode": "Rejected",
      "comment": null
    },
    {
      "opportunityPostingWorkflowId": 437,
      "opportunityId": 0,
      "financeBusinessUnitCode": null,
      "serviceOfferingCode": null,
      "opportunityPostingTypeCode": null,
      "opportunityPostingStatusCode": "Rejected",
      "comment": null
    }
  ],
  "opportunityCreatorName": "Pavithra Jeeva Kumar",
  "stopCount": -1,
  "orderDTO": {
    "orderID": "F342594",
    "serviceOfferingCode": "OTR",
    "shipmentIdentificationNumber": null,
    "orderSourceCode": null,
    "orderAdditionalInstruction": null,
    "orderTrackingNumber": null,
    "orderValueAmount": null,
    "orderStatusCode": null,
    "customerID": null,
    "requestedServiceLevelCode": null,
    "transitModeCode": "Over the Road",
    "financeBusinessUnitCode": "ICS",
    "orderHighValueIndicator": false,
    "owner": null,
    "creator": null,
    "acceptanceType": null,
    "chargeDTOs": null,
    "orderBillingDetailDTOs": [
      {
        "profileDTO": {
          "partyID": 0,
          "partyName": null,
          "partyType": null,
          "partyStatus": null,
          "addressDTO": {
            "addressLineOne": "Flat c",
            "addressLineTwo": "Anna Nagar",
            "city": "chennai",
            "state": "tamilnadu",
            "zipCode": "606601",
            "country": "India",
            "cityID": "chn-001"
          },
          "contactDTO": {
            "contactId": 1,
            "contactValue": "2313243124",
            "contactType": "Night",
            "contactName": "Gautham",
            "contactMethod": "phone",
            "locationCode": "2022312312",
            "firstName": "Gautham",
            "marketingArea": "Software",
            "lastName": null,
            "profileCode": "profile 221",
            "profileName": "Venkat"
          }
        },
        "ratingCycleDTO": null,
        "autorateIndicator": null,
        "contactDTO": null,
        "freightChargeTermTypeCode": null,
        "lineOfBusinessCode": null
      }
    ],
    "orderServices": null,
    "orderRequestorDTOs": [
      {
        "profileDTO": {
          "partyID": 0,
          "partyName": null,
          "partyType": null,
          "partyStatus": null,
          "addressDTO": {
            "addressLineOne": "Flat c",
            "addressLineTwo": "Anna Nagar",
            "city": "chennai",
            "state": "tamilnadu",
            "zipCode": "606601",
            "country": "India",
            "cityID": "chn-001"
          },
          "contactDTO": {
            "contactId": 1,
            "contactValue": "2313243124",
            "contactType": "Night",
            "contactName": "Gautham",
            "contactMethod": "phone",
            "locationCode": "2022312312",
            "firstName": "Gautham",
            "marketingArea": "Software",
            "lastName": null,
            "profileCode": "profile 221",
            "profileName": "Venkat"
          }
        },
        "outsourcing": false
      }
    ],
    "orderAssociatedParties": null,
    "internationalOrderElement": null,
    "internationalService": null,
    "orderCrossesBorderDetailDTOs": null,
    "orderOperationalElements": null,
    "orderMonitorInformations": null,
    "orderEquipmentRequirementDTOs": null,
    "commentDTOs": null,
    "stopDTOs": [
      {
        "stop": {
          "@id": 1,
          "stopID": 0,
          "locationID": 0,
          "locationContactID": 0,
          "locationContactType": null,
          "highCostDeliveryIndicator": null,
          "stopReason": "PickUP",
          "stopSequenceNumber": 0,
          "totalStopWeight": null,
          "unitOfWeightMeasurementCode": null,
          "initialOfferedDate": null,
          "order": null,
          "stopCharges": null,
          "stopComments": null,
          "stopServices": null,
          "stopReferenceNumbers": null,
          "appointment": [
            {
              "@id": 1,
              "appointmentID": 0,
              "appointmentTypeCode": null,
              "appointmentConfirmationNumber": null,
              "requestCallBackIndicator": null,
              "recommendedAppointmentTimeStamp": null,
              "appointmentInboundDate": null,
              "appointmentDetails": null,
              "stop": null,
              "appointmentDateTimeDetails": [
                {
                  "@id": 1,
                  "appointmentDateTimeDetailID": 0,
                  "appointmentStartTimestamp": "2017-05-02T02:59:30.632",
                  "appointmentEndTimestamp": "2017-05-02T02:59:30.632",
                  "primaryAppointmentIndicator": null,
                  "lastUpdateTimestampString": null
                }
              ],
              "appointmentInstructionAssociations": null,
              "lastUpdateTimestampString": null
            }
          ],
          "stopItemHandlingDetailAssociation": null,
          "stopAdditionalInstructions": null,
          "lastUpdateTimestampString": null
        },
        "stopMiles": null,
        "totalStopMiles": null,
        "totalOrderWeight": null,
        "totalStopWeight": 0.98645,
        "locationDTO": {
          "partyID": 0,
          "partyName": null,
          "partyType": null,
          "partyStatus": null,
          "addressDTO": {
            "addressLineOne": "Flat c",
            "addressLineTwo": "Anna Nagar",
            "city": "chennai",
            "state": "tamilnadu",
            "zipCode": "606601",
            "country": "India",
            "cityID": "chn-001"
          },
          "contactDTO": {
            "contactId": 1,
            "contactValue": "2313243124",
            "contactType": "Night",
            "contactName": "Gautham",
            "contactMethod": "phone",
            "locationCode": "2022312312",
            "firstName": "Gautham",
            "marketingArea": "Software",
            "lastName": null,
            "profileCode": "profile 221",
            "profileName": "Venkat"
          }
        },
        "link": null,
        "itemHandlingDetailDTOs": null
      }
    ],
    "referenceNumberDTOs": null,
    "orderMaterialHandlingRequirementAssociation": null,
    "servicePriorityTypeCode": null,
    "orderTypeCode": null,
    "orderSubTypeCode": null,
    "orderValueTypeCode": null,
    "orderVolumeTypeCode": null,
    "orderRefrigeratedIndicator": null,
    "orderGroupingID": null,
    "orderUnifiedCustomerRequestAssociations": null,
    "orderAdditionalInstructions": null,
    "orderCarrierDetails": null,
    "orderStatusWorkflows": null,
    "orderStatusEvents": null,
    "orderFoodSafetyDetails": null,
    "addLinks": null
  },
  "opportunityConditionalAcceptanceDetailDTO": null,
  "trailerNumber": null,
  "equipmentType": null,
  "totalStopWeight": 0.98645,
  "totalStopMiles": 0,
  "tenderRate": 0,
  "rateGuidance": null,
  "specialCondition": null
},
{
  "orderRecommendationDetailId": 0,
  "opportunityStatus": "Available",
  "opportunityRespondByTimestamp": "2017-05-02T02:57:38.633",
  "orderOrigin": null,
  "orderDestination": null,
  "billTo": null,
  "comments": null,
  "indendedServiceOffering": null,
  "eligibleServiceOfferings": null,
  "opportunityId": 0,
  "orderId": null,
  "orderQualificationRunId": null,
  "orderRuleDetailId": null,
  "opportunityStatusCode": null,
  "oppRespondByTimeInMins": null,
  "opportunityRespondByTime": null,
  "opportunityDate": null,
  "opportunityStartTime": null,
  "opportunityEndTime": null,
  "effectiveTimestamp": null,
  "expirationTimestamp": null,
  "pickup": null,
  "delivery": null,
  "opportunityPostingWorkflowDTOList": [
    {
      "opportunityPostingWorkflowId": 3,
      "opportunityId": 0,
      "financeBusinessUnitCode": null,
      "serviceOfferingCode": null,
      "opportunityPostingTypeCode": null,
      "opportunityPostingStatusCode": "CondAccptd",
      "comment": "Opportunity Rejected"
    },
    {
      "opportunityPostingWorkflowId": 4,
      "opportunityId": 0,
      "financeBusinessUnitCode": null,
      "serviceOfferingCode": null,
      "opportunityPostingTypeCode": null,
      "opportunityPostingStatusCode": "Available",
      "comment": "Accepted"
    },
    {
      "opportunityPostingWorkflowId": 5,
      "opportunityId": 0,
      "financeBusinessUnitCode": null,
      "serviceOfferingCode": null,
      "opportunityPostingTypeCode": null,
      "opportunityPostingStatusCode": "BA - JBT",
      "comment": "Opportunity Conditionally Accpted for Primary"
    },
    {
      "opportunityPostingWorkflowId": 427,
      "opportunityId": 0,
      "financeBusinessUnitCode": null,
      "serviceOfferingCode": null,
      "opportunityPostingTypeCode": null,
      "opportunityPostingStatusCode": "Rejected",
      "comment": null
    },
    {
      "opportunityPostingWorkflowId": 428,
      "opportunityId": 0,
      "financeBusinessUnitCode": null,
      "serviceOfferingCode": null,
      "opportunityPostingTypeCode": null,
      "opportunityPostingStatusCode": "Rejected",
      "comment": null
    },
    {
      "opportunityPostingWorkflowId": 429,
      "opportunityId": 0,
      "financeBusinessUnitCode": null,
      "serviceOfferingCode": null,
      "opportunityPostingTypeCode": null,
      "opportunityPostingStatusCode": "Rejected",
      "comment": null
    },
    {
      "opportunityPostingWorkflowId": 430,
      "opportunityId": 0,
      "financeBusinessUnitCode": null,
      "serviceOfferingCode": null,
      "opportunityPostingTypeCode": null,
      "opportunityPostingStatusCode": "Rejected",
      "comment": null
    },
    {
      "opportunityPostingWorkflowId": 431,
      "opportunityId": 0,
      "financeBusinessUnitCode": null,
      "serviceOfferingCode": null,
      "opportunityPostingTypeCode": null,
      "opportunityPostingStatusCode": "Rejected",
      "comment": null
    },
    {
      "opportunityPostingWorkflowId": 432,
      "opportunityId": 0,
      "financeBusinessUnitCode": null,
      "serviceOfferingCode": null,
      "opportunityPostingTypeCode": null,
      "opportunityPostingStatusCode": "Rejected",
      "comment": null
    },
    {
      "opportunityPostingWorkflowId": 433,
      "opportunityId": 0,
      "financeBusinessUnitCode": null,
      "serviceOfferingCode": null,
      "opportunityPostingTypeCode": null,
      "opportunityPostingStatusCode": "Rejected",
      "comment": null
    },
    {
      "opportunityPostingWorkflowId": 434,
      "opportunityId": 0,
      "financeBusinessUnitCode": null,
      "serviceOfferingCode": null,
      "opportunityPostingTypeCode": null,
      "opportunityPostingStatusCode": "Rejected",
      "comment": null
    },
    {
      "opportunityPostingWorkflowId": 435,
      "opportunityId": 0,
      "financeBusinessUnitCode": null,
      "serviceOfferingCode": null,
      "opportunityPostingTypeCode": null,
      "opportunityPostingStatusCode": "Rejected",
      "comment": null
    },
    {
      "opportunityPostingWorkflowId": 436,
      "opportunityId": 0,
      "financeBusinessUnitCode": null,
      "serviceOfferingCode": null,
      "opportunityPostingTypeCode": null,
      "opportunityPostingStatusCode": "Rejected",
      "comment": null
    },
    {
      "opportunityPostingWorkflowId": 437,
      "opportunityId": 0,
      "financeBusinessUnitCode": null,
      "serviceOfferingCode": null,
      "opportunityPostingTypeCode": null,
      "opportunityPostingStatusCode": "Rejected",
      "comment": null
    }
  ],
  "opportunityCreatorName": "Pavithra Jeeva Kumar",
  "stopCount": -1,
  "orderDTO": {
    "orderID": "HH65970",
    "serviceOfferingCode": "OTR",
    "shipmentIdentificationNumber": null,
    "orderSourceCode": null,
    "orderAdditionalInstruction": null,
    "orderTrackingNumber": null,
    "orderValueAmount": null,
    "orderStatusCode": null,
    "customerID": null,
    "requestedServiceLevelCode": null,
    "transitModeCode": "Over the Road",
    "financeBusinessUnitCode": "ICS",
    "orderHighValueIndicator": false,
    "owner": null,
    "creator": null,
    "acceptanceType": null,
    "chargeDTOs": null,
    "orderBillingDetailDTOs": [
      {
        "profileDTO": {
          "partyID": 0,
          "partyName": null,
          "partyType": null,
          "partyStatus": null,
          "addressDTO": {
            "addressLineOne": "Flat c",
            "addressLineTwo": "Anna Nagar",
            "city": "chennai",
            "state": "tamilnadu",
            "zipCode": "606601",
            "country": "India",
            "cityID": "chn-001"
          },
          "contactDTO": {
            "contactId": 1,
            "contactValue": "2313243124",
            "contactType": "Night",
            "contactName": "Gautham",
            "contactMethod": "phone",
            "locationCode": "2022312312",
            "firstName": "Gautham",
            "marketingArea": "Software",
            "lastName": null,
            "profileCode": "profile 221",
            "profileName": "Venkat"
          }
        },
        "ratingCycleDTO": null,
        "autorateIndicator": null,
        "contactDTO": null,
        "freightChargeTermTypeCode": null,
        "lineOfBusinessCode": null
      }
    ],
    "orderServices": null,
    "orderRequestorDTOs": [
      {
        "profileDTO": {
          "partyID": 0,
          "partyName": null,
          "partyType": null,
          "partyStatus": null,
          "addressDTO": {
            "addressLineOne": "Flat c",
            "addressLineTwo": "Anna Nagar",
            "city": "chennai",
            "state": "tamilnadu",
            "zipCode": "606601",
            "country": "India",
            "cityID": "chn-001"
          },
          "contactDTO": {
            "contactId": 1,
            "contactValue": "2313243124",
            "contactType": "Night",
            "contactName": "Gautham",
            "contactMethod": "phone",
            "locationCode": "2022312312",
            "firstName": "Gautham",
            "marketingArea": "Software",
            "lastName": null,
            "profileCode": "profile 221",
            "profileName": "Venkat"
          }
        },
        "outsourcing": false
      }
    ],
    "orderAssociatedParties": null,
    "internationalOrderElement": null,
    "internationalService": null,
    "orderCrossesBorderDetailDTOs": null,
    "orderOperationalElements": null,
    "orderMonitorInformations": null,
    "orderEquipmentRequirementDTOs": null,
    "commentDTOs": null,
    "stopDTOs": [
      {
        "stop": {
          "@id": 1,
          "stopID": 0,
          "locationID": 0,
          "locationContactID": 0,
          "locationContactType": null,
          "highCostDeliveryIndicator": null,
          "stopReason": "PickUP",
          "stopSequenceNumber": 0,
          "totalStopWeight": null,
          "unitOfWeightMeasurementCode": null,
          "initialOfferedDate": null,
          "order": null,
          "stopCharges": null,
          "stopComments": null,
          "stopServices": null,
          "stopReferenceNumbers": null,
          "appointment": [
            {
              "@id": 1,
              "appointmentID": 0,
              "appointmentTypeCode": null,
              "appointmentConfirmationNumber": null,
              "requestCallBackIndicator": null,
              "recommendedAppointmentTimeStamp": null,
              "appointmentInboundDate": null,
              "appointmentDetails": null,
              "stop": null,
              "appointmentDateTimeDetails": [
                {
                  "@id": 1,
                  "appointmentDateTimeDetailID": 0,
                  "appointmentStartTimestamp": "2017-05-02T02:59:30.632",
                  "appointmentEndTimestamp": "2017-05-02T02:59:30.632",
                  "primaryAppointmentIndicator": null,
                  "lastUpdateTimestampString": null
                }
              ],
              "appointmentInstructionAssociations": null,
              "lastUpdateTimestampString": null
            }
          ],
          "stopItemHandlingDetailAssociation": null,
          "stopAdditionalInstructions": null,
          "lastUpdateTimestampString": null
        },
        "stopMiles": null,
        "totalStopMiles": null,
        "totalOrderWeight": null,
        "totalStopWeight": 0.98645,
        "locationDTO": {
          "partyID": 0,
          "partyName": null,
          "partyType": null,
          "partyStatus": null,
          "addressDTO": {
            "addressLineOne": "Flat c",
            "addressLineTwo": "Anna Nagar",
            "city": "chennai",
            "state": "tamilnadu",
            "zipCode": "606601",
            "country": "India",
            "cityID": "chn-001"
          },
          "contactDTO": {
            "contactId": 1,
            "contactValue": "2313243124",
            "contactType": "Night",
            "contactName": "Gautham",
            "contactMethod": "phone",
            "locationCode": "2022312312",
            "firstName": "Gautham",
            "marketingArea": "Software",
            "lastName": null,
            "profileCode": "profile 221",
            "profileName": "Venkat"
          }
        },
        "link": null,
        "itemHandlingDetailDTOs": null
      }
    ],
    "referenceNumberDTOs": null,
    "orderMaterialHandlingRequirementAssociation": null,
    "servicePriorityTypeCode": null,
    "orderTypeCode": null,
    "orderSubTypeCode": null,
    "orderValueTypeCode": null,
    "orderVolumeTypeCode": null,
    "orderRefrigeratedIndicator": null,
    "orderGroupingID": null,
    "orderUnifiedCustomerRequestAssociations": null,
    "orderAdditionalInstructions": null,
    "orderCarrierDetails": null,
    "orderStatusWorkflows": null,
    "orderStatusEvents": null,
    "orderFoodSafetyDetails": null,
    "addLinks": null
  },
  "opportunityConditionalAcceptanceDetailDTO": null,
  "trailerNumber": null,
  "equipmentType": null,
  "totalStopWeight": 0.98645,
  "totalStopMiles": 0,
  "tenderRate": 0,
  "rateGuidance": null,
  "specialCondition": null
},
{
  "orderRecommendationDetailId": 0,
  "opportunityStatus": "Available",
  "opportunityRespondByTimestamp": "2017-05-02T02:57:38.633",
  "orderOrigin": null,
  "orderDestination": null,
  "billTo": null,
  "comments": null,
  "indendedServiceOffering": null,
  "eligibleServiceOfferings": null,
  "opportunityId": 0,
  "orderId": null,
  "orderQualificationRunId": null,
  "orderRuleDetailId": null,
  "opportunityStatusCode": null,
  "oppRespondByTimeInMins": null,
  "opportunityRespondByTime": null,
  "opportunityDate": null,
  "opportunityStartTime": null,
  "opportunityEndTime": null,
  "effectiveTimestamp": null,
  "expirationTimestamp": null,
  "pickup": null,
  "delivery": null,
  "opportunityPostingWorkflowDTOList": [
    {
      "opportunityPostingWorkflowId": 3,
      "opportunityId": 0,
      "financeBusinessUnitCode": null,
      "serviceOfferingCode": null,
      "opportunityPostingTypeCode": null,
      "opportunityPostingStatusCode": "CondAccptd",
      "comment": "Opportunity Rejected"
    },
    {
      "opportunityPostingWorkflowId": 4,
      "opportunityId": 0,
      "financeBusinessUnitCode": null,
      "serviceOfferingCode": null,
      "opportunityPostingTypeCode": null,
      "opportunityPostingStatusCode": "Available",
      "comment": "Accepted"
    },
    {
      "opportunityPostingWorkflowId": 5,
      "opportunityId": 0,
      "financeBusinessUnitCode": null,
      "serviceOfferingCode": null,
      "opportunityPostingTypeCode": null,
      "opportunityPostingStatusCode": "BA - JBT",
      "comment": "Opportunity Conditionally Accpted for Primary"
    },
    {
      "opportunityPostingWorkflowId": 427,
      "opportunityId": 0,
      "financeBusinessUnitCode": null,
      "serviceOfferingCode": null,
      "opportunityPostingTypeCode": null,
      "opportunityPostingStatusCode": "Rejected",
      "comment": null
    },
    {
      "opportunityPostingWorkflowId": 428,
      "opportunityId": 0,
      "financeBusinessUnitCode": null,
      "serviceOfferingCode": null,
      "opportunityPostingTypeCode": null,
      "opportunityPostingStatusCode": "Rejected",
      "comment": null
    },
    {
      "opportunityPostingWorkflowId": 429,
      "opportunityId": 0,
      "financeBusinessUnitCode": null,
      "serviceOfferingCode": null,
      "opportunityPostingTypeCode": null,
      "opportunityPostingStatusCode": "Rejected",
      "comment": null
    },
    {
      "opportunityPostingWorkflowId": 430,
      "opportunityId": 0,
      "financeBusinessUnitCode": null,
      "serviceOfferingCode": null,
      "opportunityPostingTypeCode": null,
      "opportunityPostingStatusCode": "Rejected",
      "comment": null
    },
    {
      "opportunityPostingWorkflowId": 431,
      "opportunityId": 0,
      "financeBusinessUnitCode": null,
      "serviceOfferingCode": null,
      "opportunityPostingTypeCode": null,
      "opportunityPostingStatusCode": "Rejected",
      "comment": null
    },
    {
      "opportunityPostingWorkflowId": 432,
      "opportunityId": 0,
      "financeBusinessUnitCode": null,
      "serviceOfferingCode": null,
      "opportunityPostingTypeCode": null,
      "opportunityPostingStatusCode": "Rejected",
      "comment": null
    },
    {
      "opportunityPostingWorkflowId": 433,
      "opportunityId": 0,
      "financeBusinessUnitCode": null,
      "serviceOfferingCode": null,
      "opportunityPostingTypeCode": null,
      "opportunityPostingStatusCode": "Rejected",
      "comment": null
    },
    {
      "opportunityPostingWorkflowId": 434,
      "opportunityId": 0,
      "financeBusinessUnitCode": null,
      "serviceOfferingCode": null,
      "opportunityPostingTypeCode": null,
      "opportunityPostingStatusCode": "Rejected",
      "comment": null
    },
    {
      "opportunityPostingWorkflowId": 435,
      "opportunityId": 0,
      "financeBusinessUnitCode": null,
      "serviceOfferingCode": null,
      "opportunityPostingTypeCode": null,
      "opportunityPostingStatusCode": "Rejected",
      "comment": null
    },
    {
      "opportunityPostingWorkflowId": 436,
      "opportunityId": 0,
      "financeBusinessUnitCode": null,
      "serviceOfferingCode": null,
      "opportunityPostingTypeCode": null,
      "opportunityPostingStatusCode": "Rejected",
      "comment": null
    },
    {
      "opportunityPostingWorkflowId": 437,
      "opportunityId": 0,
      "financeBusinessUnitCode": null,
      "serviceOfferingCode": null,
      "opportunityPostingTypeCode": null,
      "opportunityPostingStatusCode": "Rejected",
      "comment": null
    }
  ],
  "opportunityCreatorName": "Pavithra Jeeva Kumar",
  "stopCount": -1,
  "orderDTO": {
    "orderID": "F342460",
    "serviceOfferingCode": "OTR",
    "shipmentIdentificationNumber": null,
    "orderSourceCode": null,
    "orderAdditionalInstruction": null,
    "orderTrackingNumber": null,
    "orderValueAmount": null,
    "orderStatusCode": null,
    "customerID": null,
    "requestedServiceLevelCode": null,
    "transitModeCode": "Over the Road",
    "financeBusinessUnitCode": "ICS",
    "orderHighValueIndicator": false,
    "owner": null,
    "creator": null,
    "acceptanceType": null,
    "chargeDTOs": null,
    "orderBillingDetailDTOs": [
      {
        "profileDTO": {
          "partyID": 0,
          "partyName": null,
          "partyType": null,
          "partyStatus": null,
          "addressDTO": {
            "addressLineOne": "Flat c",
            "addressLineTwo": "Anna Nagar",
            "city": "chennai",
            "state": "tamilnadu",
            "zipCode": "606601",
            "country": "India",
            "cityID": "chn-001"
          },
          "contactDTO": {
            "contactId": 1,
            "contactValue": "2313243124",
            "contactType": "Night",
            "contactName": "Gautham",
            "contactMethod": "phone",
            "locationCode": "2022312312",
            "firstName": "Gautham",
            "marketingArea": "Software",
            "lastName": null,
            "profileCode": "profile 221",
            "profileName": "Venkat"
          }
        },
        "ratingCycleDTO": null,
        "autorateIndicator": null,
        "contactDTO": null,
        "freightChargeTermTypeCode": null,
        "lineOfBusinessCode": null
      }
    ],
    "orderServices": null,
    "orderRequestorDTOs": [
      {
        "profileDTO": {
          "partyID": 0,
          "partyName": null,
          "partyType": null,
          "partyStatus": null,
          "addressDTO": {
            "addressLineOne": "Flat c",
            "addressLineTwo": "Anna Nagar",
            "city": "chennai",
            "state": "tamilnadu",
            "zipCode": "606601",
            "country": "India",
            "cityID": "chn-001"
          },
          "contactDTO": {
            "contactId": 1,
            "contactValue": "2313243124",
            "contactType": "Night",
            "contactName": "Gautham",
            "contactMethod": "phone",
            "locationCode": "2022312312",
            "firstName": "Gautham",
            "marketingArea": "Software",
            "lastName": null,
            "profileCode": "profile 221",
            "profileName": "Venkat"
          }
        },
        "outsourcing": false
      }
    ],
    "orderAssociatedParties": null,
    "internationalOrderElement": null,
    "internationalService": null,
    "orderCrossesBorderDetailDTOs": null,
    "orderOperationalElements": null,
    "orderMonitorInformations": null,
    "orderEquipmentRequirementDTOs": null,
    "commentDTOs": null,
    "stopDTOs": [
      {
        "stop": {
          "@id": 1,
          "stopID": 0,
          "locationID": 0,
          "locationContactID": 0,
          "locationContactType": null,
          "highCostDeliveryIndicator": null,
          "stopReason": "PickUP",
          "stopSequenceNumber": 0,
          "totalStopWeight": null,
          "unitOfWeightMeasurementCode": null,
          "initialOfferedDate": null,
          "order": null,
          "stopCharges": null,
          "stopComments": null,
          "stopServices": null,
          "stopReferenceNumbers": null,
          "appointment": [
            {
              "@id": 1,
              "appointmentID": 0,
              "appointmentTypeCode": null,
              "appointmentConfirmationNumber": null,
              "requestCallBackIndicator": null,
              "recommendedAppointmentTimeStamp": null,
              "appointmentInboundDate": null,
              "appointmentDetails": null,
              "stop": null,
              "appointmentDateTimeDetails": [
                {
                  "@id": 1,
                  "appointmentDateTimeDetailID": 0,
                  "appointmentStartTimestamp": "2017-05-02T02:59:30.632",
                  "appointmentEndTimestamp": "2017-05-02T02:59:30.632",
                  "primaryAppointmentIndicator": null,
                  "lastUpdateTimestampString": null
                }
              ],
              "appointmentInstructionAssociations": null,
              "lastUpdateTimestampString": null
            }
          ],
          "stopItemHandlingDetailAssociation": null,
          "stopAdditionalInstructions": null,
          "lastUpdateTimestampString": null
        },
        "stopMiles": null,
        "totalStopMiles": null,
        "totalOrderWeight": null,
        "totalStopWeight": 0.98645,
        "locationDTO": {
          "partyID": 0,
          "partyName": null,
          "partyType": null,
          "partyStatus": null,
          "addressDTO": {
            "addressLineOne": "Flat c",
            "addressLineTwo": "Anna Nagar",
            "city": "chennai",
            "state": "tamilnadu",
            "zipCode": "606601",
            "country": "India",
            "cityID": "chn-001"
          },
          "contactDTO": {
            "contactId": 1,
            "contactValue": "2313243124",
            "contactType": "Night",
            "contactName": "Gautham",
            "contactMethod": "phone",
            "locationCode": "2022312312",
            "firstName": "Gautham",
            "marketingArea": "Software",
            "lastName": null,
            "profileCode": "profile 221",
            "profileName": "Venkat"
          }
        },
        "link": null,
        "itemHandlingDetailDTOs": null
      }
    ],
    "referenceNumberDTOs": null,
    "orderMaterialHandlingRequirementAssociation": null,
    "servicePriorityTypeCode": null,
    "orderTypeCode": null,
    "orderSubTypeCode": null,
    "orderValueTypeCode": null,
    "orderVolumeTypeCode": null,
    "orderRefrigeratedIndicator": null,
    "orderGroupingID": null,
    "orderUnifiedCustomerRequestAssociations": null,
    "orderAdditionalInstructions": null,
    "orderCarrierDetails": null,
    "orderStatusWorkflows": null,
    "orderStatusEvents": null,
    "orderFoodSafetyDetails": null,
    "addLinks": null
  },
  "opportunityConditionalAcceptanceDetailDTO": null,
  "trailerNumber": null,
  "equipmentType": null,
  "totalStopWeight": 0.98645,
  "totalStopMiles": 0,
  "tenderRate": 0,
  "rateGuidance": null,
  "specialCondition": null
},
{
  "orderRecommendationDetailId": 0,
  "opportunityStatus": "Available",
  "opportunityRespondByTimestamp": "2017-05-02T02:57:38.633",
  "orderOrigin": null,
  "orderDestination": null,
  "billTo": null,
  "comments": null,
  "indendedServiceOffering": null,
  "eligibleServiceOfferings": null,
  "opportunityId": 0,
  "orderId": null,
  "orderQualificationRunId": null,
  "orderRuleDetailId": null,
  "opportunityStatusCode": null,
  "oppRespondByTimeInMins": null,
  "opportunityRespondByTime": null,
  "opportunityDate": null,
  "opportunityStartTime": null,
  "opportunityEndTime": null,
  "effectiveTimestamp": null,
  "expirationTimestamp": null,
  "pickup": null,
  "delivery": null,
  "opportunityPostingWorkflowDTOList": [
    {
      "opportunityPostingWorkflowId": 3,
      "opportunityId": 0,
      "financeBusinessUnitCode": null,
      "serviceOfferingCode": null,
      "opportunityPostingTypeCode": null,
      "opportunityPostingStatusCode": "CondAccptd",
      "comment": "Opportunity Rejected"
    },
    {
      "opportunityPostingWorkflowId": 4,
      "opportunityId": 0,
      "financeBusinessUnitCode": null,
      "serviceOfferingCode": null,
      "opportunityPostingTypeCode": null,
      "opportunityPostingStatusCode": "Available",
      "comment": "Accepted"
    },
    {
      "opportunityPostingWorkflowId": 5,
      "opportunityId": 0,
      "financeBusinessUnitCode": null,
      "serviceOfferingCode": null,
      "opportunityPostingTypeCode": null,
      "opportunityPostingStatusCode": "BA - JBT",
      "comment": "Opportunity Conditionally Accpted for Primary"
    },
    {
      "opportunityPostingWorkflowId": 427,
      "opportunityId": 0,
      "financeBusinessUnitCode": null,
      "serviceOfferingCode": null,
      "opportunityPostingTypeCode": null,
      "opportunityPostingStatusCode": "Rejected",
      "comment": null
    },
    {
      "opportunityPostingWorkflowId": 428,
      "opportunityId": 0,
      "financeBusinessUnitCode": null,
      "serviceOfferingCode": null,
      "opportunityPostingTypeCode": null,
      "opportunityPostingStatusCode": "Rejected",
      "comment": null
    },
    {
      "opportunityPostingWorkflowId": 429,
      "opportunityId": 0,
      "financeBusinessUnitCode": null,
      "serviceOfferingCode": null,
      "opportunityPostingTypeCode": null,
      "opportunityPostingStatusCode": "Rejected",
      "comment": null
    },
    {
      "opportunityPostingWorkflowId": 430,
      "opportunityId": 0,
      "financeBusinessUnitCode": null,
      "serviceOfferingCode": null,
      "opportunityPostingTypeCode": null,
      "opportunityPostingStatusCode": "Rejected",
      "comment": null
    },
    {
      "opportunityPostingWorkflowId": 431,
      "opportunityId": 0,
      "financeBusinessUnitCode": null,
      "serviceOfferingCode": null,
      "opportunityPostingTypeCode": null,
      "opportunityPostingStatusCode": "Rejected",
      "comment": null
    },
    {
      "opportunityPostingWorkflowId": 432,
      "opportunityId": 0,
      "financeBusinessUnitCode": null,
      "serviceOfferingCode": null,
      "opportunityPostingTypeCode": null,
      "opportunityPostingStatusCode": "Rejected",
      "comment": null
    },
    {
      "opportunityPostingWorkflowId": 433,
      "opportunityId": 0,
      "financeBusinessUnitCode": null,
      "serviceOfferingCode": null,
      "opportunityPostingTypeCode": null,
      "opportunityPostingStatusCode": "Rejected",
      "comment": null
    },
    {
      "opportunityPostingWorkflowId": 434,
      "opportunityId": 0,
      "financeBusinessUnitCode": null,
      "serviceOfferingCode": null,
      "opportunityPostingTypeCode": null,
      "opportunityPostingStatusCode": "Rejected",
      "comment": null
    },
    {
      "opportunityPostingWorkflowId": 435,
      "opportunityId": 0,
      "financeBusinessUnitCode": null,
      "serviceOfferingCode": null,
      "opportunityPostingTypeCode": null,
      "opportunityPostingStatusCode": "Rejected",
      "comment": null
    },
    {
      "opportunityPostingWorkflowId": 436,
      "opportunityId": 0,
      "financeBusinessUnitCode": null,
      "serviceOfferingCode": null,
      "opportunityPostingTypeCode": null,
      "opportunityPostingStatusCode": "Rejected",
      "comment": null
    },
    {
      "opportunityPostingWorkflowId": 437,
      "opportunityId": 0,
      "financeBusinessUnitCode": null,
      "serviceOfferingCode": null,
      "opportunityPostingTypeCode": null,
      "opportunityPostingStatusCode": "Rejected",
      "comment": null
    }
  ],
  "opportunityCreatorName": "Pavithra Jeeva Kumar",
  "stopCount": -1,
  "orderDTO": {
    "orderID": "HH65965",
    "serviceOfferingCode": "OTR",
    "shipmentIdentificationNumber": null,
    "orderSourceCode": null,
    "orderAdditionalInstruction": null,
    "orderTrackingNumber": null,
    "orderValueAmount": null,
    "orderStatusCode": null,
    "customerID": null,
    "requestedServiceLevelCode": null,
    "transitModeCode": "Over the Road",
    "financeBusinessUnitCode": "ICS",
    "orderHighValueIndicator": false,
    "owner": null,
    "creator": null,
    "acceptanceType": null,
    "chargeDTOs": null,
    "orderBillingDetailDTOs": [
      {
        "profileDTO": {
          "partyID": 0,
          "partyName": null,
          "partyType": null,
          "partyStatus": null,
          "addressDTO": {
            "addressLineOne": "Flat c",
            "addressLineTwo": "Anna Nagar",
            "city": "chennai",
            "state": "tamilnadu",
            "zipCode": "606601",
            "country": "India",
            "cityID": "chn-001"
          },
          "contactDTO": {
            "contactId": 1,
            "contactValue": "2313243124",
            "contactType": "Night",
            "contactName": "Gautham",
            "contactMethod": "phone",
            "locationCode": "2022312312",
            "firstName": "Gautham",
            "marketingArea": "Software",
            "lastName": null,
            "profileCode": "profile 221",
            "profileName": "Venkat"
          }
        },
        "ratingCycleDTO": null,
        "autorateIndicator": null,
        "contactDTO": null,
        "freightChargeTermTypeCode": null,
        "lineOfBusinessCode": null
      }
    ],
    "orderServices": null,
    "orderRequestorDTOs": [
      {
        "profileDTO": {
          "partyID": 0,
          "partyName": null,
          "partyType": null,
          "partyStatus": null,
          "addressDTO": {
            "addressLineOne": "Flat c",
            "addressLineTwo": "Anna Nagar",
            "city": "chennai",
            "state": "tamilnadu",
            "zipCode": "606601",
            "country": "India",
            "cityID": "chn-001"
          },
          "contactDTO": {
            "contactId": 1,
            "contactValue": "2313243124",
            "contactType": "Night",
            "contactName": "Gautham",
            "contactMethod": "phone",
            "locationCode": "2022312312",
            "firstName": "Gautham",
            "marketingArea": "Software",
            "lastName": null,
            "profileCode": "profile 221",
            "profileName": "Venkat"
          }
        },
        "outsourcing": false
      }
    ],
    "orderAssociatedParties": null,
    "internationalOrderElement": null,
    "internationalService": null,
    "orderCrossesBorderDetailDTOs": null,
    "orderOperationalElements": null,
    "orderMonitorInformations": null,
    "orderEquipmentRequirementDTOs": null,
    "commentDTOs": null,
    "stopDTOs": [
      {
        "stop": {
          "@id": 1,
          "stopID": 0,
          "locationID": 0,
          "locationContactID": 0,
          "locationContactType": null,
          "highCostDeliveryIndicator": null,
          "stopReason": "PickUP",
          "stopSequenceNumber": 0,
          "totalStopWeight": null,
          "unitOfWeightMeasurementCode": null,
          "initialOfferedDate": null,
          "order": null,
          "stopCharges": null,
          "stopComments": null,
          "stopServices": null,
          "stopReferenceNumbers": null,
          "appointment": [
            {
              "@id": 1,
              "appointmentID": 0,
              "appointmentTypeCode": null,
              "appointmentConfirmationNumber": null,
              "requestCallBackIndicator": null,
              "recommendedAppointmentTimeStamp": null,
              "appointmentInboundDate": null,
              "appointmentDetails": null,
              "stop": null,
              "appointmentDateTimeDetails": [
                {
                  "@id": 1,
                  "appointmentDateTimeDetailID": 0,
                  "appointmentStartTimestamp": "2017-05-02T02:59:30.632",
                  "appointmentEndTimestamp": "2017-05-02T02:59:30.632",
                  "primaryAppointmentIndicator": null,
                  "lastUpdateTimestampString": null
                }
              ],
              "appointmentInstructionAssociations": null,
              "lastUpdateTimestampString": null
            }
          ],
          "stopItemHandlingDetailAssociation": null,
          "stopAdditionalInstructions": null,
          "lastUpdateTimestampString": null
        },
        "stopMiles": null,
        "totalStopMiles": null,
        "totalOrderWeight": null,
        "totalStopWeight": 0.98645,
        "locationDTO": {
          "partyID": 0,
          "partyName": null,
          "partyType": null,
          "partyStatus": null,
          "addressDTO": {
            "addressLineOne": "Flat c",
            "addressLineTwo": "Anna Nagar",
            "city": "chennai",
            "state": "tamilnadu",
            "zipCode": "606601",
            "country": "India",
            "cityID": "chn-001"
          },
          "contactDTO": {
            "contactId": 1,
            "contactValue": "2313243124",
            "contactType": "Night",
            "contactName": "Gautham",
            "contactMethod": "phone",
            "locationCode": "2022312312",
            "firstName": "Gautham",
            "marketingArea": "Software",
            "lastName": null,
            "profileCode": "profile 221",
            "profileName": "Venkat"
          }
        },
        "link": null,
        "itemHandlingDetailDTOs": null
      }
    ],
    "referenceNumberDTOs": null,
    "orderMaterialHandlingRequirementAssociation": null,
    "servicePriorityTypeCode": null,
    "orderTypeCode": null,
    "orderSubTypeCode": null,
    "orderValueTypeCode": null,
    "orderVolumeTypeCode": null,
    "orderRefrigeratedIndicator": null,
    "orderGroupingID": null,
    "orderUnifiedCustomerRequestAssociations": null,
    "orderAdditionalInstructions": null,
    "orderCarrierDetails": null,
    "orderStatusWorkflows": null,
    "orderStatusEvents": null,
    "orderFoodSafetyDetails": null,
    "addLinks": null
  },
  "opportunityConditionalAcceptanceDetailDTO": null,
  "trailerNumber": null,
  "equipmentType": null,
  "totalStopWeight": 0.98645,
  "totalStopMiles": 0,
  "tenderRate": 0,
  "rateGuidance": null,
  "specialCondition": null
}]