{
	"$schema": "./node_modules/@angular/cli/lib/config/schema.json",
	"project": {
		"name": "app-operationsexecution-loads"
	},
	"apps": [
		{
			"root": "src/main/ui",
			"outDir": "src/main/resources/public",
			 "assets": [
		        "mock",
		        "assets",
		        "favicon.ico",
		        {
		          "glob": "**/*",
		          "input": "../../../node_modules/lib_infrastructure_jbh_icons/font",
		          "output": "./assets/fonts/jbh-icon"
		        },
		        {
		          "glob": "**/*",
		          "input": "../../../node_modules/ngx-prime-theme/fonts",
		          "output": "./assets/fonts/"
		        },
		        {
		          "glob": "**/*",
		          "input": "../../../node_modules/ngx-prime-theme/images",
		          "output": "./assets/images/"
		        },
		        {
		          "glob": "**/*",
		          "input": "../../../node_modules/lib_infrastructure_jbh_icons/symbol",
		          "output": "./assets/svg"
		        }
		      ],
			"index": "index.html",
			"main": "main.ts",
			"polyfills": "polyfills.ts",
			"test": "test.ts",
			"tsconfig": "tsconfig.app.json",
			"testTsconfig": "tsconfig.spec.json",
			"prefix": "app",
			"styles": [
				"../../../node_modules/font-awesome/css/font-awesome.min.css",
		        "../../../node_modules/ngx-prime-theme/theme.min.css",
		        "../../../node_modules/lib_infrastructure_jbh_icons/symbol/sprite.scss",
		        "../../../node_modules/lib_infrastructure_jbh_icons/font/jbh-icon.scss",
		        "styles.scss"
			],
			"scripts": [
			 "../../../node_modules/spin.js/spin.js"
			],
			"environmentSource": "environments/environment.ts",
			"environments": {
				"dev": "environments/environment.ts",
	            "prod": "environments/environment.prod.ts",
	            "local": "environments/environment.local.ts"
			}
		}
	],
	"e2e": {
		"protractor": {
			"config": "./protractor.conf.js"
		}
	},
	"lint": [
		{
			"project": "src/main/ui/tsconfig.app.json",
			"exclude": "**/node_modules/**"
		},
		{
			"project": "src/main/ui/tsconfig.spec.json",
			"exclude": "**/node_modules/**"
		},
		{
			"project": "e2e/tsconfig.e2e.json",
			"exclude": "**/node_modules/**"
		}
	],
	"test": {
		"karma": {
			"config": "./karma.conf.js"
		}
	},
	"defaults": {
		"styleExt": "scss",
		"component": {
			
		}
	}
}
