{
        "content": [{
                                        "bulkOrderUploadID": 47,
                                        "status": "COMPLETED",
                                        "updateUserId": "rcon512",
                                        "updatedBy": "Venkat",
                                        "totalCount": 0,
                                        "processedCount": 1,
                                        "successCount": 1,
                                        "failureCount": 0,
                                        "uploadedDateTime": [
                                                        2017,
                                                        5,
                                                        22,
                                                        6,
                                                        41,
                                                        30,
                                                        411000000
                                        ]
                        },
                        {
                                        "bulkOrderUploadID": 48,
                                        "status": "COMPLETED",
                                        "updateUserId": "rcon512",
                                        "updatedBy": "Venkat",
                                        "totalCount": 1,
                                        "processedCount": 1,
                                        "successCount": 1,
                                        "failureCount": 0,
                                        "uploadedDateTime": [
                                                        2017,
                                                        5,
                                                        22,
                                                        8,
                                                        24,
                                                        56,
                                                        479000000
                                        ]
                        },
                        {
                                        "bulkOrderUploadID": 49,
                                        "status": "COMPLETED",
                                        "updateUserId": "rcon512",
                                        "updatedBy": "Venkat",
                                        "totalCount": 0,
                                        "processedCount": 1,
                                        "successCount": 1,
                                        "failureCount": 0,
                                        "uploadedDateTime": [
                                                        2017,
                                                        5,
                                                        22,
                                                        8,
                                                        38,
                                                        9,
                                                        745000000
                                        ]
                        }
        ],
        "totalElements": 3,
        "last": true,
        "totalPages": 1,
        "size": 5,
        "number": 0,
        "sort": null,
        "first": true,
        "numberOfElements": 3
}
