{
"totalElements": 6,
"content": [{
"massUpdatedDate" : "2017-05-04T08:40:32.590",
"failedCount" : "10",
"successCount" : "5",
"status" : "Not Started",
"totalCount" : 400,
"processedCount": 0
},
{
"massUpdatedDate" : "03/13/2017 01:00 PM",
"failedCount" : "10",
"successCount" : "15",
"status" : "In Progress",
"totalCount" : 150,
"processedCount": 15
},
{
"massUpdatedDate" : "03/13/2017 01:00 PM",
"failedCount" : "1",
"successCount" : "5",
"status" : "In Progress",
"totalCount" : 100,
"processedCount": 25
},
{
"massUpdatedDate" : "03/13/2017 01:00 PM",
"failedCount" : "9",
"successCount" : "5",
"status" : "In Progress",
"totalCount" : 100,
"processedCount": 60
},
{
"massUpdatedDate" : "03/13/2017 01:00 PM",
"failedCount" : "50",
"successCount" : "50",
"status" : "Completed",
"totalCount" : 100,
"processedCount": 100
},
{
"massUpdatedDate" : "03/13/2017 01:00 PM",
"failedCount" : "10",
"successCount" : "5",
"status" : "In Progress",
"totalCount" : 200,
"processedCount": 175
}
]
}
