{
	"profileResponseDTO": [{
		"partyCode": "10123564",
		"partyStatus": "active",
		"partyRoleType": "BillTo",
		"TradingPartner": "TPLF23",
		"addressDTO": {
			"addressAliasCode": "1493993000001",
			"addressLine1": "6445 LEMMON AVE",
			"addressLine2": "DALLAS",
			"cityName": "DALLAS",
			"stateCode": "TX",
			"postalCode": "12345",
			"countryCode": "USA"
		},
		"contactsDTO": [{
			"contactType": "ORDER CONTACT",
			"contactName": "Operations",
			"communicationMethod": "TELEPHONE",
			"communicationValue": "972-731-4500",
			"communicationExtension": "2456"
		}]
	}, {
		"partyCode": "10123567",
		"partyStatus": "active",
		"partyRoleType": "Customs Broker",
		"TradingPartner": "TPLF243",
		"addressDTO": {
			"addressAliasCode": "1493993000002",
			"addressLine1": "6445 LEMMON AVE",
			"addressLine2": "DALLAS",
			"cityName": "DALLAS",
			"stateCode": "TX",
			"postalCode": "12345",
			"countryCode": "USA"
		},
		"contactsDTO": [{
			"contactType": "ORDER CONTACT",
			"contactName": "Operations",
			"communicationMethod": "TELEPHONE",
			"communicationValue": "972-731-4500",
			"communicationExtension": "2456"
		}]
	}]
}