[
    {
        "equipmentClassificationTypeRequirementAssociationId": 56,
        "requirementSpecificationAssociationID": 28,
        "requirementTypeCode": "Length",
        "requirementSpecificationCode": "28Ft",
        "requirementTypeDesc": "Length Requirement",
        "requirementSpecificationDesc": "28 Feet In Length",
        "addOrRemoveIndicator": null
    },
    {
        "equipmentClassificationTypeRequirementAssociationId": 456,
        "requirementSpecificationAssociationID": 29,
        "requirementTypeCode": "Length",
        "requirementSpecificationCode": "32Ft",
        "requirementTypeDesc": "Length Requirement",
        "requirementSpecificationDesc": "32 Feet In Length",
        "addOrRemoveIndicator": null
    },
    {
        "equipmentClassificationTypeRequirementAssociationId": 45,
        "requirementSpecificationAssociationID": 30,
        "requirementTypeCode": "Length",
        "requirementSpecificationCode": "36Ft",
        "requirementTypeDesc": "Length Requirement",
        "requirementSpecificationDesc": "36 Feet In Length",
        "addOrRemoveIndicator": null
    },
    {
        "equipmentClassificationTypeRequirementAssociationId": 67,
        "requirementSpecificationAssociationID": 31,
        "requirementTypeCode": "Length",
        "requirementSpecificationCode": "40Ft",
        "requirementTypeDesc": "Length Requirement",
        "requirementSpecificationDesc": "40 Feet In Length",
        "addOrRemoveIndicator": null
    },
    {
        "equipmentClassificationTypeRequirementAssociationId": 456,
        "requirementSpecificationAssociationID": 32,
        "requirementTypeCode": "Length",
        "requirementSpecificationCode": "42Ft",
        "requirementTypeDesc": "Length Requirement",
        "requirementSpecificationDesc": "42 Feet In Length",
        "addOrRemoveIndicator": null
    },
    {
        "equipmentClassificationTypeRequirementAssociationId": 67,
        "requirementSpecificationAssociationID": 33,
        "requirementTypeCode": "Length",
        "requirementSpecificationCode": "43Ft",
        "requirementTypeDesc": "Length Requirement",
        "requirementSpecificationDesc": "43 Feet In Length",
        "addOrRemoveIndicator": null
    },
    {
        "equipmentClassificationTypeRequirementAssociationId": 356,
        "requirementSpecificationAssociationID": 34,
        "requirementTypeCode": "Length",
        "requirementSpecificationCode": "45Ft",
        "requirementTypeDesc": "Length Requirement",
        "requirementSpecificationDesc": "45 Feet In Length",
        "addOrRemoveIndicator": null
    },
    {
        "equipmentClassificationTypeRequirementAssociationId": 566,
        "requirementSpecificationAssociationID": 35,
        "requirementTypeCode": "Length",
        "requirementSpecificationCode": "48Ft",
        "requirementTypeDesc": "Length Requirement",
        "requirementSpecificationDesc": "48 Feet In Length",
        "addOrRemoveIndicator": null
    },
    {
        "equipmentClassificationTypeRequirementAssociationId": 576,
        "requirementSpecificationAssociationID": 36,
        "requirementTypeCode": "Length",
        "requirementSpecificationCode": "53Ft",
        "requirementTypeDesc": "Length Requirement",
        "requirementSpecificationDesc": "53 Feet In Length",
        "addOrRemoveIndicator": null
    },
    {
        "equipmentClassificationTypeRequirementAssociationId": 78,
        "requirementSpecificationAssociationID": 37,
        "requirementTypeCode": "Length",
        "requirementSpecificationCode": "57Ft",
        "requirementTypeDesc": "Length Requirement",
        "requirementSpecificationDesc": "57 Feet In Length",
        "addOrRemoveIndicator": null
    }
]