[
    {
        "exceptionDetailName": "Account",
        "exceptionDetailDescription": "Account Approvals",
        "approvedException": 22,
        "pendingException": 176,
        "rejectedExcetption": 7
    },
    {
        "exceptionDetailName": "Credit",
        "exceptionDetailDescription": "Credit Approvals",
        "approvedException": 9,
        "pendingException": 40,
        "rejectedExcetption": 4
    },
    {
        "exceptionDetailName": "Geo",
        "exceptionDetailDescription": "Geo Approvals",
        "approvedException": 7,
        "pendingException": 107,
        "rejectedExcetption": 8
    },
    {
        "exceptionDetailName": "Location",
        "exceptionDetailDescription": "Location Approvals",
        "approvedException": 8,
        "pendingException": 60,
        "rejectedExcetption": 11
    }
]