[
    {
        "index": 0,
        "title": "Appointment Location",
        "key": "taskSearch",
        "componentType": "lsitType",
        "methodType": "addData",
        "checkSelectionKey": "key",
        "valueField": [
            "key"
        ],
        "rootVal": [
            "aggregations",
            "filterException",
            "buckets"
        ],
        "url": "",
        "params": {
            "size": 0,
            "query": {
                "bool": {
                    "must": [
                        {
                            "term": {
                                "category": "appointment"
                            }
                        }
                    ]
                }
            },
            "aggs": {
                "filterException": {
                    "terms": {
                        "field": "location.keyword"
                    }
                }
            }
        }
    },
    {
        "index": 1,
        "title": "Awaiting My Action",
        "componentType": "lsitType",
        "hideTypeAhead": true,
        "key": "appointmentrange",
        "rootVal": [
            "data"
        ],
        "checkSelectionKey": "range",
        "myParentScope": ""
    },
    {
        "index": 2,
        "title": "Earliest Appointment Date",
        "componentType": "DatePicker",
        "dateFieldKey": "earliestAppointment"
    },
    {
        "index": 3,
        "title": "Total Appointments",
        "componentType": "lsitType",
        "hideTypeAhead": true,
        "key": "appointmentrange",
        "rootVal": [
            "data"
        ],
        "checkSelectionKey": "range",
        "myParentScope": ""
    },
    {
        "index": 4,
        "title": "Type of Appointments",
        "key": "taskSearch",
        "componentType": "lsitType",
        "methodType": "addData",
        "checkSelectionKey": "key",
        "valueField": [
            "key"
        ],
        "rootVal": [
            "aggregations",
            "filterException",
            "buckets"
        ],
        "url": "",
        "params": {
            "size": 0,
            "query": {
                "bool": {
                    "must": [
                        {
                            "term": {
                                "category": "appointment"
                            }
                        }
                    ]
                }
            },
            "aggs": {
                "filterException": {
                    "terms": {
                        "field": "stopReason.keyword"
                    }
                }
            }
        }
    },
    {
        "index": 5,
        "title": "Contact Party",
        "key": "taskSearch",
        "componentType": "lsitType",
        "methodType": "addData",
        "checkSelectionKey": "key",
        "valueField": [
            "key"
        ],
        "rootVal": [
            "aggregations",
            "filterException",
            "buckets"
        ],
        "url": "",
        "params": {
            "size": 0,
            "query": {
                "bool": {
                    "must": [
                        {
                            "term": {
                                "category": "appointment"
                            }
                        }
                    ]
                }
            },
            "aggs": {
                "filterException": {
                    "terms": {
                        "field": "contactParty.keyword"
                    }
                }
            }
        }
    },
    {
        "index": 6,
        "title": "Order Number",
        "key": "orderNumber",
        "SearchFilter": true,
        "componentType": "lsitType",
        "url": "",
        "methodType": "addData",
        "checkSelectionKey": "key",
        "valueField": [
            "key"
        ],
        "rootVal": [
            "aggregations",
            "filterException",
            "buckets"
        ],
        "params": {
            "size": 0,
            "query": {
                "bool": {
                    "must": [
                        {
                            "term": {
                                "category": "appointment"
                            }
                        },
                        {
                            "match": {
                                "orderDTO.orderID": "*"
                            }
                        }
                    ]
                }
            },
            "aggs": {
                "filterException": {
                    "terms": {
                        "field": "orderDTO.orderID"
                    }
                }
            }
        }
    }
]