[
    {
        "index": 0,
        "title": "Corporate Account",
        "key": "nationalAccountCode",
        "componentType": "typeAhead",
        "methodType": "addData",
        "url": "",
        "serviceFilter": true,
        "rootVal": [
            "aggregations",
            "unique",
            "buckets"
        ],
        "pagination": true,
        "paginationSize": 2,
        "params": {
            "size": 6,
            "_source": [
                "OrganizationName",
                "OrganizationID",
                "Level"
            ],
            "query": {
                "bool": {
                    "must": [
                        {
                            "query_string": {
                                "default_field": "Level.keyword",
                                "query": "Ultimate Parent",
                                "split_on_whitespace": false
                            }
                        },
                        {
                            "query_string": {
                                "default_field": "OrganizationName",
                                "query": "*"
                            }
                        }
                    ]
                }
            },
            "aggs": {
                "unique": {
                    "terms": {
                        "field": "OrganizationName.keyword",
                        "size": 5
                    },
                    "aggs": {
                        "Level": {
                            "top_hits": {
                                "_source": {
                                    "includes": [
                                        "OrganizationName",
                                        "Level",
                                        "OrganizationID"
                                    ]
                                },
                                "size": 1
                            }
                        }
                    }
                }
            }
        },
        "myParentScope": "",
        "framerMethod": "frameNationalAccount"
    },
    {
        "index": 1,
        "title": "Origin",
        "key": "siteDetails",
        "serviceFilter": true,
        "componentType": "typeAhead",
        "methodType": "addData",
        "url": "",
        "rootVal": [
            "hits",
            "hits"
        ],
        "pagination": true,
        "paginationSize": 2,
        "params": {
            "size": 5,
            "_source": [
                "LocationName",
                "LocationCode",
                "LocationID",
                "locations.AddressLine1",
                "locations.AddressLine2",
                "locations.CityName",
                "locations.StateName",
                "locations.CountryName",
                "locations.PostalCode",
                "locations.LocationRoleTypeDescription",
                "locations.AddressID"
            ],
            "query": {
                "bool": {
                    "should": [
                        {
                            "query_string": {
                                "fields": [
                                    "LocationName^6",
                                    "LocationCode^3",
                                    "LocationID"
                                ],
                                "query": "*",
                                "default_operator": "and"
                            }
                        },
                        {
                            "nested": {
                                "path": "locations",
                                "query": {
                                    "query_string": {
                                        "fields": [
                                            "locations.AddressLine1^18",
                                            "locations.AddressLine2^18",
                                            "locations.CityName^15",
                                            "locations.StateName^12",
                                            "locations.PostalCode^9",
                                            "locations.CountryName"
                                        ],
                                        "query": "*",
                                        "default_operator": "and"
                                    }
                                }
                            }
                        }
                    ],
                    "minimum_should_match": 1,
                    "must": [
                        {
                            "nested": {
                                "path": "locations",
                                "query": {
                                    "query_string": {
                                        "fields": [
                                            "locations.LocationRoleTypeDescription.keyword"
                                        ],
                                        "query": "(Shipper)",
                                        "split_on_whitespace": false
                                    }
                                },
                                "inner_hits": {
                                    "size": 1,
                                    "_source": {
                                        "includes": [
                                            "locations.AddressLine1",
                                            "locations.AddressLine2",
                                            "locations.CityName",
                                            "locations.StateName",
                                            "locations.CountryName",
                                            "locations.PostalCode",
                                            "locations.LocationRoleTypeDescription",
                                            "locations.AddressID"
                                        ]
                                    }
                                }
                            }
                        }
                    ]
                }
            }
        },
        "myParentScope": "",
        "framerMethod": "frameOrigin"
    },
    {
        "index": 2,
        "title": "Bill To Account",
        "key": "billToCode",
        "componentType": "typeAhead",
        "url": "",
        "methodType": "addData",
        "pagination": true,
        "serviceFilter": true,
        "paginationSize": 2,
        "rootVal": [
            "hits",
            "hits"
        ],
        "params": {
            "size": 6,
            "_source": [
                "OrganizationName",
                "PartyID",
                "CustomerCode",
                "partyaddresses.AddressLine1",
                "partyaddresses.AddressLine2",
                "partyaddresses.CityName",
                "partyaddresses.StateName",
                "partyaddresses.CountryName",
                "partyaddresses.PostalCode",
                "partyaddresses.PartyRoleTypeDescription"
            ],
            "query": {
                "bool": {
                    "should": [
                        {
                            "query_string": {
                                "fields": [
                                    "OrganizationName^6",
                                    "CustomerCode^3"
                                ],
                                "query": "*",
                                "default_operator": "and"
                            }
                        },
                        {
                            "nested": {
                                "path": "partyaddresses",
                                "query": {
                                    "query_string": {
                                        "fields": [
                                            "partyaddresses.AddressLine1^18",
                                            "partyaddresses.AddressLine2^18",
                                            "partyaddresses.CityName^15",
                                            "partyaddresses.StateName^12",
                                            "partyaddresses.PostalCode^9",
                                            "partyaddresses.CountryName",
                                            "OrganizationName"
                                        ],
                                        "query": "*",
                                        "default_operator": "and"
                                    }
                                },
                                "inner_hits": {
                                    "size": 1,
                                    "_source": {
                                        "includes": [
                                            "partyaddresses.AddressLine1",
                                            "partyaddresses.AddressLine2",
                                            "partyaddresses.CityName",
                                            "partyaddresses.StateName",
                                            "partyaddresses.CountryName",
                                            "partyaddresses.PostalCode",
                                            "partyaddresses.PartyRoleTypeDescription"
                                        ]
                                    }
                                }
                            }
                        }
                    ],
                    "minimum_should_match": 1,
                    "must": {
                        "nested": {
                            "path": "partyaddresses",
                            "query": {
                                "match": {
                                    "partyaddresses.PartyRoleTypeDescription": "BILL TO"
                                }
                            }
                        }
                    }
                }
            }
        },
        "myParentScope": "",
        "framerMethod": "frameBillTo"
    },
    {
        "index": 3,
        "title": "Business Unit",
        "key": "businessUnitCode",
        "componentType": "lsitType",
        "hideTypeAhead": true,
        "checkSelectionKey": "financeBusinessUnitCode",
        "url": "",
        "params": {},
        "rootVal": [
            "_embedded",
            "serviceOfferingBusinessUnitTransitModeAssociations"
        ],
        "myParentScope": "",
        "framerMethod": "frameBusinessUnit"
    },
    {
        "index": 4,
        "title": "Service Offering",
        "key": "serviceOfferingCode",
        "componentType": "lsitType",
        "hideTypeAhead": true,
        "params": {},
        "checkSelectionKey": "serviceOfferingCode",
        "url": "",
        "rootVal": [
            "_embedded",
            "serviceOfferings"
        ],
        "myParentScope": "",
        "framerMethod": "frameServiceOffering"
    },
    {
        "index": 5,
        "title": "Origin Market",
        "key": "OriginMarketingArea",
        "componentType": "typeAhead",
        "checkSelectionKey": "marketingArea",
        "url": "",
        "serviceFilter": true,
        "pagination": true,
        "paginationSize": 2,
        "rootVal": [
            "_embedded",
            "areas"
        ],
        "params": {}
    },
    {
        "index": 6,
        "title": "Destination Market",
        "key": "DestinationMarketingArea",
        "componentType": "typeAhead",
        "checkSelectionKey": "marketingArea",
        "url": "",
        "serviceFilter": true,
        "pagination": true,
        "paginationSize": 2,
        "rootVal": [
            "_embedded",
            "areas"
        ],
        "params": {}
    },
    {
        "index": 7,
        "title": "Schedule Type",
        "key": "scheduleType",
        "componentType": "lsitType",
        "hideTypeAhead": true,
        "url": "",
        "checkSelectionKey": "scheduleType",
        "fieldName": "scheduleType",
        "myParentScope": "",
        "rootVal": [
            "data"
        ],
        "params": {}
    },
    {
        "index": 8,
        "title": "Week to Date Commitment %",
        "hideTypeAhead": true,
        "componentType": "lsitType",
        "key": "appointmentrange",
        "rootVal": [
            "data"
        ],
        "params": {},
        "checkSelectionKey": "range",
        "myParentScope": ""
    },
    {
        "index": 9,
        "title": "Weekly Commitment %",
        "hideTypeAhead": true,
        "componentType": "lsitType",
        "key": "appointmentrange",
        "rootVal": [
            "data"
        ],
        "params": {},
        "checkSelectionKey": "range",
        "myParentScope": ""
    },
    {
        "index": 10,
        "title": "Commitment count",
        "key": "taskSearch",
        "componentType": "lsitType",
        "SearchFilter": true,
        "url": "",
        "methodType": "addData",
        "checkSelectionKey": "key",
        "valueField": [
            "key"
        ],
        "rootVal": [
            "aggregations",
            "resellers",
            "filterException",
            "buckets"
        ],
        "params": {
            "size":0,
            "query" : {
                "bool":{
                    "must":[
                        {
                             "match" : { "category" : "commitmnt" }
                        },
                         {
                              "nested": {
                                "path": "commitmentDetailDTO.commitmentOrderCountDTO",
                                "query": {
                                  "bool": {
                                    "must": [
                                      {
                                        "match": {
                                          "commitmentDetailDTO.commitmentOrderCountDTO.commitmentQuantity": "2"
                                        }
                                      }
                                    ]
                                  }
                                }
                              }
                            }
                        ]
                }
               
                
            },
            "aggs" : {
                "resellers" : {
                    "nested" : {
                        "path" : "commitmentDetailDTO.commitmentOrderCountDTO"
                    },
                    "aggs" : {
                         "filterException": {
                         "terms": {
                                "field": "commitmentDetailDTO.commitmentOrderCountDTO.commitmentQuantity"
                            }
                         }
                    }
                  
                }
            }
        }
        
    },
    {
        "index": 11,
        "title": "Order Count for the day or week",
        "key": "taskSearch",
        "componentType": "lsitType",
        "url": "",
        "hideTypeAhead": true,
        "methodType": "addData",
        "checkSelectionKey": "key",
        "valueField": [
            "key"
        ],
        "rootVal": [
            "aggregations",
            "resellers",
            "filterException",
            "buckets"
        ],
        "params": {
            "size":0,
            "query" : {
                "match" : { "category" : "commitmnt" }
            },
            "aggs" : {
                "resellers" : {
                    "nested" : {
                        "path" : "commitmentDetailDTO.commitmentOrderCountDTO"
                    },
                    "aggs" : {
                         "filterException": {
                         "terms": {
                                "field": "commitmentDetailDTO.commitmentOrderCountDTO.orderQuantity"
                            }
                         }
                    }
                  
                }
            }
        }
    },
    {
        "index": 12,
        "title": "Day of Week",
        "key": "dayofweek",
        "componentType": "lsitType",
        "hideTypeAhead": true,
        "url": "",
        "checkSelectionKey": "day",
        "myParentScope": "",
        "rootVal": [
            "data"
        ],
        "params": {}
    },
    {
        "index": 13,
        "title": "Date",
        "componentType": "DatePicker",
        "dateFieldKey": "commitmentDate",
        "rootVal": []
    },
    {
        "index": 14,
        "title": "Order Owner",
        "key": "orderOwner",
        "componentType": "typeAhead",
        "checkSelectionKey": "firstName",
        "serviceFilter": true,
        "pagination": true,
        "paginationSize": 2,
        "url": "",
        "rootVal": [
            "content"
        ],
        "params": {
            "roleType": [
                "OrderOwner"
            ]
        }
    },
    {
        "index": 15,
        "title": "Operational Owner",
        "key": "operationalOwner",
        "componentType": "typeAhead",
        "checkSelectionKey": "projectCode",
        "serviceFilter": true,
        "pagination": true,
        "paginationSize": 2,
        "url": "",
        "rootVal": [
            "_embedded",
            "projects"
        ],
        "params": {}
    },
    {
        "index": 16,
        "title": "Status",
        "key": "status",
        "hideTypeAhead": true,
        "componentType": "lsitType",
        "url": "",
        "rootVal": [
            "data"
        ],
        "checkSelectionKey": "status",
        "params": {}
    },
    {
        "index": 17,
        "title": "Planned Schedule Amount",
        "url": "",
        "componentType": "freetextSearch",
        "dateFieldKey": "PlannedScheduleAmount",
        "params": {},
        "rootVal": []
    },
    {
        "index": 18,
        "title": "Actual Schedule Amount",
        "componentType": "freetextSearch",
        "dateFieldKey": "scheduleAmount",
        "url": "",
        "params": {},
        "rootVal": []
    },
    {
        "index": 19,
        "title": "Task Status",
        "key": "taskStatus",
        "componentType": "lsitType",
        "hideTypeAhead": true,
        "url": "",
        "rootVal": [
            "data"
        ],
        "checkSelectionKey": "taskStatus",
        "fieldName": "taskStatus",
        "myParentScope": "",
        "params": {}
    }
]