{
  "ExceptionqueryString":{
      "bool": {
        "must": [
          {
            "query_string": {
              "query": "",
              "fields": [
                "category"
              ]
            }
          },
          {
            "query_string": {
              "query": "",
              "fields": [
                "role"
              ]
            }
          },
          {
            "query_string": {
              "query": "",
              "fields": [
                "taskAssignments"
              ]
            }
          },
          {
            "query_string": {
              "query": "(SNOOZE) OR (PENDING)",
              "fields": [
                "taskStatus"
              ]
            }
          },
          {
            "bool": {
              "must": [
                
              ]
            }
          },
          {
            "range": {
              "snoozeExpirationTime": {
                "lte": "now"
              }
            }
          }
        ]
      }
    },
  "pending": {
    "from": 0,
    "size": 25,
    "_source": [
      "orderDTO.orderID",
      "orderDTO.orderStatusCode",
      "orderDTO.orderStatusReasonCode",
      "orderDTO.shipmentIdentificationNumber",
      "orderDTO.referenceNumberDTOs",
      "ucrType",
      "failedReason",
      "taskType",
      "taskId",
      "taskAssignments",
	  "exceptions",
      "role",
      "opportunityIndicator",
      "mustRespondTime",
      "orderDTO.stopDTOs.stop.locationID",
      "orderDTO.stopDTOs.stop.stopReason",
      "intermediatestops",
      "orderDTO.stopDTOs.locationDTO.partyName",
      "orderDTO.stopDTOs.locationDTO.addressDTO",
      "orderDTO.orderMonitorInformations.destinationMonitorArea",
      "orderDTO.orderMonitorInformations.originMonitorArea",
      "orderDTO.stopDTOs.stop.appointment.appointmentDateTimeDetails.appointmentStartTimestamp",
      "orderDTO.stopDTOs.stop.appointment.appointmentTypeCode",
      "orderDTO.financeBusinessUnitCode",
      "scac",
      "primLane",
      "desirabilityIndex",
      "orderDTO.orderBillingDetailDTOs.profileDTO"
    ]
  },
  "rate": {
    "from": 0,
    "size": 25,
    "_source": [
      "orderDTO.orderID",
      "orderDTO.shipmentIdentificationNumber",
      "taskStatus",
      "taskType",
      "orderReconsignmentID",
      "orderDTO.referenceNumberDTOs",
      "taskAssignments",
      "orderDTO.numberOfStops",
      "taskId",
      "role",
      "orderDTO.creator.userID",
      "orderDTO.owner.userID",
      "orderDTO.customerID",
      "orderDTO.orderBillingDetailDTOs.lineOfBusinessCode",
      "orderDTO.orderBillingDetailDTOs.profileDTO.partyName",
	  "orderDTO.orderBillingDetailDTOs.profileDTO.partyID",
      "orderDTO.orderRequestorDTOs.profileDTO.partyID",
      "orderDTO.financeBusinessUnitCode",
      "orderDTO.serviceOfferingCode",
      "monitoringLoadDTO.fleetCode",
      "monitoringLoadDTO.loadNumber",
      "monitoringLoadDTO.carrierCode",
      "monitoringLoadDTO.equipmentPrefix",
      "monitoringLoadDTO.equipmentNumber",
      "monitoringLoadDTO.boardcode",
      "monitoringLoadDTO.prePlan",
      "orderDTO.stopDTOs.marketingArea",
      "orderDTO.stopDTOs.stop.locationID",
      "orderDTO.stopDTOs.stop.stopID",
      "orderDTO.stopDTOs.stop.stopReason",
      "orderDTO.stopDTOs.stop.stopSequenceNumber",
      "orderDTO.stopDTOs.locationDTO.partyName",
      "orderDTO.stopDTOs.locationDTO.addressDTO",
      "orderDTO.stopDTOs.stop.appointment.appointmentDateTimeDetails.AppointmentEndTimestamp",
      "orderDTO.stopDTOs.stop.appointment.appointmentTypeCode",
      "monitoringLoadDTO.rampDetails.originRampCode",
      "monitoringLoadDTO.rampDetails.DestinationRamp",
      "monitoringLoadDTO.rampDetails.actualDERamp"
    ]
  },
  "service": {
    "from": 0,
    "size": 25,
    "_source": [
      "orderDTO.orderID",
      "orderDTO.shipmentIdentificationNumber",
      "taskStatus",
      "taskType",
      "stopId",
      "pickupStartTime",
      "orderDTO.customerID",
      "orderDTO.transitModeCode",
      "orderDTO.referenceNumberDTOs",
      "orderDTO.numberOfStops",
      "orderDTO.creator.userID",
      "orderDTO.owner.userID",
      "taskAssignments",
      "taskId",
      "role",
      "orderDTO.customerID",
      "orderDTO.orderEquipmentRequirementDTOs",
      "orderDTO.stopReferenceNumbers",
      "orderDTO.orderBillingDetailDTOs.profileDTO",
      "orderDTO.orderBillingDetailDTOs.lineOfBusinessCode",
      "orderDTO.orderBillingDetailDTOs.profileDTO.partyName",
      "orderDTO.orderRequestorDTOs.profileDTO.partyID",
      "orderDTO.financeBusinessUnitCode",
      "orderDTO.serviceOfferingCode",
      "monitoringLoadDTO.fleetCode",
      "monitoringLoadDTO.loadNumber",
      "monitoringLoadDTO.carrierCode",
      "monitoringLoadDTO.equipmentPrefix",
      "monitoringLoadDTO.equipmentNumber",
      "monitoringLoadDTO.boardcode",
      "monitoringLoadDTO.prePlan",
      "orderDTO.stopDTOs.marketingArea",
      "orderDTO.stopDTOs.stop.locationID",
      "orderDTO.stopDTOs.stop.stopID",
      "orderDTO.stopDTOs.stop.stopReason",
      "orderDTO.stopDTOs.stop.appointment",
      "orderDTO.stopDTOs.stop.stopSequenceNumber",
      "orderDTO.stopDTOs.locationDTO.partyName",
      "orderDTO.stopDTOs.locationDTO.addressDTO",
      "orderDTO.orderBillingDetailDTOs.locationDTO.contactDTO.locationCode",
      "orderDTO.stopDTOs.stop.appointment.recommendedAppointmentTimeStamp",
      "orderDTO.stopDTOs.stop.appointment.appointmentDateTimeDetails.appointmentStartTimestamp",
      "orderDTO.stopDTOs.stop.appointment.appointmentDateTimeDetails.appointmentEndTimestamp",
      "orderDTO.stopDTOs.stop.appointment.appointmentTypeCode",
      "monitoringLoadDTO.rampDetails.originRampCode",
      "monitoringLoadDTO.rampDetails.DestinationRamp",
      "monitoringLoadDTO.rampDetails.actualDERamp",
      "appointmentDate",
      "stopReason",
      "railCuttoffTime",
      "eta",
      "plannedDeramp",
      "actualDeramp",
      "pickupStartTime",
      "deliveryEndTime",
      "transit",
      "currentRampLocation",
      "destinationRampLocation",
      "originalSchedule",
      "earliestAppoinmentDate"
    ]
  },
  "slashLoad": {
    "from": 0,
    "size": 25,
    "_source": [
      "orderDTO.orderID",
      "orderDTO.shipmentIdentificationNumber",
      "taskStatus",
      "taskType",
      "taskId",
      "stopId",
      "orderDTO.transitModeCode",
      "orderDTO.orderID",
      "role",
      "orderDTO.referenceNumberDTOs",
      "taskAssignments",
      "orderDTO.numberOfStops",
      "orderDTO.creator.userID",
      "orderDTO.owner.userID",
      "orderDTO.customerID",
      "orderDTO.orderBillingDetailDTOs.lineOfBusinessCode",
      "orderDTO.orderBillingDetailDTOs.profileDTO.partyName",
      "orderDTO.orderRequestorDTOs.profileDTO.partyID",
      "orderDTO.financeBusinessUnitCode",
      "orderDTO.serviceOfferingCode",
      "monitoringLoadDTO.fleetCode",
      "monitoringLoadDTO.loadNumber",
      "monitoringLoadDTO.carrierCode",
      "monitoringLoadDTO.equipmentPrefix",
      "monitoringLoadDTO.equipmentNumber",
      "monitoringLoadDTO.boardcode",
      "monitoringLoadDTO.prePlan",
      "orderDTO.stopDTOs.marketingArea",
      "orderDTO.stopDTOs.stop.locationID",
      "orderDTO.stopDTOs.stop.stopID",
      "orderDTO.stopDTOs.stop.stopReason",
      "orderDTO.stopDTOs.stop.appointment.appointmentTypeCode",
      "orderDTO.stopDTOs.stop.stopSequenceNumber",
      "orderDTO.stopDTOs.locationDTO.partyName",
      "orderDTO.stopDTOs.locationDTO.addressDTO",
      "orderDTO.orderBillingDetailDTOs.locationDTO.contactDTO.locationCode",
      "orderDTO.stopDTOs.stop.appointment.recommendedAppointmentTimeStamp",
      "orderDTO.stopDTOs.stop.appointment.appointmentDateTimeDetails.appointmentStartTimestamp",
      "orderDTO.stopDTOs.stop.appointment.appointmentDateTimeDetails.appointmentEndTimestamp",
      "orderDTO.stopDTOs.stop.appointment",
      "monitoringLoadDTO.rampDetails.originRampCode",
      "monitoringLoadDTO.rampDetails.DestinationRamp",
      "monitoringLoadDTO.rampDetails.actualDERamp"
    ]
  },
  "dwell": {
    "from": 0,
    "size": 25,
    "_source": [
      "orderDTO.orderID",
      "orderDTO.shipmentIdentificationNumber",
      "taskAssignments",
      "taskStatus",
      "taskId",
      "role",
      "taskType",
      "orderDTO.referenceNumberDTOs",
      "orderDTO.numberOfStops",
      "orderDTO.creator.userID",
      "orderDTO.owner.userID",
      "orderDTO.customerID",
      "orderDTO.orderBillingDetailDTOs.lineOfBusinessCode",
      "orderDTO.orderBillingDetailDTOs.profileDTO.partyName",
      "orderDTO.orderRequestorDTOs.profileDTO.partyID",
      "orderDTO.financeBusinessUnitCode",
      "orderDTO.serviceOfferingCode",
      "monitoringLoadDTO.fleetCode",
      "monitoringLoadDTO.loadNumber",
      "monitoringLoadDTO.carrierCode",
      "monitoringLoadDTO.equipmentPrefix",
      "monitoringLoadDTO.equipmentNumber",
      "monitoringLoadDTO.boardcode",
      "monitoringLoadDTO.prePlan",
      "orderDTO.stopDTOs.marketingArea",
      "orderDTO.stopDTOs.stop.locationID",
      "orderDTO.stopDTOs.stop.stopID",
      "orderDTO.stopDTOs.stop.stopReason",
      "orderDTO.stopDTOs.stop.stopSequenceNumber",
      "orderDTO.stopDTOs.locationDTO.partyName",
      "orderDTO.stopDTOs.locationDTO.addressDTO",
      "orderDTO.stopDTOs.stop.appointment.appointmentDateTimeDetails.AppointmentEndTimestamp",
      "orderDTO.stopDTOs.stop.appointment.appointmentTypeCode",
      "monitoringLoadDTO.RampDTO.actualDERamp",
      "monitoringLoadDTO.rampDetails.originRampCode",
      "monitoringLoadDTO.rampDetails.DestinationRamp",
      "monitoringLoadDTO.rampDetails.actualDERamp"
    ]
  },
  "commitment": {
	    "from": 0,
	    "size": 0,
	    "aggs": {
	        "group_by_commitment": {
	            "terms": {
	                "field": "commitmentId",
	                "size": "1000"
	            },
	            "aggs": {
	                "group_by_role": {
	                    "terms": {
	                        "field": "role.keyword"
	                    },
	                    "aggs": {
	                        "group_by_total": {
	                            "nested": {
	                                "path": "commitmentDetailDTO.commitmentOrderCountDTO"
	                            },
	                            "aggs": {
	                                "sum_planned": {
	                                    "sum": {
	                                        "field": "commitmentDetailDTO.commitmentOrderCountDTO.commitmentQuantity"
	                                    }
	                                },
	                                "sum_actual": {
	                                    "sum": {
	                                        "field": "commitmentDetailDTO.commitmentOrderCountDTO.orderQuantity"
	                                    }
	                                }
	                            }
	                        },
	                        "overall_progress_percentage": {
	                            "bucket_script": {
	                                "buckets_path": {
	                                    "my_total_actual": "group_by_total>sum_actual",
	                                    "my_total_planned": "group_by_total>sum_planned"
	                                },
	                                "script": "(params.my_total_actual/params.my_total_planned)*100"
	                            }
	                        },
	                        "task_list": {
	                            "top_hits": {
	                                "size": 100,
	                                "_source": [
	                                    "taskId",
	                                    "commitmentDetailDTO.commitmentOrderCountDTO"
	                                ]
	                            }
	                        }
	                    }
	                },
	                "commitment_detail": {
	                    "top_hits": {
	                        "size": 1,
	                        "_source": [
	                            "taskId",
	                            "role",
	                            "commitmentExpirationTime",
	                            "commitmentDetailDTO.nationalAccountDetails.code",
	                            "commitmentDetailDTO.nationalAccountDetails.name",
	                            "commitmentDetailDTO.nationalAccountDetails.addressDTO",
	                            "commitmentDetailDTO.originMarketingAreaCode",
	                            "commitmentDetailDTO.destinationMarketingAreaCode",
	                            "commitmentDetailDTO.commitmentID",
	                            "commitmentDetailDTO.financeBusinessUnitCode",
	                            "commitmentDetailDTO.serviceOfferingCode",
	                            "commitmentDetailDTO.billToCode",
	                            "commitmentDetailDTO.nationalAccountCode",
	                            "commitmentDetailDTO.orderOwner.firstName",
	                            "commitmentDetailDTO.operationalOwner.lastName",
	                            "commitmentDetailDTO.originLocationCode",
	                            "commitmentDetailDTO.commitmentOrderCountDTO",
                              "commitmentDetailDTO.billToID",
                              "commitmentDetailDTO.billToDetails",
                              "commitmentDetailDTO.originCapacityAreaID",
                              "commitmentDetailDTO.originCapacityAreaCode",
                              "commitmentDetailDTO.destinationCapacityAreaID",
                              "commitmentDetailDTO.destinationCapacityAreaCode",
                              "commitmentDetailDTO.originLocationID",
                              "commitmentDetailDTO originLocationDetails"
	                        ]
	                    }
	                }
	            }
	        }
	    }
	},
  "edi": {
    "from": 0,
    "size": 25,
    "_source": [
      "taskType",
      "taskId",
      "role",
      "ediEvent.tradingPartner",
      "orderDTO.customerID",
      "orderDTO.orderBillingDetailDTOs.lineOfBusinessCode",
      "orderDTO.orderBillingDetailDTOs.profileDTO.partyID",
      "taskAssignments",
      "orderDTO.orderID",
      "orderDTO.owner.firstName",
      "orderDTO.owner.lastName",
      "ediEvent.ediReference.errorMessage",
      "createTimestamp",
      "orderDTO.stopDTOs.stop.stopID",
      "orderDTO.shipmentIdentificationNumber",
      "orderDTO.financeBusinessUnitCode",
	  "ediEvent"
    ]
  },
  "appointmentStop": {
    "size": 25,
    "_source": [
      "taskType",
      "taskId",
      "role",
      "stopReason",
      "stopId",
      "taskRoleAssociationId",
      "orderDTO.financeBusinessUnitCode",
      "taskAssignments",
      "orderDTO.serviceOfferingCode",
      "orderDTO.transitModeCode",
      "orderDTO.orderID",
      "orderDTO.stopDTOs.stop.stopID",
      "orderDTO.stopDTOs.stop.stopSequenceNumber",
      "orderDTO.stopDTOs.stop.stopReason",
      "orderDTO.stopDTOs.stop.locationID",
      "orderDTO.stopDTOs.locationDTO.addressDTO",
      "orderDTO.orderBillingDetailDTOs.profileDTO.addressDTO",
      "orderDTO.stopDTOs.locationDTO.partyName",
      "orderDTO.orderTrackingNumber",
      "orderDTO.shipmentIdentificationNumber",
      "taskStatus",
      "orderReconsignmentID",
      "orderDTO.referenceNumberDTOs",
      "orderDTO.numberOfStops",
      "orderDTO.creator.userID",
      "orderDTO.owner.userID",
      "orderDTO.customerID",
      "orderDTO.orderBillingDetailDTOs.lineOfBusinessCode",
      "orderDTO.orderBillingDetailDTOs.profileDTO.partyName",
      "orderDTO.orderBillingDetailDTOs.profileDTO.partyID",
      "orderDTO.orderRequestorDTOs.profileDTO.partyID",
      "orderDTO.serviceOfferingCode",
      "monitoringLoadDTO.fleetCode",
      "monitoringLoadDTO.loadNumber",
      "monitoringLoadDTO.carrierCode",
      "monitoringLoadDTO.equipmentPrefix",
      "monitoringLoadDTO.equipmentNumber",
      "monitoringLoadDTO.boardcode",
      "monitoringLoadDTO.prePlan",
      "orderDTO.stopDTOs.marketingArea",
      "orderDTO.stopDTOs.stop.appointment",
      "orderDTO.stopDTOs.stop.appointment.appointmentDateTimeDetails",
      "orderDTO.stopDTOs.stop.appointment.appointmentTypeCode",
      "monitoringLoadDTO.RampDTO.actualDERamp",
      "monitoringLoadDTO.rampDetails.originRampCode",
      "monitoringLoadDTO.rampDetails.DestinationRamp",
      "monitoringLoadDTO.rampDetails.actualDERamp",
      "orderDTO.stopDTOs.stop.appointment.appointmentDateTimeDetails"
    ]
  },
  "appointment": {
    "size": 0,
    "aggs": {
      "group_by_location": {
        "terms": {
          "field": "location.keyword"
        },
        "aggs": {
          "id2_count": {
            "terms": {
              "field": "stopReason.keyword"
            },
            "aggs": {
              "id3_count": {
                "terms": {
                  "field": "contactParty.keyword"
                },
                "aggs": {
                    "total_appointments": {
                        "top_hits": {
                            "size": 10000,
                            "_source": {
                                "includes": [
                                    "orderId",
                                    "taskAssignments",
                                    "contactParty",
                                    "location",
                                    "stopReason",
                                    "dueDate",
                                    "taskStatus",
                                    "taskRoleAssociationId",
                                    "orderDTO.financeBusinessUnitCode",
                                    "snoozeExpirationTime"
                                ]
                            }
                        }
                    }
                }
              }
            }
          }
        }
      }
    }
  }
}