[{
    "index": 0,
    "title": "Sort By",
    "key": "",
    "componentType": "",
    "serviceFilter": true,
    "methodType": "",
    "params": "",
    "checkSelectionKey": "",
    "deepNestFlag": true,
    "url": "",
    "rootVal": [],
    "myParentScope": "",
    "framerMethod": ""
},
{
"index": 1,
"title": "Snoozed, Ignored, Completed",
"key": "",
"componentType": "",
"serviceFilter": true,
"methodType": "",
"params": "",
"checkSelectionKey": "",
"deepNestFlag": true,
"url": "",
"rootVal": [],
"myParentScope": "",
"framerMethod": ""
},
{
"index": 2,
"title": "Contacted Today",
"key": "",
"componentType": "",
"serviceFilter": true,
"methodType": "",
"params": "",
"checkSelectionKey": "",
"deepNestFlag": true,
"url": "",
"rootVal": [],
"myParentScope": "",
"framerMethod": ""
},
{
"index": 3,
"title": "Total Contact Attempts",
"key": "",
"componentType": "",
"serviceFilter": true,
"methodType": "",
"params": "",
"checkSelectionKey": "",
"deepNestFlag": true,
"url": "",
"rootVal": [],
"myParentScope": "",
"framerMethod": ""
},
{
"index": 4,
"title": "Consumer Name",
"key": "",
"componentType": "",
"serviceFilter": true,
"methodType": "",
"params": "",
"checkSelectionKey": "",
"deepNestFlag": true,
"url": "",
"rootVal": [],
"myParentScope": "",
"framerMethod": ""
},
{
"index": 5,
"title": "Consumer City, State",
"key": "",
"componentType": "",
"serviceFilter": true,
"methodType": "",
"params": "",
"checkSelectionKey": "",
"deepNestFlag": true,
"url": "",
"rootVal": [],
"myParentScope": "",
"framerMethod": ""
},
{
"index": 6,
"title": "Market",
"key": "",
"componentType": "",
"serviceFilter": true,
"methodType": "",
"params": "",
"checkSelectionKey": "",
"deepNestFlag": true,
"url": "",
"rootVal": [],
"myParentScope": "",
"framerMethod": ""
},
{
"index": 7,
"title": "Delivery Type",
"key": "",
"componentType": "",
"serviceFilter": true,
"methodType": "",
"params": "",
"checkSelectionKey": "",
"deepNestFlag": true,
"url": "",
"rootVal": [],
"myParentScope": "",
"framerMethod": ""
},
{
"index": 8,
"title": "Customer",
"key": "",
"componentType": "",
"serviceFilter": true,
"methodType": "",
"params": "",
"checkSelectionKey": "",
"deepNestFlag": true,
"url": "",
"rootVal": [],
"myParentScope": "",
"framerMethod": ""
},
{
"index": 9,
"title": "Initial Offer Date",
"key": "",
"componentType": "",
"serviceFilter": true,
"methodType": "",
"params": "",
"checkSelectionKey": "",
"deepNestFlag": true,
"url": "",
"rootVal": [],
"myParentScope": "",
"framerMethod": ""
},
{
"index": 10,
"title": "Drop Date",
"key": "",
"componentType": "",
"serviceFilter": true,
"methodType": "",
"params": "",
"checkSelectionKey": "",
"deepNestFlag": true,
"url": "",
"rootVal": [],
"myParentScope": "",
"framerMethod": ""
},
{
"index": 11,
"title": "LDC",
"key": "",
"componentType": "",
"serviceFilter": true,
"methodType": "",
"params": "",
"checkSelectionKey": "",
"deepNestFlag": true,
"url": "",
"rootVal": [],
"myParentScope": "",
"framerMethod": ""
},
{
"index": 12,
"title": "Date Range",
"key": "",
"componentType": "",
"serviceFilter": true,
"methodType": "",
"params": "",
"checkSelectionKey": "",
"deepNestFlag": true,
"url": "",
"rootVal": [],
"myParentScope": "",
"framerMethod": ""
}
]
