{  
   "Template ID":"41998",
   "Place Holder names":"",
   "Day of the week":"DayOftheWeek",
   "Corporate Account":"CorporateAccount",
   "Bill To":"BillTo",
   "Origin":"OriginCity",
   "Origin Marketing Area":"OriginMktArea",
   "Destination Marketing Area":"DestMktArea",
   "Business Unit":"BusinessUnit",
   "Service Offering":"ServiceOffering",
   "Line Of Business":"LineOfBusiness",
   "Commitment":"Commitment",
   "Order Count":"OrderCount",
   "Commitment %":"Commitmentpercent"
}