{
	"attributes": {
		"BillParty": {
			"code": "BillParty",
			"desc": "Billing Party",
			"path": "['query']['bool']['should'][0]['query_string']['query']",
			"path1": "['query']['bool']['should'][1]['nested']['query']['query_string']['query']",
			"requestMethod": "post",
			"url": "/order/account-details/account_info/_search",
			"params": {
				"size": 5,
				"_source": ["OrganizationName", "PartyID", "CustomerCode", "partyaddresses.AddressLine1", "partyaddresses.AddressLine2", "partyaddresses.CityName", "partyaddresses.StateName", "partyaddresses.CountryName", "partyaddresses.PostalCode",
					"partyaddresses.PartyRoleTypeDescription"
				],
				"query": {
					"bool": {
						"should": [{
								"query_string": {
									"fields": ["OrganizationName^6", "CustomerCode^3"],
									"query": "*",
									"default_operator": "and"
								}
							},
							{
								"nested": {
									"path": "partyaddresses",
									"query": {
										"query_string": {
											"fields": ["partyaddresses.AddressLine1^18", "partyaddresses.AddressLine2^18", "partyaddresses.CityName^15", "partyaddresses.StateName^12", "partyaddresses.PostalCode^9", "partyaddresses.CountryName", "OrganizationName"],
											"query": "*",
											"default_operator": "and"
										}
									},
									"inner_hits": {
										"size": 1,
										"_source": {
											"includes": ["partyaddresses.AddressLine1", "partyaddresses.AddressLine2", "partyaddresses.CityName", "partyaddresses.StateName", "partyaddresses.CountryName",
												"partyaddresses.PostalCode", "partyaddresses.PartyRoleTypeDescription"
											]
										}
									}
								}
							}
						],
						"minimum_should_match": 1,
						"must": {
							"nested": {
								"path": "partyaddresses",
								"query": {
									"match": {
										"partyaddresses.PartyRoleTypeDescription": "BILL TO"
									}
								}
							}
						}
					}
				}
			},
			"selectionAttr": "id",
			"responsenodePath": "['hits']['hits']",
			"responsecodePath": "['_source']['CustomerCode']",
			"responsedescPath": "['_source']['OrganizationName']",
			"responseIdPath": "['_source']['PartyID']",
			"type": "typeahead"
		},
		"Customer": {
            "code": "Customer",
            "desc": "Customer",
            "path": "['query']['bool']['must'][0]['query_string']['query']",
            "requestMethod": "post",
            "url": "/order/account-details/_search",
            "params": {
                "_source": [
                    "PartyID",
                    "OrganizationName",
                    "CustomerCode"
                ],
                "size": 5,
                "query": {
                    "bool": {
                        "should": [
                            {
                                "query_string": {
                                    "fields": [
                                        "OrganizationName",
                                        "CustomerCode"
                                    ],
                                    "query": "*",
                                    "default_operator": "and"
                                }
                            }
                        ]
                    }
                }
            },
            "selectionAttr": "id",
            "responsenodePath": "['hits']['hits']",
            "responsecodePath": "['_source']['CustomerCode']",
            "responsedescPath": "['_source']['OrganizationName']",
            "responseIdPath": "['_source']['PartyID']",
            "type": "typeahead"
        },
		"BusUnit": {
			"code": "BusUnit",
			"desc": "Business Unit",
			"url": "/order/referencedataservices/serviceOfferingBusinessUnitTransitModeAssociations/search/fetchBusinessUnitCode",
			"paramname": "",
			"responsenode": ["_embedded","serviceOfferingBusinessUnitTransitModeAssociations"],
			"responsecodeattr": ["financeBusinessUnitServiceOfferingAssociation","financeBusinessUnitCode"],
			"responsedescattr": ["financeBusinessUnitServiceOfferingAssociation","financeBusinessUnitCode"],
			"type": "dropdown"
		},
		"ServOffer": {
			"code": "ServOffer",
			"desc": "Service Offering",
			"url": "/order/referencedataservices/serviceOfferings",
			"paramname": "",
			"responsenode": ["_embedded", "serviceOfferings"],
			"responsecodeattr": ["serviceOfferingCode"],
			"responsedescattr": ["serviceOfferingDescription"],
			"type": "dropdown"
		},
		"DelAdcd": {
			"code": "DelAdcd",
			"desc": "UCR  Delivery Address Alias Code",
			"url": "",
			"paramname": "",
			"responseattr": "",
			"type": "textfield"
		},
		"Delcity": {
			"code": "Delcity",
			"desc": "Delivery City",
			"path": "['query']['nested']['query']['query_string']['query']",
			"path1": "['aggs']['locations']['aggs']['only_loc']['filter']['query_string']['query']",
			"requestMethod": "post",
			"url": "/order/location-details/location_info/_search",
			"params": {
				"size": 0,
				"query": {
					"nested": {
						"path": "locations",
						"query": {
							"query_string": {
								"fields": ["locations.CityName"],
								"query": "*",
								"default_operator": "and"
							}
						}
					}
				},
				"aggs": {
					"locations": {
						"nested": {
							"path": "locations"
						},
						"aggs": {
							"only_loc": {
								"filter": {
									"query_string": {
										"fields": ["locations.CityName"],
										"query": "*",
										"default_operator": "and"
									}
								},
								"aggs": {
									"topinner": {
										"terms": {
											"field": "locations.CityName.keyword",
											"size": 100
										},
										"aggs": {
											"topacc_hits": {
												"top_hits": {
													"sort": [{
														"_score": {
															"order": "desc"
														}
													}],
													"_source": {
														"includes": ["locations.CityID", "locations.CityName"]
													},
													"size": 1
												}
											}
										}
									}
								}
							}
						}
					}
				}
			},
			"selectionAttr": "name",
			"responsenodePath": "['aggregations']['locations']['only_loc']['topinner']['buckets']",
			"responsecodePath": "",
			"responsedescPath": "['topacc_hits']['hits']['hits'][0]['_source']['locations']['CityName']",
			"responseIdPath": "['topacc_hits']['hits']['hits'][0]['_source']['locations']['CityID']",
			"type": "typeahead"
		},
		"DelMarket": {
			"code": "DelMarket",
			"desc": "Delivery Marketing Area",
			"requestMethod": "get",
			"url": "/order/masterdatageographyservices/areas/search/findbymarketingarea?",
			"paramname": "areaName",
			"optionsfieldattr": "marketingArea",
			"responseattr": ["_embedded", "areas"],
			"selectionAttr": "id",
			"responsenodePath": ["_embedded", "areas"],
			"responsecodePath": "",
			"responsedescPath": "['marketingArea']",
			"responseIdPath": "['id']",
			"type": "typeahead"
		},
		"Delservtyp": {
			"code": "Delservtyp",
			"desc": "Delivery Service Type",
			"url": "/order/ordermanagementreferencedataservices/serviceTypes?serviceCategoryCode=DelStpServ&stopReason=Delivery",
			"paramname": "",
			"responsenode": ["_embedded", "serviceTypes"],
			"responsecodeattr": ["serviceTypeCode"],
			"responsedescattr": ["serviceTypeDescription"],
			"type": "dropdown"
		},
		"Delsitcd": {
			"code": "Delsitcd",
			"desc": "Delivery Site Code",
			"path": "['query']['bool']['must'][0]['query_string']['query']",
			"requestMethod": "post",
			"url": "/order/location-details/location_info/_search",
			"params":  {
				"from": 0,
				"size": 15,
				"_source": ["LocationID","LocationCode"],
				"query": {
					"bool": {
						"must": [{
							"query_string": {
		   
								"query": "*",
								"default_field": "LocationCode"
							}
						}]
					}
				}
			},
			"selectionAttr": "code",
			"responsenodePath": "['hits']['hits']",
			"responsecodePath": "['_source']['LocationCode']",
			"responsedescPath": "",
			"responseIdPath": "['_source']['LocationID']",
			"type": "typeahead"
		},
		"Delstate": {
			"code": "Delstate",
			"desc": "Delivery State",
			"path": "['query']['nested']['query']['query_string']['query']",
			"path1": "['aggs']['locations']['aggs']['only_loc']['filter']['query_string']['query']",
			"requestMethod": "post",
			"url": "/order/location-details/location_info/_search",
			"params": {
				"size": 0,
				"query": {
					"nested": {
						"path": "locations",
						"query": {
							"query_string": {
								"fields": ["locations.StateName"],
								"query": "*",
								"default_operator": "and"
							}
						}
					}
				},
				"aggs": {
					"locations": {
						"nested": {
							"path": "locations"
						},
						"aggs": {
							"only_loc": {
								"filter": {
									"query_string": {
										"fields": ["locations.StateName"],
										"query": "*",
										"default_operator": "and"
									}
								},
								"aggs": {
									"topinner": {
										"terms": {
											"field": "locations.StateName.keyword",
											"size": 100
										},
										"aggs": {
											"topacc_hits": {
												"top_hits": {
													"sort": [{
														"_score": {
															"order": "desc"
														}
													}],
													"_source": {
														"includes": ["locations.StateID", "locations.StateName","locations.StateCode"]
													},
													"size": 1
												}
											}
										}
									}
								}
							}
						}
					}
				}
			},
			"responsenodePath": "['aggregations']['locations']['only_loc']['topinner']['buckets']",
			"responsecodePath": "['topacc_hits']['hits']['hits'][0]['_source']['locations']['StateCode']",
			"responsedescPath": "['topacc_hits']['hits']['hits'][0]['_source']['locations']['StateName']",
			"selectionAttr": "code",
			"responseIdPath": "['topacc_hits']['hits']['hits'][0]['_source']['locations']['StateID']",
			"type": "typeahead"
		},
		"Delstprole": {
			"code": "Delstprole",
			"desc": "UCR Delivery Stop Role",
			"data": [{
				"code": "Receiver",
				"description": "Receiver"
			}],
			"type": "boolean"
		},
		"Earlydelap": {
			"code": "Earlydelap",
			"desc": "Earliest Delivery Appointment Time",
			"type": "timefield"
		},
		"Earlypikap": {
			"code": "Earlypikap",
			"desc": "Earliest Pickup Appointment Date",
			"type": "datefield"
		},
		"Fleetcode": {
			"code": "Fleetcode",
			"desc": "Fleet Code",
			"requestMethod": "get",
			"url": "/order/ordermanagementintegrationservices/fleetCodes/findAllFleetCodes?start=0&end=10&",
			"paramname": "fleetcode",
			"optionsfieldattr": "description",
			"responseattr": "",
			"selectionAttr": "code",
			"responsenodePath": "",
			"responsecodePath": "['divisionCode']",
			"responsedescPath": "['description']",
			"responseIdPath": "['id']",
			"type": "typeahead"
		},
		"Foodsafety": {
			"code": "Foodsafety",
			"desc": "Food Safety ",
			"data": [{
				"code": "true",
				"description": "True"
			}, {
				"code": "false",
				"description": "False"
			}],
			"type": "boolean"
		},
		"Hazmat": {
			"code": "Hazmat",
			"desc": "Hazmat",
			"data": [{
				"code": "true",
				"description": "True"
			}, {
				"code": "false",
				"description": "False"
			}],
			"type": "boolean"
		},
		"Highvalue": {
			"code": "Highvalue",
			"desc": "High Value",
			"data": [{
				"code": "true",
				"description": "True"
			}, {
				"code": "false",
				"description": "False"
			}],
			"type": "boolean"
		},
		"Intnationl": {
			"code": "Intnationl",
			"desc": "International",
			"data": [{
				"code": "true",
				"description": "True"
			}, {
				"code": "false",
				"description": "False"
			}],
			"type": "boolean"
		},
		"Itemdsc": {
			"code": "Itemdsc",
			"desc": "Item Description",
			"requestMethod": "get",
			"url": "/order/ordermanagementintegrationservices/items/transactionalItem/",
			"paramname": "",
			"optionsfieldattr": "itemDescription",
			"responseattr": "",
			"selectionAttr": "id",
			"responsenodePath": "",
			"responsecodePath": "",
			"responsedescPath": "['itemDescription']",
			"responseIdPath": "['nmfcNumber']",
			"type": "typeahead"
		},
		"Latedelap": {
			"code": "Latedelap",
			"desc": "Lastest Delivery Appointment Time",
			"type": "timefield"
		},
		"Latepikap": {
			"code": "Latepikap",
			"desc": "Lastest Pickup Appointment Date",
			"type": "datefield"
		},
		"LOB": {
			"code": "LOB",
			"desc": "Line Of Business",
			"path": "['query']['bool']['must'][1]['query_string']['query']",
			"requestMethod": "post",
			"url": "/order/account-hierarchy/_search",
			"params": {
				"size": 0,
				"_source": ["OrganizationName", "Level"],
				"query": {
					"bool": {
						"must": [{
								"query_string": {
									"default_field": "Level.keyword",
									"query": " Business Line ",
									"split_on_whitespace": false
								}
							},
							{
								"query_string": {
									"default_field": "OrganizationName",
									"query": "*"
								}
							}
						]
					}
				},
				"aggs": {
					"unique": {
						"terms": {
							"field": "OrganizationName.keyword",
							"size": 5
						},
						"aggs": {
							"Level": {
								"top_hits": {
			
									"_source": {
										"includes": ["OrganizationName", "Level", "OrganizationID"]
									},
									"size": 1
								}
							}
						}
					}
				}
			},
			"selectionAttr": "id",
			"responsenodePath": "['aggregations']['unique']['buckets']",
			"responsecodePath": "",
			"responsedescPath": "['Level']['hits']['hits'][0]['_source']['OrganizationName']",
			"responseIdPath": "['Level']['hits']['hits'][0]['_source']['OrganizationID']",
			"type": "typeahead"
		},
		"Noofstop": {
			"code": "Noofstop",
			"desc": "Number of Stops",
			"type": "numberfield"
		},
		"Orddate": {
			"code": "Orddate",
			"desc": "Order Creation Date",
			"type": "datefield"
		},
		"Ordserv": {
			"code": "Ordserv",
			"desc": "Order Services",
			"url": "/order/ordermanagementreferencedataservices/serviceTypes?serviceCategoryCode=ReqServ",
			"paramname": "",
			"responsenode": ["_embedded", "serviceTypes"],
			"responsecodeattr": ["serviceTypeCode"],
			"responsedescattr": ["serviceTypeDescription"],
			"type": "dropdown"
		},
		"Ordsubtyp": {
			"code": "Ordsubtyp",
			"desc": "Order Sub Type",
			"url": "/order/ordermanagementreferencedataservices/orderSubTypes",
			"paramname": "",
			"responsenode": ["_embedded", "orderSubTypes"],
			"responsecodeattr": ["orderSubTypeCode"],
			"responsedescattr": ["orderSubTypeDescription"],
			"type": "dropdown"
		},
		"Ordtime": {
			"code": "Ordtime",
			"desc": "Order Creation Time",
			"type": "timefield"
		},
		"OrdTyp": {
			"code": "OrdTyp",
			"desc": "Order Type",
			"url": "/order/ordermanagementreferencedataservices/orderTypes",
			"paramname": "",
			"responsenode": ["_embedded", "orderTypes"],
			"responsecodeattr": ["orderTypeCode"],
			"responsedescattr": ["orderTypeDescription"],
			"type": "dropdown"
		},
		"Ordwt": {
			"code": "Ordwt",
			"desc": "Order Weight",
			"type": "numberfield"
		},
		"Pickadcd": {
			"code": "Pickadcd",
			"desc": "UCR  Pickup Address Alias Code",
			"url": "",
			"paramname": "",
			"responseattr": "",
			"type": "textfield"
		},
		"Pickcity": {
			"code": "Pickcity",
			"desc": "Pickup City",
			"path": "['query']['nested']['query']['query_string']['query']",
			"path1": "['aggs']['locations']['aggs']['only_loc']['filter']['query_string']['query']",
			"requestMethod": "post",
			"url": "/order/location-details/location_info/_search",
			"params": {
				"size": 0,
				"query": {
					"nested": {
						"path": "locations",
						"query": {
							"query_string": {
								"fields": ["locations.CityName"],
								"query": "*",
								"default_operator": "and"
							}
						}
					}
				},
				"aggs": {
					"locations": {
						"nested": {
							"path": "locations"
						},
						"aggs": {
							"only_loc": {
								"filter": {
									"query_string": {
										"fields": ["locations.CityName"],
										"query": "*",
										"default_operator": "and"
									}
								},
								"aggs": {
									"topinner": {
										"terms": {
											"field": "locations.CityName.keyword",
											"size": 100
										},
										"aggs": {
											"topacc_hits": {
												"top_hits": {
													"sort": [{
														"_score": {
															"order": "desc"
														}
													}],
													"_source": {
														"includes": ["locations.CityID", "locations.CityName"]
													},
													"size": 1
												}
											}
										}
									}
								}
							}
						}
					}
				}
			},
			"selectionAttr": "name",
			"responsenodePath": "['aggregations']['locations']['only_loc']['topinner']['buckets']",
			"responsecodePath": "",
			"responsedescPath": "['topacc_hits']['hits']['hits'][0]['_source']['locations']['CityName']",
			"responseIdPath": "['topacc_hits']['hits']['hits'][0]['_source']['locations']['CityID']",
			"type": "typeahead"
		},
		"Pickcntry": {
			"code": "Pickcntry",
			"desc": "Pickup Country",
			"path": "['query']['nested']['query']['query_string']['query']",
			"path1": "['aggs']['locations']['aggs']['only_loc']['filter']['query_string']['query']",
			"requestMethod": "post",
			"url": "/order/location-details/location_info/_search",
			"params": {
				"size": 0,
				"query": {
					"nested": {
						"path": "locations",
						"query": {
							"query_string": {
								"fields": ["locations.CountryName"],
								"query": "*",
								"default_operator": "and"
							}
						}
					}
				},
				"aggs": {
					"locations": {
						"nested": {
							"path": "locations"
						},
						"aggs": {
							"only_loc": {
								"filter": {
									"query_string": {
										"fields": ["locations.CountryName"],
										"query": "*",
										"default_operator": "and"
									}
								},
								"aggs": {
									"topinner": {
										"terms": {
											"field": "locations.CountryName.keyword",
											"size": 100
										},
										"aggs": {
											"topacc_hits": {
												"top_hits": {
													"sort": [{
														"_score": {
															"order": "desc"
														}
													}],
													"_source": {
														"includes": ["locations.CountryID", "locations.CountryName","locations.CountryCode"]
													},
													"size": 1
												}
											}
										}
									}
								}
							}
						}
					}
				}
			},
			"selectionAttr": "code",
			"responsenodePath": "['aggregations']['locations']['only_loc']['topinner']['buckets']",
			"responsecodePath": "['topacc_hits']['hits']['hits'][0]['_source']['locations']['CountryCode']",
			"responsedescPath": "['topacc_hits']['hits']['hits'][0]['_source']['locations']['CountryName']",
			"responseIdPath": "['topacc_hits']['hits']['hits'][0]['_source']['locations']['CountryID']",
			"type": "typeahead"
		},
		"PickMarket": {
			"code": "PickMarket",
			"desc": "Pickup Marketing Area",
			"requestMethod": "get",
			"url": "/order/masterdatageographyservices/areas/search/findbymarketingarea?",
			"paramname": "areaName",
			"optionsfieldattr": "marketingArea",
			"responseattr": ["_embedded", "areas"],
			"selectionAttr": "id",
			"responsenodePath": ["_embedded", "areas"],
			"responsecodePath": "",
			"responsedescPath": "['marketingArea']",
			"responseIdPath": "['id']",
			"type": "typeahead"
		},
		"Picksitcd": {
			"code": "Picksitcd",
			"desc": "Pickup Site Code",
			"path": "['query']['bool']['must'][0]['query_string']['query']",
			"requestMethod": "post",
			"url": "/order/location-details/location_info/_search",
			"params":  {
				"from": 0,
				"size": 15,
				"_source": ["LocationID","LocationCode"],
				"query": {
					"bool": {
						"must": [{
							"query_string": {
		   
								"query": "*",
								"default_field": "LocationCode"
							}
						}]
					}
				}
			},
			"selectionAttr": "code",
			"responsenodePath": "['hits']['hits']",
			"responsecodePath": "['_source']['LocationCode']",
			"responsedescPath": "",
			"responseIdPath": "['_source']['LocationID']",
			"type": "typeahead"
		},
		"Pickstate": {
			"code": "Pickstate",
			"desc": "Pickup State",
			"path": "['query']['nested']['query']['query_string']['query']",
			"path1": "['aggs']['locations']['aggs']['only_loc']['filter']['query_string']['query']",
			"requestMethod": "post",
			"url": "/order/location-details/location_info/_search",
			"params": {
				"size": 0,
				"query": {
					"nested": {
						"path": "locations",
						"query": {
							"query_string": {
								"fields": ["locations.StateName"],
								"query": "*",
								"default_operator": "and"
							}
						}
					}
				},
				"aggs": {
					"locations": {
						"nested": {
							"path": "locations"
						},
						"aggs": {
							"only_loc": {
								"filter": {
									"query_string": {
										"fields": ["locations.StateName"],
										"query": "*",
										"default_operator": "and"
									}
								},
								"aggs": {
									"topinner": {
										"terms": {
											"field": "locations.StateName.keyword",
											"size": 100
										},
										"aggs": {
											"topacc_hits": {
												"top_hits": {
													"sort": [{
														"_score": {
															"order": "desc"
														}
													}],
													"_source": {
														"includes": ["locations.StateID", "locations.StateName","locations.StateCode"]
													},
													"size": 1
												}
											}
										}
									}
								}
							}
						}
					}
				}
			},
			"selectionAttr": "code",
			"responsenodePath": "['aggregations']['locations']['only_loc']['topinner']['buckets']",
			"responsecodePath": "['topacc_hits']['hits']['hits'][0]['_source']['locations']['StateCode']",
			"responsedescPath": "['topacc_hits']['hits']['hits'][0]['_source']['locations']['StateName']",
			"responseIdPath": "['topacc_hits']['hits']['hits'][0]['_source']['locations']['StateID']",
			"type": "typeahead"
		},
		"Pickstprl": {
			"code": "Pickstprl",
			"desc": "UCR Pickup Stop Role",
			"data": [{
				"code": "Shipper",
				"description": "Shipper"
			}],
			"type": "boolean"
		},
		"Reefer": {
			"code": "Reefer",
			"desc": "Refrigerated",
			"data": [{
				"code": "true",
				"description": "True"
			}, {
				"code": "false",
				"description": "False"
			}],
			"type": "boolean"
		},
		"Refnotyp": {
			"code": "Refnotyp",
			"desc": "Reference Number Type",
			"url": "/order/referencedataservices/referenceNumberTypes?size=100",
			"paramname": "",
			"responsenode": ["_embedded", "referenceNumberTypes"],
			"responsecodeattr": ["referenceNumberTypeCode"],
			"responsedescattr": ["referenceNumberTypeDescription"],
			"type": "dropdown"
		},
		"SCAC": {
			"code": "SCAC",
			"desc": "UCR SCAC",
			"type": "textfield"
		},
		"Solicitor": {
			"code": "Solicitor",
			"desc": "Solicitor",
			"path": "['query']['bool']['must'][0]['query_string']['query']",
			"path1": "['query']['bool']['must'][1]['query_string']['query']",
			"requestMethod": "post",
			"url": "/order/contact-account/contact_info/_search",
			"params": {
				"size": 5,
				"_source": ["Name", "TelephoneNumber", "Email", "PartyId", "AddressID", "TelephoneID", "EmailID", "PersonRoleTypeCode"],
				"query": {
					"bool": {
						"must": [{
								"query_string": {
									"default_field": "PersonRoleTypeCode.keyword",
									"query": "Solicitor",
									"default_operator": "AND"
								}
							},
							{
								"query_string": {
									"fields": ["Name", "TelephoneNumber", "Email"],
									"query": "*",
									"default_operator": "AND"
								}
							}
						]
					}
				}
			},
			"selectionAttr": "id",
			"responsenodePath": "['hits']['hits']",
			"responsecodePath": "['_source']['PersonRoleTypeCode']",
			"responsedescPath": "['_source']['Name']",
			"responseIdPath": "['_source']['PersonId']",
			"type": "typeahead"
		},
		"Stopserv": {
			"code": "Stopserv",
			"desc": "Stop Services",
			"url": "/order/ordermanagementreferencedataservices/serviceTypes?serviceCategoryCode=StopServ",
			"paramname": "",
			"responsenode": ["_embedded", "serviceTypes"],
			"responsecodeattr": ["serviceTypeCode"],
			"responsedescattr": ["serviceTypeDescription"],
			"type": "dropdown"
		},
		"Totalpc": {
			"code": "Totalpc",
			"desc": "Total Pieces",
			"type": "numberfield"
		},
		"TradePart": {
			"code": "TradePart",
			"desc": "UCR Trading Partner",
			"requestMethod": "get",
			"url": "/order/ws_edi_findTradingPartners/tradingpartner/codeId?docType=990,214&",
			"paramname": "partnerCode",
			"optionsfieldattr": "tradingPartnerDescription",
			"responseattr": "",
			"selectionAttr": "code",
			"responsenodePath": "",
			"responsecodePath": "['tradingPartnerCode']",
			"responsedescPath": "['tradingPartnerDescription']",
			"responseIdPath": "",
			"type": "typeahead"
		},
		"TranMd": {
			"code": "TranMd",
			"desc": "Transit Mode",
			"url": "/order/referencedataservices/transitModes",
			"paramname": "",
			"responsenode": ["_embedded", "transitModes"],
			"responsecodeattr": ["transitModeCode"],
			"responsedescattr": ["transitModeDescription"],
			"type": "dropdown"
		},
		"Trdshwship": {
			"code": "Trdshwship",
			"desc": "Trade Show Shipment",
			"data": [{
				"code": "true",
				"description": "True"
			}, {
				"code": "false",
				"description": "False"
			}],
			"type": "boolean"
		},
		"Volship": {
			"code": "Volship",
			"desc": "Volume Shipment",
			"data": [{
				"code": "true",
				"description": "True"
			}, {
				"code": "false",
				"description": "False"
			}],
			"type": "boolean"
		}
	}
}