[{"id":1,"ruleName":"Rule 1","ruleDescription":"AS 1","businessUnit":"DCS","serviceOffering":"Final Mile","ruleCategory":"Planning"},
{"id":2,"ruleName":"Rule 2","ruleDescription":"AS 2","businessUnit":"DCS","serviceOffering":"Final Mile","ruleCategory":"Planning"},
{"id":3,"ruleName":"Rule 3","ruleDescription":"AS 3","businessUnit":"DCS","serviceOffering":"Final Mile","ruleCategory":"Planning"},
{"id":4,"ruleName":"Rule 4","ruleDescription":"AS 4","businessUnit":"DCS","serviceOffering":"Final Mile","ruleCategory":"Planning"},
{"id":5,"ruleName":"Rule 5","ruleDescription":"AS 5","businessUnit":"DCS","serviceOffering":"Final Mile","ruleCategory":"Planning"},
{"id":6,"ruleName":"Rule 6","ruleDescription":"AS 6","businessUnit":"DCS","serviceOffering":"Final Mile","ruleCategory":"Planning"},
{"id":7,"ruleName":"Rule 7","ruleDescription":"AS 7","businessUnit":"DCS","serviceOffering":"Final Mile","ruleCategory":"Planning"},
{"id":8,"ruleName":"Rule 8","ruleDescription":"AS 8","businessUnit":"DCS","serviceOffering":"Final Mile","ruleCategory":"Planning"},
{"id":9,"ruleName":"Rule 9","ruleDescription":"AS 9","businessUnit":"DCS","serviceOffering":"Final Mile","ruleCategory":"Planning"},
{"id":10,"ruleName":"Rule 10","ruleDescription":"AS 10","businessUnit":"DCS","serviceOffering":"Final Mile","ruleCategory":"Planning"},
{"id":11,"ruleName":"Rule 11","ruleDescription":"AS 11","businessUnit":"DCS","serviceOffering":"Final Mile","ruleCategory":"Planning"},
{"id":12,"ruleName":"Rule 12","ruleDescription":"AS 12","businessUnit":"DCS","serviceOffering":"Final Mile","ruleCategory":"Planning"},
{"id":13,"ruleName":"Rule 13","ruleDescription":"AS 13","businessUnit":"DCS","serviceOffering":"Final Mile","ruleCategory":"Planning"},
{"id":14,"ruleName":"Rule 14","ruleDescription":"AS 14","businessUnit":"DCS","serviceOffering":"Final Mile","ruleCategory":"Planning"},
{"id":15,"ruleName":"Rule 15","ruleDescription":"AS 15","businessUnit":"DCS","serviceOffering":"Final Mile","ruleCategory":"Planning"},
{"id":16,"ruleName":"Rule 16","ruleDescription":"AS 16","businessUnit":"DCS","serviceOffering":"Final Mile","ruleCategory":"Planning"},
{"id":17,"ruleName":"Rule 17","ruleDescription":"AS 17","businessUnit":"DCS","serviceOffering":"Final Mile","ruleCategory":"Planning"},
{"id":18,"ruleName":"Rule 18","ruleDescription":"AS 18","businessUnit":"DCS","serviceOffering":"Final Mile","ruleCategory":"Planning"},
{"id":19,"ruleName":"Rule 19","ruleDescription":"AS 19","businessUnit":"DCS","serviceOffering":"Final Mile","ruleCategory":"Planning"},
{"id":20,"ruleName":"Rule 20","ruleDescription":"AS 20","businessUnit":"DCS","serviceOffering":"Final Mile","ruleCategory":"Planning"},
{"id":21,"ruleName":"Rule 21","ruleDescription":"AS 21","businessUnit":"DCS","serviceOffering":"Final Mile","ruleCategory":"Planning"},
{"id":22,"ruleName":"Rule 22","ruleDescription":"AS 22","businessUnit":"DCS","serviceOffering":"Final Mile","ruleCategory":"Planning"},
{"id":23,"ruleName":"Rule 23","ruleDescription":"AS 23","businessUnit":"DCS","serviceOffering":"Final Mile","ruleCategory":"Planning"},
{"id":24,"ruleName":"Rule 24","ruleDescription":"AS 24","businessUnit":"DCS","serviceOffering":"Final Mile","ruleCategory":"Planning"},
{"id":25,"ruleName":"Rule 25","ruleDescription":"AS 25","businessUnit":"DCS","serviceOffering":"Final Mile","ruleCategory":"Planning"}
]