[{
      "index": 0,
      "title": "AppointmentStps",
      "key": "opportunity-Origintest.test",
      "componentType": "lsitType",
      "count": 0,
      "url":""
    }, {
      "index": 1,
      "title": "Origin Site Name",
      "key": "opportunity-Origintest.test",
      "componentType": "lsitType",
      "count": 0,
      "url":""
    }, {
      "index": 2,
      "title": "Origin Address",
      "key": "opportunity-Origintest.test",
      "componentType": "lsitType",
      "count": 0,
      "url":""
    }, {
      "index": 3,
      "title": "Origin Marketing Area",
      "key": "opportunity-Origintest.test",
      "componentType": "lsitType",
      "count": 0,
      "url":""
    }, {
      "index": 4,
       "title": "Destination Marketing Area",
      "key": "opportunity-Origintest.test",
      "componentType": "lsitType",
      "count": 0,
      "url":""
    }, {
      "index": 5,
      "title": "Billing Party",
      "key": "opportunity-Origintest.test",
      "componentType": "lsitType",
      "count": 0,
      "url":""
    }, {
      "index": 6,
      "title": "National Account",
      "key": "opportunity-Origintest.test",
      "componentType": "lsitType",
      "count": 0,
      "url":""
    }, {
      "index": 7,
      "title": "BusinessUnit Service Offering",
      "key": "opportunity-Origintest.test",
      "componentType": "lsitType",
      "count": 0,
      "url":""
    }, {
      "index": 8,
      "title": "Fleet Type",
      "key": "opportunity-Origintest.test",
      "componentType": "lsitType",
      "count": 0,
      "url":""
    }, {
      "index": 9,
      "title": "Schedule Type",
      "key": "opportunity-Origintest.test",
      "componentType": "lsitType",
      "count": 0,
      "url":""
    }]