[{
      "index": 0,
      "title": "Trading Partner",
      "key": "opportunity-Origintest.test",
      "componentType": "lsitType",
      "url":""
    }, {
      "index": 1,
      "title": "National Account",
      "key": "opportunity-Origintest.test",
      "componentType": "lsitType",
      "url":""
    }, {
      "index": 2,
      "title": "Line Of Business",
      "key": "opportunity-Origintest.test",
      "componentType": "lsitType",
      "url":""
    }, {
      "index": 3,
      "title": "Bill To",
      "key": "opportunity-Origintest.test",
      "componentType": "lsitType",
      "url":""
    }, {
      "index": 4,
       "title": "Order Number",
      "key": "opportunity-Origintest.test",
      "componentType": "lsitType",
      "url":""
    }, {
      "index": 5,
      "title": "Order Owner",
      "key": "opportunity-Origintest.test",
      "componentType": "lsitType",
      "url":""
    }, {
      "index": 6,
      "title": "Error",
      "key": "opportunity-Origintest.test",
      "componentType": "lsitType",
      "url":""
    }, {
      "index": 7,
      "title": "Create Timestamp",
      "key": "opportunity-Origintest.test",
      "componentType": "lsitType",
      "url":""
    }, {
      "index": 8,
      "title": "Stop Number",
      "key": "opportunity-Origintest.test",
      "componentType": "lsitType",
      "url":""
    }, {
      "index": 9,
      "title": "ShipID",
      "key": "opportunity-Origintest.test",
      "componentType": "lsitType",
      "url":""
    }]