{
    "pending": {
        "from": 0,
        "size": 15,
        "_source": [
            "orderDTO.orderID",
            "orderDTO.orderStatusCode",
            "orderDTO.orderStatusReasonCode",
            "orderDTO.shipmentIdentificationNumber",
            "ucrType",
            "failedReason",
            "taskType",
	    "taskId",
            "opportunityIndicator",
            "mustRespondTime",
            "orderDTO.stopDTOs.stop.locationID",
            "orderDTO.stopDTOs.stop.stopReason",
            "orderDTO.stopDTOs.stop.stopSequenceNumber",
            "orderDTO.stopDTOs.locationDTO.partyName",
            "orderDTO.stopDTOs.locationDTO.addressDTO",
            "orderDTO.orderMonitorInformations.destinationMonitorArea",
            "orderDTO.orderMonitorInformations.originMonitorArea",
            "orderDTO.stopDTOs.stop.appointment.appointmentDateTimeDetails.appointmentStartTimestamp",
            "orderDTO.stopDTOs.stop.appointment.appointmentTypeCode",
            "scac",
            "primLane",
            "desirabilityIndex",
            "orderDTO.orderBillingDetailDTOs.profileDTO"
        ],
        "query": {
            "bool": {
                "must": [{
                    "term": {
                        "category": "pending"
                    }
                }]
            }
        }
    },
    "rate": {
        "from": 0,
        "size": 15,
        "_source": [
            "orderDTO.orderID",
            "orderDTO.shipmentIdentificationNumber",
            "taskStatus",
            "taskType",
            "orderReconsignmentID",
            "orderDTO.referenceNumberDTOs.referenceNumberTypeDescription",
            "orderDTO.numberOfStops",
			"taskId",
            "orderDTO.creator.userID",
            "orderDTO.owner.userID",
            "orderDTO.customerID",
            "orderDTO.orderBillingDetailDTOs.lineOfBusinessCode",
            "orderDTO.orderBillingDetailDTOs.profileDTO.partyName",
            "orderDTO.orderRequestorDTOs.profileDTO.partyID",
            "orderDTO.financeBusinessUnitCode",
            "orderDTO.serviceOfferingCode",
            "monitoringLoadDTO.fleetCode",
            "monitoringLoadDTO.loadNumber",
            "monitoringLoadDTO.carrierCode",
            "monitoringLoadDTO.equipmentPrefix",
            "monitoringLoadDTO.equipmentNumber",
            "monitoringLoadDTO.boardcode",
            "monitoringLoadDTO.prePlan",
            "orderDTO.stopDTOs.stop.locationID",
            "orderDTO.stopDTOs.stop.stopReason",
            "orderDTO.stopDTOs.stop.stopSequenceNumber",
            "orderDTO.stopDTOs.locationDTO.partyName",
            "orderDTO.stopDTOs.locationDTO.addressDTO",
            "orderDTO.stopDTOs.stop.appointment.appointmentDateTimeDetails.AppointmentEndTimestamp",
            "orderDTO.stopDTOs.stop.appointment.appointmentTypeCode",
            "monitoringLoadDTO.rampDetails.originRampCode",
            "monitoringLoadDTO.rampDetails.DestinationRamp",
            "monitoringLoadDTO.rampDetails.actualDERamp"
        ],
        "query": {
            "bool": {
                "must": [{
                    "term": {
                        "category": "rateissue"
                    }
                }]
            }
        }
    },
    "service": {
        "from": 0,
        "size": 15,
        "_source": [
            "orderDTO.orderID",
            "orderDTO.shipmentIdentificationNumber",
            "taskStatus",
            "taskType",
            "orderDTO.referenceNumberDTOs.referenceNumberTypeDescription",
            "orderDTO.numberOfStops",
            "orderDTO.creator.userID",
            "orderDTO.owner.userID",
			"taskId",
            "orderDTO.customerID",
            "orderDTO.orderBillingDetailDTOs.profileDTO",
            "orderDTO.orderBillingDetailDTOs.lineOfBusinessCode",
            "orderDTO.orderBillingDetailDTOs.profileDTO.partyName",
            "orderDTO.orderRequestorDTO.ProfileDTO.partyID",
            "orderDTO.financeBusinessUnitCode",
            "orderDTO.serviceOfferingCode",
            "monitoringLoadDTO.fleetCode",
            "monitoringLoadDTO.loadNumber",
            "monitoringLoadDTO.carrierCode",
            "monitoringLoadDTO.equipmentPrefix",
            "monitoringLoadDTO.equipmentNumber",
            "monitoringLoadDTO.boardcode",
            "monitoringLoadDTO.prePlan",
            "orderDTO.stopDTOs.stop.locationID",
            "orderDTO.stopDTOs.stop.stopReason",
            "orderDTO.stopDTOs.stop.stopSequenceNumber",
            "orderDTO.stopDTOs.locationDTO.partyName",
            "orderDTO.stopDTOs.locationDTO.addressDTO",
            "orderDTO.stopDTOs.stop.appointment.appointmentDateTimeDetails.AppointmentEndTimestamp",
            "orderDTO.stopDTOs.stop.appointment.appointmentTypeCode",
            "monitoringLoadDTO.rampDetails.originRampCode",
            "monitoringLoadDTO.rampDetails.DestinationRamp",
            "monitoringLoadDTO.rampDetails.actualDERamp"
        ],
        "query": {
            "bool": {
                "must": [{
                    "term": {
                        "category": "service"
                    }
                }]
            }
        }
    },
    "slashLoad": {
        "from": 0,
        "size": 15,
        "_source": [
            "orderDTO.orderID",
            "orderDTO.shipmentIdentificationNumber",
            "taskStatus",
            "taskType",
			"taskId",
            "orderDTO.referenceNumberDTOs.referenceNumberTypeDescription",
            "orderDTO.numberOfStops",
            "orderDTO.creator.userID",
            "orderDTO.owner.userID",
            "orderDTO.customerID",
            "orderDTO.orderBillingDetailDTOs.lineOfBusinessCode",
            "orderDTO.orderBillingDetailDTOs.profileDTO.partyName",
            "orderDTO.orderRequestorDTO.ProfileDTO.partyID",
            "orderDTO.financeBusinessUnitCode",
            "orderDTO.serviceOfferingCode",
            "monitoringLoadDTO.fleetCode",
            "monitoringLoadDTO.loadNumber",
            "monitoringLoadDTO.carrierCode",
            "monitoringLoadDTO.equipmentPrefix",
            "monitoringLoadDTO.equipmentNumber",
            "monitoringLoadDTO.boardcode",
            "monitoringLoadDTO.prePlan",
            "orderDTO.stopDTOs.stop.locationID",
            "orderDTO.stopDTOs.stop.stopReason",
            "orderDTO.stopDTOs.stop.stopSequenceNumber",
            "orderDTO.stopDTOs.locationDTO.partyName",
            "orderDTO.stopDTOs.locationDTO.addressDTO",
            "orderDTO.stopDTOs.stop.appointment.appointmentDateTimeDetails.AppointmentEndTimestamp",
            "orderDTO.stopDTOs.stop.appointment.appointmentTypeCode",
            "monitoringLoadDTO.rampDetails.originRampCode",
            "monitoringLoadDTO.rampDetails.DestinationRamp",
            "monitoringLoadDTO.rampDetails.actualDERamp"
        ],
        "query": {
            "bool": {
                "must": [{
                    "term": {
                        "category": "slashload"
                    }
                }]
            }
        }
    },
    "dwell": {
        "from": 0,
        "size": 15,
        "_source": [
            "orderDTO.orderID",
            "orderDTO.shipmentIdentificationNumber",
            "taskStatus",
			"taskId",
            "taskType",
            "orderDTO.referenceNumberDTOs.referenceNumberTypeDescription",
            "orderDTO.numberOfStops",
            "orderDTO.creator.userID",
            "orderDTO.owner.userID",
            "orderDTO.customerID",
            "orderDTO.orderBillingDetailDTOs.lineOfBusinessCode",
            "orderDTO.orderBillingDetailDTOs.profileDTO.partyName",
            "orderDTO.orderRequestorDTO.ProfileDTO.partyID",
            "orderDTO.financeBusinessUnitCode",
            "orderDTO.serviceOfferingCode",
            "monitoringLoadDTO.fleetCode",
            "monitoringLoadDTO.loadNumber",
            "monitoringLoadDTO.carrierCode",
            "monitoringLoadDTO.equipmentPrefix",
            "monitoringLoadDTO.equipmentNumber",
            "monitoringLoadDTO.boardcode",
            "monitoringLoadDTO.prePlan",
            "orderDTO.stopDTOs.stop.locationID",
            "orderDTO.stopDTOs.stop.stopReason",
            "orderDTO.stopDTOs.stop.stopSequenceNumber",
            "orderDTO.stopDTOs.locationDTO.partyName",
            "orderDTO.stopDTOs.locationDTO.addressDTO",
            "orderDTO.stopDTOs.stop.appointment.appointmentDateTimeDetails.AppointmentEndTimestamp",
            "orderDTO.stopDTOs.stop.appointment.appointmentTypeCode",
            "monitoringLoadDTO.RampDTO.actualDERamp",
            "monitoringLoadDTO.rampDetails.originRampCode",
            "monitoringLoadDTO.rampDetails.DestinationRamp",
            "monitoringLoadDTO.rampDetails.actualDERamp"
        ],
        "query": {
            "bool": {
                "must": [{
                    "term": {
                        "category": "dwell"
                    }
                }]
            }
        }
    },
    "commitment": {
        "from": 0,
        "size": 15,
        "_source": [
            "commitmentDetailDTO.originMarketingAreaCode",
            "commitmentDetailDTO.destinationMarketingAreaCode",
            "commitmentDetailDTO.billToCode",
            "commitmentDetailDTO.nationalAccountCode",
            "commitmentDetailDTO.financeBusinessUnitCode",
            "commitmentDetailDTO.serviceOffering",
            "monitoringLoadDTO.fleetCode",
            "commitmentDetailDTO.commitmentOrderCountDTO.scheduleType",
            "commitmentDetailDTO.weekToDay",
            "commitmentDetailDTO.weeklyCommitmentPer",
            "commitmentDetailDTO.commitmentOrderCountDTO.commitmentScheduleDay",
            "commitmentDetailDTO.orderCount",
            "commitmentDetailDTO.commitmentCount",
            "commitmentDetailDTO.orderOwner",
            "commitmentDetailDTO.operationalOwner"
        ],
        "query": {
            "bool": {
                "must": [{
                    "term": {
                        "category": "commitmnt"
                    }
                }]
            }
        }
    },
    "edi": {
        "from": 0,
        "size": 15,
        "_source": [
            "taskType",
            "ediEvent.tradingPartner",
            "orderDTO.customerID",
            "orderDTO.orderBillingDetailDTOs.lineOfBusinessCode",
            "orderDTO.orderBillingDetailDTOs.profileDTO.partyID",
            "orderDTO.orderID",
            "orderDTO.owner.firstName",
            "orderDTO.owner.lastName",
            "ediEvent.ediReference.errorMessage",
            "createTimestamp",
            "orderDTO.shipmentIdentificationNumber"
        ],
        "query": {
            "bool": {
                "must": [{
                    "term": {
                        "category": "ediexceptn"
                    }
                }]
            }
        }
    },
    "appointmentStop": {
        "size": 10,
        "_source": [],
        "query": {
            "bool": {
                "must": [{
                        "query_string": {
                            "query": "Appointmnt",
                            "default_field": "category",
                            "default_operator": "and"
                        }
                    },
                    {
                        "query_string": {
                            "query": "ApptOwner",
                            "default_field": "role",
                            "default_operator": "and"
                        }
                    },
                    {
                        "bool": {
                            "should": []
                        }
                    }
                ]
            }
        }
    },
    "appointment": {
        "query": {
            "bool": {
                "must": [{
                        "query_string": {
                            "query": "Appointmnt",
                            "default_field": "category",
                            "default_operator": "and"
                        }
                    },
                    {
                        "query_string": {
                            "query": "ApptOwner",
                            "default_field": "role",
                            "default_operator": "and"
                        }
                    }
                ],
                "must_not": [{
                    "query_string": {
                        "query": "(SNOOZE OR COMPLETE OR IGNORED)",
                        "default_field": "taskStatus",
                        "default_operator": "and"
                    }
                }]
            }
        },
        "size": 0,
        "aggs": {
            "group_by_location": {
                "terms": {
                    "field": "location.keyword"
                },
                "aggs": {
                    "id2_count": {
                        "terms": {
                            "field": "stopReason.keyword"
                        },
                        "aggs": {
                            "id3_count": {
                                "terms": {
                                    "field": "contactParty.keyword"
                                }
                            },
                            "total_appointments": {
                                "top_hits": {
                                    "_source": {
                                        "includes": [
                                            "orderId",
                                            "taskRoleAssociationId",
                                            "contactParty",
                                            "location",
                                            "stopReason"
                                        ]
                                    }
                                }
                            }
                        }
                    }
                }
            }
        }
    }
}