{
    "appointment": {
        "data": [{
                "name": "checkboxedCol",
                "flexGrow": 0.12,
                "sortable": false,
                "canAutoResize": true,
                "draggable": false,
                "resizeable": false,
                "headerCheckboxable": true,
                "checkboxable": true
            },
            {
                "name": "Appointment Location",
                "prop": "appointmentLocation",
                "flexGrow": 0.7,
                "draggable": false,
                "resizeable": false,
                "reorderable": false,
                "maxChar": 60
            },
            {
                "name": "Awaiting My Action",
                "prop": "awaitingMyAction",
                "flexGrow": 0.7,
                "draggable": false,
                "resizeable": false,
                "reorderable": false,
                "maxChar": 60
            },
            {
                "name": "Earliest Appointment Date",
                "prop": "earliestAppointmentDate",
                "flexGrow": 0.7,
                "draggable": false,
                "resizeable": false,
                "reorderable": false,
                "maxChar": 60
            },
            {
                "name": "Total Appointments",
                "prop": "totalAppointments",
                "flexGrow": 0.7,
                "draggable": false,
                "resizeable": false,
                "reorderable": false,
                "maxChar": 60
            },
            {
                "name": "Type of Appointments",
                "prop": "typeofAppointments",
                "flexGrow": 0.7,
                "draggable": false,
                "resizeable": false,
                "reorderable": false,
                "maxChar": 60
            },
            {
                "name": "Contact Party",
                "prop": "contactParty",
                "flexGrow": 0.7,
                "draggable": false,
                "resizeable": false,
                "reorderable": false,
                "maxChar": 60
            },
            {
                "name": "Order Number",
                "prop": "orderId",
                "flexGrow": 0.7,
                "draggable": false,
                "resizeable": false,
                "reorderable": false,
                "maxChar": 60
            }
        ]
    },
    "pending": {
        "data": [{
                "name": "Time to Expire",
                "prop": "timeToExpire",
                "flexGrow": 0.7,
                "draggable": false,
                "resizeable": false,
                "reorderable": false,
                "maxChar": 60
            },
            {
                "name": "Order Number",
                "prop": "orderID",
                "flexGrow": 0.7,
                "draggable": false,
                "resizeable": false,
                "reorderable": false,
                "maxChar": 60
            },
            {
                "name": "Bill To",
                "prop": "billTo",
                "flexGrow": 0.7,
                "draggable": false,
                "resizeable": false,
                "reorderable": false,
                "maxChar": 60
            },
            {
                "name": "ship ID",
                "prop": "shipmentIdentificationNumber",
                "flexGrow": 0.7,
                "draggable": false,
                "resizeable": false,
                "reorderable": false,
                "maxChar": 60
            },
            {
                "name": "Status",
                "prop": "orderStatusCode",
                "flexGrow": 0.7,
                "draggable": false,
                "resizeable": false,
                "reorderable": false,
                "maxChar": 60
            },
            {
                "name": "Type",
                "prop": "ucrType",
                "flexGrow": 0.7,
                "draggable": false,
                "resizeable": false,
                "reorderable": false,
                "maxChar": 60
            },
            {
                "name": "Opportunity",
                "prop": "opportunityIndicator",
                "flexGrow": 0.7,
                "draggable": false,
                "resizeable": false,
                "reorderable": false,
                "maxChar": 60
            },
            {
                "name": "Failure Reason",
                "prop": "failedReason",
                "flexGrow": 0.7,
                "draggable": false,
                "resizeable": false,
                "reorderable": false,
                "maxChar": 60
            },
            {
                "name": "Origin",
                "prop": "origin",
                "flexGrow": 0.7,
                "draggable": false,
                "resizeable": false,
                "reorderable": false,
                "maxChar": 60
            },
            {
                "name": "Destination",
                "prop": "destination",
                "flexGrow": 0.7,
                "draggable": false,
                "resizeable": false,
                "reorderable": false,
                "maxChar": 60
            },
            {
                "name": "Order Status Reason Code",
                "prop": "orderStatusReasonCode",
                "flexGrow": 0.7,
                "draggable": false,
                "resizeable": false,
                "reorderable": false,
                "maxChar": 60
            },
            {
                "name": "SCAC",
                "prop": "scac",
                "flexGrow": 0.7,
                "draggable": false,
                "resizeable": false,
                "reorderable": false,
                "maxChar": 60
            },
            {
                "name": "Desirability Index",
                "prop": "desirabilityIndex",
                "flexGrow": 0.7,
                "draggable": false,
                "resizeable": false,
                "reorderable": false,
                "maxChar": 60
            },
            {
                "name": "Prim Lane",
                "prop": "primLane",
                "flexGrow": 0.7,
                "draggable": false,
                "resizeable": false,
                "reorderable": false,
                "maxChar": 60
            },
            {
                "name": "Must Respond By Time",
                "prop": "mustResondTime",
                "flexGrow": 0.7,
                "draggable": false,
                "resizeable": false,
                "reorderable": false,
                "maxChar": 60
            },
            {
                "name": "View UCR details",
                "prop": "",
                "flexGrow": 0.7,
                "draggable": false,
                "resizeable": false,
                "reorderable": false,
                "maxChar": 60
            },
            {
                "name": "Count of intermediate stops",
                "prop": "intermediateStops",
                "flexGrow": 0.7,
                "draggable": false,
                "resizeable": false,
                "reorderable": false,
                "maxChar": 60
            },
            {
                "name": "Origin Market",
                "prop": "originMarketingArea",
                "flexGrow": 0.7,
                "draggable": false,
                "resizeable": false,
                "reorderable": false,
                "maxChar": 60
            },
            {
                "name": "Destination Market",
                "prop": "destinationMarketingArea",
                "flexGrow": 0.7,
                "draggable": false,
                "resizeable": false,
                "reorderable": false,
                "maxChar": 60
            },
            {
                "name": "Scheduled Pickup",
                "prop": "schedulePickupTime",
                "flexGrow": 0.7,
                "draggable": false,
                "resizeable": false,
                "reorderable": false,
                "maxChar": 60
            },
            {
                "name": "Requested Pickup",
                "prop": "requestPickupTime",
                "flexGrow": 0.7,
                "draggable": false,
                "resizeable": false,
                "reorderable": false,
                "maxChar": 60
            },
            {
                "name": "Scheduled Delivery",
                "prop": "scheduleDeliveryTime",
                "flexGrow": 0.7,
                "draggable": false,
                "resizeable": false,
                "reorderable": false,
                "maxChar": 60
            },
            {
                "name": "Requested Delivery",
                "prop": "requestDeliveryTime",
                "flexGrow": 0.7,
                "draggable": false,
                "resizeable": false,
                "reorderable": false,
                "maxChar": 60
            }
        ]
    },
    "appointmentStop": {
        "data": [{
                "name": "checkboxedCol",
                "flexGrow": 0.12,
                "sortable": false,
                "canAutoResize": true,
                "draggable": false,
                "resizeable": false,
                "headerCheckboxable": true,
                "checkboxable": true,
                "maxChar": 60
            },
            {
                "name": "Status",
                "prop": "status",
                "flexGrow": 0.7,
                "draggable": false,
                "resizeable": false,
                "reorderable": false,
                "maxChar": 60
            },
            {
                "name": "Anticipated Appointment Date",
                "prop": "anticipatedAppointmentDate",
                "flexGrow": 0.7,
                "draggable": false,
                "resizeable": false,
                "reorderable": false,
                "maxChar": 60
            },
            {
                "name": "Loading Type",
                "prop": "loadingType",
                "flexGrow": 0.7,
                "draggable": false,
                "resizeable": false,
                "reorderable": false,
                "maxChar": 60
            },
            {
                "name": "Service",
                "prop": "businessUnitCodeserviceOfferingCode",
                "flexGrow": 0.7,
                "draggable": false,
                "resizeable": false,
                "reorderable": false,
                "maxChar": 60
            },
            {
                "name": "Order",
                "prop": "orderId",
                "flexGrow": 0.7,
                "draggable": false,
                "resizeable": false,
                "reorderable": false,
                "maxChar": 60
            },
            {
                "name": "Stop Number",
                "prop": "stopNumber",
                "flexGrow": 0.7,
                "draggable": false,
                "resizeable": false,
                "reorderable": false,
                "maxChar": 60
            },
            {
                "name": "Type",
                "prop": "type",
                "flexGrow": 0.7,
                "draggable": false,
                "resizeable": false,
                "reorderable": false,
                "maxChar": 60
            },
            {
                "name": "Shipment Origin",
                "prop": "orginAddress",
                "flexGrow": 0.7,
                "draggable": false,
                "resizeable": false,
                "reorderable": false,
                "maxChar": 60
            },
            {
                "name": "Shipment Destination",
                "prop": "destinationAddress",
                "flexGrow": 0.7,
                "draggable": false,
                "resizeable": false,
                "reorderable": false,
                "maxChar": 60
            },
            {
                "name": "Bill ToAccount",
                "prop": "billToAccount",
                "flexGrow": 0.7,
                "draggable": false,
                "resizeable": false,
                "reorderable": false,
                "maxChar": 60,
                "cellClass": "pull-right expanded-arrow"
            }
        ]
    },
    "edi": {
        "data": [{
                "name": "checkboxedCol",
                "flexGrow": 0.12,
                "sortable": false,
                "canAutoResize": true,
                "draggable": false,
                "resizeable": false,
                "headerCheckboxable": true,
                "checkboxable": true,
                "isVisible": false
            },
            {
                "name": "Trading Partner",
                "prop": "TradingPartner",
                "flexGrow": 0.7,
                "draggable": false,
                "resizeable": false,
                "reorderable": false,
                "isVisible": true
            },
            {
                "name": "National Account",
                "prop": "NationalAccount",
                "flexGrow": 0.7,
                "draggable": false,
                "resizeable": false,
                "reorderable": false,
                "isVisible": true
            },
            {
                "name": "Line Of Business",
                "prop": "LineOfBusiness",
                "flexGrow": 0.7,
                "draggable": false,
                "resizeable": false,
                "reorderable": false,
                "isVisible": true
            },
            {
                "name": "Bill To",
                "prop": "updatedOrigin",
                "flexGrow": 0.7,
                "draggable": false,
                "resizeable": false,
                "reorderable": false,
                "maxChar": 60,
                "isVisible": false
            },
            {
                "name": "Order Number",
                "prop": "OrderNumber",
                "flexGrow": 0.7,
                "draggable": false,
                "resizeable": false,
                "reorderable": false,
                "isVisible": false
            },
            {
                "name": "Order Owner",
                "prop": "OrderOwner",
                "flexGrow": 0.7,
                "draggable": false,
                "resizeable": false,
                "reorderable": false,
                "isVisible": false
            },
            {
                "name": "Error",
                "prop": "Error",
                "flexGrow": 0.7,
                "draggable": false,
                "resizeable": false,
                "reorderable": false,
                "isVisible": false
            },
            {
                "name": "Create Time Stamp",
                "prop": "CreateTimestamp",
                "flexGrow": 0.7,
                "draggable": false,
                "resizeable": false,
                "reorderable": false,
                "isVisible": false
            },
            {
                "name": "Stop Number",
                "prop": "stopNumber",
                "flexGrow": 0.7,
                "draggable": false,
                "resizeable": false,
                "reorderable": false,
                "isVisible": true,
                "cellClass": "pull-right expanded-arrow"
            },
            {
                "name": "Ship ID",
                "prop": "ShipID",
                "flexGrow": 0.7,
                "draggable": false,
                "resizeable": false,
                "reorderable": false,
                "isVisible": true
            }
        ]
    },
    "commitment": {
        "data": [{
                "name": "checkboxedCol",
                "flexGrow": 0.12,
                "sortable": false,
                "canAutoResize": true,
                "draggable": false,
                "resizeable": false,
                "headerCheckboxable": true,
                "checkboxable": true,
                "maxChar": 60,
                "isVisible": true
            },
            {
                "name": "Corporate Account",
                "prop": "Origin",
                "flexGrow": 0.7,
                "draggable": false,
                "resizeable": false,
                "reorderable": false,
                "maxChar": 60,
                "isVisible": true
            },
            {
                "name": "Origin",
                "prop": "OriginMarketingArea",
                "flexGrow": 0.7,
                "draggable": false,
                "resizeable": false,
                "reorderable": false,
                "maxChar": 60,
                "isVisible": true
            },
            {
                "name": "Destination",
                "prop": "DestinationMarketingArea",
                "flexGrow": 0.7,
                "draggable": false,
                "resizeable": false,
                "reorderable": false,
                "maxChar": 60,
                "isVisible": true
            },
            {
                "name": "Scheduled Amts.",
                "prop": "commit",
                "flexGrow": 0.7,
                "draggable": false,
                "resizeable": false,
                "reorderable": false,
                "maxChar": 60,
                "isVisible": true
            },
            {
                "name": "Type",
                "prop": "Schedule_Type",
                "flexGrow": 0.7,
                "draggable": false,
                "resizeable": false,
                "reorderable": false,
                "maxChar": 60,
                "isVisible": true
            },
            {
                "name": "Week to Date",
                "prop": "Week_to_Date_Commitment",
                "flexGrow": 0.7,
                "draggable": false,
                "resizeable": false,
                "reorderable": false,
                "maxChar": 60,
                "isVisible": true
            },
            {
                "name": "Commitment",
                "prop": "WeeklyCommitment",
                "flexGrow": 0.7,
                "draggable": false,
                "resizeable": false,
                "reorderable": false,
                "maxChar": 60,
                "isVisible": true
            },
            {
                "name": "BusinessUnit & ServiceOffering",
                "prop": "BusinessUnit_ServiceOffering",
                "flexGrow": 0.7,
                "draggable": false,
                "resizeable": false,
                "reorderable": false,
                "maxChar": 60,
                "isVisible": true
            },
            {
                "name": "Status",
                "prop": "Date",
                "flexGrow": 0.7,
                "draggable": false,
                "resizeable": false,
                "reorderable": false,
                "maxChar": 60,
                "isVisible": true,
                "cellClass": "pull-right expanded-arrow"
            },
            {
                "name": "Billing Party",
                "prop": "BillingParty",
                "flexGrow": 0.7,
                "draggable": false,
                "resizeable": false,
                "reorderable": false,
                "maxChar": 60,
                "isVisible": true
            },
            {
                "name": "National Account",
                "prop": "NationalAccount",
                "flexGrow": 0.7,
                "draggable": false,
                "resizeable": false,
                "reorderable": false,
                "maxChar": 60,
                "isVisible": true
            },

            {
                "name": "Fleet Type",
                "prop": "FleetType",
                "flexGrow": 0.7,
                "draggable": false,
                "resizeable": false,
                "reorderable": false,
                "maxChar": 60,
                "isVisible": true
            },
            {
                "name": "Order owner",
                "prop": "Order_owner",
                "flexGrow": 0.7,
                "draggable": false,
                "resizeable": false,
                "reorderable": false,
                "maxChar": 60,
                "isVisible": true
            },
            {
                "name": "Operational Owner",
                "prop": "Operational_Owner",
                "flexGrow": 0.7,
                "draggable": false,
                "resizeable": false,
                "reorderable": false,
                "maxChar": 60,
                "isVisible": true
            }
        ]
    },
    "rate": {
        "data": [{
                "name": "checkboxedCol",
                "flexGrow": 0.12,
                "sortable": false,
                "canAutoResize": true,
                "draggable": false,
                "resizeable": false,
                "headerCheckboxable": true,
                "checkboxable": true,
                "isVisible": true
            },
            {
                "name": "Order Number",
                "prop": "orderID",
                "flexGrow": 0.7,
                "draggable": false,
                "resizeable": false,
                "reorderable": false,
                "maxChar": 60
            },
            {
                "name": "Status",
                "prop": "taskType",
                "flexGrow": 0.7,
                "draggable": false,
                "resizeable": false,
                "reorderable": false,
                "maxChar": 60
            },
            {
                "name": "Origin",
                "prop": "origin",
                "flexGrow": 0.7,
                "draggable": false,
                "resizeable": false,
                "reorderable": false,
                "maxChar": 60
            },
            {
                "name": "Origin Market",
                "prop": "originMonitorArea",
                "flexGrow": 0.7,
                "draggable": false,
                "resizeable": false,
                "reorderable": false,
                "maxChar": 60
            },
            {
                "name": "Destination",
                "prop": "destination",
                "flexGrow": 0.7,
                "draggable": false,
                "resizeable": false,
                "reorderable": false,
                "maxChar": 60
            },
            {
                "name": "Destination Market",
                "prop": "destinationMonitorArea",
                "flexGrow": 0.7,
                "draggable": false,
                "resizeable": false,
                "reorderable": false,
                "maxChar": 60
            },
            {
                "name": "Operational Owner",
                "prop": "operationalOwner",
                "flexGrow": 0.7,
                "draggable": false,
                "resizeable": false,
                "reorderable": false,
                "maxChar": 60
            },
            {
                "name": "ship ID",
                "prop": "shipmentIdentificationNumber",
                "flexGrow": 0.7,
                "draggable": false,
                "resizeable": false,
                "reorderable": false,
                "maxChar": 60
            },
            {
                "name": "Reference Type",
                "prop": "referenceNumberTypeDescription",
                "flexGrow": 0.7,
                "draggable": false,
                "resizeable": false,
                "reorderable": false,
                "maxChar": 60
            },
            {
                "name": "Number of Stops",
                "prop": "numberOfStops",
                "flexGrow": 0.7,
                "draggable": false,
                "resizeable": false,
                "reorderable": false,
                "maxChar": 60
            },
            {
                "name": "Order Creator",
                "prop": "creatoruserID",
                "flexGrow": 0.7,
                "draggable": false,
                "resizeable": false,
                "reorderable": false,
                "maxChar": 60
            },
            {
                "name": "Order owner",
                "prop": "owneruserID",
                "flexGrow": 0.7,
                "draggable": false,
                "resizeable": false,
                "reorderable": false,
                "maxChar": 60
            },
            {
                "name": "National Account",
                "prop": "customerID",
                "flexGrow": 0.7,
                "draggable": false,
                "resizeable": false,
                "reorderable": false,
                "maxChar": 60
            },
            {
                "name": "Line of Business",
                "prop": "lineOfBusinessCode",
                "flexGrow": 0.7,
                "draggable": false,
                "resizeable": false,
                "reorderable": false,
                "maxChar": 60
            },
            {
                "name": "Billing Party",
                "prop": "partyName",
                "flexGrow": 0.7,
                "draggable": false,
                "resizeable": false,
                "reorderable": false,
                "maxChar": 60
            },
            {
                "name": "Requestor",
                "prop": "requestor",
                "flexGrow": 0.7,
                "draggable": false,
                "resizeable": false,
                "reorderable": false,
                "maxChar": 60
            },
            {
                "name": "Business Unit+Service Offering",
                "prop": "businessUnitCodeserviceOfferingCode",
                "flexGrow": 0.7,
                "draggable": false,
                "resizeable": false,
                "reorderable": false,
                "maxChar": 60
            },
            {
                "name": "ReconsignmentID",
                "prop": "reconsignmentID",
                "flexGrow": 0.7,
                "draggable": false,
                "resizeable": false,
                "reorderable": false,
                "maxChar": 60
            },
            {
                "name": "Fleet code",
                "prop": "fleetCode",
                "flexGrow": 0.7,
                "draggable": false,
                "resizeable": false,
                "reorderable": false,
                "maxChar": 60
            },
            {
                "name": "Load Number",
                "prop": "loadNumber",
                "flexGrow": 0.7,
                "draggable": false,
                "resizeable": false,
                "reorderable": false,
                "maxChar": 60
            },
            {
                "name": "Load Carrier",
                "prop": "carrierCode",
                "flexGrow": 0.7,
                "draggable": false,
                "resizeable": false,
                "reorderable": false,
                "maxChar": 60
            },
            {
                "name": "Load trailer",
                "prop": "equipmentPrefix",
                "flexGrow": 0.7,
                "draggable": false,
                "resizeable": false,
                "reorderable": false,
                "maxChar": 60
            },
            {
                "name": "Board Code",
                "prop": "boardcode",
                "flexGrow": 0.7,
                "draggable": false,
                "resizeable": false,
                "reorderable": false,
                "maxChar": 60
            },
            {
                "name": "Load Preplan note",
                "prop": "prePlan",
                "flexGrow": 0.7,
                "draggable": false,
                "resizeable": false,
                "reorderable": false,
                "maxChar": 60
            },
            {
                "name": "Scheduled Pickup",
                "prop": "schedulePickupTime",
                "flexGrow": 0.7,
                "draggable": false,
                "resizeable": false,
                "reorderable": false,
                "maxChar": 60
            },
            {
                "name": "Requested Pickup",
                "prop": "requestPickupTime",
                "flexGrow": 0.7,
                "draggable": false,
                "resizeable": false,
                "reorderable": false,
                "maxChar": 60
            },
            {
                "name": "Scheduled Delivery",
                "prop": "scheduleDeliveryTime",
                "flexGrow": 0.7,
                "draggable": false,
                "resizeable": false,
                "reorderable": false,
                "maxChar": 60
            },
            {
                "name": "Requested Delivery",
                "prop": "requestDeliveryTime",
                "flexGrow": 0.7,
                "draggable": false,
                "resizeable": false,
                "reorderable": false,
                "maxChar": 60
            },
            {
                "name": "Origin Ramp",
                "prop": "originRamp",
                "flexGrow": 0.7,
                "draggable": false,
                "resizeable": false,
                "reorderable": false,
                "maxChar": 60
            },
            {
                "name": "Destination Ramp",
                "prop": "destinationRamp",
                "flexGrow": 0.7,
                "draggable": false,
                "resizeable": false,
                "reorderable": false,
                "maxChar": 60
            },
            {
                "name": "Count of intermediate stops",
                "prop": "intermediateStopsCount",
                "flexGrow": 0.7,
                "draggable": false,
                "resizeable": false,
                "reorderable": false,
                "maxChar": 60
            },
            {
                "name": "Actual Deramp",
                "prop": "actualDeramp",
                "flexGrow": 0.7,
                "draggable": false,
                "resizeable": false,
                "reorderable": false,
                "maxChar": 60,
                "cellClass": "pull-right expanded-arrow"
            }
        ]
    },
    "dwell": {
        "data": [{
                "name": "checkboxedCol",
                "flexGrow": 0.12,
                "sortable": false,
                "canAutoResize": true,
                "draggable": false,
                "resizeable": false,
                "headerCheckboxable": true,
                "checkboxable": true,
                "isVisible": true
            },
            {
                "name": "Order Number",
                "prop": "orderID",
                "flexGrow": 0.7,
                "draggable": false,
                "resizeable": false,
                "reorderable": false,
                "maxChar": 60
            },
            {
                "name": "Status",
                "prop": "taskType",
                "flexGrow": 0.7,
                "draggable": false,
                "resizeable": false,
                "reorderable": false,
                "maxChar": 60
            },
            {
                "name": "Origin",
                "prop": "origin",
                "flexGrow": 0.7,
                "draggable": false,
                "resizeable": false,
                "reorderable": false,
                "maxChar": 60
            },
            {
                "name": "Origin Market",
                "prop": "originMonitorArea",
                "flexGrow": 0.7,
                "draggable": false,
                "resizeable": false,
                "reorderable": false,
                "maxChar": 60
            },
            {
                "name": "Destination",
                "prop": "destination",
                "flexGrow": 0.7,
                "draggable": false,
                "resizeable": false,
                "reorderable": false,
                "maxChar": 60
            },
            {
                "name": "Destination Market",
                "prop": "destinationMonitorArea",
                "flexGrow": 0.7,
                "draggable": false,
                "resizeable": false,
                "reorderable": false,
                "maxChar": 60
            },
            {
                "name": "Operational Owner",
                "prop": "operationalOwner",
                "flexGrow": 0.7,
                "draggable": false,
                "resizeable": false,
                "reorderable": false,
                "maxChar": 60
            },
            {
                "name": "ship ID",
                "prop": "shipmentIdentificationNumber",
                "flexGrow": 0.7,
                "draggable": false,
                "resizeable": false,
                "reorderable": false,
                "maxChar": 60
            },
            {
                "name": "Reference Type",
                "prop": "referenceNumberTypeDescription",
                "flexGrow": 0.7,
                "draggable": false,
                "resizeable": false,
                "reorderable": false,
                "maxChar": 60
            },
            {
                "name": "Number of Stops",
                "prop": "numberOfStops",
                "flexGrow": 0.7,
                "draggable": false,
                "resizeable": false,
                "reorderable": false,
                "maxChar": 60
            },
            {
                "name": "Order Creator",
                "prop": "creatoruserID",
                "flexGrow": 0.7,
                "draggable": false,
                "resizeable": false,
                "reorderable": false,
                "maxChar": 60
            },
            {
                "name": "Order owner",
                "prop": "owneruserID",
                "flexGrow": 0.7,
                "draggable": false,
                "resizeable": false,
                "reorderable": false,
                "maxChar": 60
            },
            {
                "name": "National Account",
                "prop": "customerID",
                "flexGrow": 0.7,
                "draggable": false,
                "resizeable": false,
                "reorderable": false,
                "maxChar": 60
            },
            {
                "name": "Line of Business",
                "prop": "lineOfBusinessCode",
                "flexGrow": 0.7,
                "draggable": false,
                "resizeable": false,
                "reorderable": false,
                "maxChar": 60
            },
            {
                "name": "Billing Party",
                "prop": "partyName",
                "flexGrow": 0.7,
                "draggable": false,
                "resizeable": false,
                "reorderable": false,
                "maxChar": 60
            },
            {
                "name": "Requestor",
                "prop": "requestor",
                "flexGrow": 0.7,
                "draggable": false,
                "resizeable": false,
                "reorderable": false,
                "maxChar": 60
            },
            {
                "name": "Business Unit+Service Offering",
                "prop": "businessUnitCodeserviceOfferingCode",
                "flexGrow": 0.7,
                "draggable": false,
                "resizeable": false,
                "reorderable": false,
                "maxChar": 60
            },
            {
                "name": "Fleet code",
                "prop": "fleetCode",
                "flexGrow": 0.7,
                "draggable": false,
                "resizeable": false,
                "reorderable": false,
                "maxChar": 60
            },
            {
                "name": "Load Number",
                "prop": "loadNumber",
                "flexGrow": 0.7,
                "draggable": false,
                "resizeable": false,
                "reorderable": false,
                "maxChar": 60
            },
            {
                "name": "Load Carrier",
                "prop": "carrierCode",
                "flexGrow": 0.7,
                "draggable": false,
                "resizeable": false,
                "reorderable": false,
                "maxChar": 60
            },
            {
                "name": "Load trailer",
                "prop": "equipmentPrefix",
                "flexGrow": 0.7,
                "draggable": false,
                "resizeable": false,
                "reorderable": false,
                "maxChar": 60
            },
            {
                "name": "Board Code",
                "prop": "boardcode",
                "flexGrow": 0.7,
                "draggable": false,
                "resizeable": false,
                "reorderable": false,
                "maxChar": 60
            },
            {
                "name": "Load Preplan note",
                "prop": "prePlan",
                "flexGrow": 0.7,
                "draggable": false,
                "resizeable": false,
                "reorderable": false,
                "maxChar": 60
            },
            {
                "name": "Scheduled Pickup",
                "prop": "schedulePickupTime",
                "flexGrow": 0.7,
                "draggable": false,
                "resizeable": false,
                "reorderable": false,
                "maxChar": 60
            },
            {
                "name": "Requested Pickup",
                "prop": "requestPickupTime",
                "flexGrow": 0.7,
                "draggable": false,
                "resizeable": false,
                "reorderable": false,
                "maxChar": 60
            },
            {
                "name": "Scheduled Delivery",
                "prop": "scheduleDeliveryTime",
                "flexGrow": 0.7,
                "draggable": false,
                "resizeable": false,
                "reorderable": false,
                "maxChar": 60
            },
            {
                "name": "Requested Delivery",
                "prop": "requestDeliveryTime",
                "flexGrow": 0.7,
                "draggable": false,
                "resizeable": false,
                "reorderable": false,
                "maxChar": 60
            },
            {
                "name": "Origin Ramp",
                "prop": "originRamp",
                "flexGrow": 0.7,
                "draggable": false,
                "resizeable": false,
                "reorderable": false,
                "maxChar": 60
            },
            {
                "name": "Destination Ramp",
                "prop": "destinationRamp",
                "flexGrow": 0.7,
                "draggable": false,
                "resizeable": false,
                "reorderable": false,
                "maxChar": 60
            },
            {
                "name": "Count of intermediate stops",
                "prop": "intermediateStopsCount",
                "flexGrow": 0.7,
                "draggable": false,
                "resizeable": false,
                "reorderable": false,
                "maxChar": 60
            },
            {
                "name": "Actual Deramp",
                "prop": "actualDeramp",
                "flexGrow": 0.7,
                "draggable": false,
                "resizeable": false,
                "reorderable": false,
                "maxChar": 60
            }
        ]
    },
    "service": {
        "data": [{
                "name": "checkboxedCol",
                "flexGrow": 0.12,
                "sortable": false,
                "canAutoResize": true,
                "draggable": false,
                "resizeable": false,
                "headerCheckboxable": true,
                "checkboxable": true,
                "isVisible": true
            },
            {
                "name": "Order Number",
                "prop": "orderID",
                "flexGrow": 0.7,
                "draggable": false,
                "resizeable": false,
                "reorderable": false,
                "maxChar": 60
            },
            {
                "name": "Bill To Account",
                "prop": "billTo",
                "flexGrow": 0.7,
                "draggable": false,
                "resizeable": false,
                "reorderable": false,
                "maxChar": 60,
                "isVisible": false
            },
            {
                "name": "Status",
                "prop": "taskType",
                "flexGrow": 0.7,
                "draggable": false,
                "resizeable": false,
                "reorderable": false,
                "maxChar": 60
            },
            {
                "name": "Origin",
                "prop": "origin",
                "flexGrow": 0.7,
                "draggable": false,
                "resizeable": false,
                "reorderable": false,
                "maxChar": 60
            },
            {
                "name": "Destination",
                "prop": "destination",
                "flexGrow": 0.7,
                "draggable": false,
                "resizeable": false,
                "reorderable": false,
                "maxChar": 60
            },
            {
                "name": "Stop Number",
                "prop": "numberOfStops",
                "flexGrow": 0.7,
                "draggable": false,
                "resizeable": false,
                "reorderable": false,
                "maxChar": 60
            },
            {
                "name": "Origin Market",
                "prop": "originMonitorArea",
                "flexGrow": 0.7,
                "draggable": false,
                "resizeable": false,
                "reorderable": false,
                "maxChar": 60
            },
            {
                "name": "Destination Market",
                "prop": "destinationMonitorArea",
                "flexGrow": 0.7,
                "draggable": false,
                "resizeable": false,
                "reorderable": false,
                "maxChar": 60
            },
            {
                "name": "Operational Owner",
                "prop": "operationalOwner",
                "flexGrow": 0.7,
                "draggable": false,
                "resizeable": false,
                "reorderable": false,
                "maxChar": 60
            },
            {
                "name": "ship ID",
                "prop": "shipmentIdentificationNumber",
                "flexGrow": 0.7,
                "draggable": false,
                "resizeable": false,
                "reorderable": false,
                "maxChar": 60
            },
            {
                "name": "Reference Type",
                "prop": "referenceNumberTypeDescription",
                "flexGrow": 0.7,
                "draggable": false,
                "resizeable": false,
                "reorderable": false,
                "maxChar": 60
            },
            {
                "name": "Order Creator",
                "prop": "creatoruserID",
                "flexGrow": 0.7,
                "draggable": false,
                "resizeable": false,
                "reorderable": false,
                "maxChar": 60
            },
            {
                "name": "Order owner",
                "prop": "owneruserID",
                "flexGrow": 0.7,
                "draggable": false,
                "resizeable": false,
                "reorderable": false,
                "maxChar": 60
            },
            {
                "name": "National Account",
                "prop": "customerID",
                "flexGrow": 0.7,
                "draggable": false,
                "resizeable": false,
                "reorderable": false,
                "maxChar": 60
            },
            {
                "name": "Line of Business",
                "prop": "lineOfBusinessCode",
                "flexGrow": 0.7,
                "draggable": false,
                "resizeable": false,
                "reorderable": false,
                "maxChar": 60
            },
            {
                "name": "Billing Party",
                "prop": "partyName",
                "flexGrow": 0.7,
                "draggable": false,
                "resizeable": false,
                "reorderable": false,
                "maxChar": 60
            },
            {
                "name": "Requestor",
                "prop": "requestor",
                "flexGrow": 0.7,
                "draggable": false,
                "resizeable": false,
                "reorderable": false,
                "maxChar": 60
            },
            {
                "name": "Business Unit+Service Offering",
                "prop": "businessUnitCodeserviceOfferingCode",
                "flexGrow": 0.7,
                "draggable": false,
                "resizeable": false,
                "reorderable": false,
                "maxChar": 60
            },
            {
                "name": "Fleet code",
                "prop": "fleetCode",
                "flexGrow": 0.7,
                "draggable": false,
                "resizeable": false,
                "reorderable": false,
                "maxChar": 60
            },
            {
                "name": "Load Number",
                "prop": "loadNumber",
                "flexGrow": 0.7,
                "draggable": false,
                "resizeable": false,
                "reorderable": false,
                "maxChar": 60
            },
            {
                "name": "Load Carrier",
                "prop": "carrierCode",
                "flexGrow": 0.7,
                "draggable": false,
                "resizeable": false,
                "reorderable": false,
                "maxChar": 60
            },
            {
                "name": "Load trailer",
                "prop": "equipmentPrefix",
                "flexGrow": 0.7,
                "draggable": false,
                "resizeable": false,
                "reorderable": false,
                "maxChar": 60
            },
            {
                "name": "Board Code",
                "prop": "boardcode",
                "flexGrow": 0.7,
                "draggable": false,
                "resizeable": false,
                "reorderable": false,
                "maxChar": 60
            },
            {
                "name": "Load Preplan note",
                "prop": "prePlan",
                "flexGrow": 0.7,
                "draggable": false,
                "resizeable": false,
                "reorderable": false,
                "maxChar": 60
            },
            {
                "name": "Scheduled Pickup",
                "prop": "schedulePickupTime",
                "flexGrow": 0.7,
                "draggable": false,
                "resizeable": false,
                "reorderable": false,
                "maxChar": 60
            },
            {
                "name": "Requested Pickup",
                "prop": "requestPickupTime",
                "flexGrow": 0.7,
                "draggable": false,
                "resizeable": false,
                "reorderable": false,
                "maxChar": 60
            },
            {
                "name": "Scheduled Delivery",
                "prop": "scheduleDeliveryTime",
                "flexGrow": 0.7,
                "draggable": false,
                "resizeable": false,
                "reorderable": false,
                "maxChar": 60
            },
            {
                "name": "Requested Delivery",
                "prop": "requestDeliveryTime",
                "flexGrow": 0.7,
                "draggable": false,
                "resizeable": false,
                "reorderable": false,
                "maxChar": 60
            },
            {
                "name": "Origin Ramp",
                "prop": "originRamp",
                "flexGrow": 0.7,
                "draggable": false,
                "resizeable": false,
                "reorderable": false,
                "maxChar": 60
            },
            {
                "name": "Destination Ramp",
                "prop": "destinationRamp",
                "flexGrow": 0.7,
                "draggable": false,
                "resizeable": false,
                "reorderable": false,
                "maxChar": 60
            },
            {
                "name": "Count of intermediate stops",
                "prop": "intermediateStopsCount",
                "flexGrow": 0.7,
                "draggable": false,
                "resizeable": false,
                "reorderable": false,
                "maxChar": 60
            },
            {
                "name": "Actual Deramp",
                "prop": "actualDeramp",
                "flexGrow": 0.7,
                "draggable": false,
                "resizeable": false,
                "reorderable": false,
                "maxChar": 60
            }
        ]
    },
    "slashLoad": {
        "data": [{
                "name": "checkboxedCol",
                "flexGrow": 0.12,
                "sortable": false,
                "canAutoResize": true,
                "draggable": false,
                "resizeable": false,
                "headerCheckboxable": true,
                "checkboxable": true,
                "isVisible": true
            },
            {
                "name": "Order Number",
                "prop": "orderID",
                "flexGrow": 0.7,
                "draggable": false,
                "resizeable": false,
                "reorderable": false,
                "maxChar": 60
            },
            {
                "name": "Status",
                "prop": "taskType",
                "flexGrow": 0.7,
                "draggable": false,
                "resizeable": false,
                "reorderable": false,
                "maxChar": 60
            },
            {
                "name": "Origin",
                "prop": "origin",
                "flexGrow": 0.7,
                "draggable": false,
                "resizeable": false,
                "reorderable": false,
                "maxChar": 60
            },
            {
                "name": "Origin Market",
                "prop": "originMonitorArea",
                "flexGrow": 0.7,
                "draggable": false,
                "resizeable": false,
                "reorderable": false,
                "maxChar": 60
            },
            {
                "name": "Destination",
                "prop": "destination",
                "flexGrow": 0.7,
                "draggable": false,
                "resizeable": false,
                "reorderable": false,
                "maxChar": 60
            },
            {
                "name": "Destination Market",
                "prop": "destinationMonitorArea",
                "flexGrow": 0.7,
                "draggable": false,
                "resizeable": false,
                "reorderable": false,
                "maxChar": 60
            },
            {
                "name": "Operational Owner",
                "prop": "operationalOwner",
                "flexGrow": 0.7,
                "draggable": false,
                "resizeable": false,
                "reorderable": false,
                "maxChar": 60
            },
            {
                "name": "ship ID",
                "prop": "shipmentIdentificationNumber",
                "flexGrow": 0.7,
                "draggable": false,
                "resizeable": false,
                "reorderable": false,
                "maxChar": 60
            },
            {
                "name": "Reference Type",
                "prop": "referenceNumberTypeDescription",
                "flexGrow": 0.7,
                "draggable": false,
                "resizeable": false,
                "reorderable": false,
                "maxChar": 60
            },
            {
                "name": "Number of Stops",
                "prop": "numberOfStops",
                "flexGrow": 0.7,
                "draggable": false,
                "resizeable": false,
                "reorderable": false,
                "maxChar": 60
            },
            {
                "name": "Order Creator",
                "prop": "creatoruserID",
                "flexGrow": 0.7,
                "draggable": false,
                "resizeable": false,
                "reorderable": false,
                "maxChar": 60
            },
            {
                "name": "Order owner",
                "prop": "owneruserID",
                "flexGrow": 0.7,
                "draggable": false,
                "resizeable": false,
                "reorderable": false,
                "maxChar": 60
            },
            {
                "name": "National Account",
                "prop": "customerID",
                "flexGrow": 0.7,
                "draggable": false,
                "resizeable": false,
                "reorderable": false,
                "maxChar": 60
            },
            {
                "name": "Line of Business",
                "prop": "lineOfBusinessCode",
                "flexGrow": 0.7,
                "draggable": false,
                "resizeable": false,
                "reorderable": false,
                "maxChar": 60
            },
            {
                "name": "Billing Party",
                "prop": "partyName",
                "flexGrow": 0.7,
                "draggable": false,
                "resizeable": false,
                "reorderable": false,
                "maxChar": 60
            },
            {
                "name": "Requestor",
                "prop": "requestor",
                "flexGrow": 0.7,
                "draggable": false,
                "resizeable": false,
                "reorderable": false,
                "maxChar": 60
            },
            {
                "name": "Business Unit+Service Offering",
                "prop": "businessUnitCodeserviceOfferingCode",
                "flexGrow": 0.7,
                "draggable": false,
                "resizeable": false,
                "reorderable": false,
                "maxChar": 60
            },
            {
                "name": "Fleet code",
                "prop": "fleetCode",
                "flexGrow": 0.7,
                "draggable": false,
                "resizeable": false,
                "reorderable": false,
                "maxChar": 60
            },
            {
                "name": "Load Number",
                "prop": "loadNumber",
                "flexGrow": 0.7,
                "draggable": false,
                "resizeable": false,
                "reorderable": false,
                "maxChar": 60
            },
            {
                "name": "Load Carrier",
                "prop": "carrierCode",
                "flexGrow": 0.7,
                "draggable": false,
                "resizeable": false,
                "reorderable": false,
                "maxChar": 60
            },
            {
                "name": "Load trailer",
                "prop": "equipmentPrefix",
                "flexGrow": 0.7,
                "draggable": false,
                "resizeable": false,
                "reorderable": false,
                "maxChar": 60
            },
            {
                "name": "Board Code",
                "prop": "boardcode",
                "flexGrow": 0.7,
                "draggable": false,
                "resizeable": false,
                "reorderable": false,
                "maxChar": 60
            },
            {
                "name": "Load Preplan note",
                "prop": "prePlan",
                "flexGrow": 0.7,
                "draggable": false,
                "resizeable": false,
                "reorderable": false,
                "maxChar": 60
            },
            {
                "name": "Scheduled Pickup",
                "prop": "schedulePickupTime",
                "flexGrow": 0.7,
                "draggable": false,
                "resizeable": false,
                "reorderable": false,
                "maxChar": 60
            },
            {
                "name": "Requested Pickup",
                "prop": "requestPickupTime",
                "flexGrow": 0.7,
                "draggable": false,
                "resizeable": false,
                "reorderable": false,
                "maxChar": 60
            },
            {
                "name": "Scheduled Delivery",
                "prop": "scheduleDeliveryTime",
                "flexGrow": 0.7,
                "draggable": false,
                "resizeable": false,
                "reorderable": false,
                "maxChar": 60
            },
            {
                "name": "Requested Delivery",
                "prop": "requestDeliveryTime",
                "flexGrow": 0.7,
                "draggable": false,
                "resizeable": false,
                "reorderable": false,
                "maxChar": 60
            },
            {
                "name": "Origin Ramp",
                "prop": "originRamp",
                "flexGrow": 0.7,
                "draggable": false,
                "resizeable": false,
                "reorderable": false,
                "maxChar": 60
            },
            {
                "name": "Destination Ramp",
                "prop": "destinationRamp",
                "flexGrow": 0.7,
                "draggable": false,
                "resizeable": false,
                "reorderable": false,
                "maxChar": 60
            },
            {
                "name": "Count of intermediate stops",
                "prop": "intermediateStopsCount",
                "flexGrow": 0.7,
                "draggable": false,
                "resizeable": false,
                "reorderable": false,
                "maxChar": 60
            },
            {
                "name": "Actual Deramp",
                "prop": "actualDeramp",
                "flexGrow": 0.7,
                "draggable": false,
                "resizeable": false,
                "reorderable": false,
                "maxChar": 60
            }
        ]
    }
}