[{
      "index": 0,
      "title": "Order Number",
      "key": "opportunity-Origintest.test",
      "componentType": "lsitType",
      "url":""
    }, {
      "index": 1,
      "title": "Order Status",
      "key": "opportunity-Origintest.test",
      "componentType": "lsitType",
      "url":""
    }, {
      "index": 2,
      "title": "Order Status Reason Code",
      "key": "opportunity-Origintest.test",
      "componentType": "lsitType",
      "url":""
    }, {
      "index": 3,
      "title": "Shipment Identification Number",
      "key": "opportunity-Origintest.test",
      "componentType": "lsitType",
      "url":""
    }, {
      "index": 4,
       "title": "UCR Type",
      "key": "opportunity-Origintest.test",
      "componentType": "lsitType",
      "url":""
    }, {
      "index": 5,
      "title": "View UCR details",
      "key": "opportunity-Origintest.test",
      "componentType": "lsitType",
      "url":""
    }, {
      "index": 6,
      "title": "Opportunity Indicator",
      "key": "opportunity-Origintest.test",
      "componentType": "lsitType",
      "url":""
    }, {
      "index": 7,
      "title": "Remaining Time To Expire",
      "key": "opportunity-Origintest.test",
      "componentType": "lsitType",
      "url":""
    }, {
      "index": 8,
      "title": "Must Respond By Time",
      "key": "opportunity-Origintest.test",
      "componentType": "lsitType",
      "url":""
    }, {
      "index": 9,
      "title": "Origin Site Code",
      "key": "opportunity-Origintest.test",
      "componentType": "lsitType",
      "url":""
    }]