[{
      "index": 0,
      "title": "Order Number",
      "key": "opportunity-Origintest.test",
      "componentType": "lsitType",
      "url":""
    }, {
      "index": 1,
      "title": "Exception Status",
      "key": "opportunity-Origintest.test",
      "componentType": "lsitType",
      "url":""
    }, {
      "index": 2,
      "title": "Exception Name",
      "key": "opportunity-Origintest.test",
      "componentType": "lsitType",
      "url":""
    }, {
      "index": 3,
      "title": "ShipID",
      "key": "opportunity-Origintest.test",
      "componentType": "lsitType",
      "url":""
    }, {
      "index": 4,
       "title": "ReferenceType BOL",
      "key": "opportunity-Origintest.test",
      "componentType": "lsitType",
      "url":""
    }, {
      "index": 5,
      "title": "ReferenceType PO",
      "key": "opportunity-Origintest.test",
      "componentType": "lsitType",
      "url":""
    }, {
      "index": 6,
      "title": "Number of Stops",
      "key": "opportunity-Origintest.test",
      "componentType": "lsitType",
      "url":""
    }, {
      "index": 7,
      "title": "Order Creator",
      "key": "opportunity-Origintest.test",
      "componentType": "lsitType",
      "url":""
    }, {
      "index": 8,
      "title": "Order Owner",
      "key": "opportunity-Origintest.test",
      "componentType": "lsitType",
      "url":""
    }, {
      "index": 9,
      "title": "National Account",
      "key": "opportunity-Origintest.test",
      "componentType": "lsitType",
      "url":""
    }]