[{
	"Bill To": {
		"_source": [
			"PartyID"
		],
		"query": {
			"bool": {
				"must": [{
						"multi_match": {
							"fields": [
								"PartyID"
							],
							"query": "2",
							"type": "phrase_prefix"
						}
					},
					{
						"nested": {
							"path": "partyaddresses",
							"query": {
								"match": {
									"partyaddresses.PartyRoleTypeDescription": "BILL TO"
								}
							}
						}
					}
				]
			}
		},
		"from": "0",
		"size": "8"
	},
	"Solicitor": {
		"_source": [
			"PartyID"
		],
		"query": {
			"bool": {
				"must": [{
						"multi_match": {
							"fields": [
								"PartyID"
							],
							"query": "2",
							"type": "phrase_prefix"
						}
					},
					{
						"nested": {
							"path": "partyaddresses",
							"query": {
								"match": {
									"partyaddresses.PartyRoleTypeDescription": "SOLICITOR"
								}
							}
						}
					}
				]
			}
		},
		"from": "0",
		"size": "8"
	},
	"Code Ramp": {
		"_source": [
			"LocationName"
		],
		"query": {
			"bool": {
				"must": [{
					"multi_match": {
						"fields": [
							"LocationName"
						],
						"query": "",
						"type": "phrase_prefix"
					}
				}]
			}
		},
		"from": "0",
		"size": "8"
	},
	"Area": {
		"_source": [
			"Areaname"
		],
		"query": {
			"bool": {
				"must": [{
					"multi_match": {
						"fields": [
							"Areaname"
						],
						"query": "",
						"type": "phrase_prefix"
					}
				}]
			}
		},
		"from": "0",
		"size": "8"
	},
	"Owner": {
		"_source": [
			"firstName",
			"lastName"
		],
		"query": {
			"bool": {
				"must": [{
					"multi_match": {
						"fields": [
							"firstName",
							"lastName"
						],
						"query": "a",
						"type": "phrase_prefix"
					}
				}]
			}
		},
		"from": "0",
		"size": "8"
	}
}]