{
  "_embedded": {
    "appointmentSetReasons": [
      {
        "appointmentSetReasonCode": "B0",
        "appointmentSetReasonDescription": "Nc-Shipment Delayed-Unable To Locate",
        "effectiveTimestamp": "2015-12-31T18:00:00",
        "expirationTimestamp": "2199-12-31T17:59:59",
        "lastUpdateTimestampString": "2017-03-31T23:39:14.7133963",
        "_links": {
          "self": {
            "href": "http://localhost:8088/ordermanagementorderservices/appointmentSetReasons/B0"
          },
          "appointmentSetReason": {
            "href": "http://localhost:8088/ordermanagementorderservices/appointmentSetReasons/B0"
          },
          "appointmentSetReasonCategory": {
            "href": "http://localhost:8088/ordermanagementorderservices/appointmentSetReasons/B0/appointmentSetReasonCategory"
          }
        }
        },
        {
        "appointmentSetReasonCode": "A0",
        "appointmentSetReasonDescription": "Nc-Shipment Delayed-Unable To Locate-01",
        "effectiveTimestamp": "2015-12-31T18:00:00",
        "expirationTimestamp": "2199-12-31T17:59:59",
        "lastUpdateTimestampString": "2017-03-31T23:39:14.7133963",
        "_links": {
          "self": {
            "href": "http://localhost:8088/ordermanagementorderservices/appointmentSetReasons/B0"
          },
          "appointmentSetReason": {
            "href": "http://localhost:8088/ordermanagementorderservices/appointmentSetReasons/B0"
          },
          "appointmentSetReasonCategory": {
            "href": "http://localhost:8088/ordermanagementorderservices/appointmentSetReasons/B0/appointmentSetReasonCategory"
          }
        }
        },
        {
        "appointmentSetReasonCode": "C0",
        "appointmentSetReasonDescription": "Nc-Shipment Delayed-Unable To Locate-02",
        "effectiveTimestamp": "2015-12-31T18:00:00",
        "expirationTimestamp": "2199-12-31T17:59:59",
        "lastUpdateTimestampString": "2017-03-31T23:39:14.7133963",
        "_links": {
          "self": {
            "href": "http://localhost:8088/ordermanagementorderservices/appointmentSetReasons/B0"
          },
          "appointmentSetReason": {
            "href": "http://localhost:8088/ordermanagementorderservices/appointmentSetReasons/B0"
          },
          "appointmentSetReasonCategory": {
            "href": "http://localhost:8088/ordermanagementorderservices/appointmentSetReasons/B0/appointmentSetReasonCategory"
          }
        }
        }]
	}
}