[ {
  "stop" : {
    "@id" : 1,
    "stopID" : 1,
    "locationID" : 12345,
    "locationContactID" : 1,
    "locationContactType" : "Phone",
    "highCostDeliveryIndicator" : null,
    "stopReason" : "PICKUP",
    "stopSequenceNumber" : 1,
    "totalStopWeight" : 1083088.0000,
    "unitOfWeightMeasurementCode" : "Grams",
    "initialOfferedDate" : "2017-03-20",
    "order" : null,
    "stopCharges" : null,
    "stopComments" : null,
    "stopServices" : [ ],
    "stopReferenceNumbers" : null,
    "appointment" : null,
    "stopItemHandlingDetailAssociation" : null,
    "stopAdditionalInstructions" : null,
    "lastUpdateTimestampString" : "2017-05-06T02:46:03.038"
  },
  "stopMiles" : 0.0,
  "totalStopMiles" : null,
  "totalOrderWeight" : 1083120.0,
  "totalStopWeight" : 1083088.0,
  "locationDTO" : {
    "partyID" : 12345,
    "partyName" : "COCO-COLA",
    "partyType" : "shipper",
    "partyStatus" : "yes",
    "addressDTO" : {
      "addressLineOne" : " ",
      "addressLineTwo" : " ",
      "city" : "NY",
      "state" : "Indiana",
      "zipCode" : "72742",
      "country" : "USA",
      "cityID" : "1234"
    },
    "contactDTO" : {
      "contactId" : 12345,
      "contactValue" : "972-731-4500",
      "contactType" : "ORDER CONTACT",
      "contactName" : "",
      "contactMethod" : "TELEPHONE",
      "locationCode" : null,
      "firstName" : null,
      "marketingArea" : null,
      "lastName" : null,
      "profileCode" : "Operations",
      "profileName" : null
    }
  },
  "link" : {
    "rel" : "stopDetail",
    "href" : "http://ordermanagementorderservices-dev.jbhunt.com/ordermanagementorderservices/orders/1/stops/1"
  },
  "marketingArea" : null,
  "itemHandlingDetailDTOs" : null,
  "stopStatus" : null
}, {
  "stop" : {
    "@id" : 2,
    "stopID" : 4,
    "locationID" : 1234,
    "locationContactID" : 1,
    "locationContactType" : "LocConType",
    "highCostDeliveryIndicator" : null,
    "stopReason" : "DELIVERY",
    "stopSequenceNumber" : 2,
    "totalStopWeight" : 258.0000,
    "unitOfWeightMeasurementCode" : "gram",
    "initialOfferedDate" : null,
    "order" : null,
    "stopCharges" : null,
    "stopComments" : null,
    "stopServices" : [ ],
    "stopReferenceNumbers" : null,
    "appointment" : null,
    "stopItemHandlingDetailAssociation" : null,
    "stopAdditionalInstructions" : null,
    "lastUpdateTimestampString" : "2017-05-02T02:14:46.787"
  },
  "stopMiles" : 0.0,
  "totalStopMiles" : null,
  "totalOrderWeight" : null,
  "totalStopWeight" : 258.0,
  "locationDTO" : {
    "partyID" : 1234,
    "partyName" : "COCO-COLA",
    "partyType" : "shipper",
    "partyStatus" : "yes",
    "addressDTO" : {
      "addressLineOne" : " ",
      "addressLineTwo" : " ",
      "city" : "NY",
      "state" : "Indiana",
      "zipCode" : "72742",
      "country" : "USA",
      "cityID" : "1234"
    },
    "contactDTO" : {
      "contactId" : 12345,
      "contactValue" : "972-731-4500",
      "contactType" : "ORDER CONTACT",
      "contactName" : "",
      "contactMethod" : "TELEPHONE",
      "locationCode" : null,
      "firstName" : null,
      "marketingArea" : null,
      "lastName" : null,
      "profileCode" : "Operations",
      "profileName" : null
    }
  },
  "link" : {
    "rel" : "stopDetail",
    "href" : "http://ordermanagementorderservices-dev.jbhunt.com/ordermanagementorderservices/orders/1/stops/4"
  },
  "marketingArea" : null,
  "itemHandlingDetailDTOs" : null,
  "stopStatus" : null
}, {
  "stop" : {
    "@id" : 3,
    "stopID" : 11,
    "locationID" : 1,
    "locationContactID" : 1,
    "locationContactType" : "LocConType",
    "highCostDeliveryIndicator" : null,
    "stopReason" : "DELIVERY",
    "stopSequenceNumber" : 5,
    "totalStopWeight" : 1.0000,
    "unitOfWeightMeasurementCode" : "gram",
    "initialOfferedDate" : null,
    "order" : null,
    "stopCharges" : null,
    "stopComments" : null,
    "stopServices" : [ ],
    "stopReferenceNumbers" : null,
    "appointment" : null,
    "stopItemHandlingDetailAssociation" : null,
    "stopAdditionalInstructions" : null,
    "lastUpdateTimestampString" : "2017-04-11T10:03:35.126"
  },
  "stopMiles" : 0.0,
  "totalStopMiles" : null,
  "totalOrderWeight" : null,
  "totalStopWeight" : 1.0,
  "locationDTO" : {
    "partyID" : 1,
    "partyName" : "COCO-COLA",
    "partyType" : "shipper",
    "partyStatus" : "yes",
    "addressDTO" : {
      "addressLineOne" : " ",
      "addressLineTwo" : " ",
      "city" : "NY",
      "state" : "Indiana",
      "zipCode" : "72742",
      "country" : "USA",
      "cityID" : "1234"
    },
    "contactDTO" : {
      "contactId" : 12345,
      "contactValue" : "972-731-4500",
      "contactType" : "ORDER CONTACT",
      "contactName" : "",
      "contactMethod" : "TELEPHONE",
      "locationCode" : null,
      "firstName" : null,
      "marketingArea" : null,
      "lastName" : null,
      "profileCode" : "Operations",
      "profileName" : null
    }
  },
  "link" : {
    "rel" : "stopDetail",
    "href" : "http://ordermanagementorderservices-dev.jbhunt.com/ordermanagementorderservices/orders/1/stops/11"
  },
  "marketingArea" : null,
  "itemHandlingDetailDTOs" : null,
  "stopStatus" : null
}, {
  "stop" : {
    "@id" : 4,
    "stopID" : 12,
    "locationID" : 1,
    "locationContactID" : 1,
    "locationContactType" : "LocConType",
    "highCostDeliveryIndicator" : null,
    "stopReason" : "Pickup",
    "stopSequenceNumber" : 3,
    "totalStopWeight" : 1.0000,
    "unitOfWeightMeasurementCode" : "gram",
    "initialOfferedDate" : null,
    "order" : null,
    "stopCharges" : null,
    "stopComments" : null,
    "stopServices" : [ ],
    "stopReferenceNumbers" : null,
    "appointment" : null,
    "stopItemHandlingDetailAssociation" : null,
    "stopAdditionalInstructions" : null,
    "lastUpdateTimestampString" : "2017-04-11T10:03:35.127"
  },
  "stopMiles" : 0.0,
  "totalStopMiles" : null,
  "totalOrderWeight" : null,
  "totalStopWeight" : 1.0,
  "locationDTO" : {
    "partyID" : 1,
    "partyName" : "COCO-COLA",
    "partyType" : "shipper",
    "partyStatus" : "yes",
    "addressDTO" : {
      "addressLineOne" : " ",
      "addressLineTwo" : " ",
      "city" : "NY",
      "state" : "Indiana",
      "zipCode" : "72742",
      "country" : "USA",
      "cityID" : "1234"
    },
    "contactDTO" : {
      "contactId" : 12345,
      "contactValue" : "972-731-4500",
      "contactType" : "ORDER CONTACT",
      "contactName" : "",
      "contactMethod" : "TELEPHONE",
      "locationCode" : null,
      "firstName" : null,
      "marketingArea" : null,
      "lastName" : null,
      "profileCode" : "Operations",
      "profileName" : null
    }
  },
  "link" : {
    "rel" : "stopDetail",
    "href" : "http://ordermanagementorderservices-dev.jbhunt.com/ordermanagementorderservices/orders/1/stops/12"
  },
  "marketingArea" : null,
  "itemHandlingDetailDTOs" : null,
  "stopStatus" : null
}, {
  "stop" : {
    "@id" : 5,
    "stopID" : 13,
    "locationID" : 1,
    "locationContactID" : 1,
    "locationContactType" : "LocConType",
    "highCostDeliveryIndicator" : null,
    "stopReason" : "Pickup",
    "stopSequenceNumber" : 4,
    "totalStopWeight" : 1.0000,
    "unitOfWeightMeasurementCode" : "gram",
    "initialOfferedDate" : null,
    "order" : null,
    "stopCharges" : null,
    "stopComments" : null,
    "stopServices" : [ ],
    "stopReferenceNumbers" : null,
    "appointment" : null,
    "stopItemHandlingDetailAssociation" : null,
    "stopAdditionalInstructions" : null,
    "lastUpdateTimestampString" : "2017-04-11T10:03:35.127"
  },
  "stopMiles" : 0.0,
  "totalStopMiles" : null,
  "totalOrderWeight" : null,
  "totalStopWeight" : 1.0,
  "locationDTO" : {
    "partyID" : 1,
    "partyName" : "COCO-COLA",
    "partyType" : "shipper",
    "partyStatus" : "yes",
    "addressDTO" : {
      "addressLineOne" : " ",
      "addressLineTwo" : " ",
      "city" : "NY",
      "state" : "Indiana",
      "zipCode" : "72742",
      "country" : "USA",
      "cityID" : "1234"
    },
    "contactDTO" : {
      "contactId" : 12345,
      "contactValue" : "972-731-4500",
      "contactType" : "ORDER CONTACT",
      "contactName" : "",
      "contactMethod" : "TELEPHONE",
      "locationCode" : null,
      "firstName" : null,
      "marketingArea" : null,
      "lastName" : null,
      "profileCode" : "Operations",
      "profileName" : null
    }
  },
  "link" : {
    "rel" : "stopDetail",
    "href" : "http://ordermanagementorderservices-dev.jbhunt.com/ordermanagementorderservices/orders/1/stops/13"
  },
  "marketingArea" : null,
  "itemHandlingDetailDTOs" : null,
  "stopStatus" : null
}, {
  "stop" : {
    "@id" : 6,
    "stopID" : 14,
    "locationID" : 1,
    "locationContactID" : 1,
    "locationContactType" : "LocConType",
    "highCostDeliveryIndicator" : null,
    "stopReason" : "Delivery",
    "stopSequenceNumber" : 6,
    "totalStopWeight" : 1.0000,
    "unitOfWeightMeasurementCode" : "gram",
    "initialOfferedDate" : null,
    "order" : null,
    "stopCharges" : null,
    "stopComments" : null,
    "stopServices" : [ ],
    "stopReferenceNumbers" : null,
    "appointment" : null,
    "stopItemHandlingDetailAssociation" : null,
    "stopAdditionalInstructions" : null,
    "lastUpdateTimestampString" : "2017-04-11T09:50:16.602"
  },
  "stopMiles" : 0.0,
  "totalStopMiles" : null,
  "totalOrderWeight" : null,
  "totalStopWeight" : 1.0,
  "locationDTO" : {
    "partyID" : 1,
    "partyName" : "COCO-COLA",
    "partyType" : "shipper",
    "partyStatus" : "yes",
    "addressDTO" : {
      "addressLineOne" : " ",
      "addressLineTwo" : " ",
      "city" : "NY",
      "state" : "Indiana",
      "zipCode" : "72742",
      "country" : "USA",
      "cityID" : "1234"
    },
    "contactDTO" : {
      "contactId" : 12345,
      "contactValue" : "972-731-4500",
      "contactType" : "ORDER CONTACT",
      "contactName" : "",
      "contactMethod" : "TELEPHONE",
      "locationCode" : null,
      "firstName" : null,
      "marketingArea" : null,
      "lastName" : null,
      "profileCode" : "Operations",
      "profileName" : null
    }
  },
  "link" : {
    "rel" : "stopDetail",
    "href" : "http://ordermanagementorderservices-dev.jbhunt.com/ordermanagementorderservices/orders/1/stops/14"
  },
  "marketingArea" : null,
  "itemHandlingDetailDTOs" : null,
  "stopStatus" : null
}, {
  "stop" : {
    "@id" : 7,
    "stopID" : 15,
    "locationID" : 1,
    "locationContactID" : 1,
    "locationContactType" : "LocConType",
    "highCostDeliveryIndicator" : null,
    "stopReason" : "Delivery",
    "stopSequenceNumber" : 7,
    "totalStopWeight" : 1.0000,
    "unitOfWeightMeasurementCode" : "gram",
    "initialOfferedDate" : null,
    "order" : null,
    "stopCharges" : null,
    "stopComments" : null,
    "stopServices" : [ ],
    "stopReferenceNumbers" : null,
    "appointment" : null,
    "stopItemHandlingDetailAssociation" : null,
    "stopAdditionalInstructions" : null,
    "lastUpdateTimestampString" : "2017-04-07T02:23:24.72"
  },
  "stopMiles" : 0.0,
  "totalStopMiles" : null,
  "totalOrderWeight" : null,
  "totalStopWeight" : 1.0,
  "locationDTO" : {
    "partyID" : 1,
    "partyName" : "COCO-COLA",
    "partyType" : "shipper",
    "partyStatus" : "yes",
    "addressDTO" : {
      "addressLineOne" : " ",
      "addressLineTwo" : " ",
      "city" : "NY",
      "state" : "Indiana",
      "zipCode" : "72742",
      "country" : "USA",
      "cityID" : "1234"
    },
    "contactDTO" : {
      "contactId" : 12345,
      "contactValue" : "972-731-4500",
      "contactType" : "ORDER CONTACT",
      "contactName" : "",
      "contactMethod" : "TELEPHONE",
      "locationCode" : null,
      "firstName" : null,
      "marketingArea" : null,
      "lastName" : null,
      "profileCode" : "Operations",
      "profileName" : null
    }
  },
  "link" : {
    "rel" : "stopDetail",
    "href" : "http://ordermanagementorderservices-dev.jbhunt.com/ordermanagementorderservices/orders/1/stops/15"
  },
  "marketingArea" : null,
  "itemHandlingDetailDTOs" : null,
  "stopStatus" : null
}, {
  "stop" : {
    "@id" : 8,
    "stopID" : 61,
    "locationID" : 1,
    "locationContactID" : 1,
    "locationContactType" : "Phone",
    "highCostDeliveryIndicator" : "N",
    "stopReason" : "PICKUP",
    "stopSequenceNumber" : 8,
    "totalStopWeight" : 10.0000,
    "unitOfWeightMeasurementCode" : "Grams",
    "initialOfferedDate" : "2017-03-20",
    "order" : null,
    "stopCharges" : null,
    "stopComments" : null,
    "stopServices" : [ ],
    "stopReferenceNumbers" : null,
    "appointment" : null,
    "stopItemHandlingDetailAssociation" : null,
    "stopAdditionalInstructions" : null,
    "lastUpdateTimestampString" : "2017-04-12T04:10:52.299"
  },
  "stopMiles" : 0.0,
  "totalStopMiles" : null,
  "totalOrderWeight" : null,
  "totalStopWeight" : 10.0,
  "locationDTO" : {
    "partyID" : 1,
    "partyName" : "COCO-COLA",
    "partyType" : "shipper",
    "partyStatus" : "yes",
    "addressDTO" : {
      "addressLineOne" : " ",
      "addressLineTwo" : " ",
      "city" : "NY",
      "state" : "Indiana",
      "zipCode" : "72742",
      "country" : "USA",
      "cityID" : "1234"
    },
    "contactDTO" : {
      "contactId" : 12345,
      "contactValue" : "972-731-4500",
      "contactType" : "ORDER CONTACT",
      "contactName" : "",
      "contactMethod" : "TELEPHONE",
      "locationCode" : null,
      "firstName" : null,
      "marketingArea" : null,
      "lastName" : null,
      "profileCode" : "Operations",
      "profileName" : null
    }
  },
  "link" : {
    "rel" : "stopDetail",
    "href" : "http://ordermanagementorderservices-dev.jbhunt.com/ordermanagementorderservices/orders/1/stops/61"
  },
  "marketingArea" : null,
  "itemHandlingDetailDTOs" : null,
  "stopStatus" : null
}, {
  "stop" : {
    "@id" : 9,
    "stopID" : 62,
    "locationID" : 1,
    "locationContactID" : 1,
    "locationContactType" : "Phone",
    "highCostDeliveryIndicator" : "N",
    "stopReason" : "PICKUP",
    "stopSequenceNumber" : 9,
    "totalStopWeight" : 10.0000,
    "unitOfWeightMeasurementCode" : "Grams",
    "initialOfferedDate" : "2017-03-20",
    "order" : null,
    "stopCharges" : null,
    "stopComments" : null,
    "stopServices" : [ ],
    "stopReferenceNumbers" : null,
    "appointment" : null,
    "stopItemHandlingDetailAssociation" : null,
    "stopAdditionalInstructions" : null,
    "lastUpdateTimestampString" : "2017-04-12T04:15:54.651"
  },
  "stopMiles" : 0.0,
  "totalStopMiles" : null,
  "totalOrderWeight" : null,
  "totalStopWeight" : 10.0,
  "locationDTO" : {
    "partyID" : 1,
    "partyName" : "COCO-COLA",
    "partyType" : "shipper",
    "partyStatus" : "yes",
    "addressDTO" : {
      "addressLineOne" : " ",
      "addressLineTwo" : " ",
      "city" : "NY",
      "state" : "Indiana",
      "zipCode" : "72742",
      "country" : "USA",
      "cityID" : "1234"
    },
    "contactDTO" : {
      "contactId" : 12345,
      "contactValue" : "972-731-4500",
      "contactType" : "ORDER CONTACT",
      "contactName" : "",
      "contactMethod" : "TELEPHONE",
      "locationCode" : null,
      "firstName" : null,
      "marketingArea" : null,
      "lastName" : null,
      "profileCode" : "Operations",
      "profileName" : null
    }
  },
  "link" : {
    "rel" : "stopDetail",
    "href" : "http://ordermanagementorderservices-dev.jbhunt.com/ordermanagementorderservices/orders/1/stops/62"
  },
  "marketingArea" : null,
  "itemHandlingDetailDTOs" : null,
  "stopStatus" : null
}, {
  "stop" : {
    "@id" : 10,
    "stopID" : 63,
    "locationID" : 1,
    "locationContactID" : 1,
    "locationContactType" : "Phone",
    "highCostDeliveryIndicator" : "N",
    "stopReason" : "PICKUP",
    "stopSequenceNumber" : 10,
    "totalStopWeight" : 10.0000,
    "unitOfWeightMeasurementCode" : "Grams",
    "initialOfferedDate" : "2017-03-20",
    "order" : null,
    "stopCharges" : null,
    "stopComments" : null,
    "stopServices" : [ ],
    "stopReferenceNumbers" : null,
    "appointment" : null,
    "stopItemHandlingDetailAssociation" : null,
    "stopAdditionalInstructions" : null,
    "lastUpdateTimestampString" : "2017-04-12T04:17:34.325"
  },
  "stopMiles" : 0.0,
  "totalStopMiles" : null,
  "totalOrderWeight" : null,
  "totalStopWeight" : 10.0,
  "locationDTO" : {
    "partyID" : 1,
    "partyName" : "COCO-COLA",
    "partyType" : "shipper",
    "partyStatus" : "yes",
    "addressDTO" : {
      "addressLineOne" : " ",
      "addressLineTwo" : " ",
      "city" : "NY",
      "state" : "Indiana",
      "zipCode" : "72742",
      "country" : "USA",
      "cityID" : "1234"
    },
    "contactDTO" : {
      "contactId" : 12345,
      "contactValue" : "972-731-4500",
      "contactType" : "ORDER CONTACT",
      "contactName" : "",
      "contactMethod" : "TELEPHONE",
      "locationCode" : null,
      "firstName" : null,
      "marketingArea" : null,
      "lastName" : null,
      "profileCode" : "Operations",
      "profileName" : null
    }
  },
  "link" : {
    "rel" : "stopDetail",
    "href" : "http://ordermanagementorderservices-dev.jbhunt.com/ordermanagementorderservices/orders/1/stops/63"
  },
  "marketingArea" : null,
  "itemHandlingDetailDTOs" : null,
  "stopStatus" : null
}, {
  "stop" : {
    "@id" : 11,
    "stopID" : 73,
    "locationID" : 1,
    "locationContactID" : 1,
    "locationContactType" : "Phone",
    "highCostDeliveryIndicator" : "N",
    "stopReason" : "Delivery",
    "stopSequenceNumber" : 11,
    "totalStopWeight" : 10.0000,
    "unitOfWeightMeasurementCode" : "Grams",
    "initialOfferedDate" : "2017-03-20",
    "order" : null,
    "stopCharges" : null,
    "stopComments" : null,
    "stopServices" : [ ],
    "stopReferenceNumbers" : null,
    "appointment" : null,
    "stopItemHandlingDetailAssociation" : null,
    "stopAdditionalInstructions" : null,
    "lastUpdateTimestampString" : "2017-04-12T05:49:25.179"
  },
  "stopMiles" : 0.0,
  "totalStopMiles" : null,
  "totalOrderWeight" : null,
  "totalStopWeight" : 10.0,
  "locationDTO" : {
    "partyID" : 1,
    "partyName" : "COCO-COLA",
    "partyType" : "shipper",
    "partyStatus" : "yes",
    "addressDTO" : {
      "addressLineOne" : " ",
      "addressLineTwo" : " ",
      "city" : "NY",
      "state" : "Indiana",
      "zipCode" : "72742",
      "country" : "USA",
      "cityID" : "1234"
    },
    "contactDTO" : {
      "contactId" : 12345,
      "contactValue" : "972-731-4500",
      "contactType" : "ORDER CONTACT",
      "contactName" : "",
      "contactMethod" : "TELEPHONE",
      "locationCode" : null,
      "firstName" : null,
      "marketingArea" : null,
      "lastName" : null,
      "profileCode" : "Operations",
      "profileName" : null
    }
  },
  "link" : {
    "rel" : "stopDetail",
    "href" : "http://ordermanagementorderservices-dev.jbhunt.com/ordermanagementorderservices/orders/1/stops/73"
  },
  "marketingArea" : null,
  "itemHandlingDetailDTOs" : null,
  "stopStatus" : null
} ]
