[
    {
        "availableDate": "2018-01-28T10:39:48.063-06:00",
        "timeRange": [
            "08 - 10",
            "12 - 18"
        ]
    },
    {
        "availableDate": "2018-02-28T10:39:48.063-06:00",
        "timeRange": [
            "08 - 18"
        ]
    },
    {
        "availableDate": "2017-03-28T10:39:48.063-06:00",
        "timeRange": null
    },
    {
        "availableDate": "2017-12-31T10:39:48.063-06:00",
        "timeRange": null
    },
    {
        "availableDate": "2017-12-31T10:39:48.063-06:00",
        "timeRange": null
    },
    {
        "availableDate": "2017-12-31T10:39:48.063-06:00",
        "timeRange": null
    },
    {
        "availableDate": "2017-12-31T10:39:48.063-06:00",
        "timeRange": null
    },
    {
        "availableDate": "2018-05-02T10:39:48.063-06:00",
        "timeRange": null
    },
    {
        "availableDate": "2018-04-02T10:39:48.063-06:00",
        "timeRange": null
    },
    {
        "availableDate": "2018-06-02T10:39:48.063-06:00",
        "timeRange": null
    }
]