{
	"_embedded": {
		"appointmentSetReasonCategories": [{
			"appointmentSetReasonCategoryDescription": "AltCarrier",
			"effectiveTimestamp": "2015-12-31T18:00:00",
			"expirationTimestamp": "2199-12-31T17:59:59",
			"lastUpdateTimestampString": "2017-03-31T23:38:23.5996655",
			"_links": {
				"self": {
					"href": "http://localhost:8088/ordermanagementorderservices/appointmentSetReasonCategories/AltCarrier"
				},
				"appointmentSetReasonCategory": {
					"href": "http://localhost:8088/ordermanagementorderservices/appointmentSetReasonCategories/AltCarrier"
				}
			}
		},{
			"appointmentSetReasonCategoryDescription": "AltCarrier",
			"effectiveTimestamp": "2015-12-31T18:00:00",
			"expirationTimestamp": "2199-12-31T17:59:59",
			"lastUpdateTimestampString": "2017-03-31T23:38:23.5996655",
			"_links": {
				"self": {
					"href": "http://localhost:8088/ordermanagementorderservices/appointmentSetReasonCategories/AltCarrier"
				},
				"appointmentSetReasonCategory": {
					"href": "http://localhost:8088/ordermanagementorderservices/appointmentSetReasonCategories/AltCarrier"
				}
			}
		},{
			"appointmentSetReasonCategoryDescription": "AltCarrier",
			"effectiveTimestamp": "2015-12-31T18:00:00",
			"expirationTimestamp": "2199-12-31T17:59:59",
			"lastUpdateTimestampString": "2017-03-31T23:38:23.5996655",
			"_links": {
				"self": {
					"href": "http://localhost:8088/ordermanagementorderservices/appointmentSetReasonCategories/AltCarrier"
				},
				"appointmentSetReasonCategory": {
					"href": "http://localhost:8088/ordermanagementorderservices/appointmentSetReasonCategories/AltCarrier"
				}
			}
		}]
	}
}