{
	"_embedded": {
		"orderTransactionalContacts": [{
			"contactMiddleName": null,
			"contactPhoneNumber": 123456,
			"contactPhoneNumberExtension": "242",
			"contactEmailAddress": "sg",
			"contactFirstName": "rgs",
			"preferredContactMethodType": "phone",
			"contactLastName": "sfgs",
			"orderTransactionalContactID": 443,
			"_links": {
				"self": {
					"href": "http://localhost:8089/ordermanagementorderservices/orderTransactionalContacts/443"
				},
				"orderTransactionalContact": {
					"href": "http://localhost:8089/ordermanagementorderservices/orderTransactionalContacts/443{?projection}",
					"templated": true
				},
				"order": {
					"href": "http://localhost:8089/ordermanagementorderservices/orderTransactionalContacts/443/order"
				},
				"stop": {
					"href": "http://localhost:8089/ordermanagementorderservices/orderTransactionalContacts/443/stop"
				}
			}
		}]
	},
	"_links": {
		"self": {
			"href": "http://localhost:8089/ordermanagementorderservices/orderTransactionalContacts/search/findByOrderOrderIDAndPartyRoleCode?orderId=19589&partyRoleCode=BILLING&projection=consumerContactProjection"
		}
	}
}