{
  "orderID" : 1,
  "serviceOfferingCode" : "OTR",
  "shipmentIdentificationNumber" : "1",
  "orderSourceCode" : null,
  "orderAdditionalInstruction" : null,
  "orderTrackingNumber" : "1",
  "orderValueAmount" : 1.0000,
  "orderStatusCode" : "Incomplete",
  "customerID" : "1",
  "requestedServiceLevelCode" : null,
  "transitModeCode" : "Truck",
  "financeBusinessUnitCode" : "JBT",
  "orderHighValueIndioator" : false,
  "owner" : null,
  "creator" : null,
  "acceptanceType" : null,
  "numberOfStops" : null,
  "loadNumber" : null,
  "loadStatus" : null,
  "spotPriceNumber" : null,
  "orderStatusReasonCode" : null,
  "trackingStatus" : null,
  "serviceStatus" : null,
  "measureOfTime" : null,
  "autoAccept" : null,
  "desirabilityIndex" : null,
  "chargeDTOs" : null,
  "orderBillingDetailDTOs" : [ {
    "profileDTO" : {
      "partyID" : 1,
      "partyName" : "COCO-COLA",
      "partyType" : "BillTo",
      "partyStatus" : "Active",
      "addressDTO" : {
        "addressLineOne" : " ",
        "addressLineTwo" : " ",
        "city" : "NYR",
        "state" : "Hawali",
        "zipCode" : "72768",
        "country" : "USA",
        "cityID" : null
      },
      "contactDTO" : null
    },
    "ratingCycleDTO" : null,
    "autorateIndicator" : "Y",
    "contactDTO" : null,
    "freightChargeTermTypeCode" : null,
    "lineOfBusinessCode" : null
  } ],
  "orderServices" : [ {
    "serviceID" : 14,
    "serviceType" : "COD",
    "serviceCount" : 2,
    "unitOfServiceMeasurementCode" : "Hours",
    "serviceApplicationleveltypecode" : "ORDER",
    "lastUpdateTimestampString" : "2017-04-05T03:09:20.554"
  } ],
  "orderRequestorDTOs" : [ {
    "profileDTO" : {
      "partyID" : 12355,
      "partyName" : "COCO-COLA",
      "partyType" : "Solicitor",
      "partyStatus" : "Active",
      "addressDTO" : {
        "addressLineOne" : " ",
        "addressLineTwo" : " ",
        "city" : "NYC",
        "state" : "Florida",
        "zipCode" : "72769",
        "country" : "USA",
        "cityID" : null
      },
      "contactDTO" : null
    },
    "outsourcing" : false
  } ],
  "orderAssociatedParties" : [ ],
  "internationalOrderElement" : [ {
    "internationalOrderElementID" : 42,
    "bondType" : "IE",
    "bondHolder" : "JBH",
    "portOfEntry" : 1,
    "portOfExit" : 2,
    "bondNumber" : "1",
    "entryNumber" : "2",
    "voyageNumber" : "NULL",
    "vesselNumber" : "NULL",
    "bondHolderCarrierName" : "Ferromax",
    "lastUpdateTimestampString" : "2017-04-05T03:09:20.535"
  } ],
  "internationalService" : null,
  "orderCrossesBorderDetailDTOs" : [ {
    "clearingCountryCode" : "USA",
    "profileDTO" : {
      "partyID" : 100,
      "partyName" : null,
      "partyType" : "Customer Broker",
      "partyStatus" : "Active",
      "addressDTO" : null,
      "contactDTO" : null
    }
  } ],
  "orderOperationalElements" : null,
  "orderMonitorInformations" : [ ],
  "orderEquipmentRequirementDTOs" : [ ],
  "commentDTOs" : null,
  "stopDTOs" : null,
  "referenceNumberDTOs" : null,
  "orderMaterialHandlingRequirementAssociation" : null,
  "servicePriorityTypeCode" : "Precision",
  "orderTypeCode" : "other",
  "orderSubTypeCode" : "CLC",
  "orderValueTypeCode" : "High",
  "orderVolumeTypeCode" : null,
  "orderRefrigeratedIndicator" : "N",
  "orderGroupingID" : 1,
  "orderUnifiedCustomerRequestAssociations" : [ ],
  "orderAdditionalInstructions" : null,
  "orderCarrierDetails" : [ ],
  "orderStatusWorkflows" : [ ],
  "orderStatusEvents" : [ ],
  "orderFoodSafetyDetails" : [ ],
  "addLinks" : null,
  "restrictedFlag" : false,
  "_links" : {
    "comments" : {
      "href" : "http://ordermanagementorderservices-dev.jbhunt.com/ordermanagementorderservices/orders/1/comments"
    },
    "referencenumbers" : {
      "href" : "http://ordermanagementorderservices-dev.jbhunt.com/ordermanagementorderservices/orders/1/referencenumbers"
    },
    "charges" : {
      "href" : "http://ordermanagementorderservices-dev.jbhunt.com/ordermanagementorderservices/orders/1/charges"
    },
    "additionalInstructions" : {
      "href" : "http://ordermanagementorderservices-dev.jbhunt.com/ordermanagementorderservices/orders/1/additionalInstructions"
    },
    "stops" : {
      "href" : "http://ordermanagementorderservices-dev.jbhunt.com/ordermanagementorderservices/orders/1/stops"
    }
  }
}

