[{
	"contacts":[
  {
    "contactId": 1001,
    "contactType": "primary",
    "contactValue": "9874561230",
    "contactMethod": "Phone",
    "firstName": "Audrey",
    "lastName": "Gibson"
  },
  {
    "contactId": 1002,
    "contactType": "secondary",
    "contactValue": "9874323210",
    "contactMethod": "Phone",
    "firstName": "Audrey",
    "lastName": "Gibson"
  },
  {
    "contactId": 30,
    "contactType": "primary",
    "contactMethod": "EMAIL",
    "contactValue": "\"DAVIS, DOYLE\" <DOYLE.DAVIS@DOMTAR.COM>",
    "firstName": "Audrey",
    "lastName": "Gibson"
  },
  {
    "contactId": 42,
    "contactType": "secondary",
    "contactMethod": "EMAIL",
    "contactValue": "\"DOYLE, DAVIS\" <DAVIS.DOYLE@DOMTAR.COM>",
    "firstName": "Audrey",
    "lastName": "Gibson"
  },
  {
    "contactId": 1011,
    "contactType": "primary",
    "contactValue": "http://www.cognizant.com",
    "contactMethod": "Website",
    "firstName": "Audrey",
    "lastName": "Gibson"
  }
]
 },
 {
	"CallLogDTO": [{
		"user": "Jimmy",
		"callStartTime": "Mar 28 2:55 PM CST",
		"customerName": "Balley",
		"callDirection": "Inbound",
		"DialledNumber": "001-479-345-2524",
		"callIntent": "update appointment",
		"callResult": "Answered"
	}, {
		"user": "Jimmy",
		"callStartTime": "Mar 28 2:55 PM CST",
		"customerName": "Tom",
		"callDirection": "Inbound",
		"DialledNumber": "001-479-345-2524",
		"callIntent": "update appointment",
		"callResult": "Call Dropped"
	}]
}

]
  