[{"id":1,"ruleName":"Rule 1","associationLevel":"AS 1","businessUnit":"DCS","serviceOffering":"Final Mile","ruleCategory":"Planning","globalOverrideFlSts":"NA","stDate":"09/03/2017","isActive":false},
{"id":2,"ruleName":"Rule 2","associationLevel":"AS 2","businessUnit":"DCS","serviceOffering":"Final Mile","ruleCategory":"Planning","globalOverrideFlSts":"NA","stDate":"09/03/2017","isActive":true},
{"id":3,"ruleName":"Rule 3","associationLevel":"AS 3","businessUnit":"DCS","serviceOffering":"Final Mile","ruleCategory":"Planning","globalOverrideFlSts":"NA","stDate":"09/03/2017","isActive":true},
{"id":4,"ruleName":"Rule 4","associationLevel":"AS 4","businessUnit":"DCS","serviceOffering":"Final Mile","ruleCategory":"Planning","globalOverrideFlSts":"NA","stDate":"09/03/2017","isActive":false},
{"id":5,"ruleName":"Rule 5","associationLevel":"AS 5","businessUnit":"DCS","serviceOffering":"Final Mile","ruleCategory":"Planning","globalOverrideFlSts":"NA","stDate":"09/03/2017","isActive":false},
{"id":6,"ruleName":"Rule 6","associationLevel":"AS 6","businessUnit":"DCS","serviceOffering":"Final Mile","ruleCategory":"Planning","globalOverrideFlSts":"NA","stDate":"09/03/2017","isActive":true},
{"id":7,"ruleName":"Rule 7","associationLevel":"AS 7","businessUnit":"DCS","serviceOffering":"Final Mile","ruleCategory":"Planning","globalOverrideFlSts":"NA","stDate":"09/03/2017","isActive":true},
{"id":8,"ruleName":"Rule 8","associationLevel":"AS 8","businessUnit":"DCS","serviceOffering":"Final Mile","ruleCategory":"Planning","globalOverrideFlSts":"NA","stDate":"09/03/2017","isActive":true},
{"id":9,"ruleName":"Rule 9","associationLevel":"AS 9","businessUnit":"DCS","serviceOffering":"Final Mile","ruleCategory":"Planning","globalOverrideFlSts":"NA","stDate":"09/03/2017","isActive":true},
{"id":10,"ruleName":"Rule 10","associationLevel":"AS 10","businessUnit":"DCS","serviceOffering":"Final Mile","ruleCategory":"Planning","globalOverrideFlSts":"NA","stDate":"09/03/2017","isActive":false},
{"id":11,"ruleName":"Rule 11","associationLevel":"AS 11","businessUnit":"DCS","serviceOffering":"Final Mile","ruleCategory":"Planning","globalOverrideFlSts":"NA","stDate":"09/03/2017","isActive":true},
{"id":12,"ruleName":"Rule 12","associationLevel":"AS 12","businessUnit":"DCS","serviceOffering":"Final Mile","ruleCategory":"Planning","globalOverrideFlSts":"NA","stDate":"09/03/2017","isActive":false},
{"id":13,"ruleName":"Rule 13","associationLevel":"AS 13","businessUnit":"DCS","serviceOffering":"Final Mile","ruleCategory":"Planning","globalOverrideFlSts":"NA","stDate":"09/03/2017","isActive":true},
{"id":14,"ruleName":"Rule 14","associationLevel":"AS 14","businessUnit":"DCS","serviceOffering":"Final Mile","ruleCategory":"Planning","globalOverrideFlSts":"NA","stDate":"09/03/2017","isActive":true},
{"id":15,"ruleName":"Rule 15","associationLevel":"AS 15","businessUnit":"DCS","serviceOffering":"Final Mile","ruleCategory":"Planning","globalOverrideFlSts":"NA","stDate":"09/03/2017","isActive":true},
{"id":16,"ruleName":"Rule 16","associationLevel":"AS 16","businessUnit":"DCS","serviceOffering":"Final Mile","ruleCategory":"Planning","globalOverrideFlSts":"NA","stDate":"09/03/2017","isActive":false},
{"id":17,"ruleName":"Rule 17","associationLevel":"AS 17","businessUnit":"DCS","serviceOffering":"Final Mile","ruleCategory":"Planning","globalOverrideFlSts":"NA","stDate":"09/03/2017","isActive":false},
{"id":18,"ruleName":"Rule 18","associationLevel":"AS 18","businessUnit":"DCS","serviceOffering":"Final Mile","ruleCategory":"Planning","globalOverrideFlSts":"NA","stDate":"09/03/2017","isActive":true},
{"id":19,"ruleName":"Rule 19","associationLevel":"AS 19","businessUnit":"DCS","serviceOffering":"Final Mile","ruleCategory":"Planning","globalOverrideFlSts":"NA","stDate":"09/03/2017","isActive":true},
{"id":20,"ruleName":"Rule 20","associationLevel":"AS 20","businessUnit":"DCS","serviceOffering":"Final Mile","ruleCategory":"Planning","globalOverrideFlSts":"NA","stDate":"09/03/2017","isActive":false},
{"id":21,"ruleName":"Rule 21","associationLevel":"AS 21","businessUnit":"DCS","serviceOffering":"Final Mile","ruleCategory":"Planning","globalOverrideFlSts":"NA","stDate":"09/03/2017","isActive":false},
{"id":22,"ruleName":"Rule 22","associationLevel":"AS 22","businessUnit":"DCS","serviceOffering":"Final Mile","ruleCategory":"Planning","globalOverrideFlSts":"NA","stDate":"09/03/2017","isActive":true},
{"id":23,"ruleName":"Rule 23","associationLevel":"AS 23","businessUnit":"DCS","serviceOffering":"Final Mile","ruleCategory":"Planning","globalOverrideFlSts":"NA","stDate":"09/03/2017","isActive":true},
{"id":24,"ruleName":"Rule 24","associationLevel":"AS 24","businessUnit":"DCS","serviceOffering":"Final Mile","ruleCategory":"Planning","globalOverrideFlSts":"NA","stDate":"09/03/2017","isActive":false},
{"id":25,"ruleName":"Rule 25","associationLevel":"AS 25","businessUnit":"DCS","serviceOffering":"Final Mile","ruleCategory":"Planning","globalOverrideFlSts":"NA","stDate":"09/03/2017","isActive":false}
]