{
	"data": [{
			"stop":{
				"initial":"Origin",
				"reconsignment":""
			},
			"reason": "Pick up",
			"location": {
				"mainAddress": "Coco-Cola(COCA 12)",
				"subAddress": "124 Real Street, Bentonville, AR72712, USA"
			},
			"contact": {
				"name": "Jon Doe",
				"number": "(428) 564-1208"
			},
			"appointment": {
				"date": "10/12/17",
				"time": "8.00am EST"
			}
		}, {
			"stop":{
				"initial":"Stop 2",
				"reconsignment":""
			},
			"reason": "Delivery",
			"location": {
				"mainAddress": "Coco-Cola(COCA 12)",
				"subAddress": "389 Eastern Summit blvd, White Castle WC3, IL, 83492, USA"
			},
			"contact": {
				"name": "Jon Doe",
				"number": "(428) 564-1208"
			},
			"appointment": {
				"date": "10/12/17",
				"time": "8.00am EST"
			}
		}, {
			"stop":{
				"initial":"Stop 3",
				"reconsignment":"Reconsignment"
			},
			"reason": "Delivery",
			"location": {
				"mainAddress": "Coco-Cola(COCA 12)",
				"subAddress": "389 Eastern Summit blvd, White Castle WC3, IL, 83492, USA"
			},
			"contact": {
				"name": "Jon Doe",
				"number": "(428) 564-1208"
			},
			"appointment": {
				"date": "10/12/17",
				"time": "8.00am EST"
			}
		}, {
			"stop":{
				"initial":"Stop 4",
				"reconsignment":""
			},
			"reason": "Delivery",
			"location": {
				"mainAddress": "Coco-Cola(COCA 12)",
				"subAddress": "389 Eastern Summit blvd, White Castle WC3, IL, 83492, USA"
			},
			"contact": {
				"name": "Jon Doe",
				"number": "(428) 564-1208"
			},
			"appointment": {
				"date": "10/12/17",
				"time": "8.00am EST"
			}
		}, {
			"stop":{
				"initial":"Stop 5",
				"reconsignment":""
			},
			"reason": "Delivery",
			"location": {
				"mainAddress": "Coco-Cola(COCA 12)",
				"subAddress": "389 Eastern Summit blvd, White Castle WC3, IL, 83492, USA"
			},
			"contact": {
				"name": "Jon Doe",
				"number": "(428) 564-1208"
			},
			"appointment": {
				"date": "10/12/17",
				"time": "8.00am EST"
			}
		}, {
			"stop":{
				"initial":"Stop 6",
				"reconsignment":""
			},
			"reason": "Delivery",
			"location": {
				"mainAddress": "Coco-Cola(COCA 12)",
				"subAddress": "389 Eastern Summit blvd, White Castle WC3, IL, 83492, USA"
			},
			"contact": {
				"name": "Jon Doe",
				"number": "(428) 564-1208"
			},
			"appointment": {
				"date": "10/12/17",
				"time": "8.00am EST"
			}
		}, {
			"stop":{
				"initial":"Stop 7",
				"reconsignment":""
			},
			"reason": "Pick up",
			"location": {
				"mainAddress": "Coco-Cola(COCA 12)",
				"subAddress": "124 Real Street, Bentonville, AR72712, USA"
			},
			"contact": {
				"name": "Jon Doe",
				"number": "(428) 564-1208"
			},
			"appointment": {
				"date": "10/12/17",
				"time": "8.00am EST"
			}
		}

	]
}