[{
		
			"RouteNumber": "AJ9013",
			"RouteOrigin": "Bentonville, AR",
			"RouteDestination": "Miami, FL",
			"ExecutionBusinessUnit": "JBT",
			"ActiveLoad": "AJ9013",
			"AssociateLoads": [
				{"load1":"Load AJ9014"},
				{"load2":"Load AJ9017"}
			],
			"LoadNumber": "AJ9013",
			"LoadStatus": "Available",
			"Division": "HJBT JBVAN",
			"FleetCode": " ABC-FY C",
			"PowerNumber": "JBH0123456789",
			"DispatchNumber": "JBH0123456789",
			"Carrier": "Carrier Name 0123456789",
			"TotalMiles": "345",
			"MilesRemaining": "123",
			"LastLocation": [
			  {"date":"10/12/17"},
			  {"address":"Coca Cola(COL839) 389 Eastern Summit Blvd, WhiteCastle-WC3, I L, 83492, USA"}
			],
			"BoardCodeOwner": "Bob Smith is the ",
			"OperationalOwner": "John Doe is the ",
			"Trailer": "JBH-938493 Preloaded    Standard Container 48 ft length"
		
	
}
]
