{
  "_embedded" : {
    "bondHolderCarriers" : [ {
      "bondHolderCode" : "Carrier",
      "bondHolderCarrierTypeDescription" : "BNSF",
      "effectiveTimestamp" : {
        "month" : "DECEMBER",
        "year" : 2015,
        "dayOfMonth" : 31,
        "dayOfWeek" : "THURSDAY",
        "dayOfYear" : 365,
        "monthValue" : 12,
        "hour" : 18,
        "minute" : 0,
        "nano" : 0,
        "second" : 0,
        "chronology" : {
          "id" : "ISO",
          "calendarType" : "iso8601"
        }
      },
      "expirationTimestamp" : {
        "month" : "DECEMBER",
        "year" : 2199,
        "dayOfMonth" : 31,
        "dayOfWeek" : "TUESDAY",
        "dayOfYear" : 365,
        "monthValue" : 12,
        "hour" : 17,
        "minute" : 59,
        "nano" : 0,
        "second" : 59,
        "chronology" : {
          "id" : "ISO",
          "calendarType" : "iso8601"
        }
      },
      "createTimestamp" : {
        "month" : "MARCH",
        "year" : 2017,
        "dayOfMonth" : 7,
        "dayOfWeek" : "TUESDAY",
        "dayOfYear" : 66,
        "monthValue" : 3,
        "hour" : 23,
        "minute" : 41,
        "nano" : 807958400,
        "second" : 29,
        "chronology" : {
          "id" : "ISO",
          "calendarType" : "iso8601"
        }
      },
      "createProgramName" : "SSIS",
      "lastUpdateTimestamp" : {
        "month" : "MARCH",
        "year" : 2017,
        "dayOfMonth" : 7,
        "dayOfWeek" : "TUESDAY",
        "dayOfYear" : 66,
        "monthValue" : 3,
        "hour" : 23,
        "minute" : 41,
        "nano" : 807958400,
        "second" : 29,
        "chronology" : {
          "id" : "ISO",
          "calendarType" : "iso8601"
        }
      },
      "lastUpdateProgramName" : "SSIS",
      "createUserId" : "PIDNEXT",
      "lastUpdateUserId" : "PIDNEXT"
    }, {
      "bondHolderCode" : "Carrier",
      "bondHolderCarrierTypeDescription" : "CN",
      "effectiveTimestamp" : {
        "month" : "DECEMBER",
        "year" : 2015,
        "dayOfMonth" : 31,
        "dayOfWeek" : "THURSDAY",
        "dayOfYear" : 365,
        "monthValue" : 12,
        "hour" : 18,
        "minute" : 0,
        "nano" : 0,
        "second" : 0,
        "chronology" : {
          "id" : "ISO",
          "calendarType" : "iso8601"
        }
      },
      "expirationTimestamp" : {
        "month" : "DECEMBER",
        "year" : 2199,
        "dayOfMonth" : 31,
        "dayOfWeek" : "TUESDAY",
        "dayOfYear" : 365,
        "monthValue" : 12,
        "hour" : 16,
        "minute" : 59,
        "nano" : 0,
        "second" : 59,
        "chronology" : {
          "id" : "ISO",
          "calendarType" : "iso8601"
        }
      },
      "createTimestamp" : {
        "month" : "MARCH",
        "year" : 2017,
        "dayOfMonth" : 7,
        "dayOfWeek" : "TUESDAY",
        "dayOfYear" : 66,
        "monthValue" : 3,
        "hour" : 22,
        "minute" : 41,
        "nano" : 792310300,
        "second" : 29,
        "chronology" : {
          "id" : "ISO",
          "calendarType" : "iso8601"
        }
      },
      "createProgramName" : "SSIS",
      "lastUpdateTimestamp" : {
        "month" : "MARCH",
        "year" : 2017,
        "dayOfMonth" : 7,
        "dayOfWeek" : "TUESDAY",
        "dayOfYear" : 66,
        "monthValue" : 3,
        "hour" : 22,
        "minute" : 41,
        "nano" : 792310300,
        "second" : 29,
        "chronology" : {
          "id" : "ISO",
          "calendarType" : "iso8601"
        }
      },
      "lastUpdateProgramName" : "SSIS",
      "createUserId" : "PIDNEXT",
      "lastUpdateUserId" : "PIDNEXT"
    }, {
      "bondHolderCode" : "Carrier",
      "bondHolderCarrierTypeDescription" : "CTS",
      "effectiveTimestamp" : {
        "month" : "MARCH",
        "year" : 2017,
        "dayOfMonth" : 15,
        "dayOfWeek" : "WEDNESDAY",
        "dayOfYear" : 74,
        "monthValue" : 3,
        "hour" : 9,
        "minute" : 26,
        "nano" : 74000000,
        "second" : 10,
        "chronology" : {
          "id" : "ISO",
          "calendarType" : "iso8601"
        }
      },
      "expirationTimestamp" : {
        "month" : "MARCH",
        "year" : 2017,
        "dayOfMonth" : 16,
        "dayOfWeek" : "THURSDAY",
        "dayOfYear" : 75,
        "monthValue" : 3,
        "hour" : 1,
        "minute" : 8,
        "nano" : 182000000,
        "second" : 26,
        "chronology" : {
          "id" : "ISO",
          "calendarType" : "iso8601"
        }
      },
      "createTimestamp" : {
        "month" : "MARCH",
        "year" : 2017,
        "dayOfMonth" : 15,
        "dayOfWeek" : "WEDNESDAY",
        "dayOfYear" : 74,
        "monthValue" : 3,
        "hour" : 9,
        "minute" : 26,
        "nano" : 74000000,
        "second" : 10,
        "chronology" : {
          "id" : "ISO",
          "calendarType" : "iso8601"
        }
      },
      "createProgramName" : "subbarao",
      "lastUpdateTimestamp" : {
        "month" : "MARCH",
        "year" : 2017,
        "dayOfMonth" : 15,
        "dayOfWeek" : "WEDNESDAY",
        "dayOfYear" : 74,
        "monthValue" : 3,
        "hour" : 9,
        "minute" : 26,
        "nano" : 74000000,
        "second" : 10,
        "chronology" : {
          "id" : "ISO",
          "calendarType" : "iso8601"
        }
      },
      "lastUpdateProgramName" : "SSIS",
      "createUserId" : "rcon769",
      "lastUpdateUserId" : "rcon769"
    }, {
      "bondHolderCode" : "Carrier",
      "bondHolderCarrierTypeDescription" : "Ferromax",
      "effectiveTimestamp" : {
        "month" : "DECEMBER",
        "year" : 2015,
        "dayOfMonth" : 31,
        "dayOfWeek" : "THURSDAY",
        "dayOfYear" : 365,
        "monthValue" : 12,
        "hour" : 18,
        "minute" : 0,
        "nano" : 0,
        "second" : 0,
        "chronology" : {
          "id" : "ISO",
          "calendarType" : "iso8601"
        }
      },
      "expirationTimestamp" : {
        "month" : "DECEMBER",
        "year" : 2199,
        "dayOfMonth" : 31,
        "dayOfWeek" : "TUESDAY",
        "dayOfYear" : 365,
        "monthValue" : 12,
        "hour" : 17,
        "minute" : 59,
        "nano" : 0,
        "second" : 59,
        "chronology" : {
          "id" : "ISO",
          "calendarType" : "iso8601"
        }
      },
      "createTimestamp" : {
        "month" : "MARCH",
        "year" : 2017,
        "dayOfMonth" : 7,
        "dayOfWeek" : "TUESDAY",
        "dayOfYear" : 66,
        "monthValue" : 3,
        "hour" : 23,
        "minute" : 41,
        "nano" : 807958400,
        "second" : 29,
        "chronology" : {
          "id" : "ISO",
          "calendarType" : "iso8601"
        }
      },
      "createProgramName" : "SSIS",
      "lastUpdateTimestamp" : {
        "month" : "MARCH",
        "year" : 2017,
        "dayOfMonth" : 7,
        "dayOfWeek" : "TUESDAY",
        "dayOfYear" : 66,
        "monthValue" : 3,
        "hour" : 23,
        "minute" : 41,
        "nano" : 807958400,
        "second" : 29,
        "chronology" : {
          "id" : "ISO",
          "calendarType" : "iso8601"
        }
      },
      "lastUpdateProgramName" : "SSIS",
      "createUserId" : "PIDNEXT",
      "lastUpdateUserId" : "PIDNEXT"
    }, {
      "bondHolderCode" : "Carrier",
      "bondHolderCarrierTypeDescription" : "Kansas City Southern",
      "effectiveTimestamp" : {
        "month" : "DECEMBER",
        "year" : 2015,
        "dayOfMonth" : 31,
        "dayOfWeek" : "THURSDAY",
        "dayOfYear" : 365,
        "monthValue" : 12,
        "hour" : 18,
        "minute" : 0,
        "nano" : 0,
        "second" : 0,
        "chronology" : {
          "id" : "ISO",
          "calendarType" : "iso8601"
        }
      },
      "expirationTimestamp" : {
        "month" : "DECEMBER",
        "year" : 2199,
        "dayOfMonth" : 31,
        "dayOfWeek" : "TUESDAY",
        "dayOfYear" : 365,
        "monthValue" : 12,
        "hour" : 17,
        "minute" : 59,
        "nano" : 0,
        "second" : 59,
        "chronology" : {
          "id" : "ISO",
          "calendarType" : "iso8601"
        }
      },
      "createTimestamp" : {
        "month" : "MARCH",
        "year" : 2017,
        "dayOfMonth" : 7,
        "dayOfWeek" : "TUESDAY",
        "dayOfYear" : 66,
        "monthValue" : 3,
        "hour" : 23,
        "minute" : 41,
        "nano" : 792310300,
        "second" : 29,
        "chronology" : {
          "id" : "ISO",
          "calendarType" : "iso8601"
        }
      },
      "createProgramName" : "SSIS",
      "lastUpdateTimestamp" : {
        "month" : "MARCH",
        "year" : 2017,
        "dayOfMonth" : 7,
        "dayOfWeek" : "TUESDAY",
        "dayOfYear" : 66,
        "monthValue" : 3,
        "hour" : 23,
        "minute" : 41,
        "nano" : 792310300,
        "second" : 29,
        "chronology" : {
          "id" : "ISO",
          "calendarType" : "iso8601"
        }
      },
      "lastUpdateProgramName" : "SSIS",
      "createUserId" : "PIDNEXT",
      "lastUpdateUserId" : "PIDNEXT"
    } ]
  }
}