[ {
  "bondHolderCode" : "Self",
  "bondHolderDescription" : "Self Bond Holder",
  "lastUpdateTimestampString" : {
    "dayOfYear" : 33,
    "monthValue" : 2,
    "month" : "FEBRUARY",
    "year" : 2017,
    "dayOfMonth" : 2,
    "dayOfWeek" : "THURSDAY",
    "hour" : 6,
    "minute" : 33,
    "nano" : 360713400,
    "second" : 48,
    "chronology" : {
      "id" : "ISO",
      "calendarType" : "iso8601"
    }
  }
}, {
  "bondHolderCode" : "Carrier",
  "bondHolderDescription" : "Carrier Bond Holder",
  "lastUpdateTimestampString" : {
    "dayOfYear" : 33,
    "monthValue" : 2,
    "month" : "FEBRUARY",
    "year" : 2017,
    "dayOfMonth" : 2,
    "dayOfWeek" : "THURSDAY",
    "hour" : 6,
    "minute" : 33,
    "nano" : 360713400,
    "second" : 48,
    "chronology" : {
      "id" : "ISO",
      "calendarType" : "iso8601"
    }
  }
},{
  "bondHolderCode" : "Shipper",
  "bondHolderDescription" : "Shipper Bond Holder",
  "lastUpdateTimestampString" : {
    "dayOfYear" : 33,
    "monthValue" : 2,
    "month" : "FEBRUARY",
    "year" : 2017,
    "dayOfMonth" : 2,
    "dayOfWeek" : "THURSDAY",
    "hour" : 6,
    "minute" : 33,
    "nano" : 360713400,
    "second" : 48,
    "chronology" : {
      "id" : "ISO",
      "calendarType" : "iso8601"
    }
  }
},{
  "bondHolderCode" : "Broker",
  "bondHolderDescription" : "Broker Bond Holder",
  "lastUpdateTimestampString" : {
    "dayOfYear" : 33,
    "monthValue" : 2,
    "month" : "FEBRUARY",
    "year" : 2017,
    "dayOfMonth" : 2,
    "dayOfWeek" : "THURSDAY",
    "hour" : 6,
    "minute" : 33,
    "nano" : 360713400,
    "second" : 48,
    "chronology" : {
      "id" : "ISO",
      "calendarType" : "iso8601"
    }
  }
}]