[
  {
    "suggestText": "CA&0",
    "scac": "CA&0",
    "carrierID": "CA&0",
    "carrierName": "CANALES SON S TRUCKING INC"
  },
  {
    "suggestText": "CA00",
    "scac": "CA00",
    "carrierID": "CA00",
    "carrierName": "CAPITAL TRUCKING LLC"
  },
  {
    "suggestText": "CA01",
    "scac": "CA01",
    "carrierID": "CA01",
    "carrierName": "CASTANEDA TRUCKING"
  },
  {
    "suggestText": "CA02",
    "scac": "CA02",
    "carrierID": "CA02",
    "carrierName": "CARLOS TRUCKING"
  },
  {
    "suggestText": "CA03",
    "scac": "CA03",
    "carrierID": "CA03",
    "carrierName": "CAGWIN TRUCKING"
  },
  {
    "suggestText": "CA05",
    "scac": "CA05",
    "carrierID": "CA05",
    "carrierName": "CAPITOL TRUCKING INC"
  },
  {
    "suggestText": "CA0P",
    "scac": "CA0P",
    "carrierID": "CA0P",
    "carrierName": "CABRERA TRUCKING"
  },
  {
    "suggestText": "CA0S",
    "scac": "CA0S",
    "carrierID": "CA0S",
    "carrierName": "CACHORRO TRANSPORT"
  },
  {
    "suggestText": "CA14",
    "scac": "CA14",
    "carrierID": "CA14",
    "carrierName": "CAROLINA TRANSPORTATION INC"
  },
  {
    "suggestText": "CA1E",
    "scac": "CA1E",
    "carrierID": "CA1E",
    "carrierName": "CARRIER 1 TRUCKING LLC"
  },
  {
    "suggestText": "CA1G",
    "scac": "CA1G",
    "carrierID": "CA1G",
    "carrierName": "CABEKOKIS TRANSPORT"
  },
  {
    "suggestText": "CA1N",
    "scac": "CA1N",
    "carrierID": "CA1N",
    "carrierName": "OLANDA CARROLL"
  },
  {
    "suggestText": "CA1Z",
    "scac": "CA1Z",
    "carrierID": "CA1Z",
    "carrierName": "C AND N EXPRESS LLC"
  },
  {
    "suggestText": "CA20",
    "scac": "CA20",
    "carrierID": "CA20",
    "carrierName": "CAM TRANSPORT INC"
  },
  {
    "suggestText": "CA2E",
    "scac": "CA2E",
    "carrierID": "CA2E",
    "carrierName": "C AND L TRUCKING"
  },
  {
    "suggestText": "CA2H",
    "scac": "CA2H",
    "carrierID": "CA2H",
    "carrierName": "CAMPBELL TRUCKING LLC"
  },
  {
    "suggestText": "CA2L",
    "scac": "CA2L",
    "carrierID": "CA2L",
    "carrierName": "CARRY TRANSPORTATION INC"
  },
  {
    "suggestText": "CA2U",
    "scac": "CA2U",
    "carrierID": "CA2U",
    "carrierName": "CABRERA TRUCKING LLC"
  },
  {
    "suggestText": "CA2V",
    "scac": "CA2V",
    "carrierID": "CA2V",
    "carrierName": "C M FREIGHT LINE LLC"
  },
  {
    "suggestText": "CA3D",
    "scac": "CA3D",
    "carrierID": "CA3D",
    "carrierName": "CANIZALEZ TRANSPORT LLC"
  }
]