[{
	"@id": 1,
	"itemHandlingDetailID": 2,
	"itemHandlingTypeCode": "Box",
	"itemHandlingTypeQuantity": 1,
	"itemHandlingUnitHeight": 1,
	"itemHandlingUnitLength": 1,
	"itemHandlingUnitWidth": 1,
	"unitOfLengthMeasurementCode": "Meter",
	"itemHandlingUnitVolume": 10,
	"unitOfVolumeMeasurementCode": "Cu Feet",
	"itemHandlingUnitWeight": 8,
	"unitOfWeightMeasurementCode": "grams",
	"itemHandlingUnitDensity": 10,
	"unitOfDensityMeasurementCode": "Cu Feet",
	"stopItemHandlingDetailAssociations": null,
	"stopItems": [{
		"stopItemID": "001",
		"packagingUnitTypeQuantity": "0.5",
		"freightClassCode": "A1254C5",
		"itemDensity": "2.5",
		"itemDescription": "Oranges, Peels",
		"itemHeight": "13",
		"itemLength": "17",
		"itemQuantity": "19",
		"itemLengthType": "18",
		"itemVolumeType": "Full",
		"itemStackingType": "18",
		"itemVolume": "16",
		"itemWeight": "20",
		"itemWidth": "15",
		"nmfcNumber": "125",
		"packagingUnitTypeCode": "C1425A152",
		"skuNumber": "1425",
		"unitOfLengthMeasurementCode": "1426",
		"unitOfVolumeMeasurementCode": "1426",
		"unitOfWeightMeasurementCode": "47562",
		"unitOfDensityMeasurementCode": "9562",
		"itemModelNumber": "XY2390VNB",
		"itemClassificationCode": "1425",
		"itemTemperatureControlMethodCode": "142",
		"supplierSKU": "1425",
		"itemMake": "1.0.2.0",
		"itemManufacturer": "TVS",
		"itemCategory": "Sub",
		"itemPartNumber": "14256",
		"ItemProtectionType": "Main",
		"itemUniversalProductCode": "1425"
	}, {
		"stopItemID": "002",
		"packagingUnitTypeQuantity": "0.5",
		"freightClassCode": "A1254C5",
		"itemDensity": "2.5",
		"itemDescription": "Lemon, Peels",
		"itemHeight": "13",
		"itemLength": "17",
		"itemQuantity": "19",
		"itemLengthType": "18",
		"itemVolumeType": "Full",
		"itemStackingType": "18",
		"itemVolume": "16",
		"itemWeight": "20",
		"itemWidth": "15",
		"nmfcNumber": "125",
		"packagingUnitTypeCode": "C1425A152",
		"skuNumber": "1425",
		"unitOfLengthMeasurementCode": "1426",
		"unitOfVolumeMeasurementCode": "1426",
		"unitOfWeightMeasurementCode": "47562",
		"unitOfDensityMeasurementCode": "9562",
		"itemModelNumber": "XY2390VNB",
		"itemClassificationCode": "1425",
		"itemTemperatureControlMethodCode": "142",
		"supplierSKU": "1425",
		"itemMake": "1.0.2.0",
		"itemManufacturer": "TVS",
		"itemCategory": "Sub",
		"itemPartNumber": "14256",
		"ItemProtectionType": "Main",
		"itemUniversalProductCode": "1425"
	}],
	"itemHandlingDetailReferenceNumberAssociations": null,
	"lastUpdateTimestampString": "2017-04-01T07:53:08.004"
}, {
	"@id": 2,
	"itemHandlingDetailID": 22,
	"itemHandlingTypeCode": "Box",
	"itemHandlingTypeQuantity": 1,
	"itemHandlingUnitHeight": 5,
	"itemHandlingUnitLength": 1,
	"itemHandlingUnitWidth": 6,
	"unitOfLengthMeasurementCode": "Meter",
	"itemHandlingUnitVolume": 10,
	"unitOfVolumeMeasurementCode": "Cu Feet",
	"itemHandlingUnitWeight": 14,
	"unitOfWeightMeasurementCode": "grams",
	"itemHandlingUnitDensity": 10,
	"unitOfDensityMeasurementCode": "Cu Feet",
	"stopItemHandlingDetailAssociations": null,
	"stopItems": [{
		"stopItemID": "021",
		"packagingUnitTypeQuantity": "0.5",
		"freightClassCode": "A1254C5",
		"itemDensity": "2.5",
		"itemDescription": "Mango, Peels",
		"itemHeight": "13",
		"itemLength": "17",
		"itemQuantity": "19",
		"itemLengthType": "18",
		"itemVolumeType": "Full",
		"itemStackingType": "18",
		"itemVolume": "16",
		"itemWeight": "20",
		"itemWidth": "15",
		"nmfcNumber": "125",
		"packagingUnitTypeCode": "C1425A152",
		"skuNumber": "1425",
		"unitOfLengthMeasurementCode": "1426",
		"unitOfVolumeMeasurementCode": "1426",
		"unitOfWeightMeasurementCode": "47562",
		"unitOfDensityMeasurementCode": "9562",
		"itemModelNumber": "XY2390VNB",
		"itemClassificationCode": "1425",
		"itemTemperatureControlMethodCode": "142",
		"supplierSKU": "1425",
		"itemMake": "1.0.2.0",
		"itemManufacturer": "TVS",
		"itemCategory": "Sub",
		"itemPartNumber": "14256",
		"ItemProtectionType": "Main",
		"itemUniversalProductCode": "1425"
	}, {
		"stopItemID": "022",
		"packagingUnitTypeQuantity": "0.5",
		"freightClassCode": "A1254C5",
		"itemDensity": "2.5",
		"itemDescription": "Egg",
		"itemHeight": "13",
		"itemLength": "17",
		"itemQuantity": "19",
		"itemLengthType": "18",
		"itemVolumeType": "Full",
		"itemStackingType": "18",
		"itemVolume": "16",
		"itemWeight": "20",
		"itemWidth": "15",
		"nmfcNumber": "125",
		"packagingUnitTypeCode": "C1425A152",
		"skuNumber": "1425",
		"unitOfLengthMeasurementCode": "1426",
		"unitOfVolumeMeasurementCode": "1426",
		"unitOfWeightMeasurementCode": "47562",
		"unitOfDensityMeasurementCode": "9562",
		"itemModelNumber": "XY2390VNB",
		"itemClassificationCode": "1425",
		"itemTemperatureControlMethodCode": "142",
		"supplierSKU": "1425",
		"itemMake": "1.0.2.0",
		"itemManufacturer": "TVS",
		"itemCategory": "Sub",
		"itemPartNumber": "14256",
		"ItemProtectionType": "Main",
		"itemUniversalProductCode": "1425"
	}],

	"itemHandlingDetailReferenceNumberAssociations": null,
	"lastUpdateTimestampString": "2017-04-06T04:20:52.389"
}, {
	"@id": 3,
	"itemHandlingDetailID": 22,
	"itemHandlingTypeCode": "Box",
	"itemHandlingTypeQuantity": 1,
	"itemHandlingUnitHeight": 5,
	"itemHandlingUnitLength": 1,
	"itemHandlingUnitWidth": 6,
	"unitOfLengthMeasurementCode": "Meter",
	"itemHandlingUnitVolume": 10,
	"unitOfVolumeMeasurementCode": "Cu Feet",
	"itemHandlingUnitWeight": 14,
	"unitOfWeightMeasurementCode": "grams",
	"itemHandlingUnitDensity": 10,
	"unitOfDensityMeasurementCode": "Cu Feet",
	"stopItemHandlingDetailAssociations": null,
	"stopItems": [{
		"stopItemID": "031",
		"packagingUnitTypeQuantity": "0.5",
		"freightClassCode": "A1254C5",
		"itemDensity": "2.5",
		"itemDescription": "Oranges, Peels",
		"itemHeight": "13",
		"itemLength": "17",
		"itemQuantity": "19",
		"itemLengthType": "18",
		"itemVolumeType": "Full",
		"itemStackingType": "18",
		"itemVolume": "16",
		"itemWeight": "20",
		"itemWidth": "15",
		"nmfcNumber": "125",
		"packagingUnitTypeCode": "C1425A152",
		"skuNumber": "1425",
		"unitOfLengthMeasurementCode": "1426",
		"unitOfVolumeMeasurementCode": "1426",
		"unitOfWeightMeasurementCode": "47562",
		"unitOfDensityMeasurementCode": "9562",
		"itemModelNumber": "XY2390VNB",
		"itemClassificationCode": "1425",
		"itemTemperatureControlMethodCode": "142",
		"supplierSKU": "1425",
		"itemMake": "1.0.2.0",
		"itemManufacturer": "TVS",
		"itemCategory": "Sub",
		"itemPartNumber": "14256",
		"ItemProtectionType": "Main",
		"itemUniversalProductCode": "1425"
	}, {
		"stopItemID": "032",
		"packagingUnitTypeQuantity": "0.5",
		"freightClassCode": "A1254C5",
		"itemDensity": "2.5",
		"itemDescription": "Lemon, Peels",
		"itemHeight": "13",
		"itemLength": "17",
		"itemQuantity": "19",
		"itemLengthType": "18",
		"itemVolumeType": "Full",
		"itemStackingType": "18",
		"itemVolume": "16",
		"itemWeight": "20",
		"itemWidth": "15",
		"nmfcNumber": "125",
		"packagingUnitTypeCode": "C1425A152",
		"skuNumber": "1425",
		"unitOfLengthMeasurementCode": "1426",
		"unitOfVolumeMeasurementCode": "1426",
		"unitOfWeightMeasurementCode": "47562",
		"unitOfDensityMeasurementCode": "9562",
		"itemModelNumber": "XY2390VNB",
		"itemClassificationCode": "1425",
		"itemTemperatureControlMethodCode": "142",
		"supplierSKU": "1425",
		"itemMake": "1.0.2.0",
		"itemManufacturer": "TVS",
		"itemCategory": "Sub",
		"itemPartNumber": "14256",
		"ItemProtectionType": "Main",
		"itemUniversalProductCode": "1425"
	}],
	"itemHandlingDetailReferenceNumberAssociations": null,
	"lastUpdateTimestampString": "2017-04-06T04:20:52.389"
}]