[
  {
    "referenceNumberTypeDescription": "Purchase Order Number Reference",
    "referenceNumber": {
      "@id": 1,
      "referenceNumberID": 5,
      "referenceNumberTypeCode": "PONumber",
      "referenceNumberValue": "R001",
      "referenceNumberLevelTypeCode": "STOP",
      "order": null,
      "stop": null,
      "associatedReferenceNumber": null,
      "lastUpdateTimestampString": null
    },
    "firstName": null,
    "lastName": null,
    "stopLocationCode": "12345",
    "stopSequenceNumber": 1,
    "stopID": 1,
    "lastUpdateTimestamp": [
      2017,
      4,
      1,
      1,
      46,
      53,
      184000000
    ],
    "referenceNumberDTOs": null
  },
  {
    "referenceNumberTypeDescription": "Bill Of Lading Reference",
    "referenceNumber": {
      "@id": 2,
      "referenceNumberID": 6,
      "referenceNumberTypeCode": "BOL",
      "referenceNumberValue": "R001",
      "referenceNumberLevelTypeCode": "STOP",
      "order": null,
      "stop": null,
      "associatedReferenceNumber": null,
      "lastUpdateTimestampString": null
    },
    "firstName": null,
    "lastName": null,
    "stopLocationCode": "12345",
    "stopSequenceNumber": 1,
    "stopID": 1,
    "lastUpdateTimestamp": [
      2017,
      4,
      1,
      1,
      48,
      53,
      94000000
    ],
    "referenceNumberDTOs": null
  },
  {
    "referenceNumberTypeDescription": "Shipment Identifier Number Reference",
    "referenceNumber": {
      "@id": 3,
      "referenceNumberID": 11,
      "referenceNumberTypeCode": "ShipIDNbr",
      "referenceNumberValue": "R001",
      "referenceNumberLevelTypeCode": "STOP",
      "order": null,
      "stop": null,
      "associatedReferenceNumber": null,
      "lastUpdateTimestampString": null
    },
    "firstName": null,
    "lastName": null,
    "stopLocationCode": "12345",
    "stopSequenceNumber": 1,
    "stopID": 1,
    "lastUpdateTimestamp": [
      2017,
      4,
      1,
      2,
      27,
      39,
      638000000
    ],
    "referenceNumberDTOs": null
  }
]