{
		  "_embedded": {
		    "itemTemperatureControlMethods": [
		      {
		        "itemTemperatureControlMethodCode": "Ambient",
		        "itemTemperatureControlMethodDescription": "Ambient",
		        "effectiveTimestamp": {
		          "month": "JANUARY",
		          "year": 2016,
		          "dayOfMonth": 1,
		          "dayOfWeek": "FRIDAY",
		          "dayOfYear": 1,
		          "monthValue": 1,
		          "hour": 0,
		          "minute": 0,
		          "nano": 0,
		          "second": 0,
		          "chronology": {
		            "id": "ISO",
		            "calendarType": "iso8601"
		          }
		        },
		        "expirationTimestamp": {
		          "month": "DECEMBER",
		          "year": 2199,
		          "dayOfMonth": 31,
		          "dayOfWeek": "TUESDAY",
		          "dayOfYear": 365,
		          "monthValue": 12,
		          "hour": 23,
		          "minute": 59,
		          "nano": 0,
		          "second": 59,
		          "chronology": {
		            "id": "ISO",
		            "calendarType": "iso8601"
		          }
		        },
		        "lastUpdateTimestampString": {
		          "month": "MARCH",
		          "year": 2017,
		          "dayOfMonth": 20,
		          "dayOfWeek": "MONDAY",
		          "dayOfYear": 79,
		          "monthValue": 3,
		          "hour": 11,
		          "minute": 29,
		          "nano": 918705100,
		          "second": 50,
		          "chronology": {
		            "id": "ISO",
		            "calendarType": "iso8601"
		          }
		        },
		        "_links": {
		          "self": {
		            "href": "http://localhost:8082/referencedataservices/itemTemperatureControlMethods/Ambient"
		          },
		          "itemTemperatureControlMethod": {
		            "href": "http://localhost:8082/referencedataservices/itemTemperatureControlMethods/Ambient"
		          }
		        }
		      },
		      {
		        "itemTemperatureControlMethodCode": "Frozen",
		        "itemTemperatureControlMethodDescription": "Frozen",
		        "effectiveTimestamp": {
		          "month": "JANUARY",
		          "year": 2016,
		          "dayOfMonth": 1,
		          "dayOfWeek": "FRIDAY",
		          "dayOfYear": 1,
		          "monthValue": 1,
		          "hour": 0,
		          "minute": 0,
		          "nano": 0,
		          "second": 0,
		          "chronology": {
		            "id": "ISO",
		            "calendarType": "iso8601"
		          }
		        },
		        "expirationTimestamp": {
		          "month": "DECEMBER",
		          "year": 2199,
		          "dayOfMonth": 31,
		          "dayOfWeek": "TUESDAY",
		          "dayOfYear": 365,
		          "monthValue": 12,
		          "hour": 23,
		          "minute": 59,
		          "nano": 0,
		          "second": 59,
		          "chronology": {
		            "id": "ISO",
		            "calendarType": "iso8601"
		          }
		        },
		        "lastUpdateTimestampString": {
		          "month": "MARCH",
		          "year": 2017,
		          "dayOfMonth": 20,
		          "dayOfWeek": "MONDAY",
		          "dayOfYear": 79,
		          "monthValue": 3,
		          "hour": 11,
		          "minute": 29,
		          "nano": 918705100,
		          "second": 50,
		          "chronology": {
		            "id": "ISO",
		            "calendarType": "iso8601"
		          }
		        },
		        "_links": {
		          "self": {
		            "href": "http://localhost:8082/referencedataservices/itemTemperatureControlMethods/Frozen"
		          },
		          "itemTemperatureControlMethod": {
		            "href": "http://localhost:8082/referencedataservices/itemTemperatureControlMethods/Frozen"
		          }
		        }
		      },
		      {
		        "itemTemperatureControlMethodCode": "Refrgeratd",
		        "itemTemperatureControlMethodDescription": "Refrigerated",
		        "effectiveTimestamp": {
		          "month": "JANUARY",
		          "year": 2016,
		          "dayOfMonth": 1,
		          "dayOfWeek": "FRIDAY",
		          "dayOfYear": 1,
		          "monthValue": 1,
		          "hour": 0,
		          "minute": 0,
		          "nano": 0,
		          "second": 0,
		          "chronology": {
		            "id": "ISO",
		            "calendarType": "iso8601"
		          }
		        },
		        "expirationTimestamp": {
		          "month": "DECEMBER",
		          "year": 2199,
		          "dayOfMonth": 31,
		          "dayOfWeek": "TUESDAY",
		          "dayOfYear": 365,
		          "monthValue": 12,
		          "hour": 23,
		          "minute": 59,
		          "nano": 0,
		          "second": 59,
		          "chronology": {
		            "id": "ISO",
		            "calendarType": "iso8601"
		          }
		        },
		        "lastUpdateTimestampString": {
		          "month": "MARCH",
		          "year": 2017,
		          "dayOfMonth": 20,
		          "dayOfWeek": "MONDAY",
		          "dayOfYear": 79,
		          "monthValue": 3,
		          "hour": 11,
		          "minute": 29,
		          "nano": 918705100,
		          "second": 50,
		          "chronology": {
		            "id": "ISO",
		            "calendarType": "iso8601"
		          }
		        },
		        "_links": {
		          "self": {
		            "href": "http://localhost:8082/referencedataservices/itemTemperatureControlMethods/Refrgeratd"
		          },
		          "itemTemperatureControlMethod": {
		            "href": "http://localhost:8082/referencedataservices/itemTemperatureControlMethods/Refrgeratd"
		          }
		        }
		      }
		    ]
		  },
		  "_links": {
		    "self": {
		      "href": "http://localhost:8082/referencedataservices/itemTemperatureControlMethods"
		    },
		    "profile": {
		      "href": "http://localhost:8082/referencedataservices/profile/itemTemperatureControlMethods"
		    }
		  },
		  "page": {
		    "size": 20,
		    "totalElements": 3,
		    "totalPages": 1,
		    "number": 0
		  }
		}