{
    "document": {
        "type": "instance",
        "namespace": "com.jbhunt.orderplanning.route.planner",
        "id": "planned.order",
        "version": "1.2"
    },
    "order": {
        "orderID": "334000185",
        "stops": [
           {
                "stopID": 49342,
                "stopReason": "Pickup",
                "stopSequenceNumber": 1,
                "locationID": 100,
                "locationType": "Shipper",
                "addressLineOne": "6701 W 83rd St",
                "addressLineTwo": "",
                "city": "Overland Park",
                "state": "KS",
                "zipCode": "66204",
                "latitude": 38.97820061,
                "longitude": -94.66369628,
                "countryCode": "USA",
                "timeZone": "America/Chicago",
                "contacts": [
                    {
                        "contactType": "Email",
                        "contactFirstName": "Robert",
                        "contactLastName": "Park"
                    }
                ],
                "appointments": [
                    {
                        "appointmentType": "Scheduled",
                        "appointmentConfirmationNumber": "48733733614387153265",
                        "appointmentStartTimestamp": "2018-12-03T17:01-0600",
                        "appointmentEndTimestamp": "2018-12-03T21:01-0600",
                        "appointmentReasonCode": "1"
                    }
                ]
            },
            {
                "stopID": 52239,
                "stopReason": "Delivery",
                "stopSequenceNumber": 2,
                "locationID": 4211,
                "locationType": "RDC",
                "addressLineOne": "65 CORPORATE WOODS",
                "addressLineTwo": "",
                "city": "BRIDGETON",
                "state": "MO",
                "zipCode": "63044",
                "latitude": 38.785792,
                "longitude": -90.462623,
                "countryCode": "USA",
                "timeZone": "America/Chicago",
                "contacts": [],
                "appointments": [
                    {
                        "appointmentType": "Scheduled",
                        "appointmentConfirmationNumber": "MOCK",
                        "appointmentStartTimestamp": "2017-12-11T19:41-0600",
                        "appointmentEndTimestamp": "2017-12-11T19:42-0600"
                    }
                ]
            },
            {
                "stopID": 52240,
                "stopReason": "Pickup",
                "stopSequenceNumber": 3,
                "locationID": 4211,
                "locationType": "RDC",
                "addressLineOne": "65 CORPORATE WOODS",
                "addressLineTwo": "",
                "city": "BRIDGETON",
                "state": "MO",
                "zipCode": "63044",
                "latitude": 38.785792,
                "longitude": -90.462623,
                "countryCode": "USA",
                "timeZone": "America/Chicago",
                "contacts": [],
                "appointments": [
                    {
                        "appointmentType": "Scheduled",
                        "appointmentConfirmationNumber": "MOCK",
                        "appointmentStartTimestamp": "2017-12-11T19:41-0600",
                        "appointmentEndTimestamp": "2017-12-11T19:42-0600"
                    }
                ]
            },
            {
                "stopID": 52241,
                "stopReason": "Delivery",
                "stopSequenceNumber": 4,
                "locationID": 7211,
                "locationType": "LDC",
                "addressLineOne": "1819 S Campbell Ave",
                "addressLineTwo": "",
                "city": "Springfield",
                "state": "MO",
                "zipCode": "65807",
                "latitude": 37.079498,
                "longitude": -94.515038,
                "countryCode": "USA",
                "timeZone": "America/Chicago",
                "contacts": [],
                "appointments": [
                    {
                        "appointmentType": "Scheduled",
                        "appointmentConfirmationNumber": "MOCK",
                        "appointmentStartTimestamp": "2017-12-11T19:43-0600",
                        "appointmentEndTimestamp": "2017-12-11T19:44-0600"
                    }
                ]
            },
            {
                "stopID": 52242,
                "stopReason": "Pickup",
                "stopSequenceNumber": 5,
                "locationID": 7211,
                "locationType": "LDC",
                "addressLineOne": "1819 S Campbell Ave",
                "addressLineTwo": "",
                "city": "Springfield",
                "state": "MO",
                "zipCode": "65807",
                "latitude": 37.079498,
                "longitude": -94.515038,
                "countryCode": "USA",
                "timeZone": "America/Chicago",
                "contacts": [],
                "appointments": [
                    {
                        "appointmentType": "Scheduled",
                        "appointmentConfirmationNumber": "MOCK",
                        "appointmentStartTimestamp": "2017-12-11T19:43-0600",
                        "appointmentEndTimestamp": "2017-12-11T19:44-0600"
                    }
                ]
            },
            {
                "stopID": 49346,
                "stopReason": "Delivery",
                "stopSequenceNumber": 6,
                "locationID": 3021,
                "locationType": "Resd",
                "addressLineOne": "1257 E Budlong St",
                "addressLineTwo": "",
                "city": "Carthage",
                "state": "MO",
                "zipCode": "64836",
                "latitude": 37.08769008,
                "longitude": -96.93457031,
                "countryCode": "USA",
                "timeZone": "America/Chicago",
                "contacts": [
                    {
                        "contactType": "Email",
                        "contactFirstName": "Wendy",
                        "contactLastName": "Williams"
                    }
                ],
                "appointments": [
                    {
                        "appointmentType": "Scheduled",
                        "appointmentConfirmationNumber": "88374537161131622204",
                        "appointmentStartTimestamp": "2018-12-04T17:01-0600",
                        "appointmentEndTimestamp": "2018-12-04T21:01-0600",
                        "appointmentReasonCode": "63"
                    }
                ]
            }
        ],
        "segments": [
            {
                "beginStopID": 49342,
                "endStopID": 52239,
                "segmentSequenceNumber": 1
            },
            {
                "beginStopID": 52240,
                "endStopID": 52241,
                "segmentSequenceNumber": 2
            },
            {
                "beginStopID": 52242,
                "endStopID": 49346,
                "segmentSequenceNumber": 3
            }
        ],
        "pointsQuantity": 0,
        "helperFlag": false
    },
    "source": {
        "creator": "Route Planner",
        "created": "2017-12-21T06:32:43.928"
    }
}
