[{"id":1,"billToAccount":"Trupe","solicitor":"Brainverse","origin":"9718 Donald Junction","destination":"6 Hollow Ridge Lane","stops":1,"services":"Load Packages","status":"Awarded","rating":4,"favouriteStatus":true},
{"id":2,"billToAccount":"Jetpulse","solicitor":"Tagfeed","origin":"02982 Drewry Park","destination":"83285 5th Junction","stops":5,"services":"Manuel Activity","status":"Awarded","rating":4,"favouriteStatus":false},
{"id":3,"billToAccount":"Riffpedia","solicitor":"Tagpad","origin":"53 Melby Lane","destination":"0888 Hazelcrest Avenue","stops":9,"services":"Manuel Activity","status":"Desirable","rating":4,"favouriteStatus":true},
{"id":4,"billToAccount":"Twitternation","solicitor":"Fanoodle","origin":"8979 Evergreen Plaza","destination":"12943 Namekagon Street","stops":3,"services":"Load Packages","status":"Awarded","rating":4,"favouriteStatus":false},
{"id":5,"billToAccount":"Meetz","solicitor":"Skidoo","origin":"07123 Warrior Park","destination":"1148 Boyd Junction","stops":1,"services":"Load Packages","status":"Awarded","rating":4,"favouriteStatus":false},
{"id":6,"billToAccount":"Livetube","solicitor":"Flipopia","origin":"8 Summer Ridge Junction","destination":"014 Armistice Road","stops":4,"services":"Manuel Activity","status":null,"rating":4,"favouriteStatus":true},
{"id":7,"billToAccount":"Zava","solicitor":"DabZ","origin":"3291 Stone Corner Street","destination":"1418 Garrison Terrace","stops":8,"services":"Manuel Activity","status":null,"rating":4,"favouriteStatus":true},
{"id":8,"billToAccount":"Kazu","solicitor":"Jaxworks","origin":"5391 Florence Road","destination":"7101 Mesta Drive","stops":4,"services":"Manuel Activity","status":"Awarded","rating":4,"favouriteStatus":false},
{"id":9,"billToAccount":"Skaboo","solicitor":"Skidoo","origin":"55724 Porter Park","destination":"04 Kropf Circle","stops":5,"services":"Load Packages","status":null,"rating":4,"favouriteStatus":true},
{"id":10,"billToAccount":"Zoomcast","solicitor":"Vipe","origin":"467 Cardinal Pass","destination":"71 Gina Way","stops":7,"services":"Load Packages","status":"Awarded","rating":4,"favouriteStatus":true},
{"id":11,"billToAccount":"Jaxworks","solicitor":"Realbridge","origin":"715 Hoepker Lane","destination":"43 Prairieview Way","stops":6,"services":"Manuel Activity","status":"Desirable","rating":4,"favouriteStatus":false},
{"id":12,"billToAccount":"Centizu","solicitor":"Skyba","origin":"5614 Debs Point","destination":"71618 Magdeline Court","stops":6,"services":"Manuel Activity","status":"Desirable","rating":4,"favouriteStatus":true},
{"id":13,"billToAccount":"Fivebridge","solicitor":"Skaboo","origin":"7858 Dennis Alley","destination":"4 Leroy Road","stops":5,"services":"Wash Out Truck","status":null,"rating":4,"favouriteStatus":false},
{"id":14,"billToAccount":"Pixonyx","solicitor":"Tambee","origin":"243 Red Cloud Place","destination":"60 High Crossing Drive","stops":10,"services":"Load Packages","status":"Desirable","rating":4,"favouriteStatus":true},
{"id":15,"billToAccount":"Realpoint","solicitor":"Jazzy","origin":"1 Algoma Lane","destination":"643 Warrior Junction","stops":2,"services":"Load Packages","status":null,"rating":4,"favouriteStatus":true},
{"id":16,"billToAccount":"Dablist","solicitor":"Skalith","origin":"6 Dottie Road","destination":"63 Glendale Crossing","stops":6,"services":"Load Packages","status":"Desirable","rating":4,"favouriteStatus":false},
{"id":17,"billToAccount":"Skivee","solicitor":"Chatterbridge","origin":"73058 Dayton Way","destination":"6 Lawn Plaza","stops":2,"services":"Wash Out Truck","status":"Awarded","rating":4,"favouriteStatus":true},
{"id":18,"billToAccount":"Youspan","solicitor":"Midel","origin":"41175 Meadow Ridge Point","destination":"63811 Mifflin Park","stops":2,"services":"Wash Out Truck","status":"Awarded","rating":4,"favouriteStatus":true},
{"id":19,"billToAccount":"Skibox","solicitor":"Zoombox","origin":"332 Namekagon Court","destination":"97 Weeping Birch Alley","stops":2,"services":"Load Packages","status":"Awarded","rating":4,"favouriteStatus":true},
{"id":20,"billToAccount":"Oyoyo","solicitor":"Snaptags","origin":"620 Miller Circle","destination":"5 Badeau Junction","stops":3,"services":"Wash Out Truck","status":"Desirable","rating":4,"favouriteStatus":true},
{"id":21,"billToAccount":"Oyoloo","solicitor":"Leenti","origin":"6 Fairview Avenue","destination":"55459 Beilfuss Avenue","stops":7,"services":"Load Packages","status":"Desirable","rating":3,"favouriteStatus":true},
{"id":22,"billToAccount":"Skyba","solicitor":"Rhybox","origin":"7 Marquette Pass","destination":"56500 Morning Hill","stops":9,"services":"Wash Out Truck","status":"Awarded","rating":5,"favouriteStatus":true},
{"id":23,"billToAccount":"Reallinks","solicitor":"Livefish","origin":"3877 Manitowish Court","destination":"91323 Garrison Hill","stops":6,"services":"Load Packages","status":"Desirable","rating":2,"favouriteStatus":true},
{"id":24,"billToAccount":"Feednation","solicitor":"Shufflebeat","origin":"922 Brickson Park Circle","destination":"6 Moland Lane","stops":5,"services":"Load Packages","status":"Desirable","rating":1,"favouriteStatus":true},
{"id":25,"billToAccount":"Linktype","solicitor":"Youspan","origin":"0147 Hintze Parkway","destination":"49853 Westend Pass","stops":10,"services":"Wash Out Truck","status":"Awarded","rating":2,"favouriteStatus":false}]