{
    "txnStatus": {
        "success": 1,
        "moreData": null,
        "total": null,
        "error": []
    },
    "briefings": [
        {
            "briefingId": "",
            "employeeId": null,
            "dispatchType": {
                "dispatchNumber": null,
                "orderNumber": null,
                "jobId": null,
                "truckDetails": null,
                "operatorCode": "MUTR2",
                "auditFields": null,
                "stopNumber": null,
                "placardRequiredFlag": null,
                "subTaskId": null
            },
            "status": null,
            "briefingStatus": null,
            "orderType": {
                "orderId": null,
                "orderNumber": "JD22693",
                "stopNumber": [],
                "truckDetails": {
                    "truckNumber": [
                        "330130 "
                    ],
                    "trailerDetails": null,
                    "powerUnitNumber": null,
                    "chassisUnitNumber": null
                },
                "type": null,
                "jobId": null
            },
            "hazMat": {
                "bracing": [],
                "stopNumber": 1,
                "emergencyContact": [],
                "detail": [],
                "firstName": null,
                "lastName": null,
                "placardingList": [
                    {
                        "code": "Highly poisonous",
                        "name": null,
                        "description": null
                    }
                ]
            },
            "highValue": null,
            "auditFields": null,
            "orderNumbers": null,
            "expirationTimeStamp": null
        }
    ]
}