{
    "overAllRating": 3,
    "rateDetails": [{
        "rating": 1,
        "name": "17 Over Outbound Capacity Limit (-17/100)"
    }, {
        "rating": 3,
        "name": "Descrition and understanding of additional risk"
    }, {
        "rating": 2,
        "name": "10 Inbound Capacity Remaining (10/100)"
    }, {
        "rating": 3,
        "name": "17 Over Outbound Capacity Limit (-17/100)"
    }, {
        "rating": 3,
        "name": "Descrition and understanding of additional risk"
    }, {
        "rating": 1,
        "name": "10 Inbound Capacity Remaining (10/100)"
    }, {
        "rating": 2,
        "name": "17 Over Outbound Capacity Limit (-17/100)"
    }, {
        "rating": 3,
        "name": "Descrition and understanding of additional risk"
    }, {
        "rating": 1,
        "name": "10 Inbound Capacity Remaining (10/100)"
    }, {
        "rating": 2,
        "name": "17 Over Outbound Capacity Limit (-17/100)"
    }, {
        "rating": 2,
        "name": "Descrition and understanding of additional risk"
    }, {
        "rating": 1,
        "name": "10 Inbound Capacity Remaining (10/100)"
    }],
    "contacts": [
        {
            "exceptionApproverID": 1,
            "exceptionApproverName": "John Smith"
        },
        {
            "exceptionApproverID": 2,
            "exceptionApproverName": "Arthur Smith"
        },
        {
            "exceptionApproverID": 3,
            "exceptionApproverName": "Lily Smith"
        },
        {
            "exceptionApproverID": 4,
            "exceptionApproverName": "James Smith"
        }
    ]
}