[
  {
    "primaryPickUpDate": [
      2017,
      4,
      27
    ],
    "primaryDeliveryDate": [
      2017,
      5,
      6
    ],
    "qualificationShippingOptionID": 136,
    "shippingOptionSelectionIndicator": null,
    "availableWeeklyCommitmentQuantity": 50,
    "availableDailyCommitmentQuantity": 10,
    "availableInboundLimitQuantity": null,
    "availableOutboundCapacityQuantity": null,
    "qualificationPostingTypeCode": "Global",
    "rateTypeCode": "MarketRate",
    "totalRateAmount": 10000,
    "financeBusinessUnitCode": "JBT",
    "serviceOfferingCode": "OTR",
    "shippingOptionRateAvailabilityCode": "Available"
  },
  {
    "primaryPickUpDate": [
      2017,
      4,
      28
    ],
    "primaryDeliveryDate": [
      2017,
      5,
      9
    ],
    "qualificationShippingOptionID": 189,
    "shippingOptionSelectionIndicator": null,
    "availableWeeklyCommitmentQuantity": null,
    "availableDailyCommitmentQuantity": null,
    "availableInboundLimitQuantity": null,
    "availableOutboundCapacityQuantity": null,
    "qualificationPostingTypeCode": "Global",
    "rateTypeCode": "MarketRate",
    "totalRateAmount": 10000,
    "financeBusinessUnitCode": "JBT",
    "serviceOfferingCode": "OTR",
    "shippingOptionRateAvailabilityCode": "Available"
  },
  {
    "primaryPickUpDate": [
      2017,
      4,
      28
    ],
    "primaryDeliveryDate": [
      2017,
      5,
      11
    ],
    "qualificationShippingOptionID": 87,
    "shippingOptionSelectionIndicator": "Y",
    "availableWeeklyCommitmentQuantity": 1,
    "availableDailyCommitmentQuantity": null,
    "availableInboundLimitQuantity": null,
    "availableOutboundCapacityQuantity": null,
    "qualificationPostingTypeCode": "PriIntend",
    "rateTypeCode": "MarketRate",
    "totalRateAmount": 10000,
    "financeBusinessUnitCode": "JBI",
    "serviceOfferingCode": "Intermodal",
    "shippingOptionRateAvailabilityCode": "Available"
  },
  {
    "primaryPickUpDate": [
      2017,
      4,
      28
    ],
    "primaryDeliveryDate": [
      2017,
      5,
      20
    ],
    "qualificationShippingOptionID": 213,
    "shippingOptionSelectionIndicator": "Y",
    "availableWeeklyCommitmentQuantity": 1,
    "availableDailyCommitmentQuantity": null,
    "availableInboundLimitQuantity": null,
    "availableOutboundCapacityQuantity": null,
    "qualificationPostingTypeCode": "Global",
    "rateTypeCode": "MarketRate",
    "totalRateAmount": 10000,
    "financeBusinessUnitCode": "JBI",
    "serviceOfferingCode": "Intermodal",
    "shippingOptionRateAvailabilityCode": "Available"
  },
  {
    "primaryPickUpDate": [
      2017,
      4,
      28
    ],
    "primaryDeliveryDate": [
      2017,
      5,
      2
    ],
    "qualificationShippingOptionID": 211,
    "shippingOptionSelectionIndicator": null,
    "availableWeeklyCommitmentQuantity": 0,
    "availableDailyCommitmentQuantity": -9,
    "availableInboundLimitQuantity": null,
    "availableOutboundCapacityQuantity": null,
    "qualificationPostingTypeCode": "PriIntend",
    "rateTypeCode": "MarketRate",
    "totalRateAmount": 10000,
    "financeBusinessUnitCode": "JBT",
    "serviceOfferingCode": "OTR",
    "shippingOptionRateAvailabilityCode": "Available"
  },
  {
    "primaryPickUpDate": [
      2017,
      4,
      28
    ],
    "primaryDeliveryDate": [
      2017,
      4,
      30
    ],
    "qualificationShippingOptionID": 196,
    "shippingOptionSelectionIndicator": null,
    "availableWeeklyCommitmentQuantity": null,
    "availableDailyCommitmentQuantity": null,
    "availableInboundLimitQuantity": null,
    "availableOutboundCapacityQuantity": null,
    "qualificationPostingTypeCode": "Global",
    "rateTypeCode": "MarketRate",
    "totalRateAmount": 10000,
    "financeBusinessUnitCode": "JBT",
    "serviceOfferingCode": "OTR",
    "shippingOptionRateAvailabilityCode": "Available"
  }
]