{
  "_embedded" : {
    "bondTypes" : [ {
      "bondTypeCode" : "IE",
      "bondTypeDescription" : "Immediate Export",
      "lastUpdateTimestampString" : {
        "dayOfYear" : 33,
        "monthValue" : 2,
        "month" : "FEBRUARY",
        "year" : 2017,
        "dayOfMonth" : 2,
        "dayOfWeek" : "THURSDAY",
        "hour" : 6,
        "minute" : 33,
        "nano" : 360713400,
        "second" : 48,
        "chronology" : {
          "id" : "ISO",
          "calendarType" : "iso8601"
        }
      },
      "_links" : {
        "self" : {
          "href" : "http://ordermanagementreferencedataservices-dev.jbhunt.com/ordermanagementreferencedataservices/bondTypes/IE"
        },
        "bondType" : {
          "href" : "http://ordermanagementreferencedataservices-dev.jbhunt.com/ordermanagementreferencedataservices/bondTypes/IE"
        }
      }
    }, {
      "bondTypeCode" : "IT",
      "bondTypeDescription" : "Immediate Transport",
      "lastUpdateTimestampString" : {
        "dayOfYear" : 33,
        "monthValue" : 2,
        "month" : "FEBRUARY",
        "year" : 2017,
        "dayOfMonth" : 2,
        "dayOfWeek" : "THURSDAY",
        "hour" : 6,
        "minute" : 33,
        "nano" : 360713400,
        "second" : 48,
        "chronology" : {
          "id" : "ISO",
          "calendarType" : "iso8601"
        }
      },
      "_links" : {
        "self" : {
          "href" : "http://ordermanagementreferencedataservices-dev.jbhunt.com/ordermanagementreferencedataservices/bondTypes/IT"
        },
        "bondType" : {
          "href" : "http://ordermanagementreferencedataservices-dev.jbhunt.com/ordermanagementreferencedataservices/bondTypes/IT"
        }
      }
    }, {
      "bondTypeCode" : "T&E",
      "bondTypeDescription" : "Transport Export",
      "lastUpdateTimestampString" : {
        "dayOfYear" : 33,
        "monthValue" : 2,
        "month" : "FEBRUARY",
        "year" : 2017,
        "dayOfMonth" : 2,
        "dayOfWeek" : "THURSDAY",
        "hour" : 6,
        "minute" : 33,
        "nano" : 360713400,
        "second" : 48,
        "chronology" : {
          "id" : "ISO",
          "calendarType" : "iso8601"
        }
      },
      "_links" : {
        "self" : {
          "href" : "http://ordermanagementreferencedataservices-dev.jbhunt.com/ordermanagementreferencedataservices/bondTypes/T&E"
        },
        "bondType" : {
          "href" : "http://ordermanagementreferencedataservices-dev.jbhunt.com/ordermanagementreferencedataservices/bondTypes/T&E"
        }
      }
    } ]
  },
  "_links" : {
    "self" : {
      "href" : "http://ordermanagementreferencedataservices-dev.jbhunt.com/ordermanagementreferencedataservices/bondTypes"
    },
    "profile" : {
      "href" : "http://ordermanagementreferencedataservices-dev.jbhunt.com/ordermanagementreferencedataservices/profile/bondTypes"
    },
    "search" : {
      "href" : "http://ordermanagementreferencedataservices-dev.jbhunt.com/ordermanagementreferencedataservices/bondTypes/search"
    }
  },
  "page" : {
    "size" : 20,
    "totalElements" : 3,
    "totalPages" : 1,
    "number" : 0
  }
}