{
    "_embedded": {
        "chargeCodes": [
            {
                "chargeClassCode": "DRVRUNLD",
                "chargeClassDescription": "DRIVER UNLOADS FREIGHT",
                "useFlag": "Y",
                "effectiveDate": "1993-01-01",
                "endDate": "2099-12-31",
                "apdFlag": " "
           },
            {
                "chargeClassCode": "MGMT",
                "chargeClassDescription": "MANAGEMENT UNLOADS FREIGHT",
                "useFlag": "Y",
                "effectiveDate": "1993-01-01",
                "endDate": "2099-12-31",
                "apdFlag": " "
           }
        ]
    },
    "_links": {
        "self": {
            "href": "http://localhost:8085/ordermanagementintegrationservices/chargeCodes/search/findbycriteria?chargecode=d&stopreason=Delivery&serviceoffering=CODEINE&level=Stop"
        }
    }
}