[{
	"contactValue": "8956256857",
	"contactId": 1234,
	"contactMethod": "Phone",
	"contactName": "Contact",
	"locationCode": "USA",
	"firstName": "Sam",
	"marketingArea": "Tohoma",
	"lastName": "Jackson",
	"profileCode": "COCA",
	"profileName": "coca-cola",
	"contactType": null
},{
	"contactValue": "9865784525",
	"contactId": 8,
	"contactMethod": "Phone",
	"contactName": "Contact",
	"locationCode": "USA",
	"firstName": "Smith",
	"marketingArea": "Tohoma",
	"lastName": "Jackson",
	"profileCode": "COCA",
	"profileName": "coca-cola",
	"contactType": null
}]
