[ {
  "code" : "Floor",
  "description" : "Floor Requirement",
  "associatedCode" : "Roll ",
  "equipmentCategoryCode" : null,
  "equipmentClassificationCode" : null,
  "equipmentTypeCode" : null,
  "equipmentTypeDescription" : null,
  "equipmentClassificationDescription" : null,
  "equipmentCategoryDescription" : null,
  "equipmentCategoryClassificationTypeAssociationID" : null,
  "associatedDescription" : "Roll",
  "equipmentRequirementSpecificationAssociationID" : 1,
  "detailDescriptions" : null,
  "detailDescription" : null,
  "equipmentRequirementSpecificationDetail" : [ {
    "equipmentRequirementSpecificationDetailID" : 0,
    "equipmentRequirementSpecificationDetailDescription" : null,
    "effectiveTimestamp" : null,
    "expirationTimestamp" : null,
    "lastUpdateTimestampString" : null
  } ],
  "equipmentRequirementSpecificationDetailID" : null,
  "equipmentRequirementSpecificationDetailDescription" : null,
  "equipmentClassificationTypeFeatureAssociationID" : null
}, {
  "code" : "Floor",
  "description" : "Floor Requirement",
  "associatedCode" : "Metal",
  "equipmentCategoryCode" : null,
  "equipmentClassificationCode" : null,
  "equipmentTypeCode" : null,
  "equipmentTypeDescription" : null,
  "equipmentClassificationDescription" : null,
  "equipmentCategoryDescription" : null,
  "equipmentCategoryClassificationTypeAssociationID" : null,
  "associatedDescription" : "Metal",
  "equipmentRequirementSpecificationAssociationID" : 2,
  "detailDescriptions" : null,
  "detailDescription" : null,
  "equipmentRequirementSpecificationDetail" : [ {
    "equipmentRequirementSpecificationDetailID" : 0,
    "equipmentRequirementSpecificationDetailDescription" : null,
    "effectiveTimestamp" : null,
    "expirationTimestamp" : null,
    "lastUpdateTimestampString" : null
  } ],
  "equipmentRequirementSpecificationDetailID" : null,
  "equipmentRequirementSpecificationDetailDescription" : null,
  "equipmentClassificationTypeFeatureAssociationID" : null
}, {
  "code" : "Floor",
  "description" : "Floor Requirement",
  "associatedCode" : "Flat",
  "equipmentCategoryCode" : null,
  "equipmentClassificationCode" : null,
  "equipmentTypeCode" : null,
  "equipmentTypeDescription" : null,
  "equipmentClassificationDescription" : null,
  "equipmentCategoryDescription" : null,
  "equipmentCategoryClassificationTypeAssociationID" : null,
  "associatedDescription" : "Flat",
  "equipmentRequirementSpecificationAssociationID" : 3,
  "detailDescriptions" : null,
  "detailDescription" : null,
  "equipmentRequirementSpecificationDetail" : [ {
    "equipmentRequirementSpecificationDetailID" : 0,
    "equipmentRequirementSpecificationDetailDescription" : null,
    "effectiveTimestamp" : null,
    "expirationTimestamp" : null,
    "lastUpdateTimestampString" : null
  } ],
  "equipmentRequirementSpecificationDetailID" : null,
  "equipmentRequirementSpecificationDetailDescription" : null,
  "equipmentClassificationTypeFeatureAssociationID" : null
}, {
  "code" : "Length",
  "description" : "Length Requirement",
  "associatedCode" : "18ft",
  "equipmentCategoryCode" : null,
  "equipmentClassificationCode" : null,
  "equipmentTypeCode" : null,
  "equipmentTypeDescription" : null,
  "equipmentClassificationDescription" : null,
  "equipmentCategoryDescription" : null,
  "equipmentCategoryClassificationTypeAssociationID" : null,
  "associatedDescription" : "18ft",
  "equipmentRequirementSpecificationAssociationID" : 196,
  "detailDescriptions" : null,
  "detailDescription" : null,
  "equipmentRequirementSpecificationDetail" : [ {
    "equipmentRequirementSpecificationDetailID" : 0,
    "equipmentRequirementSpecificationDetailDescription" : null,
    "effectiveTimestamp" : null,
    "expirationTimestamp" : null,
    "lastUpdateTimestampString" : null
  } ],
  "equipmentRequirementSpecificationDetailID" : null,
  "equipmentRequirementSpecificationDetailDescription" : null,
  "equipmentClassificationTypeFeatureAssociationID" : null
}, {
  "code" : "Floor",
  "description" : "Floor Requirement",
  "associatedCode" : "DuctFloor ",
  "equipmentCategoryCode" : null,
  "equipmentClassificationCode" : null,
  "equipmentTypeCode" : null,
  "equipmentTypeDescription" : null,
  "equipmentClassificationDescription" : null,
  "equipmentCategoryDescription" : null,
  "equipmentCategoryClassificationTypeAssociationID" : null,
  "associatedDescription" : "Duct Floor ",
  "equipmentRequirementSpecificationAssociationID" : 4,
  "detailDescriptions" : null,
  "detailDescription" : null,
  "equipmentRequirementSpecificationDetail" : [ {
    "equipmentRequirementSpecificationDetailID" : 0,
    "equipmentRequirementSpecificationDetailDescription" : null,
    "effectiveTimestamp" : null,
    "expirationTimestamp" : null,
    "lastUpdateTimestampString" : null
  } ],
  "equipmentRequirementSpecificationDetailID" : null,
  "equipmentRequirementSpecificationDetailDescription" : null,
  "equipmentClassificationTypeFeatureAssociationID" : null
}, {
  "code" : "Door",
  "description" : "Door Requirement",
  "associatedCode" : "Swing",
  "equipmentCategoryCode" : null,
  "equipmentClassificationCode" : null,
  "equipmentTypeCode" : null,
  "equipmentTypeDescription" : null,
  "equipmentClassificationDescription" : null,
  "equipmentCategoryDescription" : null,
  "equipmentCategoryClassificationTypeAssociationID" : null,
  "associatedDescription" : "swing",
  "equipmentRequirementSpecificationAssociationID" : 5,
  "detailDescriptions" : null,
  "detailDescription" : null,
  "equipmentRequirementSpecificationDetail" : [ {
    "equipmentRequirementSpecificationDetailID" : 0,
    "equipmentRequirementSpecificationDetailDescription" : null,
    "effectiveTimestamp" : null,
    "expirationTimestamp" : null,
    "lastUpdateTimestampString" : null
  } ],
  "equipmentRequirementSpecificationDetailID" : null,
  "equipmentRequirementSpecificationDetailDescription" : null,
  "equipmentClassificationTypeFeatureAssociationID" : null
}, {
  "code" : "Length",
  "description" : "Length Requirement",
  "associatedCode" : "20ft",
  "equipmentCategoryCode" : null,
  "equipmentClassificationCode" : null,
  "equipmentTypeCode" : null,
  "equipmentTypeDescription" : null,
  "equipmentClassificationDescription" : null,
  "equipmentCategoryDescription" : null,
  "equipmentCategoryClassificationTypeAssociationID" : null,
  "associatedDescription" : "20ft",
  "equipmentRequirementSpecificationAssociationID" : 198,
  "detailDescriptions" : null,
  "detailDescription" : null,
  "equipmentRequirementSpecificationDetail" : [ {
    "equipmentRequirementSpecificationDetailID" : 0,
    "equipmentRequirementSpecificationDetailDescription" : null,
    "effectiveTimestamp" : null,
    "expirationTimestamp" : null,
    "lastUpdateTimestampString" : null
  } ],
  "equipmentRequirementSpecificationDetailID" : null,
  "equipmentRequirementSpecificationDetailDescription" : null,
  "equipmentClassificationTypeFeatureAssociationID" : null
}, {
  "code" : "Roof",
  "description" : "Roof Requirement",
  "associatedCode" : "Alumimum",
  "equipmentCategoryCode" : null,
  "equipmentClassificationCode" : null,
  "equipmentTypeCode" : null,
  "equipmentTypeDescription" : null,
  "equipmentClassificationDescription" : null,
  "equipmentCategoryDescription" : null,
  "equipmentCategoryClassificationTypeAssociationID" : null,
  "associatedDescription" : "Alumimum",
  "equipmentRequirementSpecificationAssociationID" : 7,
  "detailDescriptions" : null,
  "detailDescription" : null,
  "equipmentRequirementSpecificationDetail" : [ {
    "equipmentRequirementSpecificationDetailID" : 0,
    "equipmentRequirementSpecificationDetailDescription" : null,
    "effectiveTimestamp" : null,
    "expirationTimestamp" : null,
    "lastUpdateTimestampString" : null
  } ],
  "equipmentRequirementSpecificationDetailID" : null,
  "equipmentRequirementSpecificationDetailDescription" : null,
  "equipmentClassificationTypeFeatureAssociationID" : null
}, {
  "code" : "Roof",
  "description" : "Roof Requirement",
  "associatedCode" : "Garden",
  "equipmentCategoryCode" : null,
  "equipmentClassificationCode" : null,
  "equipmentTypeCode" : null,
  "equipmentTypeDescription" : null,
  "equipmentClassificationDescription" : null,
  "equipmentCategoryDescription" : null,
  "equipmentCategoryClassificationTypeAssociationID" : null,
  "associatedDescription" : "Garden",
  "equipmentRequirementSpecificationAssociationID" : 8,
  "detailDescriptions" : null,
  "detailDescription" : null,
  "equipmentRequirementSpecificationDetail" : [ {
    "equipmentRequirementSpecificationDetailID" : 0,
    "equipmentRequirementSpecificationDetailDescription" : null,
    "effectiveTimestamp" : null,
    "expirationTimestamp" : null,
    "lastUpdateTimestampString" : null
  } ],
  "equipmentRequirementSpecificationDetailID" : null,
  "equipmentRequirementSpecificationDetailDescription" : null,
  "equipmentClassificationTypeFeatureAssociationID" : null
}, {
  "code" : "Length",
  "description" : "Length Requirement",
  "associatedCode" : "21ft",
  "equipmentCategoryCode" : null,
  "equipmentClassificationCode" : null,
  "equipmentTypeCode" : null,
  "equipmentTypeDescription" : null,
  "equipmentClassificationDescription" : null,
  "equipmentCategoryDescription" : null,
  "equipmentCategoryClassificationTypeAssociationID" : null,
  "associatedDescription" : "21ft",
  "equipmentRequirementSpecificationAssociationID" : 200,
  "detailDescriptions" : null,
  "detailDescription" : null,
  "equipmentRequirementSpecificationDetail" : [ {
    "equipmentRequirementSpecificationDetailID" : 0,
    "equipmentRequirementSpecificationDetailDescription" : null,
    "effectiveTimestamp" : null,
    "expirationTimestamp" : null,
    "lastUpdateTimestampString" : null
  } ],
  "equipmentRequirementSpecificationDetailID" : null,
  "equipmentRequirementSpecificationDetailDescription" : null,
  "equipmentClassificationTypeFeatureAssociationID" : null
}, {
  "code" : "Freight",
  "description" : "Freight Securement",
  "associatedCode" : "Strapping",
  "equipmentCategoryCode" : null,
  "equipmentClassificationCode" : null,
  "equipmentTypeCode" : null,
  "equipmentTypeDescription" : null,
  "equipmentClassificationDescription" : null,
  "equipmentCategoryDescription" : null,
  "equipmentCategoryClassificationTypeAssociationID" : null,
  "associatedDescription" : "Strapping",
  "equipmentRequirementSpecificationAssociationID" : 9,
  "detailDescriptions" : null,
  "detailDescription" : null,
  "equipmentRequirementSpecificationDetail" : [ {
    "equipmentRequirementSpecificationDetailID" : 0,
    "equipmentRequirementSpecificationDetailDescription" : null,
    "effectiveTimestamp" : null,
    "expirationTimestamp" : null,
    "lastUpdateTimestampString" : null
  } ],
  "equipmentRequirementSpecificationDetailID" : null,
  "equipmentRequirementSpecificationDetailDescription" : null,
  "equipmentClassificationTypeFeatureAssociationID" : null
}, {
  "code" : "Freight",
  "description" : "Freight Securement",
  "associatedCode" : "Blankets",
  "equipmentCategoryCode" : null,
  "equipmentClassificationCode" : null,
  "equipmentTypeCode" : null,
  "equipmentTypeDescription" : null,
  "equipmentClassificationDescription" : null,
  "equipmentCategoryDescription" : null,
  "equipmentCategoryClassificationTypeAssociationID" : null,
  "associatedDescription" : "Blankets",
  "equipmentRequirementSpecificationAssociationID" : 10,
  "detailDescriptions" : null,
  "detailDescription" : null,
  "equipmentRequirementSpecificationDetail" : [ {
    "equipmentRequirementSpecificationDetailID" : 0,
    "equipmentRequirementSpecificationDetailDescription" : null,
    "effectiveTimestamp" : null,
    "expirationTimestamp" : null,
    "lastUpdateTimestampString" : null
  } ],
  "equipmentRequirementSpecificationDetailID" : null,
  "equipmentRequirementSpecificationDetailDescription" : null,
  "equipmentClassificationTypeFeatureAssociationID" : null
}, {
  "code" : "Freight",
  "description" : "Freight Securement",
  "associatedCode" : "BlkingBrng",
  "equipmentCategoryCode" : null,
  "equipmentClassificationCode" : null,
  "equipmentTypeCode" : null,
  "equipmentTypeDescription" : null,
  "equipmentClassificationDescription" : null,
  "equipmentCategoryDescription" : null,
  "equipmentCategoryClassificationTypeAssociationID" : null,
  "associatedDescription" : "Blocking and Bracing",
  "equipmentRequirementSpecificationAssociationID" : 11,
  "detailDescriptions" : null,
  "detailDescription" : null,
  "equipmentRequirementSpecificationDetail" : [ {
    "equipmentRequirementSpecificationDetailID" : 0,
    "equipmentRequirementSpecificationDetailDescription" : null,
    "effectiveTimestamp" : null,
    "expirationTimestamp" : null,
    "lastUpdateTimestampString" : null
  } ],
  "equipmentRequirementSpecificationDetailID" : null,
  "equipmentRequirementSpecificationDetailDescription" : null,
  "equipmentClassificationTypeFeatureAssociationID" : null
}, {
  "code" : "Freight",
  "description" : "Freight Securement",
  "associatedCode" : "Fasteners",
  "equipmentCategoryCode" : null,
  "equipmentClassificationCode" : null,
  "equipmentTypeCode" : null,
  "equipmentTypeDescription" : null,
  "equipmentClassificationDescription" : null,
  "equipmentCategoryDescription" : null,
  "equipmentCategoryClassificationTypeAssociationID" : null,
  "associatedDescription" : "Fasteners",
  "equipmentRequirementSpecificationAssociationID" : 12,
  "detailDescriptions" : null,
  "detailDescription" : null,
  "equipmentRequirementSpecificationDetail" : [ {
    "equipmentRequirementSpecificationDetailID" : 0,
    "equipmentRequirementSpecificationDetailDescription" : null,
    "effectiveTimestamp" : null,
    "expirationTimestamp" : null,
    "lastUpdateTimestampString" : null
  } ],
  "equipmentRequirementSpecificationDetailID" : null,
  "equipmentRequirementSpecificationDetailDescription" : null,
  "equipmentClassificationTypeFeatureAssociationID" : null
}, {
  "code" : "Freight",
  "description" : "Freight Securement",
  "associatedCode" : "FreezePro",
  "equipmentCategoryCode" : null,
  "equipmentClassificationCode" : null,
  "equipmentTypeCode" : null,
  "equipmentTypeDescription" : null,
  "equipmentClassificationDescription" : null,
  "equipmentCategoryDescription" : null,
  "equipmentCategoryClassificationTypeAssociationID" : null,
  "associatedDescription" : "Freeze Protect",
  "equipmentRequirementSpecificationAssociationID" : 13,
  "detailDescriptions" : null,
  "detailDescription" : null,
  "equipmentRequirementSpecificationDetail" : [ {
    "equipmentRequirementSpecificationDetailID" : 0,
    "equipmentRequirementSpecificationDetailDescription" : null,
    "effectiveTimestamp" : null,
    "expirationTimestamp" : null,
    "lastUpdateTimestampString" : null
  } ],
  "equipmentRequirementSpecificationDetailID" : null,
  "equipmentRequirementSpecificationDetailDescription" : null,
  "equipmentClassificationTypeFeatureAssociationID" : null
}, {
  "code" : "Freight",
  "description" : "Freight Securement",
  "associatedCode" : "Tarping",
  "equipmentCategoryCode" : null,
  "equipmentClassificationCode" : null,
  "equipmentTypeCode" : null,
  "equipmentTypeDescription" : null,
  "equipmentClassificationDescription" : null,
  "equipmentCategoryDescription" : null,
  "equipmentCategoryClassificationTypeAssociationID" : null,
  "associatedDescription" : "Tarping",
  "equipmentRequirementSpecificationAssociationID" : 14,
  "detailDescriptions" : null,
  "detailDescription" : null,
  "equipmentRequirementSpecificationDetail" : [ {
    "equipmentRequirementSpecificationDetailID" : 1,
    "equipmentRequirementSpecificationDetailDescription" : "4ft",
    "effectiveTimestamp" : null,
    "expirationTimestamp" : null,
    "lastUpdateTimestampString" : null
  }, {
    "equipmentRequirementSpecificationDetailID" : 2,
    "equipmentRequirementSpecificationDetailDescription" : "6ft",
    "effectiveTimestamp" : null,
    "expirationTimestamp" : null,
    "lastUpdateTimestampString" : null
  }, {
    "equipmentRequirementSpecificationDetailID" : 3,
    "equipmentRequirementSpecificationDetailDescription" : "8ft",
    "effectiveTimestamp" : null,
    "expirationTimestamp" : null,
    "lastUpdateTimestampString" : null
  } ],
  "equipmentRequirementSpecificationDetailID" : null,
  "equipmentRequirementSpecificationDetailDescription" : null,
  "equipmentClassificationTypeFeatureAssociationID" : null
}, {
  "code" : "Freight",
  "description" : "Freight Securement",
  "associatedCode" : "Chains",
  "equipmentCategoryCode" : null,
  "equipmentClassificationCode" : null,
  "equipmentTypeCode" : null,
  "equipmentTypeDescription" : null,
  "equipmentClassificationDescription" : null,
  "equipmentCategoryDescription" : null,
  "equipmentCategoryClassificationTypeAssociationID" : null,
  "associatedDescription" : "Chains",
  "equipmentRequirementSpecificationAssociationID" : 15,
  "detailDescriptions" : null,
  "detailDescription" : null,
  "equipmentRequirementSpecificationDetail" : [ {
    "equipmentRequirementSpecificationDetailID" : 0,
    "equipmentRequirementSpecificationDetailDescription" : null,
    "effectiveTimestamp" : null,
    "expirationTimestamp" : null,
    "lastUpdateTimestampString" : null
  } ],
  "equipmentRequirementSpecificationDetailID" : null,
  "equipmentRequirementSpecificationDetailDescription" : null,
  "equipmentClassificationTypeFeatureAssociationID" : null
}, {
  "code" : "Freight",
  "description" : "Freight Securement",
  "associatedCode" : "Dunnage ",
  "equipmentCategoryCode" : null,
  "equipmentClassificationCode" : null,
  "equipmentTypeCode" : null,
  "equipmentTypeDescription" : null,
  "equipmentClassificationDescription" : null,
  "equipmentCategoryDescription" : null,
  "equipmentCategoryClassificationTypeAssociationID" : null,
  "associatedDescription" : "Dunnage ",
  "equipmentRequirementSpecificationAssociationID" : 16,
  "detailDescriptions" : null,
  "detailDescription" : null,
  "equipmentRequirementSpecificationDetail" : [ {
    "equipmentRequirementSpecificationDetailID" : 0,
    "equipmentRequirementSpecificationDetailDescription" : null,
    "effectiveTimestamp" : null,
    "expirationTimestamp" : null,
    "lastUpdateTimestampString" : null
  } ],
  "equipmentRequirementSpecificationDetailID" : null,
  "equipmentRequirementSpecificationDetailDescription" : null,
  "equipmentClassificationTypeFeatureAssociationID" : null
}, {
  "code" : "Freight",
  "description" : "Freight Securement",
  "associatedCode" : "Coil Racks",
  "equipmentCategoryCode" : null,
  "equipmentClassificationCode" : null,
  "equipmentTypeCode" : null,
  "equipmentTypeDescription" : null,
  "equipmentClassificationDescription" : null,
  "equipmentCategoryDescription" : null,
  "equipmentCategoryClassificationTypeAssociationID" : null,
  "associatedDescription" : "Coil Racks",
  "equipmentRequirementSpecificationAssociationID" : 17,
  "detailDescriptions" : null,
  "detailDescription" : null,
  "equipmentRequirementSpecificationDetail" : [ {
    "equipmentRequirementSpecificationDetailID" : 0,
    "equipmentRequirementSpecificationDetailDescription" : null,
    "effectiveTimestamp" : null,
    "expirationTimestamp" : null,
    "lastUpdateTimestampString" : null
  } ],
  "equipmentRequirementSpecificationDetailID" : null,
  "equipmentRequirementSpecificationDetailDescription" : null,
  "equipmentClassificationTypeFeatureAssociationID" : null
}, {
  "code" : "PersnalPro",
  "description" : "Personal Protection Equipment",
  "associatedCode" : "Hard Hat",
  "equipmentCategoryCode" : null,
  "equipmentClassificationCode" : null,
  "equipmentTypeCode" : null,
  "equipmentTypeDescription" : null,
  "equipmentClassificationDescription" : null,
  "equipmentCategoryDescription" : null,
  "equipmentCategoryClassificationTypeAssociationID" : null,
  "associatedDescription" : "Hard Hat",
  "equipmentRequirementSpecificationAssociationID" : 18,
  "detailDescriptions" : null,
  "detailDescription" : null,
  "equipmentRequirementSpecificationDetail" : [ {
    "equipmentRequirementSpecificationDetailID" : 0,
    "equipmentRequirementSpecificationDetailDescription" : null,
    "effectiveTimestamp" : null,
    "expirationTimestamp" : null,
    "lastUpdateTimestampString" : null
  } ],
  "equipmentRequirementSpecificationDetailID" : null,
  "equipmentRequirementSpecificationDetailDescription" : null,
  "equipmentClassificationTypeFeatureAssociationID" : null
}, {
  "code" : "PersnalPro",
  "description" : "Personal Protection Equipment",
  "associatedCode" : "SafetyGlas",
  "equipmentCategoryCode" : null,
  "equipmentClassificationCode" : null,
  "equipmentTypeCode" : null,
  "equipmentTypeDescription" : null,
  "equipmentClassificationDescription" : null,
  "equipmentCategoryDescription" : null,
  "equipmentCategoryClassificationTypeAssociationID" : null,
  "associatedDescription" : "Safety Glasses",
  "equipmentRequirementSpecificationAssociationID" : 19,
  "detailDescriptions" : null,
  "detailDescription" : null,
  "equipmentRequirementSpecificationDetail" : [ {
    "equipmentRequirementSpecificationDetailID" : 0,
    "equipmentRequirementSpecificationDetailDescription" : null,
    "effectiveTimestamp" : null,
    "expirationTimestamp" : null,
    "lastUpdateTimestampString" : null
  } ],
  "equipmentRequirementSpecificationDetailID" : null,
  "equipmentRequirementSpecificationDetailDescription" : null,
  "equipmentClassificationTypeFeatureAssociationID" : null
}, {
  "code" : "PersnalPro",
  "description" : "Personal Protection Equipment",
  "associatedCode" : "SteelToedB",
  "equipmentCategoryCode" : null,
  "equipmentClassificationCode" : null,
  "equipmentTypeCode" : null,
  "equipmentTypeDescription" : null,
  "equipmentClassificationDescription" : null,
  "equipmentCategoryDescription" : null,
  "equipmentCategoryClassificationTypeAssociationID" : null,
  "associatedDescription" : "Steel Toed Boots",
  "equipmentRequirementSpecificationAssociationID" : 20,
  "detailDescriptions" : null,
  "detailDescription" : null,
  "equipmentRequirementSpecificationDetail" : [ {
    "equipmentRequirementSpecificationDetailID" : 0,
    "equipmentRequirementSpecificationDetailDescription" : null,
    "effectiveTimestamp" : null,
    "expirationTimestamp" : null,
    "lastUpdateTimestampString" : null
  } ],
  "equipmentRequirementSpecificationDetailID" : null,
  "equipmentRequirementSpecificationDetailDescription" : null,
  "equipmentClassificationTypeFeatureAssociationID" : null
}, {
  "code" : "PersnalPro",
  "description" : "Personal Protection Equipment",
  "associatedCode" : "Vest",
  "equipmentCategoryCode" : null,
  "equipmentClassificationCode" : null,
  "equipmentTypeCode" : null,
  "equipmentTypeDescription" : null,
  "equipmentClassificationDescription" : null,
  "equipmentCategoryDescription" : null,
  "equipmentCategoryClassificationTypeAssociationID" : null,
  "associatedDescription" : "Vest",
  "equipmentRequirementSpecificationAssociationID" : 21,
  "detailDescriptions" : null,
  "detailDescription" : null,
  "equipmentRequirementSpecificationDetail" : [ {
    "equipmentRequirementSpecificationDetailID" : 0,
    "equipmentRequirementSpecificationDetailDescription" : null,
    "effectiveTimestamp" : null,
    "expirationTimestamp" : null,
    "lastUpdateTimestampString" : null
  } ],
  "equipmentRequirementSpecificationDetailID" : null,
  "equipmentRequirementSpecificationDetailDescription" : null,
  "equipmentClassificationTypeFeatureAssociationID" : null
}, {
  "code" : "PersnalPro",
  "description" : "Personal Protection Equipment",
  "associatedCode" : "Gloves",
  "equipmentCategoryCode" : null,
  "equipmentClassificationCode" : null,
  "equipmentTypeCode" : null,
  "equipmentTypeDescription" : null,
  "equipmentClassificationDescription" : null,
  "equipmentCategoryDescription" : null,
  "equipmentCategoryClassificationTypeAssociationID" : null,
  "associatedDescription" : "Gloves",
  "equipmentRequirementSpecificationAssociationID" : 22,
  "detailDescriptions" : null,
  "detailDescription" : null,
  "equipmentRequirementSpecificationDetail" : [ {
    "equipmentRequirementSpecificationDetailID" : 0,
    "equipmentRequirementSpecificationDetailDescription" : null,
    "effectiveTimestamp" : null,
    "expirationTimestamp" : null,
    "lastUpdateTimestampString" : null
  } ],
  "equipmentRequirementSpecificationDetailID" : null,
  "equipmentRequirementSpecificationDetailDescription" : null,
  "equipmentClassificationTypeFeatureAssociationID" : null
}, {
  "code" : "PersnalPro",
  "description" : "Personal Protection Equipment",
  "associatedCode" : "Cones",
  "equipmentCategoryCode" : null,
  "equipmentClassificationCode" : null,
  "equipmentTypeCode" : null,
  "equipmentTypeDescription" : null,
  "equipmentClassificationDescription" : null,
  "equipmentCategoryDescription" : null,
  "equipmentCategoryClassificationTypeAssociationID" : null,
  "associatedDescription" : "Cones",
  "equipmentRequirementSpecificationAssociationID" : 23,
  "detailDescriptions" : null,
  "detailDescription" : null,
  "equipmentRequirementSpecificationDetail" : [ {
    "equipmentRequirementSpecificationDetailID" : 0,
    "equipmentRequirementSpecificationDetailDescription" : null,
    "effectiveTimestamp" : null,
    "expirationTimestamp" : null,
    "lastUpdateTimestampString" : null
  } ],
  "equipmentRequirementSpecificationDetailID" : null,
  "equipmentRequirementSpecificationDetailDescription" : null,
  "equipmentClassificationTypeFeatureAssociationID" : null
}, {
  "code" : "PersnalPro",
  "description" : "Personal Protection Equipment",
  "associatedCode" : "Flares",
  "equipmentCategoryCode" : null,
  "equipmentClassificationCode" : null,
  "equipmentTypeCode" : null,
  "equipmentTypeDescription" : null,
  "equipmentClassificationDescription" : null,
  "equipmentCategoryDescription" : null,
  "equipmentCategoryClassificationTypeAssociationID" : null,
  "associatedDescription" : "Flares",
  "equipmentRequirementSpecificationAssociationID" : 24,
  "detailDescriptions" : null,
  "detailDescription" : null,
  "equipmentRequirementSpecificationDetail" : [ {
    "equipmentRequirementSpecificationDetailID" : 0,
    "equipmentRequirementSpecificationDetailDescription" : null,
    "effectiveTimestamp" : null,
    "expirationTimestamp" : null,
    "lastUpdateTimestampString" : null
  } ],
  "equipmentRequirementSpecificationDetailID" : null,
  "equipmentRequirementSpecificationDetailDescription" : null,
  "equipmentClassificationTypeFeatureAssociationID" : null
}, {
  "code" : "Length",
  "description" : "Length Requirement",
  "associatedCode" : "28Ft",
  "equipmentCategoryCode" : null,
  "equipmentClassificationCode" : null,
  "equipmentTypeCode" : null,
  "equipmentTypeDescription" : null,
  "equipmentClassificationDescription" : null,
  "equipmentCategoryDescription" : null,
  "equipmentCategoryClassificationTypeAssociationID" : null,
  "associatedDescription" : "28ft",
  "equipmentRequirementSpecificationAssociationID" : 28,
  "detailDescriptions" : null,
  "detailDescription" : null,
  "equipmentRequirementSpecificationDetail" : [ {
    "equipmentRequirementSpecificationDetailID" : 0,
    "equipmentRequirementSpecificationDetailDescription" : null,
    "effectiveTimestamp" : null,
    "expirationTimestamp" : null,
    "lastUpdateTimestampString" : null
  } ],
  "equipmentRequirementSpecificationDetailID" : null,
  "equipmentRequirementSpecificationDetailDescription" : null,
  "equipmentClassificationTypeFeatureAssociationID" : null
}, {
  "code" : "Length",
  "description" : "Length Requirement",
  "associatedCode" : "32Ft",
  "equipmentCategoryCode" : null,
  "equipmentClassificationCode" : null,
  "equipmentTypeCode" : null,
  "equipmentTypeDescription" : null,
  "equipmentClassificationDescription" : null,
  "equipmentCategoryDescription" : null,
  "equipmentCategoryClassificationTypeAssociationID" : null,
  "associatedDescription" : "32 Feet In Length",
  "equipmentRequirementSpecificationAssociationID" : 29,
  "detailDescriptions" : null,
  "detailDescription" : null,
  "equipmentRequirementSpecificationDetail" : [ {
    "equipmentRequirementSpecificationDetailID" : 0,
    "equipmentRequirementSpecificationDetailDescription" : null,
    "effectiveTimestamp" : null,
    "expirationTimestamp" : null,
    "lastUpdateTimestampString" : null
  } ],
  "equipmentRequirementSpecificationDetailID" : null,
  "equipmentRequirementSpecificationDetailDescription" : null,
  "equipmentClassificationTypeFeatureAssociationID" : null
}, {
  "code" : "Length",
  "description" : "Length Requirement",
  "associatedCode" : "36Ft",
  "equipmentCategoryCode" : null,
  "equipmentClassificationCode" : null,
  "equipmentTypeCode" : null,
  "equipmentTypeDescription" : null,
  "equipmentClassificationDescription" : null,
  "equipmentCategoryDescription" : null,
  "equipmentCategoryClassificationTypeAssociationID" : null,
  "associatedDescription" : "36 Feet In Length",
  "equipmentRequirementSpecificationAssociationID" : 30,
  "detailDescriptions" : null,
  "detailDescription" : null,
  "equipmentRequirementSpecificationDetail" : [ {
    "equipmentRequirementSpecificationDetailID" : 0,
    "equipmentRequirementSpecificationDetailDescription" : null,
    "effectiveTimestamp" : null,
    "expirationTimestamp" : null,
    "lastUpdateTimestampString" : null
  } ],
  "equipmentRequirementSpecificationDetailID" : null,
  "equipmentRequirementSpecificationDetailDescription" : null,
  "equipmentClassificationTypeFeatureAssociationID" : null
}, {
  "code" : "Length",
  "description" : "Length Requirement",
  "associatedCode" : "40Ft",
  "equipmentCategoryCode" : null,
  "equipmentClassificationCode" : null,
  "equipmentTypeCode" : null,
  "equipmentTypeDescription" : null,
  "equipmentClassificationDescription" : null,
  "equipmentCategoryDescription" : null,
  "equipmentCategoryClassificationTypeAssociationID" : null,
  "associatedDescription" : "40 Feet In Length",
  "equipmentRequirementSpecificationAssociationID" : 31,
  "detailDescriptions" : null,
  "detailDescription" : null,
  "equipmentRequirementSpecificationDetail" : [ {
    "equipmentRequirementSpecificationDetailID" : 0,
    "equipmentRequirementSpecificationDetailDescription" : null,
    "effectiveTimestamp" : null,
    "expirationTimestamp" : null,
    "lastUpdateTimestampString" : null
  } ],
  "equipmentRequirementSpecificationDetailID" : null,
  "equipmentRequirementSpecificationDetailDescription" : null,
  "equipmentClassificationTypeFeatureAssociationID" : null
}, {
  "code" : "Length",
  "description" : "Length Requirement",
  "associatedCode" : "42Ft",
  "equipmentCategoryCode" : null,
  "equipmentClassificationCode" : null,
  "equipmentTypeCode" : null,
  "equipmentTypeDescription" : null,
  "equipmentClassificationDescription" : null,
  "equipmentCategoryDescription" : null,
  "equipmentCategoryClassificationTypeAssociationID" : null,
  "associatedDescription" : "42 Feet In Length",
  "equipmentRequirementSpecificationAssociationID" : 32,
  "detailDescriptions" : null,
  "detailDescription" : null,
  "equipmentRequirementSpecificationDetail" : [ {
    "equipmentRequirementSpecificationDetailID" : 0,
    "equipmentRequirementSpecificationDetailDescription" : null,
    "effectiveTimestamp" : null,
    "expirationTimestamp" : null,
    "lastUpdateTimestampString" : null
  } ],
  "equipmentRequirementSpecificationDetailID" : null,
  "equipmentRequirementSpecificationDetailDescription" : null,
  "equipmentClassificationTypeFeatureAssociationID" : null
}, {
  "code" : "Length",
  "description" : "Length Requirement",
  "associatedCode" : "43Ft",
  "equipmentCategoryCode" : null,
  "equipmentClassificationCode" : null,
  "equipmentTypeCode" : null,
  "equipmentTypeDescription" : null,
  "equipmentClassificationDescription" : null,
  "equipmentCategoryDescription" : null,
  "equipmentCategoryClassificationTypeAssociationID" : null,
  "associatedDescription" : "43 Feet In Length",
  "equipmentRequirementSpecificationAssociationID" : 33,
  "detailDescriptions" : null,
  "detailDescription" : null,
  "equipmentRequirementSpecificationDetail" : [ {
    "equipmentRequirementSpecificationDetailID" : 0,
    "equipmentRequirementSpecificationDetailDescription" : null,
    "effectiveTimestamp" : null,
    "expirationTimestamp" : null,
    "lastUpdateTimestampString" : null
  } ],
  "equipmentRequirementSpecificationDetailID" : null,
  "equipmentRequirementSpecificationDetailDescription" : null,
  "equipmentClassificationTypeFeatureAssociationID" : null
}, {
  "code" : "Length",
  "description" : "Length Requirement",
  "associatedCode" : "45Ft",
  "equipmentCategoryCode" : null,
  "equipmentClassificationCode" : null,
  "equipmentTypeCode" : null,
  "equipmentTypeDescription" : null,
  "equipmentClassificationDescription" : null,
  "equipmentCategoryDescription" : null,
  "equipmentCategoryClassificationTypeAssociationID" : null,
  "associatedDescription" : "45 Feet In Length",
  "equipmentRequirementSpecificationAssociationID" : 34,
  "detailDescriptions" : null,
  "detailDescription" : null,
  "equipmentRequirementSpecificationDetail" : [ {
    "equipmentRequirementSpecificationDetailID" : 0,
    "equipmentRequirementSpecificationDetailDescription" : null,
    "effectiveTimestamp" : null,
    "expirationTimestamp" : null,
    "lastUpdateTimestampString" : null
  } ],
  "equipmentRequirementSpecificationDetailID" : null,
  "equipmentRequirementSpecificationDetailDescription" : null,
  "equipmentClassificationTypeFeatureAssociationID" : null
}, {
  "code" : "Length",
  "description" : "Length Requirement",
  "associatedCode" : "23ft",
  "equipmentCategoryCode" : null,
  "equipmentClassificationCode" : null,
  "equipmentTypeCode" : null,
  "equipmentTypeDescription" : null,
  "equipmentClassificationDescription" : null,
  "equipmentCategoryDescription" : null,
  "equipmentCategoryClassificationTypeAssociationID" : null,
  "associatedDescription" : "23ft",
  "equipmentRequirementSpecificationAssociationID" : 226,
  "detailDescriptions" : null,
  "detailDescription" : null,
  "equipmentRequirementSpecificationDetail" : [ {
    "equipmentRequirementSpecificationDetailID" : 0,
    "equipmentRequirementSpecificationDetailDescription" : null,
    "effectiveTimestamp" : null,
    "expirationTimestamp" : null,
    "lastUpdateTimestampString" : null
  } ],
  "equipmentRequirementSpecificationDetailID" : null,
  "equipmentRequirementSpecificationDetailDescription" : null,
  "equipmentClassificationTypeFeatureAssociationID" : null
}, {
  "code" : "Length",
  "description" : "Length Requirement",
  "associatedCode" : "48Ft",
  "equipmentCategoryCode" : null,
  "equipmentClassificationCode" : null,
  "equipmentTypeCode" : null,
  "equipmentTypeDescription" : null,
  "equipmentClassificationDescription" : null,
  "equipmentCategoryDescription" : null,
  "equipmentCategoryClassificationTypeAssociationID" : null,
  "associatedDescription" : "48 Feet In Length",
  "equipmentRequirementSpecificationAssociationID" : 35,
  "detailDescriptions" : null,
  "detailDescription" : null,
  "equipmentRequirementSpecificationDetail" : [ {
    "equipmentRequirementSpecificationDetailID" : 0,
    "equipmentRequirementSpecificationDetailDescription" : null,
    "effectiveTimestamp" : null,
    "expirationTimestamp" : null,
    "lastUpdateTimestampString" : null
  } ],
  "equipmentRequirementSpecificationDetailID" : null,
  "equipmentRequirementSpecificationDetailDescription" : null,
  "equipmentClassificationTypeFeatureAssociationID" : null
},  {
  "code" : "Length",
  "description" : "Length Requirement",
  "associatedCode" : "53Ft",
  "equipmentCategoryCode" : null,
  "equipmentClassificationCode" : null,
  "equipmentTypeCode" : null,
  "equipmentTypeDescription" : null,
  "equipmentClassificationDescription" : null,
  "equipmentCategoryDescription" : null,
  "equipmentCategoryClassificationTypeAssociationID" : null,
  "associatedDescription" : "53 Feet In Length",
  "equipmentRequirementSpecificationAssociationID" : 36,
  "detailDescriptions" : null,
  "detailDescription" : null,
  "equipmentRequirementSpecificationDetail" : [ {
    "equipmentRequirementSpecificationDetailID" : 0,
    "equipmentRequirementSpecificationDetailDescription" : null,
    "effectiveTimestamp" : null,
    "expirationTimestamp" : null,
    "lastUpdateTimestampString" : null
  } ],
  "equipmentRequirementSpecificationDetailID" : null,
  "equipmentRequirementSpecificationDetailDescription" : null,
  "equipmentClassificationTypeFeatureAssociationID" : null
}, {
  "code" : "Length",
  "description" : "Length Requirement",
  "associatedCode" : "57Ft",
  "equipmentCategoryCode" : null,
  "equipmentClassificationCode" : null,
  "equipmentTypeCode" : null,
  "equipmentTypeDescription" : null,
  "equipmentClassificationDescription" : null,
  "equipmentCategoryDescription" : null,
  "equipmentCategoryClassificationTypeAssociationID" : null,
  "associatedDescription" : "57 Feet In Length",
  "equipmentRequirementSpecificationAssociationID" : 37,
  "detailDescriptions" : null,
  "detailDescription" : null,
  "equipmentRequirementSpecificationDetail" : [ {
    "equipmentRequirementSpecificationDetailID" : 0,
    "equipmentRequirementSpecificationDetailDescription" : null,
    "effectiveTimestamp" : null,
    "expirationTimestamp" : null,
    "lastUpdateTimestampString" : null
  } ],
  "equipmentRequirementSpecificationDetailID" : null,
  "equipmentRequirementSpecificationDetailDescription" : null,
  "equipmentClassificationTypeFeatureAssociationID" : null
}, {
  "code" : "Length",
  "description" : "Length Requirement",
  "associatedCode" : "60Ft",
  "equipmentCategoryCode" : null,
  "equipmentClassificationCode" : null,
  "equipmentTypeCode" : null,
  "equipmentTypeDescription" : null,
  "equipmentClassificationDescription" : null,
  "equipmentCategoryDescription" : null,
  "equipmentCategoryClassificationTypeAssociationID" : null,
  "associatedDescription" : "60 Feet In Length",
  "equipmentRequirementSpecificationAssociationID" : 38,
  "detailDescriptions" : null,
  "detailDescription" : null,
  "equipmentRequirementSpecificationDetail" : [ {
    "equipmentRequirementSpecificationDetailID" : 0,
    "equipmentRequirementSpecificationDetailDescription" : null,
    "effectiveTimestamp" : null,
    "expirationTimestamp" : null,
    "lastUpdateTimestampString" : null
  } ],
  "equipmentRequirementSpecificationDetailID" : null,
  "equipmentRequirementSpecificationDetailDescription" : null,
  "equipmentClassificationTypeFeatureAssociationID" : null
}, {
  "code" : "Length",
  "description" : "Length Requirement",
  "associatedCode" : "24Ft",
  "equipmentCategoryCode" : null,
  "equipmentClassificationCode" : null,
  "equipmentTypeCode" : null,
  "equipmentTypeDescription" : null,
  "equipmentClassificationDescription" : null,
  "equipmentCategoryDescription" : null,
  "equipmentCategoryClassificationTypeAssociationID" : null,
  "associatedDescription" : "24 Feet In Length",
  "equipmentRequirementSpecificationAssociationID" : 39,
  "detailDescriptions" : null,
  "detailDescription" : null,
  "equipmentRequirementSpecificationDetail" : [ {
    "equipmentRequirementSpecificationDetailID" : 0,
    "equipmentRequirementSpecificationDetailDescription" : null,
    "effectiveTimestamp" : null,
    "expirationTimestamp" : null,
    "lastUpdateTimestampString" : null
  } ],
  "equipmentRequirementSpecificationDetailID" : null,
  "equipmentRequirementSpecificationDetailDescription" : null,
  "equipmentClassificationTypeFeatureAssociationID" : null
}, {
  "code" : "Length",
  "description" : "Length Requirement",
  "associatedCode" : "100Ft",
  "equipmentCategoryCode" : null,
  "equipmentClassificationCode" : null,
  "equipmentTypeCode" : null,
  "equipmentTypeDescription" : null,
  "equipmentClassificationDescription" : null,
  "equipmentCategoryDescription" : null,
  "equipmentCategoryClassificationTypeAssociationID" : null,
  "associatedDescription" : "100ft",
  "equipmentRequirementSpecificationAssociationID" : 41,
  "detailDescriptions" : null,
  "detailDescription" : null,
  "equipmentRequirementSpecificationDetail" : [ {
    "equipmentRequirementSpecificationDetailID" : 0,
    "equipmentRequirementSpecificationDetailDescription" : null,
    "effectiveTimestamp" : null,
    "expirationTimestamp" : null,
    "lastUpdateTimestampString" : null
  } ],
  "equipmentRequirementSpecificationDetailID" : null,
  "equipmentRequirementSpecificationDetailDescription" : null,
  "equipmentClassificationTypeFeatureAssociationID" : null
}, {
  "code" : "Length",
  "description" : "Length Requirement",
  "associatedCode" : "110Ft",
  "equipmentCategoryCode" : null,
  "equipmentClassificationCode" : null,
  "equipmentTypeCode" : null,
  "equipmentTypeDescription" : null,
  "equipmentClassificationDescription" : null,
  "equipmentCategoryDescription" : null,
  "equipmentCategoryClassificationTypeAssociationID" : null,
  "associatedDescription" : "110Ft",
  "equipmentRequirementSpecificationAssociationID" : 42,
  "detailDescriptions" : null,
  "detailDescription" : null,
  "equipmentRequirementSpecificationDetail" : [ {
    "equipmentRequirementSpecificationDetailID" : 0,
    "equipmentRequirementSpecificationDetailDescription" : null,
    "effectiveTimestamp" : null,
    "expirationTimestamp" : null,
    "lastUpdateTimestampString" : null
  } ],
  "equipmentRequirementSpecificationDetailID" : null,
  "equipmentRequirementSpecificationDetailDescription" : null,
  "equipmentClassificationTypeFeatureAssociationID" : null
}, {
  "code" : "Length",
  "description" : "Length Requirement",
  "associatedCode" : "170Ft",
  "equipmentCategoryCode" : null,
  "equipmentClassificationCode" : null,
  "equipmentTypeCode" : null,
  "equipmentTypeDescription" : null,
  "equipmentClassificationDescription" : null,
  "equipmentCategoryDescription" : null,
  "equipmentCategoryClassificationTypeAssociationID" : null,
  "associatedDescription" : "170Ft",
  "equipmentRequirementSpecificationAssociationID" : 44,
  "detailDescriptions" : null,
  "detailDescription" : null,
  "equipmentRequirementSpecificationDetail" : [ {
    "equipmentRequirementSpecificationDetailID" : 0,
    "equipmentRequirementSpecificationDetailDescription" : null,
    "effectiveTimestamp" : null,
    "expirationTimestamp" : null,
    "lastUpdateTimestampString" : null
  } ],
  "equipmentRequirementSpecificationDetailID" : null,
  "equipmentRequirementSpecificationDetailDescription" : null,
  "equipmentClassificationTypeFeatureAssociationID" : null
}, {
  "code" : "Length",
  "description" : "Length Requirement",
  "associatedCode" : "171Ft",
  "equipmentCategoryCode" : null,
  "equipmentClassificationCode" : null,
  "equipmentTypeCode" : null,
  "equipmentTypeDescription" : null,
  "equipmentClassificationDescription" : null,
  "equipmentCategoryDescription" : null,
  "equipmentCategoryClassificationTypeAssociationID" : null,
  "associatedDescription" : "171Ft",
  "equipmentRequirementSpecificationAssociationID" : 45,
  "detailDescriptions" : null,
  "detailDescription" : null,
  "equipmentRequirementSpecificationDetail" : [ {
    "equipmentRequirementSpecificationDetailID" : 0,
    "equipmentRequirementSpecificationDetailDescription" : null,
    "effectiveTimestamp" : null,
    "expirationTimestamp" : null,
    "lastUpdateTimestampString" : null
  } ],
  "equipmentRequirementSpecificationDetailID" : null,
  "equipmentRequirementSpecificationDetailDescription" : null,
  "equipmentClassificationTypeFeatureAssociationID" : null
}, {
  "code" : "Length",
  "description" : "Length Requirement",
  "associatedCode" : "310",
  "equipmentCategoryCode" : null,
  "equipmentClassificationCode" : null,
  "equipmentTypeCode" : null,
  "equipmentTypeDescription" : null,
  "equipmentClassificationDescription" : null,
  "equipmentCategoryDescription" : null,
  "equipmentCategoryClassificationTypeAssociationID" : null,
  "associatedDescription" : "310",
  "equipmentRequirementSpecificationAssociationID" : 53,
  "detailDescriptions" : null,
  "detailDescription" : null,
  "equipmentRequirementSpecificationDetail" : [ {
    "equipmentRequirementSpecificationDetailID" : 0,
    "equipmentRequirementSpecificationDetailDescription" : null,
    "effectiveTimestamp" : null,
    "expirationTimestamp" : null,
    "lastUpdateTimestampString" : null
  } ],
  "equipmentRequirementSpecificationDetailID" : null,
  "equipmentRequirementSpecificationDetailDescription" : null,
  "equipmentClassificationTypeFeatureAssociationID" : null
}, {
  "code" : "Freight",
  "description" : "Freight Securement",
  "associatedCode" : "steel",
  "equipmentCategoryCode" : null,
  "equipmentClassificationCode" : null,
  "equipmentTypeCode" : null,
  "equipmentTypeDescription" : null,
  "equipmentClassificationDescription" : null,
  "equipmentCategoryDescription" : null,
  "equipmentCategoryClassificationTypeAssociationID" : null,
  "associatedDescription" : "steel",
  "equipmentRequirementSpecificationAssociationID" : 55,
  "detailDescriptions" : null,
  "detailDescription" : null,
  "equipmentRequirementSpecificationDetail" : [ {
    "equipmentRequirementSpecificationDetailID" : 0,
    "equipmentRequirementSpecificationDetailDescription" : null,
    "effectiveTimestamp" : null,
    "expirationTimestamp" : null,
    "lastUpdateTimestampString" : null
  } ],
  "equipmentRequirementSpecificationDetailID" : null,
  "equipmentRequirementSpecificationDetailDescription" : null,
  "equipmentClassificationTypeFeatureAssociationID" : null
}, {
  "code" : "Air Chute",
  "description" : "Air Chute",
  "associatedCode" : "Air Chute",
  "equipmentCategoryCode" : null,
  "equipmentClassificationCode" : null,
  "equipmentTypeCode" : null,
  "equipmentTypeDescription" : null,
  "equipmentClassificationDescription" : null,
  "equipmentCategoryDescription" : null,
  "equipmentCategoryClassificationTypeAssociationID" : null,
  "associatedDescription" : "Air Chute",
  "equipmentRequirementSpecificationAssociationID" : 0,
  "detailDescriptions" : null,
  "detailDescription" : null,
  "equipmentRequirementSpecificationDetail" : null,
  "equipmentRequirementSpecificationDetailID" : null,
  "equipmentRequirementSpecificationDetailDescription" : null,
  "equipmentClassificationTypeFeatureAssociationID" : 30
}, {
  "code" : "Bulkhead",
  "description" : "Bulkhead",
  "associatedCode" : "Bulkhead",
  "equipmentCategoryCode" : null,
  "equipmentClassificationCode" : null,
  "equipmentTypeCode" : null,
  "equipmentTypeDescription" : null,
  "equipmentClassificationDescription" : null,
  "equipmentCategoryDescription" : null,
  "equipmentCategoryClassificationTypeAssociationID" : null,
  "associatedDescription" : "Bulkhead",
  "equipmentRequirementSpecificationAssociationID" : 0,
  "detailDescriptions" : null,
  "detailDescription" : null,
  "equipmentRequirementSpecificationDetail" : null,
  "equipmentRequirementSpecificationDetailID" : null,
  "equipmentRequirementSpecificationDetailDescription" : null,
  "equipmentClassificationTypeFeatureAssociationID" : 29
}, {
  "code" : "eTrack",
  "description" : "eTrack",
  "associatedCode" : "eTrack",
  "equipmentCategoryCode" : null,
  "equipmentClassificationCode" : null,
  "equipmentTypeCode" : null,
  "equipmentTypeDescription" : null,
  "equipmentClassificationDescription" : null,
  "equipmentCategoryDescription" : null,
  "equipmentCategoryClassificationTypeAssociationID" : null,
  "associatedDescription" : "eTrack",
  "equipmentRequirementSpecificationAssociationID" : 0,
  "detailDescriptions" : null,
  "detailDescription" : null,
  "equipmentRequirementSpecificationDetail" : null,
  "equipmentRequirementSpecificationDetailID" : null,
  "equipmentRequirementSpecificationDetailDescription" : null,
  "equipmentClassificationTypeFeatureAssociationID" : 31
}, {
  "code" : "Food Grade",
  "description" : "Food Grade",
  "associatedCode" : "Food Grade",
  "equipmentCategoryCode" : null,
  "equipmentClassificationCode" : null,
  "equipmentTypeCode" : null,
  "equipmentTypeDescription" : null,
  "equipmentClassificationDescription" : null,
  "equipmentCategoryDescription" : null,
  "equipmentCategoryClassificationTypeAssociationID" : null,
  "associatedDescription" : "Food Grade",
  "equipmentRequirementSpecificationAssociationID" : 0,
  "detailDescriptions" : null,
  "detailDescription" : null,
  "equipmentRequirementSpecificationDetail" : null,
  "equipmentRequirementSpecificationDetailID" : null,
  "equipmentRequirementSpecificationDetailDescription" : null,
  "equipmentClassificationTypeFeatureAssociationID" : 14
}, {
  "code" : "PaperSpfl",
  "description" : "Paper Spec Floor ",
  "associatedCode" : "PaperSpfl",
  "equipmentCategoryCode" : null,
  "equipmentClassificationCode" : null,
  "equipmentTypeCode" : null,
  "equipmentTypeDescription" : null,
  "equipmentClassificationDescription" : null,
  "equipmentCategoryDescription" : null,
  "equipmentCategoryClassificationTypeAssociationID" : null,
  "associatedDescription" : "Paper Spec Floor ",
  "equipmentRequirementSpecificationAssociationID" : 0,
  "detailDescriptions" : null,
  "detailDescription" : null,
  "equipmentRequirementSpecificationDetail" : null,
  "equipmentRequirementSpecificationDetailID" : null,
  "equipmentRequirementSpecificationDetailDescription" : null,
  "equipmentClassificationTypeFeatureAssociationID" : 18
},{
  "code" : "Lift gates",
  "description" : "Lift Gates",
  "associatedCode" : "Lift gates",
  "equipmentCategoryCode" : null,
  "equipmentClassificationCode" : null,
  "equipmentTypeCode" : null,
  "equipmentTypeDescription" : null,
  "equipmentClassificationDescription" : null,
  "equipmentCategoryDescription" : null,
  "equipmentCategoryClassificationTypeAssociationID" : null,
  "associatedDescription" : "Lift Gates",
  "equipmentRequirementSpecificationAssociationID" : 0,
  "detailDescriptions" : null,
  "detailDescription" : null,
  "equipmentRequirementSpecificationDetail" : null,
  "equipmentRequirementSpecificationDetailID" : null,
  "equipmentRequirementSpecificationDetailDescription" : null,
  "equipmentClassificationTypeFeatureAssociationID" : 20
}, {
  "code" : "SheetnPost",
  "description" : "Plate Trailer Or Sheet And Post",
  "associatedCode" : "SheetnPost",
  "equipmentCategoryCode" : null,
  "equipmentClassificationCode" : null,
  "equipmentTypeCode" : null,
  "equipmentTypeDescription" : null,
  "equipmentClassificationDescription" : null,
  "equipmentCategoryDescription" : null,
  "equipmentCategoryClassificationTypeAssociationID" : null,
  "associatedDescription" : "Plate Trailer Or Sheet And Post",
  "equipmentRequirementSpecificationAssociationID" : 0,
  "detailDescriptions" : null,
  "detailDescription" : null,
  "equipmentRequirementSpecificationDetail" : null,
  "equipmentRequirementSpecificationDetailID" : null,
  "equipmentRequirementSpecificationDetailDescription" : null,
  "equipmentClassificationTypeFeatureAssociationID" : 22
}, {
  "code" : "VentedDoor",
  "description" : "Vented Door",
  "associatedCode" : "VentedDoor",
  "equipmentCategoryCode" : null,
  "equipmentClassificationCode" : null,
  "equipmentTypeCode" : null,
  "equipmentTypeDescription" : null,
  "equipmentClassificationDescription" : null,
  "equipmentCategoryDescription" : null,
  "equipmentCategoryClassificationTypeAssociationID" : null,
  "associatedDescription" : "Vented Door",
  "equipmentRequirementSpecificationAssociationID" : 0,
  "detailDescriptions" : null,
  "detailDescription" : null,
  "equipmentRequirementSpecificationDetail" : null,
  "equipmentRequirementSpecificationDetailID" : null,
  "equipmentRequirementSpecificationDetailDescription" : null,
  "equipmentClassificationTypeFeatureAssociationID" : 26
} ]