{
  "_embedded" : {
    "unitOfWeightMeasurements" : [ {
      "unitOfWeightMeasurementCode" : "Grams",
      "unitOfWeightMeasurementDescription" : "Grams",
      "lastUpdateTimestampString" : {
        "dayOfYear" : 79,
        "monthValue" : 3,
        "month" : "MARCH",
        "year" : 2017,
        "dayOfMonth" : 20,
        "dayOfWeek" : "MONDAY",
        "hour" : 11,
        "minute" : 50,
        "nano" : 644362300,
        "second" : 34,
        "chronology" : {
          "id" : "ISO",
          "calendarType" : "iso8601"
        }
      },
      "_links" : {
        "self" : {
          "href" : "https://supplychainmanagement-dev.jbhunt.com/supplychainmanagement/referencedataservices/unitOfWeightMeasurements/Grams"
        },
        "unitOfWeightMeasurement" : {
          "href" : "https://supplychainmanagement-dev.jbhunt.com/supplychainmanagement/referencedataservices/unitOfWeightMeasurements/Grams"
        }
      }
    }, {
      "unitOfWeightMeasurementCode" : "Kilogram",
      "unitOfWeightMeasurementDescription" : "Kilogram",
      "lastUpdateTimestampString" : {
        "dayOfYear" : 79,
        "monthValue" : 3,
        "month" : "MARCH",
        "year" : 2017,
        "dayOfMonth" : 20,
        "dayOfWeek" : "MONDAY",
        "hour" : 11,
        "minute" : 50,
        "nano" : 644362300,
        "second" : 34,
        "chronology" : {
          "id" : "ISO",
          "calendarType" : "iso8601"
        }
      },
      "_links" : {
        "self" : {
          "href" : "https://supplychainmanagement-dev.jbhunt.com/supplychainmanagement/referencedataservices/unitOfWeightMeasurements/Kilogram"
        },
        "unitOfWeightMeasurement" : {
          "href" : "https://supplychainmanagement-dev.jbhunt.com/supplychainmanagement/referencedataservices/unitOfWeightMeasurements/Kilogram"
        }
      }
    }, {
      "unitOfWeightMeasurementCode" : "MetricTons",
      "unitOfWeightMeasurementDescription" : "Metric Tons",
      "lastUpdateTimestampString" : {
        "dayOfYear" : 79,
        "monthValue" : 3,
        "month" : "MARCH",
        "year" : 2017,
        "dayOfMonth" : 20,
        "dayOfWeek" : "MONDAY",
        "hour" : 11,
        "minute" : 50,
        "nano" : 644362300,
        "second" : 34,
        "chronology" : {
          "id" : "ISO",
          "calendarType" : "iso8601"
        }
      },
      "_links" : {
        "self" : {
          "href" : "https://supplychainmanagement-dev.jbhunt.com/supplychainmanagement/referencedataservices/unitOfWeightMeasurements/MetricTons"
        },
        "unitOfWeightMeasurement" : {
          "href" : "https://supplychainmanagement-dev.jbhunt.com/supplychainmanagement/referencedataservices/unitOfWeightMeasurements/MetricTons"
        }
      }
    }, {
      "unitOfWeightMeasurementCode" : "Ounces",
      "unitOfWeightMeasurementDescription" : "Ounces",
      "lastUpdateTimestampString" : {
        "dayOfYear" : 79,
        "monthValue" : 3,
        "month" : "MARCH",
        "year" : 2017,
        "dayOfMonth" : 20,
        "dayOfWeek" : "MONDAY",
        "hour" : 11,
        "minute" : 50,
        "nano" : 644362300,
        "second" : 34,
        "chronology" : {
          "id" : "ISO",
          "calendarType" : "iso8601"
        }
      },
      "_links" : {
        "self" : {
          "href" : "https://supplychainmanagement-dev.jbhunt.com/supplychainmanagement/referencedataservices/unitOfWeightMeasurements/Ounces"
        },
        "unitOfWeightMeasurement" : {
          "href" : "https://supplychainmanagement-dev.jbhunt.com/supplychainmanagement/referencedataservices/unitOfWeightMeasurements/Ounces"
        }
      }
    }, {
      "unitOfWeightMeasurementCode" : "Pounds",
      "unitOfWeightMeasurementDescription" : "Pounds",
      "lastUpdateTimestampString" : {
        "dayOfYear" : 79,
        "monthValue" : 3,
        "month" : "MARCH",
        "year" : 2017,
        "dayOfMonth" : 20,
        "dayOfWeek" : "MONDAY",
        "hour" : 11,
        "minute" : 50,
        "nano" : 644362300,
        "second" : 34,
        "chronology" : {
          "id" : "ISO",
          "calendarType" : "iso8601"
        }
      },
      "_links" : {
        "self" : {
          "href" : "https://supplychainmanagement-dev.jbhunt.com/supplychainmanagement/referencedataservices/unitOfWeightMeasurements/Pounds"
        },
        "unitOfWeightMeasurement" : {
          "href" : "https://supplychainmanagement-dev.jbhunt.com/supplychainmanagement/referencedataservices/unitOfWeightMeasurements/Pounds"
        }
      }
    }, {
      "unitOfWeightMeasurementCode" : "Tons",
      "unitOfWeightMeasurementDescription" : "Tons",
      "lastUpdateTimestampString" : {
        "dayOfYear" : 79,
        "monthValue" : 3,
        "month" : "MARCH",
        "year" : 2017,
        "dayOfMonth" : 20,
        "dayOfWeek" : "MONDAY",
        "hour" : 11,
        "minute" : 50,
        "nano" : 644362300,
        "second" : 34,
        "chronology" : {
          "id" : "ISO",
          "calendarType" : "iso8601"
        }
      },
      "_links" : {
        "self" : {
          "href" : "https://supplychainmanagement-dev.jbhunt.com/supplychainmanagement/referencedataservices/unitOfWeightMeasurements/Tons"
        },
        "unitOfWeightMeasurement" : {
          "href" : "https://supplychainmanagement-dev.jbhunt.com/supplychainmanagement/referencedataservices/unitOfWeightMeasurements/Tons"
        }
      }
    } ]
  },
  "_links" : {
    "self" : {
      "href" : "https://supplychainmanagement-dev.jbhunt.com/supplychainmanagement/referencedataservices/unitOfWeightMeasurements"
    },
    "profile" : {
      "href" : "https://supplychainmanagement-dev.jbhunt.com/supplychainmanagement/referencedataservices/profile/unitOfWeightMeasurements"
    }
  },
  "page" : {
    "size" : 20,
    "totalElements" : 6,
    "totalPages" : 1,
    "number" : 0
  }
}