{  
   "LocationContactList":[  
      {  
         "locationContactType":"Alivin Cane 549-349-3494",
         "name":"Alivin Cane 549-349-3494"
      },
      {  
         "locationContactType":"Joe Book 549-239-3234",
         "name":"Joe Book 549-239-3234"
      },
      {  
         "locationContactType":"Max Car 549-349-3464",
         "name":"Max Car 549-349-3464"
      },
      {  
         "locationContactType":"Neil Star 549-239-849",
         "name":"Neil Star 549-239-849"
      }
   ]
}