{
	"_embedded": {
		"referenceNumberTypes": [{
			"referenceNumberTypeCode": "ARN",
			"referenceNumberTypeDescription": "Account Representative Number Reference",
			"effectiveTimestamp": {
				"month": "JANUARY",
				"year": 2016,
				"dayOfMonth": 1,
				"dayOfWeek": "FRIDAY",
				"dayOfYear": 1,
				"monthValue": 1,
				"hour": 0,
				"minute": 0,
				"nano": 0,
				"second": 1,
				"chronology": {
					"id": "ISO",
					"calendarType": "iso8601"
				}
			},
			"expirationTimestamp": {
				"month": "DECEMBER",
				"year": 2099,
				"dayOfMonth": 31,
				"dayOfWeek": "THURSDAY",
				"dayOfYear": 365,
				"monthValue": 12,
				"hour": 23,
				"minute": 59,
				"nano": 0,
				"second": 0,
				"chronology": {
					"id": "ISO",
					"calendarType": "iso8601"
				}
			},
			"lastUpdateTimestampString": {
				"month": "MARCH",
				"year": 2017,
				"dayOfMonth": 23,
				"dayOfWeek": "THURSDAY",
				"dayOfYear": 82,
				"monthValue": 3,
				"hour": 7,
				"minute": 17,
				"nano": 49000000,
				"second": 46,
				"chronology": {
					"id": "ISO",
					"calendarType": "iso8601"
				}
			},
			"_links": {
				"self": {
					"href": "http://referencedataservices-dev.jbhunt.com/referencedataservices/referenceNumberTypes/ARN"
				},
				"referenceNumberType": {
					"href": "http://referencedataservices-dev.jbhunt.com/referencedataservices/referenceNumberTypes/ARN"
				}
			}
		}, {
			"referenceNumberTypeCode": "ARN12",
			"referenceNumberTypeDescription": "Account Representative Number Reference12",
			"effectiveTimestamp": {
				"month": "MARCH",
				"year": 2017,
				"dayOfMonth": 27,
				"dayOfWeek": "MONDAY",
				"dayOfYear": 86,
				"monthValue": 3,
				"hour": 4,
				"minute": 13,
				"nano": 199000000,
				"second": 48,
				"chronology": {
					"id": "ISO",
					"calendarType": "iso8601"
				}
			},
			"expirationTimestamp": {
				"month": "DECEMBER",
				"year": 2099,
				"dayOfMonth": 31,
				"dayOfWeek": "THURSDAY",
				"dayOfYear": 365,
				"monthValue": 12,
				"hour": 23,
				"minute": 59,
				"nano": 0,
				"second": 0,
				"chronology": {
					"id": "ISO",
					"calendarType": "iso8601"
				}
			},
			"lastUpdateTimestampString": {
				"month": "MARCH",
				"year": 2017,
				"dayOfMonth": 27,
				"dayOfWeek": "MONDAY",
				"dayOfYear": 86,
				"monthValue": 3,
				"hour": 4,
				"minute": 17,
				"nano": 575000000,
				"second": 8,
				"chronology": {
					"id": "ISO",
					"calendarType": "iso8601"
				}
			},
			"_links": {
				"self": {
					"href": "http://referencedataservices-dev.jbhunt.com/referencedataservices/referenceNumberTypes/ARN12"
				},
				"referenceNumberType": {
					"href": "http://referencedataservices-dev.jbhunt.com/referencedataservices/referenceNumberTypes/ARN12"
				}
			}
		}, {
			"referenceNumberTypeCode": "ARN121",
			"referenceNumberTypeDescription": "Account Representative Number Reference121",
			"effectiveTimestamp": {
				"month": "MARCH",
				"year": 2017,
				"dayOfMonth": 27,
				"dayOfWeek": "MONDAY",
				"dayOfYear": 86,
				"monthValue": 3,
				"hour": 4,
				"minute": 15,
				"nano": 788000000,
				"second": 42,
				"chronology": {
					"id": "ISO",
					"calendarType": "iso8601"
				}
			},
			"expirationTimestamp": {
				"month": "DECEMBER",
				"year": 2099,
				"dayOfMonth": 31,
				"dayOfWeek": "THURSDAY",
				"dayOfYear": 365,
				"monthValue": 12,
				"hour": 23,
				"minute": 59,
				"nano": 0,
				"second": 0,
				"chronology": {
					"id": "ISO",
					"calendarType": "iso8601"
				}
			},
			"lastUpdateTimestampString": {
				"month": "MARCH",
				"year": 2017,
				"dayOfMonth": 27,
				"dayOfWeek": "MONDAY",
				"dayOfYear": 86,
				"monthValue": 3,
				"hour": 4,
				"minute": 15,
				"nano": 819000000,
				"second": 42,
				"chronology": {
					"id": "ISO",
					"calendarType": "iso8601"
				}
			},
			"_links": {
				"self": {
					"href": "http://referencedataservices-dev.jbhunt.com/referencedataservices/referenceNumberTypes/ARN121"
				},
				"referenceNumberType": {
					"href": "http://referencedataservices-dev.jbhunt.com/referencedataservices/referenceNumberTypes/ARN121"
				}
			}
		}, {
			"referenceNumberTypeCode": "ARN22",
			"referenceNumberTypeDescription": "Account Representative Number Reference",
			"effectiveTimestamp": {
				"month": "JANUARY",
				"year": 2016,
				"dayOfMonth": 1,
				"dayOfWeek": "FRIDAY",
				"dayOfYear": 1,
				"monthValue": 1,
				"hour": 0,
				"minute": 0,
				"nano": 0,
				"second": 1,
				"chronology": {
					"id": "ISO",
					"calendarType": "iso8601"
				}
			},
			"expirationTimestamp": {
				"month": "DECEMBER",
				"year": 2099,
				"dayOfMonth": 31,
				"dayOfWeek": "THURSDAY",
				"dayOfYear": 365,
				"monthValue": 12,
				"hour": 23,
				"minute": 59,
				"nano": 0,
				"second": 0,
				"chronology": {
					"id": "ISO",
					"calendarType": "iso8601"
				}
			},
			"lastUpdateTimestampString": {
				"month": "MARCH",
				"year": 2017,
				"dayOfMonth": 23,
				"dayOfWeek": "THURSDAY",
				"dayOfYear": 82,
				"monthValue": 3,
				"hour": 7,
				"minute": 16,
				"nano": 604000000,
				"second": 4,
				"chronology": {
					"id": "ISO",
					"calendarType": "iso8601"
				}
			},
			"_links": {
				"self": {
					"href": "http://referencedataservices-dev.jbhunt.com/referencedataservices/referenceNumberTypes/ARN22"
				},
				"referenceNumberType": {
					"href": "http://referencedataservices-dev.jbhunt.com/referencedataservices/referenceNumberTypes/ARN22"
				}
			}
		}, {
			"referenceNumberTypeCode": "ARN33",
			"referenceNumberTypeDescription": "Account Representative Number Reference",
			"effectiveTimestamp": {
				"month": "JANUARY",
				"year": 2016,
				"dayOfMonth": 1,
				"dayOfWeek": "FRIDAY",
				"dayOfYear": 1,
				"monthValue": 1,
				"hour": 0,
				"minute": 0,
				"nano": 0,
				"second": 1,
				"chronology": {
					"id": "ISO",
					"calendarType": "iso8601"
				}
			},
			"expirationTimestamp": {
				"month": "DECEMBER",
				"year": 2199,
				"dayOfMonth": 31,
				"dayOfWeek": "TUESDAY",
				"dayOfYear": 365,
				"monthValue": 12,
				"hour": 23,
				"minute": 59,
				"nano": 0,
				"second": 59,
				"chronology": {
					"id": "ISO",
					"calendarType": "iso8601"
				}
			},
			"lastUpdateTimestampString": {
				"month": "MARCH",
				"year": 2017,
				"dayOfMonth": 20,
				"dayOfWeek": "MONDAY",
				"dayOfYear": 79,
				"monthValue": 3,
				"hour": 11,
				"minute": 32,
				"nano": 653161300,
				"second": 0,
				"chronology": {
					"id": "ISO",
					"calendarType": "iso8601"
				}
			},
			"_links": {
				"self": {
					"href": "http://referencedataservices-dev.jbhunt.com/referencedataservices/referenceNumberTypes/ARN33"
				},
				"referenceNumberType": {
					"href": "http://referencedataservices-dev.jbhunt.com/referencedataservices/referenceNumberTypes/ARN33"
				}
			}
		}, {
			"referenceNumberTypeCode": "ARNTest1",
			"referenceNumberTypeDescription": "Account Representative Number ReferenceTesting1",
			"effectiveTimestamp": {
				"month": "MARCH",
				"year": 2017,
				"dayOfMonth": 22,
				"dayOfWeek": "WEDNESDAY",
				"dayOfYear": 81,
				"monthValue": 3,
				"hour": 4,
				"minute": 58,
				"nano": 836000000,
				"second": 18,
				"chronology": {
					"id": "ISO",
					"calendarType": "iso8601"
				}
			},
			"expirationTimestamp": {
				"month": "DECEMBER",
				"year": 2099,
				"dayOfMonth": 31,
				"dayOfWeek": "THURSDAY",
				"dayOfYear": 365,
				"monthValue": 12,
				"hour": 23,
				"minute": 59,
				"nano": 0,
				"second": 0,
				"chronology": {
					"id": "ISO",
					"calendarType": "iso8601"
				}
			},
			"lastUpdateTimestampString": {
				"month": "MARCH",
				"year": 2017,
				"dayOfMonth": 23,
				"dayOfWeek": "THURSDAY",
				"dayOfYear": 82,
				"monthValue": 3,
				"hour": 7,
				"minute": 16,
				"nano": 819000000,
				"second": 57,
				"chronology": {
					"id": "ISO",
					"calendarType": "iso8601"
				}
			},
			"_links": {
				"self": {
					"href": "http://referencedataservices-dev.jbhunt.com/referencedataservices/referenceNumberTypes/ARNTest1"
				},
				"referenceNumberType": {
					"href": "http://referencedataservices-dev.jbhunt.com/referencedataservices/referenceNumberTypes/ARNTest1"
				}
			}
		}, {
			"referenceNumberTypeCode": "ARNTesting",
			"referenceNumberTypeDescription": "Account Representative Number ReferenceTesting",
			"effectiveTimestamp": {
				"month": "JANUARY",
				"year": 2016,
				"dayOfMonth": 1,
				"dayOfWeek": "FRIDAY",
				"dayOfYear": 1,
				"monthValue": 1,
				"hour": 0,
				"minute": 0,
				"nano": 0,
				"second": 1,
				"chronology": {
					"id": "ISO",
					"calendarType": "iso8601"
				}
			},
			"expirationTimestamp": {
				"month": "DECEMBER",
				"year": 2099,
				"dayOfMonth": 31,
				"dayOfWeek": "THURSDAY",
				"dayOfYear": 365,
				"monthValue": 12,
				"hour": 23,
				"minute": 59,
				"nano": 0,
				"second": 0,
				"chronology": {
					"id": "ISO",
					"calendarType": "iso8601"
				}
			},
			"lastUpdateTimestampString": {
				"month": "MARCH",
				"year": 2017,
				"dayOfMonth": 22,
				"dayOfWeek": "WEDNESDAY",
				"dayOfYear": 81,
				"monthValue": 3,
				"hour": 6,
				"minute": 21,
				"nano": 237000000,
				"second": 14,
				"chronology": {
					"id": "ISO",
					"calendarType": "iso8601"
				}
			},
			"_links": {
				"self": {
					"href": "http://referencedataservices-dev.jbhunt.com/referencedataservices/referenceNumberTypes/ARNTesting"
				},
				"referenceNumberType": {
					"href": "http://referencedataservices-dev.jbhunt.com/referencedataservices/referenceNumberTypes/ARNTesting"
				}
			}
		}, {
			"referenceNumberTypeCode": "BOL",
			"referenceNumberTypeDescription": "Bill Of Lading Reference",
			"effectiveTimestamp": {
				"month": "JANUARY",
				"year": 2016,
				"dayOfMonth": 1,
				"dayOfWeek": "FRIDAY",
				"dayOfYear": 1,
				"monthValue": 1,
				"hour": 0,
				"minute": 0,
				"nano": 0,
				"second": 1,
				"chronology": {
					"id": "ISO",
					"calendarType": "iso8601"
				}
			},
			"expirationTimestamp": {
				"month": "DECEMBER",
				"year": 2199,
				"dayOfMonth": 31,
				"dayOfWeek": "TUESDAY",
				"dayOfYear": 365,
				"monthValue": 12,
				"hour": 23,
				"minute": 59,
				"nano": 0,
				"second": 59,
				"chronology": {
					"id": "ISO",
					"calendarType": "iso8601"
				}
			},
			"lastUpdateTimestampString": {
				"month": "MARCH",
				"year": 2017,
				"dayOfMonth": 20,
				"dayOfWeek": "MONDAY",
				"dayOfYear": 79,
				"monthValue": 3,
				"hour": 11,
				"minute": 32,
				"nano": 653161300,
				"second": 0,
				"chronology": {
					"id": "ISO",
					"calendarType": "iso8601"
				}
			},
			"_links": {
				"self": {
					"href": "http://referencedataservices-dev.jbhunt.com/referencedataservices/referenceNumberTypes/BOL"
				},
				"referenceNumberType": {
					"href": "http://referencedataservices-dev.jbhunt.com/referencedataservices/referenceNumberTypes/BOL"
				}
			}
		}, {
			"referenceNumberTypeCode": "Booking",
			"referenceNumberTypeDescription": "Booking Reference",
			"effectiveTimestamp": {
				"month": "JANUARY",
				"year": 2016,
				"dayOfMonth": 1,
				"dayOfWeek": "FRIDAY",
				"dayOfYear": 1,
				"monthValue": 1,
				"hour": 0,
				"minute": 0,
				"nano": 0,
				"second": 1,
				"chronology": {
					"id": "ISO",
					"calendarType": "iso8601"
				}
			},
			"expirationTimestamp": {
				"month": "DECEMBER",
				"year": 2199,
				"dayOfMonth": 31,
				"dayOfWeek": "TUESDAY",
				"dayOfYear": 365,
				"monthValue": 12,
				"hour": 23,
				"minute": 59,
				"nano": 0,
				"second": 59,
				"chronology": {
					"id": "ISO",
					"calendarType": "iso8601"
				}
			},
			"lastUpdateTimestampString": {
				"month": "MARCH",
				"year": 2017,
				"dayOfMonth": 20,
				"dayOfWeek": "MONDAY",
				"dayOfYear": 79,
				"monthValue": 3,
				"hour": 11,
				"minute": 32,
				"nano": 653161300,
				"second": 0,
				"chronology": {
					"id": "ISO",
					"calendarType": "iso8601"
				}
			},
			"_links": {
				"self": {
					"href": "http://referencedataservices-dev.jbhunt.com/referencedataservices/referenceNumberTypes/Booking"
				},
				"referenceNumberType": {
					"href": "http://referencedataservices-dev.jbhunt.com/referencedataservices/referenceNumberTypes/Booking"
				}
			}
		}, {
			"referenceNumberTypeCode": "CusSmt",
			"referenceNumberTypeDescription": "Customer Statement Number Reference",
			"effectiveTimestamp": {
				"month": "JANUARY",
				"year": 2016,
				"dayOfMonth": 1,
				"dayOfWeek": "FRIDAY",
				"dayOfYear": 1,
				"monthValue": 1,
				"hour": 0,
				"minute": 0,
				"nano": 0,
				"second": 1,
				"chronology": {
					"id": "ISO",
					"calendarType": "iso8601"
				}
			},
			"expirationTimestamp": {
				"month": "DECEMBER",
				"year": 2199,
				"dayOfMonth": 31,
				"dayOfWeek": "TUESDAY",
				"dayOfYear": 365,
				"monthValue": 12,
				"hour": 23,
				"minute": 59,
				"nano": 0,
				"second": 59,
				"chronology": {
					"id": "ISO",
					"calendarType": "iso8601"
				}
			},
			"lastUpdateTimestampString": {
				"month": "MARCH",
				"year": 2017,
				"dayOfMonth": 20,
				"dayOfWeek": "MONDAY",
				"dayOfYear": 79,
				"monthValue": 3,
				"hour": 11,
				"minute": 32,
				"nano": 653161300,
				"second": 0,
				"chronology": {
					"id": "ISO",
					"calendarType": "iso8601"
				}
			},
			"_links": {
				"self": {
					"href": "http://referencedataservices-dev.jbhunt.com/referencedataservices/referenceNumberTypes/CusSmt"
				},
				"referenceNumberType": {
					"href": "http://referencedataservices-dev.jbhunt.com/referencedataservices/referenceNumberTypes/CusSmt"
				}
			}
		}, {
			"referenceNumberTypeCode": "CustOrdNo",
			"referenceNumberTypeDescription": "Customer Order Number",
			"effectiveTimestamp": {
				"month": "JANUARY",
				"year": 2016,
				"dayOfMonth": 1,
				"dayOfWeek": "FRIDAY",
				"dayOfYear": 1,
				"monthValue": 1,
				"hour": 0,
				"minute": 0,
				"nano": 0,
				"second": 1,
				"chronology": {
					"id": "ISO",
					"calendarType": "iso8601"
				}
			},
			"expirationTimestamp": {
				"month": "DECEMBER",
				"year": 2199,
				"dayOfMonth": 31,
				"dayOfWeek": "TUESDAY",
				"dayOfYear": 365,
				"monthValue": 12,
				"hour": 23,
				"minute": 59,
				"nano": 0,
				"second": 59,
				"chronology": {
					"id": "ISO",
					"calendarType": "iso8601"
				}
			},
			"lastUpdateTimestampString": {
				"month": "MARCH",
				"year": 2017,
				"dayOfMonth": 27,
				"dayOfWeek": "MONDAY",
				"dayOfYear": 86,
				"monthValue": 3,
				"hour": 1,
				"minute": 38,
				"nano": 568771000,
				"second": 53,
				"chronology": {
					"id": "ISO",
					"calendarType": "iso8601"
				}
			},
			"_links": {
				"self": {
					"href": "http://referencedataservices-dev.jbhunt.com/referencedataservices/referenceNumberTypes/CustOrdNo"
				},
				"referenceNumberType": {
					"href": "http://referencedataservices-dev.jbhunt.com/referencedataservices/referenceNumberTypes/CustOrdNo"
				}
			}
		}, {
			"referenceNumberTypeCode": "CustPO",
			"referenceNumberTypeDescription": "Customer Purchase Order Reference ",
			"effectiveTimestamp": {
				"month": "JANUARY",
				"year": 2016,
				"dayOfMonth": 1,
				"dayOfWeek": "FRIDAY",
				"dayOfYear": 1,
				"monthValue": 1,
				"hour": 0,
				"minute": 0,
				"nano": 0,
				"second": 1,
				"chronology": {
					"id": "ISO",
					"calendarType": "iso8601"
				}
			},
			"expirationTimestamp": {
				"month": "DECEMBER",
				"year": 2199,
				"dayOfMonth": 31,
				"dayOfWeek": "TUESDAY",
				"dayOfYear": 365,
				"monthValue": 12,
				"hour": 23,
				"minute": 59,
				"nano": 0,
				"second": 59,
				"chronology": {
					"id": "ISO",
					"calendarType": "iso8601"
				}
			},
			"lastUpdateTimestampString": {
				"month": "MARCH",
				"year": 2017,
				"dayOfMonth": 20,
				"dayOfWeek": "MONDAY",
				"dayOfYear": 79,
				"monthValue": 3,
				"hour": 11,
				"minute": 32,
				"nano": 653161300,
				"second": 0,
				"chronology": {
					"id": "ISO",
					"calendarType": "iso8601"
				}
			},
			"_links": {
				"self": {
					"href": "http://referencedataservices-dev.jbhunt.com/referencedataservices/referenceNumberTypes/CustPO"
				},
				"referenceNumberType": {
					"href": "http://referencedataservices-dev.jbhunt.com/referencedataservices/referenceNumberTypes/CustPO"
				}
			}
		}, {
			"referenceNumberTypeCode": "MBOL",
			"referenceNumberTypeDescription": "Master Bill Of Lading Reference",
			"effectiveTimestamp": {
				"month": "JANUARY",
				"year": 2016,
				"dayOfMonth": 1,
				"dayOfWeek": "FRIDAY",
				"dayOfYear": 1,
				"monthValue": 1,
				"hour": 0,
				"minute": 0,
				"nano": 0,
				"second": 1,
				"chronology": {
					"id": "ISO",
					"calendarType": "iso8601"
				}
			},
			"expirationTimestamp": {
				"month": "DECEMBER",
				"year": 2199,
				"dayOfMonth": 31,
				"dayOfWeek": "TUESDAY",
				"dayOfYear": 365,
				"monthValue": 12,
				"hour": 23,
				"minute": 59,
				"nano": 0,
				"second": 59,
				"chronology": {
					"id": "ISO",
					"calendarType": "iso8601"
				}
			},
			"lastUpdateTimestampString": {
				"month": "MARCH",
				"year": 2017,
				"dayOfMonth": 20,
				"dayOfWeek": "MONDAY",
				"dayOfYear": 79,
				"monthValue": 3,
				"hour": 11,
				"minute": 32,
				"nano": 653161300,
				"second": 0,
				"chronology": {
					"id": "ISO",
					"calendarType": "iso8601"
				}
			},
			"_links": {
				"self": {
					"href": "http://referencedataservices-dev.jbhunt.com/referencedataservices/referenceNumberTypes/MBOL"
				},
				"referenceNumberType": {
					"href": "http://referencedataservices-dev.jbhunt.com/referencedataservices/referenceNumberTypes/MBOL"
				}
			}
		}, {
			"referenceNumberTypeCode": "PkupNbr",
			"referenceNumberTypeDescription": "Pickup Number Reference",
			"effectiveTimestamp": {
				"month": "JANUARY",
				"year": 2016,
				"dayOfMonth": 1,
				"dayOfWeek": "FRIDAY",
				"dayOfYear": 1,
				"monthValue": 1,
				"hour": 0,
				"minute": 0,
				"nano": 0,
				"second": 1,
				"chronology": {
					"id": "ISO",
					"calendarType": "iso8601"
				}
			},
			"expirationTimestamp": {
				"month": "DECEMBER",
				"year": 2199,
				"dayOfMonth": 31,
				"dayOfWeek": "TUESDAY",
				"dayOfYear": 365,
				"monthValue": 12,
				"hour": 23,
				"minute": 59,
				"nano": 0,
				"second": 59,
				"chronology": {
					"id": "ISO",
					"calendarType": "iso8601"
				}
			},
			"lastUpdateTimestampString": {
				"month": "MARCH",
				"year": 2017,
				"dayOfMonth": 20,
				"dayOfWeek": "MONDAY",
				"dayOfYear": 79,
				"monthValue": 3,
				"hour": 11,
				"minute": 32,
				"nano": 653161300,
				"second": 0,
				"chronology": {
					"id": "ISO",
					"calendarType": "iso8601"
				}
			},
			"_links": {
				"self": {
					"href": "http://referencedataservices-dev.jbhunt.com/referencedataservices/referenceNumberTypes/PkupNbr"
				},
				"referenceNumberType": {
					"href": "http://referencedataservices-dev.jbhunt.com/referencedataservices/referenceNumberTypes/PkupNbr"
				}
			}
		}, {
			"referenceNumberTypeCode": "PONumber",
			"referenceNumberTypeDescription": "Purchase Order Number Reference",
			"effectiveTimestamp": {
				"month": "JANUARY",
				"year": 2016,
				"dayOfMonth": 1,
				"dayOfWeek": "FRIDAY",
				"dayOfYear": 1,
				"monthValue": 1,
				"hour": 0,
				"minute": 0,
				"nano": 0,
				"second": 1,
				"chronology": {
					"id": "ISO",
					"calendarType": "iso8601"
				}
			},
			"expirationTimestamp": {
				"month": "DECEMBER",
				"year": 2199,
				"dayOfMonth": 31,
				"dayOfWeek": "TUESDAY",
				"dayOfYear": 365,
				"monthValue": 12,
				"hour": 23,
				"minute": 59,
				"nano": 0,
				"second": 59,
				"chronology": {
					"id": "ISO",
					"calendarType": "iso8601"
				}
			},
			"lastUpdateTimestampString": {
				"month": "MARCH",
				"year": 2017,
				"dayOfMonth": 20,
				"dayOfWeek": "MONDAY",
				"dayOfYear": 79,
				"monthValue": 3,
				"hour": 11,
				"minute": 32,
				"nano": 668786700,
				"second": 0,
				"chronology": {
					"id": "ISO",
					"calendarType": "iso8601"
				}
			},
			"_links": {
				"self": {
					"href": "http://referencedataservices-dev.jbhunt.com/referencedataservices/referenceNumberTypes/PONumber"
				},
				"referenceNumberType": {
					"href": "http://referencedataservices-dev.jbhunt.com/referencedataservices/referenceNumberTypes/PONumber"
				}
			}
		}, {
			"referenceNumberTypeCode": "ReturnNbr",
			"referenceNumberTypeDescription": "Return Number Reference",
			"effectiveTimestamp": {
				"month": "JANUARY",
				"year": 2016,
				"dayOfMonth": 1,
				"dayOfWeek": "FRIDAY",
				"dayOfYear": 1,
				"monthValue": 1,
				"hour": 0,
				"minute": 0,
				"nano": 0,
				"second": 1,
				"chronology": {
					"id": "ISO",
					"calendarType": "iso8601"
				}
			},
			"expirationTimestamp": {
				"month": "DECEMBER",
				"year": 2199,
				"dayOfMonth": 31,
				"dayOfWeek": "TUESDAY",
				"dayOfYear": 365,
				"monthValue": 12,
				"hour": 23,
				"minute": 59,
				"nano": 0,
				"second": 59,
				"chronology": {
					"id": "ISO",
					"calendarType": "iso8601"
				}
			},
			"lastUpdateTimestampString": {
				"month": "MARCH",
				"year": 2017,
				"dayOfMonth": 20,
				"dayOfWeek": "MONDAY",
				"dayOfYear": 79,
				"monthValue": 3,
				"hour": 11,
				"minute": 32,
				"nano": 668786700,
				"second": 0,
				"chronology": {
					"id": "ISO",
					"calendarType": "iso8601"
				}
			},
			"_links": {
				"self": {
					"href": "http://referencedataservices-dev.jbhunt.com/referencedataservices/referenceNumberTypes/ReturnNbr"
				},
				"referenceNumberType": {
					"href": "http://referencedataservices-dev.jbhunt.com/referencedataservices/referenceNumberTypes/ReturnNbr"
				}
			}
		}, {
			"referenceNumberTypeCode": "SapordNbr",
			"referenceNumberTypeDescription": "Sapord Number Reference",
			"effectiveTimestamp": {
				"month": "JANUARY",
				"year": 2016,
				"dayOfMonth": 1,
				"dayOfWeek": "FRIDAY",
				"dayOfYear": 1,
				"monthValue": 1,
				"hour": 0,
				"minute": 0,
				"nano": 0,
				"second": 1,
				"chronology": {
					"id": "ISO",
					"calendarType": "iso8601"
				}
			},
			"expirationTimestamp": {
				"month": "DECEMBER",
				"year": 2199,
				"dayOfMonth": 31,
				"dayOfWeek": "TUESDAY",
				"dayOfYear": 365,
				"monthValue": 12,
				"hour": 23,
				"minute": 59,
				"nano": 0,
				"second": 59,
				"chronology": {
					"id": "ISO",
					"calendarType": "iso8601"
				}
			},
			"lastUpdateTimestampString": {
				"month": "MARCH",
				"year": 2017,
				"dayOfMonth": 20,
				"dayOfWeek": "MONDAY",
				"dayOfYear": 79,
				"monthValue": 3,
				"hour": 11,
				"minute": 32,
				"nano": 684412100,
				"second": 0,
				"chronology": {
					"id": "ISO",
					"calendarType": "iso8601"
				}
			},
			"_links": {
				"self": {
					"href": "http://referencedataservices-dev.jbhunt.com/referencedataservices/referenceNumberTypes/SapordNbr"
				},
				"referenceNumberType": {
					"href": "http://referencedataservices-dev.jbhunt.com/referencedataservices/referenceNumberTypes/SapordNbr"
				}
			}
		}, {
			"referenceNumberTypeCode": "ShipID",
			"referenceNumberTypeDescription": "Shipment Identifier Reference",
			"effectiveTimestamp": {
				"month": "JANUARY",
				"year": 2016,
				"dayOfMonth": 1,
				"dayOfWeek": "FRIDAY",
				"dayOfYear": 1,
				"monthValue": 1,
				"hour": 0,
				"minute": 0,
				"nano": 0,
				"second": 1,
				"chronology": {
					"id": "ISO",
					"calendarType": "iso8601"
				}
			},
			"expirationTimestamp": {
				"month": "DECEMBER",
				"year": 2199,
				"dayOfMonth": 31,
				"dayOfWeek": "TUESDAY",
				"dayOfYear": 365,
				"monthValue": 12,
				"hour": 23,
				"minute": 59,
				"nano": 0,
				"second": 59,
				"chronology": {
					"id": "ISO",
					"calendarType": "iso8601"
				}
			},
			"lastUpdateTimestampString": {
				"month": "MARCH",
				"year": 2017,
				"dayOfMonth": 20,
				"dayOfWeek": "MONDAY",
				"dayOfYear": 79,
				"monthValue": 3,
				"hour": 11,
				"minute": 32,
				"nano": 684412100,
				"second": 0,
				"chronology": {
					"id": "ISO",
					"calendarType": "iso8601"
				}
			},
			"_links": {
				"self": {
					"href": "http://referencedataservices-dev.jbhunt.com/referencedataservices/referenceNumberTypes/ShipID"
				},
				"referenceNumberType": {
					"href": "http://referencedataservices-dev.jbhunt.com/referencedataservices/referenceNumberTypes/ShipID"
				}
			}
		}, {
			"referenceNumberTypeCode": "ShipIDNbr",
			"referenceNumberTypeDescription": "Shipment Identifier Number Reference",
			"effectiveTimestamp": {
				"month": "JANUARY",
				"year": 2016,
				"dayOfMonth": 1,
				"dayOfWeek": "FRIDAY",
				"dayOfYear": 1,
				"monthValue": 1,
				"hour": 0,
				"minute": 0,
				"nano": 0,
				"second": 1,
				"chronology": {
					"id": "ISO",
					"calendarType": "iso8601"
				}
			},
			"expirationTimestamp": {
				"month": "DECEMBER",
				"year": 2199,
				"dayOfMonth": 31,
				"dayOfWeek": "TUESDAY",
				"dayOfYear": 365,
				"monthValue": 12,
				"hour": 23,
				"minute": 59,
				"nano": 0,
				"second": 59,
				"chronology": {
					"id": "ISO",
					"calendarType": "iso8601"
				}
			},
			"lastUpdateTimestampString": {
				"month": "MARCH",
				"year": 2017,
				"dayOfMonth": 20,
				"dayOfWeek": "MONDAY",
				"dayOfYear": 79,
				"monthValue": 3,
				"hour": 11,
				"minute": 32,
				"nano": 684412100,
				"second": 0,
				"chronology": {
					"id": "ISO",
					"calendarType": "iso8601"
				}
			},
			"_links": {
				"self": {
					"href": "http://referencedataservices-dev.jbhunt.com/referencedataservices/referenceNumberTypes/ShipIDNbr"
				},
				"referenceNumberType": {
					"href": "http://referencedataservices-dev.jbhunt.com/referencedataservices/referenceNumberTypes/ShipIDNbr"
				}
			}
		}, {
			"referenceNumberTypeCode": "TranNbr",
			"referenceNumberTypeDescription": "Transaction Number Reference",
			"effectiveTimestamp": {
				"month": "JANUARY",
				"year": 2016,
				"dayOfMonth": 1,
				"dayOfWeek": "FRIDAY",
				"dayOfYear": 1,
				"monthValue": 1,
				"hour": 0,
				"minute": 0,
				"nano": 0,
				"second": 1,
				"chronology": {
					"id": "ISO",
					"calendarType": "iso8601"
				}
			},
			"expirationTimestamp": {
				"month": "DECEMBER",
				"year": 2199,
				"dayOfMonth": 31,
				"dayOfWeek": "TUESDAY",
				"dayOfYear": 365,
				"monthValue": 12,
				"hour": 23,
				"minute": 59,
				"nano": 0,
				"second": 59,
				"chronology": {
					"id": "ISO",
					"calendarType": "iso8601"
				}
			},
			"lastUpdateTimestampString": {
				"month": "MARCH",
				"year": 2017,
				"dayOfMonth": 20,
				"dayOfWeek": "MONDAY",
				"dayOfYear": 79,
				"monthValue": 3,
				"hour": 11,
				"minute": 32,
				"nano": 684412100,
				"second": 0,
				"chronology": {
					"id": "ISO",
					"calendarType": "iso8601"
				}
			},
			"_links": {
				"self": {
					"href": "http://referencedataservices-dev.jbhunt.com/referencedataservices/referenceNumberTypes/TranNbr"
				},
				"referenceNumberType": {
					"href": "http://referencedataservices-dev.jbhunt.com/referencedataservices/referenceNumberTypes/TranNbr"
				}
			}
		}]
	},
	"_links": {
		"self": {
			"href": "http://referencedataservices-dev.jbhunt.com/referencedataservices/referenceNumberTypes"
		},
		"profile": {
			"href": "http://referencedataservices-dev.jbhunt.com/referencedataservices/profile/referenceNumberTypes"
		},
		"search": {
			"href": "http://referencedataservices-dev.jbhunt.com/referencedataservices/referenceNumberTypes/search"
		}
	}
}