{
  "orderTypeFinanceBusinessUnitServiceOfferingAssociationID": 1,
  "serviceOfferingCode": "Final Mile",
  "financeBusinessUnitCode": "DCS",
  "orderTypeFinanceBusinessUnitServiceOfferingAssociations": [{
    "orderTypeCode": "Standard",
    "orderTypeDescription": "Standard Type Order",
    "lastUpdateTimestampString": {
      "month": "FEBRUARY",
      "year": 2017,
      "dayOfMonth": 2,
      "dayOfWeek": "THURSDAY",
      "hour": 6,
      "minute": 33,
      "nano": 235715600,
      "second": 48,
      "dayOfYear": 33,
      "monthValue": 2,
      "chronology": {
        "id": "ISO",
        "calendarType": "iso8601"
      }
    }
  },{
    "orderTypeCode": "Return",
    "orderTypeDescription": "Return Type Order",
    "lastUpdateTimestampString": {
      "month": "FEBRUARY",
      "year": 2017,
      "dayOfMonth": 2,
      "dayOfWeek": "THURSDAY",
      "hour": 6,
      "minute": 33,
      "nano": 235715600,
      "second": 48,
      "dayOfYear": 33,
      "monthValue": 2,
      "chronology": {
        "id": "ISO",
        "calendarType": "iso8601"
      }
    }
  },{
    "orderTypeCode": "Other",
    "orderTypeDescription": "Other Type Order",
    "lastUpdateTimestampString": {
      "month": "FEBRUARY",
      "year": 2017,
      "dayOfMonth": 2,
      "dayOfWeek": "THURSDAY",
      "hour": 6,
      "minute": 33,
      "nano": 235715600,
      "second": 48,
      "dayOfYear": 33,
      "monthValue": 2,
      "chronology": {
        "id": "ISO",
        "calendarType": "iso8601"
      }
    }
  }],
  "lastUpdateTimestampString": {
    "month": "FEBRUARY",
    "year": 2017,
    "dayOfMonth": 2,
    "dayOfWeek": "THURSDAY",
    "hour": 6,
    "minute": 33,
    "nano": 345094300,
    "second": 48,
    "dayOfYear": 33,
    "monthValue": 2,
    "chronology": {
      "id": "ISO",
      "calendarType": "iso8601"
    }
  },
  "_links": {
    "self": {
      "href": "http://ordermanagementreferencedataservices-dev.jbhunt.com/ordermanagementreferencedataservices/orderTypeFinanceBusinessUnitServiceOfferingAssociations/1"
    },
    "orderTypeFinanceBusinessUnitServiceOfferingAssociation": {
      "href": "http://ordermanagementreferencedataservices-dev.jbhunt.com/ordermanagementreferencedataservices/orderTypeFinanceBusinessUnitServiceOfferingAssociations/1"
    }
  }
}