[{
	"billingPartyID": 4,
	"requestedpickUpDate": "2016-07-06",
	"totalShipmentWeightQuantiy": 1.2,
	"createTimestamp": "2016-07-20T05:09:28.168",
	"lastUpdateTimestamp": "2017-07-20T05:09:28.168",
	"createUserID": "SSIS",
	"lastUpdateUserID": "SSIS",
	"createProgramName": "Quote",
	"lastUpdateProgramName": "Quote",
	"unitOfWeightMeasurementCode":"grams",
	"equipmentClassificationTypeAssociationID":3,
	"quoteStop": [{
		"stopSequenceNumber": 3,
		"stopReasonCode": "Ins",
		"customerLocationID": 3,
		"stopCityID": "5",
		"stopStateCode": "CL",
		"stopPostalCode": "CLD",
		"createTimestamp": "2021-07-20T05:09:28.168",
		"lastUpdateTimestamp": "2021-07-20T05:09:28.168",
		"createUserID": "SSIS",
		"lastUpdateUserID": "SSIS",
		"createProgramName": "Quote",
		"lastUpdateProgramName": "Quote"
	},
	{
		"stopSequenceNumber": 3,
		"stopReasonCode": "PickUp",
		"customerLocationID": 3,
		"stopCityID": "5",
		"stopStateCode": "CL",
		"stopPostalCode": "CLD",
		"createTimestamp": "2021-07-20T05:09:28.168",
		"lastUpdateTimestamp": "2021-07-20T05:09:28.168",
		"createUserID": "SSIS",
		"lastUpdateUserID": "SSIS",
		"createProgramName": "Quote",
		"lastUpdateProgramName": "Quote"
	},
	{
		"stopSequenceNumber": 3,
		"stopReasonCode": "Delivery",
		"customerLocationID": 3,
		"stopCityID": "5",
		"stopStateCode": "CL",
		"stopPostalCode": "CLD",
		"createTimestamp": "2021-07-20T05:09:28.168",
		"lastUpdateTimestamp": "2021-07-20T05:09:28.168",
		"createUserID": "SSIS",
		"lastUpdateUserID": "SSIS",
		"createProgramName": "Quote",
		"lastUpdateProgramName": "Quote"
	}],
	"quoteRequestItemClass": [{
		"quoteRequestID": 0,
		"itemTotalWeightQuantity": 1.5,
		"linearLength": 2.2,
		"palletQuantity": 5,
		"createTimestamp": "2021-07-20T05:09:28.168",
		"lastUpdateTimestamp": "2021-07-20T05:09:28.168",
		"createUserID": "SSIS",
		"lastUpdateUserID": "SSIS",
		"createProgramName": "Quote",
		"lastUpdateProgramName": "Quote",
		"unitOfWeightMeasurementCode": "grams",
		"unitOfLengthMeasurementCode": "Inch",
		"itemClassificationCode": "Major",
		"itemHandlingTypeCode": "Bins",
		"itemCategoryCode": "Code"
	},
	{
		"quoteRequestID": 0,
		"itemTotalWeightQuantity": 1.5,
		"linearLength": 2.2,
		"palletQuantity": 5,
		"createTimestamp": "2021-07-20T05:09:28.168",
		"lastUpdateTimestamp": "2021-07-20T05:09:28.168",
		"createUserID": "SSIS",
		"lastUpdateUserID": "SSIS",
		"createProgramName": "Quote",
		"lastUpdateProgramName": "Quote",
		"unitOfWeightMeasurementCode": "kilograms",
		"unitOfLengthMeasurementCode": "Inch",
		"itemClassificationCode": "Major",
		"itemHandlingTypeCode": "Pallets",
		"itemCategoryCode": "Code"
	},
	{
		"quoteRequestID": 0,
		"itemTotalWeightQuantity": 1.5,
		"linearLength": 2.2,
		"palletQuantity": 5,
		"createTimestamp": "2021-07-20T05:09:28.168",
		"lastUpdateTimestamp": "2021-07-20T05:09:28.168",
		"createUserID": "SSIS",
		"lastUpdateUserID": "SSIS",
		"createProgramName": "Quote",
		"lastUpdateProgramName": "Quote",
		"unitOfWeightMeasurementCode": "lbs",
		"unitOfLengthMeasurementCode": "Inch",
		"itemClassificationCode": "Major",
		"itemHandlingTypeCode": "Box",
		"itemCategoryCode": "Code"
	},
	{
		"quoteRequestID": 0,
		"itemTotalWeightQuantity": 1.5,
		"linearLength": 2.2,
		"palletQuantity": 5,
		"createTimestamp": "2021-07-20T05:09:28.168",
		"lastUpdateTimestamp": "2021-07-20T05:09:28.168",
		"createUserID": "SSIS",
		"lastUpdateUserID": "SSIS",
		"createProgramName": "Quote",
		"lastUpdateProgramName": "Quote",
		"unitOfWeightMeasurementCode": "ton",
		"unitOfLengthMeasurementCode": "Inch",
		"itemClassificationCode": "Major",
		"itemHandlingTypeCode": "Floor",
		"itemCategoryCode": "Code"
	},
	{
		"quoteRequestID": 0,
		"itemTotalWeightQuantity": 1.5,
		"linearLength": 2.2,
		"palletQuantity": 5,
		"createTimestamp": "2021-07-20T05:09:28.168",
		"lastUpdateTimestamp": "2021-07-20T05:09:28.168",
		"createUserID": "SSIS",
		"lastUpdateUserID": "SSIS",
		"createProgramName": "Quote",
		"lastUpdateProgramName": "Quote",
		"unitOfWeightMeasurementCode": "kilograms",
		"unitOfLengthMeasurementCode": "Inch",
		"itemClassificationCode": "Major",
		"itemHandlingTypeCode": "Slips",
		"itemCategoryCode": "Code"
	}]
},
{
	"billingPartyID": 4,
	"requestedpickUpDate": "2016-07-06",
	"totalShipmentWeightQuantiy": 1.2,
	"createTimestamp": "2016-07-20T05:09:28.168",
	"lastUpdateTimestamp": "2017-07-20T05:09:28.168",
	"createUserID": "SSIS",
	"lastUpdateUserID": "SSIS",
	"createProgramName": "Quote",
	"lastUpdateProgramName": "Quote",
	"unitOfWeightMeasurementCode":"grams",
	"equipmentClassificationTypeAssociationID":3,
	"quoteStop": [{
		"stopSequenceNumber": 3,
		"stopReasonCode": "Ins",
		"customerLocationID": 3,
		"stopCityID": "5",
		"stopStateCode": "CL",
		"stopPostalCode": "CLD",
		"createTimestamp": "2021-07-20T05:09:28.168",
		"lastUpdateTimestamp": "2021-07-20T05:09:28.168",
		"createUserID": "SSIS",
		"lastUpdateUserID": "SSIS",
		"createProgramName": "Quote",
		"lastUpdateProgramName": "Quote"
	},
	{
		"stopSequenceNumber": 3,
		"stopReasonCode": "PickUp",
		"customerLocationID": 3,
		"stopCityID": "5",
		"stopStateCode": "CL",
		"stopPostalCode": "CLD",
		"createTimestamp": "2021-07-20T05:09:28.168",
		"lastUpdateTimestamp": "2021-07-20T05:09:28.168",
		"createUserID": "SSIS",
		"lastUpdateUserID": "SSIS",
		"createProgramName": "Quote",
		"lastUpdateProgramName": "Quote"
	},
	{
		"stopSequenceNumber": 3,
		"stopReasonCode": "Delivery",
		"customerLocationID": 3,
		"stopCityID": "5",
		"stopStateCode": "CL",
		"stopPostalCode": "CLD",
		"createTimestamp": "2021-07-20T05:09:28.168",
		"lastUpdateTimestamp": "2021-07-20T05:09:28.168",
		"createUserID": "SSIS",
		"lastUpdateUserID": "SSIS",
		"createProgramName": "Quote",
		"lastUpdateProgramName": "Quote"
	}],
	"quoteRequestItemClass": [{
		"quoteRequestID": 0,
		"itemTotalWeightQuantity": 1.5,
		"linearLength": 2.2,
		"palletQuantity": 5,
		"createTimestamp": "2021-07-20T05:09:28.168",
		"lastUpdateTimestamp": "2021-07-20T05:09:28.168",
		"createUserID": "SSIS",
		"lastUpdateUserID": "SSIS",
		"createProgramName": "Quote",
		"lastUpdateProgramName": "Quote",
		"unitOfWeightMeasurementCode": "grams",
		"unitOfLengthMeasurementCode": "Inch",
		"itemClassificationCode": "Major",
		"itemHandlingTypeCode": "Bins",
		"itemCategoryCode": "Code",
		"itemDescription": "Oranges, Peels",
		"nmfcNumber": "125"
	},
	{
		"quoteRequestID": 0,
		"itemTotalWeightQuantity": 1.5,
		"linearLength": 2.2,
		"palletQuantity": 5,
		"createTimestamp": "2021-07-20T05:09:28.168",
		"lastUpdateTimestamp": "2021-07-20T05:09:28.168",
		"createUserID": "SSIS",
		"lastUpdateUserID": "SSIS",
		"createProgramName": "Quote",
		"lastUpdateProgramName": "Quote",
		"unitOfWeightMeasurementCode": "kilograms",
		"unitOfLengthMeasurementCode": "Inch",
		"itemClassificationCode": "Major",
		"itemHandlingTypeCode": "Pallets",
		"itemCategoryCode": "Code",
		"itemDescription": "Lemon, Peels",
		"nmfcNumber": "125"
	},
	{
		"quoteRequestID": 0,
		"itemTotalWeightQuantity": 1.5,
		"linearLength": 2.2,
		"palletQuantity": 5,
		"createTimestamp": "2021-07-20T05:09:28.168",
		"lastUpdateTimestamp": "2021-07-20T05:09:28.168",
		"createUserID": "SSIS",
		"lastUpdateUserID": "SSIS",
		"createProgramName": "Quote",
		"lastUpdateProgramName": "Quote",
		"unitOfWeightMeasurementCode": "lbs",
		"unitOfLengthMeasurementCode": "Inch",
		"itemClassificationCode": "Major",
		"itemHandlingTypeCode": "Box",
		"itemCategoryCode": "Code"
	},
	{
		"quoteRequestID": 0,
		"itemTotalWeightQuantity": 1.5,
		"linearLength": 2.2,
		"palletQuantity": 5,
		"createTimestamp": "2021-07-20T05:09:28.168",
		"lastUpdateTimestamp": "2021-07-20T05:09:28.168",
		"createUserID": "SSIS",
		"lastUpdateUserID": "SSIS",
		"createProgramName": "Quote",
		"lastUpdateProgramName": "Quote",
		"unitOfWeightMeasurementCode": "ton",
		"unitOfLengthMeasurementCode": "Inch",
		"itemClassificationCode": "Major",
		"itemHandlingTypeCode": "Floor",
		"itemCategoryCode": "Code"
	},
	{
		"quoteRequestID": 0,
		"itemTotalWeightQuantity": 1.5,
		"linearLength": 2.2,
		"palletQuantity": 5,
		"createTimestamp": "2021-07-20T05:09:28.168",
		"lastUpdateTimestamp": "2021-07-20T05:09:28.168",
		"createUserID": "SSIS",
		"lastUpdateUserID": "SSIS",
		"createProgramName": "Quote",
		"lastUpdateProgramName": "Quote",
		"unitOfWeightMeasurementCode": "kilograms",
		"unitOfLengthMeasurementCode": "Inch",
		"itemClassificationCode": "Major",
		"itemHandlingTypeCode": "Slips",
		"itemCategoryCode": "Code"
	}]
},
{
	"billingPartyID": 4,
	"requestedpickUpDate": "2016-07-06",
	"totalShipmentWeightQuantiy": 1.2,
	"createTimestamp": "2016-07-20T05:09:28.168",
	"lastUpdateTimestamp": "2017-07-20T05:09:28.168",
	"createUserID": "SSIS",
	"lastUpdateUserID": "SSIS",
	"createProgramName": "Quote",
	"lastUpdateProgramName": "Quote",
	"unitOfWeightMeasurementCode":"grams",
	"equipmentClassificationTypeAssociationID":3,
	"quoteStop": [{
		"stopSequenceNumber": 3,
		"stopReasonCode": "Ins",
		"customerLocationID": 3,
		"stopCityID": "5",
		"stopStateCode": "CL",
		"stopPostalCode": "CLD",
		"createTimestamp": "2021-07-20T05:09:28.168",
		"lastUpdateTimestamp": "2021-07-20T05:09:28.168",
		"createUserID": "SSIS",
		"lastUpdateUserID": "SSIS",
		"createProgramName": "Quote",
		"lastUpdateProgramName": "Quote"
	},
	{
		"stopSequenceNumber": 3,
		"stopReasonCode": "PickUp",
		"customerLocationID": 3,
		"stopCityID": "5",
		"stopStateCode": "CL",
		"stopPostalCode": "CLD",
		"createTimestamp": "2021-07-20T05:09:28.168",
		"lastUpdateTimestamp": "2021-07-20T05:09:28.168",
		"createUserID": "SSIS",
		"lastUpdateUserID": "SSIS",
		"createProgramName": "Quote",
		"lastUpdateProgramName": "Quote"
	},
	{
		"stopSequenceNumber": 3,
		"stopReasonCode": "Delivery",
		"customerLocationID": 3,
		"stopCityID": "5",
		"stopStateCode": "CL",
		"stopPostalCode": "CLD",
		"createTimestamp": "2021-07-20T05:09:28.168",
		"lastUpdateTimestamp": "2021-07-20T05:09:28.168",
		"createUserID": "SSIS",
		"lastUpdateUserID": "SSIS",
		"createProgramName": "Quote",
		"lastUpdateProgramName": "Quote"
	}],
	"quoteRequestItemClass": [{
		"quoteRequestID": 0,
		"itemTotalWeightQuantity": 1.5,
		"linearLength": 2.2,
		"palletQuantity": 5,
		"createTimestamp": "2021-07-20T05:09:28.168",
		"lastUpdateTimestamp": "2021-07-20T05:09:28.168",
		"createUserID": "SSIS",
		"lastUpdateUserID": "SSIS",
		"createProgramName": "Quote",
		"lastUpdateProgramName": "Quote",
		"unitOfWeightMeasurementCode": "grams",
		"unitOfLengthMeasurementCode": "Inch",
		"itemClassificationCode": "Major",
		"itemHandlingTypeCode": "Bins",
		"itemCategoryCode": "Code",
		"itemDescription": "Oranges, Peels",
		"nmfcNumber": "125"
	},
	{
		"quoteRequestID": 0,
		"itemTotalWeightQuantity": 1.5,
		"linearLength": 2.2,
		"palletQuantity": 5,
		"createTimestamp": "2021-07-20T05:09:28.168",
		"lastUpdateTimestamp": "2021-07-20T05:09:28.168",
		"createUserID": "SSIS",
		"lastUpdateUserID": "SSIS",
		"createProgramName": "Quote",
		"lastUpdateProgramName": "Quote",
		"unitOfWeightMeasurementCode": "kilograms",
		"unitOfLengthMeasurementCode": "Inch",
		"itemClassificationCode": "Major",
		"itemHandlingTypeCode": "Pallets",
		"itemCategoryCode": "Code",
		"itemDescription": "Lemon, Peels",
		"nmfcNumber": "125"
	},
	{
		"quoteRequestID": 0,
		"itemTotalWeightQuantity": 1.5,
		"linearLength": 2.2,
		"palletQuantity": 5,
		"createTimestamp": "2021-07-20T05:09:28.168",
		"lastUpdateTimestamp": "2021-07-20T05:09:28.168",
		"createUserID": "SSIS",
		"lastUpdateUserID": "SSIS",
		"createProgramName": "Quote",
		"lastUpdateProgramName": "Quote",
		"unitOfWeightMeasurementCode": "lbs",
		"unitOfLengthMeasurementCode": "Inch",
		"itemClassificationCode": "Major",
		"itemHandlingTypeCode": "Box",
		"itemCategoryCode": "Code"
	},
	{
		"quoteRequestID": 0,
		"itemTotalWeightQuantity": 1.5,
		"linearLength": 2.2,
		"palletQuantity": 5,
		"createTimestamp": "2021-07-20T05:09:28.168",
		"lastUpdateTimestamp": "2021-07-20T05:09:28.168",
		"createUserID": "SSIS",
		"lastUpdateUserID": "SSIS",
		"createProgramName": "Quote",
		"lastUpdateProgramName": "Quote",
		"unitOfWeightMeasurementCode": "ton",
		"unitOfLengthMeasurementCode": "Inch",
		"itemClassificationCode": "Major",
		"itemHandlingTypeCode": "Floor",
		"itemCategoryCode": "Code"
	},
	{
		"quoteRequestID": 0,
		"itemTotalWeightQuantity": 1.5,
		"linearLength": 2.2,
		"palletQuantity": 5,
		"createTimestamp": "2021-07-20T05:09:28.168",
		"lastUpdateTimestamp": "2021-07-20T05:09:28.168",
		"createUserID": "SSIS",
		"lastUpdateUserID": "SSIS",
		"createProgramName": "Quote",
		"lastUpdateProgramName": "Quote",
		"unitOfWeightMeasurementCode": "kilograms",
		"unitOfLengthMeasurementCode": "Inch",
		"itemClassificationCode": "Major",
		"itemHandlingTypeCode": "Slips",
		"itemCategoryCode": "Code"
	}]
}
]