{
	"stop": {
		"stopID": "",
		"locationID": null,
		"locationContactID": "",
		"locationContactType": "",
		"highCostDeliveryIndicator": "",
		"stopReason": "",
		"stopSequenceNumber": "",
		"totalStopWeight": "",
		"unitOfWeightMeasurementCode": "",
		"initialOfferedDate": "",
		"stopServices": [],
		"appointment": [
			{
				"appointmentID": "",
				"appointmentTypeCode": "Requested",
				"requestCallBackIndicator": "Y",
				"recommendedAppointmentTimeStamp": "",
				"appointmentInboundDate": "",
				"appointmentDetails": [
					{
						"appointmentDetailID": "",
						"appointmentSetReasonCode": "02"
					}
				],
				"appointmentDateTimeDetails": [
					{
						"appointmentDateTimeDetailID": "",
						"appointmentStartTimestamp": "",
						"appointmentEndTimestamp": "",
						"primaryAppointmentIndicator": "Y"
					}
				]
			},
			{
				"appointmentID": "",
				"appointmentTypeCode": "Scheduled",
				"appointmentConfirmationNumber": "",
				"requestCallBackIndicator": "Y",
				"appointmentInboundDate": "",
				"appointmentDetails": [
					{
						"appointmentDetailID": "",
						"appointmentSetReasonCode": "02"
					}
				],
				"appointmentInstructionAssociation": [
					{
						"appointmentInstructionAssociationID": "",
						"appointmentInstruction": "",
						"appointmentInstructionAdditionalDetail": ""
					}
				],
				"appointmentDateTimeDetails": [
					{
						"appointmentDateTimeDetailID": "",
						"appointmentStartTimestamp": "",
						"appointmentEndTimestamp": "",
						"primaryAppointmentIndicator": "Y"
					}
				]
			}
		]
	},
	"stopMiles": 0,
	"totalStopMiles": "",
	"totalOrderWeight": "",
	"totalStopWeight": "",
	"locationDTO": {
		"partyID": 1,
		"partyName": "",
		"partyType": "",
		"partyStatus": "",
		"addressDTO": {
			"addressLineOne": "",
			"addressLineTwo": "",
			"city": "",
			"state": "",
			"zipCode": "",
			"country": "",
			"cityID": ""
		},
		"contactDTO": {
			"contactId": "",
			"contactValue": "",
			"contactType": "",
			"contactName": "",
			"contactMethod": "",
			"locationID": "",
			"firstName": "",
			"marketingArea": "",
			"lastName": "",
			"profileCode": "",
			"profileName": ""
		}
	},
	"itemHandlingDetailDTOs": [
		{
			"itemHandlingDetail": {
				"itemHandlingDetailID": "",
				"itemHandlingTypeCode": "",
				"itemHandlingTypeQuantity": "",
				"itemHandlingUnitHeight": "",
				"itemHandlingUnitLength": "",
				"itemHandlingUnitWidth": "",
				"unitOfLengthMeasurementCode": "",
				"itemHandlingUnitVolume": "",
				"unitOfVolumeMeasurementCode": "",
				"itemHandlingUnitWeight": "",
				"unitOfWeightMeasurementCode": "",
				"itemHandlingUnitDensity": "",
				"unitOfDensityMeasurementCode": "",
				"itemHandlingDetailReferenceNumberAssociations": []
			},
			"stopItemDTOs": [
				{
					"stopItem": {
						"stopItemID": "",
						"packagingUnitTypeQuantity": "",
						"freightClassCode": "",
						"itemDensity": "",
						"itemDescription": "",
						"itemHeight": "",
						"itemLength": "",
						"itemQuantity": "",
						"itemLengthType": null,
						"itemVolumeType": null,
						"itemStackingType": null,
						"itemVolume": "",
						"itemWeight": "",
						"itemWidth": "",
						"nmfcNumber": "",
						"packagingUnitTypeCode": "",
						"skuNumber": "",
						"unitOfLengthMeasurementCode": "",
						"unitOfVolumeMeasurementCode": "",
						"unitOfWeightMeasurementCode": "",
						"unitOfDensityMeasurementCode": "",
						"stopItemHazardousMaterialDetails": [],
						"itemModelNumber": "",
						"itemClassificationCode": "",
						"itemTemperatureControlMethodCode": "",
						"supplierSKU": "",
						"itemMake": "",
						"itemManufacturer": "",
						"itemCategory": "",
						"itemPartNumber": "",
						"itemProtectionType": null,
						"itemUniversalProductCode": "",
						"stopItemSerialNumberDetails": [],
						"stopItemServiceDetails": []
					},
					"unnaCode": "",
					"properShippingName": "",
					"primaryHazmatClass": "",
					"secondaryHazmatClass": "",
					"packagingGroup": "",
					"stopbarCode": []
				}
			]
		}
	]
}