{
  "trailerNumber" : "008769    ",
  "equipmentTypeID" : "48VAN     ",
  "trailerPrefix" : "NDOK",
  "recordStatus" : "A",
  "equipmentTypeHierarchyCode" : "CONTAINER ",
  "pluxID" : "459965495",
  "equipmentId" : 11207890,
  "availabilityStatus" : "A",
  "_links" : {
    "self" : {
      "href" : "http://ordermanagementintegrationservices-dev.jbhunt.com/ordermanagementintegrationservices/equipments/11207890"
    },
    "equipment" : {
      "href" : "http://ordermanagementintegrationservices-dev.jbhunt.com/ordermanagementintegrationservices/equipments/11207890{?projection}",
      "templated" : true
    }
  }
}