[{"id":1,"serviceOffering":"SO 1","inboundCapacity":"IC 1","outboundCapacity":"OC","commimentsRemPerDay":"Per day","commimentsRemPerWeek":"Per week","pickup":"Pickup","delivery":"Delivery","transit":"transit","allInRate":"All In Rate"},
{"id":2,"serviceOffering":"SO 2","inboundCapacity":"IC 2","outboundCapacity":"OC","commimentsRemPerDay":"Per day","commimentsRemPerWeek":"Per week","pickup":"Pickup","delivery":"Delivery","transit":"transit","allInRate":"All In Rate"},
{"id":3,"serviceOffering":"SO 3","inboundCapacity":"IC 3","outboundCapacity":"OC","commimentsRemPerDay":"Per day","commimentsRemPerWeek":"Per week","pickup":"Pickup","delivery":"Delivery","transit":"transit","allInRate":"All In Rate"},
{"id":4,"serviceOffering":"SO 4","inboundCapacity":"IC 4","outboundCapacity":"OC","commimentsRemPerDay":"Per day","commimentsRemPerWeek":"Per week","pickup":"Pickup","delivery":"Delivery","transit":"transit","allInRate":"All In Rate"},
{"id":5,"serviceOffering":"SO 5","inboundCapacity":"IC 5","outboundCapacity":"OC","commimentsRemPerDay":"Per day","commimentsRemPerWeek":"Per week","pickup":"Pickup","delivery":"Delivery","transit":"transit","allInRate":"All In Rate"},
{"id":6,"serviceOffering":"SO 6","inboundCapacity":"IC 6","outboundCapacity":"OC","commimentsRemPerDay":"Per day","commimentsRemPerWeek":"Per week","pickup":"Pickup","delivery":"Delivery","transit":"transit","allInRate":"All In Rate"},
{"id":7,"serviceOffering":"SO 7","inboundCapacity":"IC 7","outboundCapacity":"OC","commimentsRemPerDay":"Per day","commimentsRemPerWeek":"Per week","pickup":"Pickup","delivery":"Delivery","transit":"transit","allInRate":"All In Rate"},
{"id":8,"serviceOffering":"SO 8","inboundCapacity":"IC 8","outboundCapacity":"OC","commimentsRemPerDay":"Per day","commimentsRemPerWeek":"Per week","pickup":"Pickup","delivery":"Delivery","transit":"transit","allInRate":"All In Rate"},
{"id":9,"serviceOffering":"SO 9","inboundCapacity":"IC 9","outboundCapacity":"OC","commimentsRemPerDay":"Per day","commimentsRemPerWeek":"Per week","pickup":"Pickup","delivery":"Delivery","transit":"transit","allInRate":"All In Rate"},
{"id":10,"serviceOffering":"SO 10","inboundCapacity":"IC 10","outboundCapacity":"OC","commimentsRemPerDay":"Per day","commimentsRemPerWeek":"Per week","pickup":"Pickup","delivery":"Delivery","transit":"transit","allInRate":"All In Rate"},
{"id":11,"serviceOffering":"SO 11","inboundCapacity":"IC 11","outboundCapacity":"OC","commimentsRemPerDay":"Per day","commimentsRemPerWeek":"Per week","pickup":"Pickup","delivery":"Delivery","transit":"transit","allInRate":"All In Rate"},
{"id":12,"serviceOffering":"SO 12","inboundCapacity":"IC 12","outboundCapacity":"OC","commimentsRemPerDay":"Per day","commimentsRemPerWeek":"Per week","pickup":"Pickup","delivery":"Delivery","transit":"transit","allInRate":"All In Rate"},
{"id":13,"serviceOffering":"SO 13","inboundCapacity":"IC 13","outboundCapacity":"OC","commimentsRemPerDay":"Per day","commimentsRemPerWeek":"Per week","pickup":"Pickup","delivery":"Delivery","transit":"transit","allInRate":"All In Rate"},
{"id":14,"serviceOffering":"SO 14","inboundCapacity":"IC 14","outboundCapacity":"OC","commimentsRemPerDay":"Per day","commimentsRemPerWeek":"Per week","pickup":"Pickup","delivery":"Delivery","transit":"transit","allInRate":"All In Rate"},
{"id":15,"serviceOffering":"SO 15","inboundCapacity":"IC 15","outboundCapacity":"OC","commimentsRemPerDay":"Per day","commimentsRemPerWeek":"Per week","pickup":"Pickup","delivery":"Delivery","transit":"transit","allInRate":"All In Rate"},
{"id":16,"serviceOffering":"SO 16","inboundCapacity":"IC 16","outboundCapacity":"OC","commimentsRemPerDay":"Per day","commimentsRemPerWeek":"Per week","pickup":"Pickup","delivery":"Delivery","transit":"transit","allInRate":"All In Rate"},
{"id":17,"serviceOffering":"SO 17","inboundCapacity":"IC 17","outboundCapacity":"OC","commimentsRemPerDay":"Per day","commimentsRemPerWeek":"Per week","pickup":"Pickup","delivery":"Delivery","transit":"transit","allInRate":"All In Rate"},
{"id":18,"serviceOffering":"SO 18","inboundCapacity":"IC 18","outboundCapacity":"OC","commimentsRemPerDay":"Per day","commimentsRemPerWeek":"Per week","pickup":"Pickup","delivery":"Delivery","transit":"transit","allInRate":"All In Rate"},
{"id":19,"serviceOffering":"SO 19","inboundCapacity":"IC 19","outboundCapacity":"OC","commimentsRemPerDay":"Per day","commimentsRemPerWeek":"Per week","pickup":"Pickup","delivery":"Delivery","transit":"transit","allInRate":"All In Rate"},
{"id":20,"serviceOffering":"SO 20","inboundCapacity":"IC 20","outboundCapacity":"OC","commimentsRemPerDay":"Per day","commimentsRemPerWeek":"Per week","pickup":"Pickup","delivery":"Delivery","transit":"transit","allInRate":"All In Rate"},
{"id":21,"serviceOffering":"SO 21","inboundCapacity":"IC 21","outboundCapacity":"OC","commimentsRemPerDay":"Per day","commimentsRemPerWeek":"Per week","pickup":"Pickup","delivery":"Delivery","transit":"transit","allInRate":"All In Rate"},
{"id":22,"serviceOffering":"SO 22","inboundCapacity":"IC 22","outboundCapacity":"OC","commimentsRemPerDay":"Per day","commimentsRemPerWeek":"Per week","pickup":"Pickup","delivery":"Delivery","transit":"transit","allInRate":"All In Rate"},
{"id":23,"serviceOffering":"SO 23","inboundCapacity":"IC 23","outboundCapacity":"OC","commimentsRemPerDay":"Per day","commimentsRemPerWeek":"Per week","pickup":"Pickup","delivery":"Delivery","transit":"transit","allInRate":"All In Rate"},
{"id":24,"serviceOffering":"SO 24","inboundCapacity":"IC 24","outboundCapacity":"OC","commimentsRemPerDay":"Per day","commimentsRemPerWeek":"Per week","pickup":"Pickup","delivery":"Delivery","transit":"transit","allInRate":"All In Rate"},
{"id":25,"serviceOffering":"SO 25","inboundCapacity":"IC 25","outboundCapacity":"OC","commimentsRemPerDay":"Per day","commimentsRemPerWeek":"Per week","pickup":"Pickup","delivery":"Delivery","transit":"transit","allInRate":"All In Rate"}]