{
  "orderRecommendationDetailId": 0,
  "opportunityStatus": null,
  "opportunityRespondByTimestamp": null,
  "orderOrigin": null,
  "orderDestination": null,
  "billTo": null,
  "comments": null,
  "indendedServiceOffering": null,
  "eligibleServiceOfferings": null,
  "opportunityId": 61,
  "orderId": 1,
  "orderQualificationRunId": 3,
  "orderRuleDetailId": 1,
  "opportunityStatusCode": "Available",
  "oppRespondByTimeInMins": null,
  "opportunityRespondByTime": "2017-04-18T23:58:28",
  "opportunityDate": "2017-04-18",
  "opportunityStartTime": "23:58:28",
  "opportunityEndTime": "23:58:28",
  "effectiveTimestamp": null,
  "expirationTimestamp": null,
  "pickup": null,
  "delivery": null,
  "opportunityPostingWorkflowDTOList": [{
      "opportunityPostingWorkflowId": 263,
      "opportunityId": 61,
      "financeBusinessUnitCode": "ICS",
      "serviceOfferingCode": "ICS",
      "opportunityPostingTypeCode": "Global",
      "opportunityPostingStatusCode": "Accepted",
      "comment": null
    },
    {
      "opportunityPostingWorkflowId": 264,
      "opportunityId": 61,
      "financeBusinessUnitCode": "ICS",
      "serviceOfferingCode": "DCS",
      "opportunityPostingTypeCode": "Global",
      "opportunityPostingStatusCode": "Accepted",
      "comment": null
    },
    {
      "opportunityPostingWorkflowId": 265,
      "opportunityId": 61,
      "financeBusinessUnitCode": "ICS",
      "serviceOfferingCode": "OTR",
      "opportunityPostingTypeCode": "Global",
      "opportunityPostingStatusCode": "Accepted",
      "comment": null
    }
  ],
  "opportunityCreatorName": null,
  "stopCount": null,
  "orderDTO": null,
  "opportunityConditionalAcceptanceDetailDTO": null,
  "trailerNumber": null,
  "equipmentType": null,
  "totalStopWeight": 0,
  "totalStopMiles": 0,
  "tenderRate": 0,
  "rateGuidance": null,
  "specialCondition": null
}