{
  "took": 1,
  "timed_out": false,
  "_shards": {
    "total": 5,
    "successful": 5,
    "failed": 0
  },
  "hits": {
    "total": 2,
    "max_score": 0,
    "hits": []
  },
  "aggregations": {
    "locations": {
      "doc_count": 36,
      "only_loc": {
        "doc_count": 4,
        "topinner": {
          "doc_count_error_upper_bound": 0,
          "sum_other_doc_count": 0,
          "buckets": [
            {
              "key": "ATLANTIC",
              "doc_count": 2,
              "topacc_hits": {
                "hits": {
                  "total": 2,
                  "max_score": 1, 
                  "hits": [
                    {
                      "_nested": {
                        "field": "locations",
                        "offset": 1
                      },
                      "_score": 1,
                      "_source": {
                        "locations": {
                          "StateCode": "IA"
                        }
                      }
                    }
                  ]
                }
              }
            },
            {
              "key": "AVONDALE",
              "doc_count": 2,
              "topacc_hits": {
                "hits": {
                  "total": 2,
                  "max_score": 1,
                  "hits": [
                    {
                      "_nested": {
                        "field": "locations",
                        "offset": 8
                      },
                      "_score": 1,
                      "_source": {
                        "locations": {
                          "StateCode": "CO"
                        }
                      }
                    }
                  ]
                }
              }
            }
          ]
        }
      }
    }
  }
}