[{
      "index": 0,
      "title": "Business Unit",
      "key": "financeBusinessUnitServiceOfferingAssociation.financeBusinessUnitCode",
      "checkSelectionKey": "financeBusinessUnitServiceOfferingAssociation.financeBusinessUnitCode",
      "componentType": "lsitType",
      "rootVal": ["_embedded", "serviceOfferingBusinessUnitTransitModeAssociations"],
      "url": "",
      "deepNestFlag": true,
      "count": 0,
      "filterKey":"exceptionMaintenanceBU",
      "hideTypeAhead": true
    }, {
      "index": 1,
      "key": "serviceOfferingCode",
      "title": "Service Offering",
      "componentType": "lsitType",
      "rootVal": ["_embedded", "financeBusinessUnitServiceOfferingAssociations"],
      "url": "",
      "params": {},
      "deepNestFlag": false,
      "myParentScope": "",
      "framerMethod": "soFramer",
      "count": 0,
      "filterKey":"exceptionMaintenanceSO",
      "hideTypeAhead": true
    }, {
      "index": 2,
      "title": "Status",
      "key": "status",
      "checkSelectionKey": "status",
      "componentType": "lsitType",
      "rootVal": ["statusList"],
      "deepNestFlag": false,
      "url": "",
      "count": 0,
      "filterKey":"exceptionMaintenanceStatus",
      "hideTypeAhead": true
    },
    {
      "index": 3,
      "title": "Last Updated By",
      "key": "exceptionMaintenanceAudit",
      "checkSelectionKey": "exceptionMaintenanceAudit",
      "componentType": "typeAhead",
      "rootVal": ["hits","hits"],
      "deepNestFlag": false,
      "methodType":"addData",
      "pagination": true,
      "paginationSize": 0,
      "url": "",
      "params": {
        "size": 6,
        "from":0,
        "query": {
     
            "bool": {
                "should": [{
                    "query_string": {
                        "fields": ["firstName", "lastName"],
                        "query": "*"
                        }
                    }]
                }
            }
        },
      "serviceFilter": true,
      "count": 0,
      "framerMethod": "auditFramer",
      "filterKey":"exceptionMaintenanceAudit"
    }]