{
  "content": [
    {
      "ruleName": "Potential Pckup Delay (Truck)",
      "ruleDescription": "Excl Ld With No Apt Shw If ETA Frm Transt Vec Is > X Min Aftr Pck End Dt N T  ",
      "associationLevel": "Company",
      "businessUnit": "JB",
      "serviceOffering": "SERVICE",
      "ruleCategory": "Service",
      "startDate": "2016-01-01T00:00:00",
      "endDate": "2199-12-31T23:59:59",
      "orderRuleDetailId": 112,
      "orderRuleCriteriaSetID": 350,
      "orderRuleParameters": null,
	  "status": "active"
    },
    {
      "ruleName": "Early Deramp",
      "ruleDescription": "If Act Drmp Date N Time Is < Plan Deramp Date N Time By X Hr Thn Rais An Excptn",
      "associationLevel": "Company",
      "businessUnit": null,
      "serviceOffering": null,
      "ruleCategory": "Dwell",
      "startDate": "2016-01-01T00:00:00",
      "endDate": "2199-12-31T23:59:59",
      "orderRuleDetailId": 109,
      "orderRuleCriteriaSetID": 348,
      "orderRuleParameters": null,
	  "status": "inactive"
    },
    {
      "ruleName": "Acomm",
      "ruleDescription": "Preplan Note Added To Order",
      "associationLevel": "Company",
      "businessUnit": null,
      "serviceOffering": null,
      "ruleCategory": "SlashLoad",
      "startDate": "2016-01-01T00:00:00",
      "endDate": "2199-12-31T23:59:59",
      "orderRuleDetailId": 118,
      "orderRuleCriteriaSetID": 568,
      "orderRuleParameters": null,
	  "status": "inactive"
    },
    {
      "ruleName": "Appointment Expired",
      "ruleDescription": "If The Current Date And Time Is >= Apt End Date + X Mins And No Arivl Occurr",
      "associationLevel": "Company",
      "businessUnit": null,
      "serviceOffering": null,
      "ruleCategory": "Appoint",
      "startDate": "2016-01-01T00:00:00",
      "endDate": "2199-12-31T23:59:59",
      "orderRuleDetailId": 111,
      "orderRuleCriteriaSetID": 349,
      "orderRuleParameters": null,
	  "status": "inactive"
    },
    {
      "ruleName": "Potential Delivery Delay ",
      "ruleDescription": "Excl Ld With No Apt Shw If ETA Frm Transt Vec Is > X Min Aftr Pck End Dt N T  ",
      "associationLevel": "Company",
      "businessUnit": null,
      "serviceOffering": null,
      "ruleCategory": "Service",
      "startDate": "2016-01-01T00:00:00",
      "endDate": "2199-12-31T23:59:59",
      "orderRuleDetailId": 113,
      "orderRuleCriteriaSetID": 351,
      "orderRuleParameters": null,
	  "status": "active"
    },
    {
      "ruleName": "Acomm",
      "ruleDescription": "Preplan Note Added To Order",
      "associationLevel": "Company",
      "businessUnit": "DCS",
      "serviceOffering": null,
      "ruleCategory": "SlashLoad",
      "startDate": "2016-01-01T00:00:00",
      "endDate": "2199-12-31T23:59:59",
      "orderRuleDetailId": 118,
      "orderRuleCriteriaSetID": 573,
      "orderRuleParameters": null,
	  "status": "inactive"
    },
    {
      "ruleName": "Acomm",
      "ruleDescription": "Preplan Note Added To Order",
      "associationLevel": "Company",
      "businessUnit": null,
      "serviceOffering": null,
      "ruleCategory": "SlashLoad",
      "startDate": "2016-01-01T00:00:00",
      "endDate": "2199-12-31T23:59:59",
      "orderRuleDetailId": 118,
      "orderRuleCriteriaSetID": 560,
      "orderRuleParameters": null,
	  "status": "inactive"
    },
    {
      "ruleName": "Potential Pckup Delay (Train)",
      "ruleDescription": "Excl Ld With No Apt Shw If ETA Frm Transt Vec Is > X Min Aftr Pck End Dt N T  ",
      "associationLevel": "Company",
      "businessUnit": null,
      "serviceOffering": null,
      "ruleCategory": "Service",
      "startDate": "2016-01-01T00:00:00",
      "endDate": "2199-12-31T23:59:59",
      "orderRuleDetailId": 114,
      "orderRuleCriteriaSetID": 352,
      "orderRuleParameters": null,
	  "status": "active"
    },
    {
      "ruleName": "Insuf Lead Time Same Day Pckup",
      "ruleDescription": "System Should Check If The Pickup Appt Date Is Less Than Or Equal To Curr Date",
      "associationLevel": "Company",
      "businessUnit": null,
      "serviceOffering": null,
      "ruleCategory": "Appoint",
      "startDate": "2016-01-01T00:00:00",
      "endDate": "2199-12-31T23:59:59",
      "orderRuleDetailId": 143,
      "orderRuleCriteriaSetID": 355,
      "orderRuleParameters": null,
	  "status": "active"
    },
    {
      "ruleName": "Pickup Appo Span Beyond Range",
      "ruleDescription": "Apt Rng Is Beyond X Amount Of Days For Spanning Dates",
      "associationLevel": "Company",
      "businessUnit": null,
      "serviceOffering": null,
      "ruleCategory": "Appoint",
      "startDate": "2016-01-01T00:00:00",
      "endDate": "2199-12-31T23:59:59",
      "orderRuleDetailId": 152,
      "orderRuleCriteriaSetID": 356,
      "orderRuleParameters": null,
	  "status": "inactive"
    },
    {
      "ruleName": "Deliv Appo Span Beyond Rng",
      "ruleDescription": "Appointment Range Is Beyond The X Amount Of Days For Spanning Dates",
      "associationLevel": "Company",
      "businessUnit": null,
      "serviceOffering": null,
      "ruleCategory": "Appoint",
      "startDate": "2016-01-01T00:00:00",
      "endDate": "2199-12-31T23:59:59",
      "orderRuleDetailId": 156,
      "orderRuleCriteriaSetID": 357,
      "orderRuleParameters": null,
	  "status": "active"
    },
    {
      "ruleName": "Potential Dwell",
      "ruleDescription": "Excl Ld Wth No Apt Shw If ETA Frm Trans Vec Is > X Min Aftr Del End Dt N T",
      "associationLevel": "Company",
      "businessUnit": null,
      "serviceOffering": null,
      "ruleCategory": "Dwell",
      "startDate": "2016-01-01T00:00:00",
      "endDate": "2199-12-31T23:59:59",
      "orderRuleDetailId": 116,
      "orderRuleCriteriaSetID": 354,
      "orderRuleParameters": null,
	  "status": "inactive"
    },
    {
      "ruleName": "Excessive Transit",
      "ruleDescription": "If Dif Btwn Del Strt Windw,Pck End Window Is < Thn X% Byn Rcom Trns Tme Frm Trn",
      "associationLevel": "Company",
      "businessUnit": null,
      "serviceOffering": null,
      "ruleCategory": "Service",
      "startDate": "2016-01-01T00:00:00",
      "endDate": "2199-12-31T23:59:59",
      "orderRuleDetailId": 106,
      "orderRuleCriteriaSetID": 347,
      "orderRuleParameters": null,
	  "status": "inactive"
    },
    {
      "ruleName": "Potential Del Delay (Train)",
      "ruleDescription": "Excl Ld With No Apt Shw If ETA Frm Transt Vec Is > X Min Aftr Pck End Dt N T  ",
      "associationLevel": "Company",
      "businessUnit": null,
      "serviceOffering": null,
      "ruleCategory": "Service",
      "startDate": "2016-01-01T00:00:00",
      "endDate": "2199-12-31T23:59:59",
      "orderRuleDetailId": 115,
      "orderRuleCriteriaSetID": 353,
      "orderRuleParameters": null,
	  "status": "inactive"
    },
    {
      "ruleName": "Acomm",
      "ruleDescription": "Preplan Note Added To Order",
      "associationLevel": "Company",
      "businessUnit": null,
      "serviceOffering": null,
      "ruleCategory": "SlashLoad",
      "startDate": "2016-01-01T00:00:00",
      "endDate": "2199-12-31T23:59:59",
      "orderRuleDetailId": 118,
      "orderRuleCriteriaSetID": 569,
      "orderRuleParameters": null,
	  "status": "active"
    }
  ],
  "last": false,
  "totalPages": 10,
  "totalElements": 192,
  "size": 20,
  "number": 0,
  "sort": null,
  "first": true,
  "numberOfElements": 15
}