{
  "content": [
    {
      "ruleName": "Delay Accept Response Notify",
      "ruleDescription": "Delay Ord Proces For Auto-Acpt Tndr By Spec No. Of Min(Curently At 20 Minute)",
      "associationLevel": "Customer",
      "ruleCategory": "Notify",
      "ruleCategoryDescription": "Notification Category",
      "orderRuleCriteriaSets": [
        {
          "orderRuleCriteriaSetID": 182,
          "startDate": "2016-01-01T00:00",
          "endDate": "2199-12-31T23:59:59",
          "status": "Active",
          "businessUnit": "JBT",
          "serviceOffering": null,
          "orderRuleParameters": [
            {
              "@id": 1,
              "orderRuleParameterID": 1901,
              "orderRuleLogicalOperator": {
                "@id": 1,
                "orderRuleLogicalOperatorCode": "Equal",
                "orderRuleLogicalOperatorDescription": "Equals",
                "effectiveTimestamp": [
                  2016,
                  1,
                  1,
                  0,
                  0
                ],
                "expirationTimestamp": [
                  2199,
                  12,
                  31,
                  23,
                  59,
                  59
                ],
                "lastUpdateTimestampString": [
                  2017,
                  4,
                  20,
                  11,
                  55,
                  38,
                  57716600
                ]
              },
              "orderRuleParameterType": {
                "@id": 1,
                "orderRuleParameterTypeCode": "Minutes",
                "orderRuleParameterTypeDescription": "Minutes",
                "orderRuleParameterValueTypeCode": "Number",
                "effectiveTimestamp": [
                  2016,
                  1,
                  1,
                  0,
                  0
                ],
                "expirationTimestamp": [
                  2199,
                  12,
                  31,
                  23,
                  59,
                  59
                ],
                "lastUpdateTimestampString": [
                  2017,
                  4,
                  20,
                  11,
                  56,
                  29,
                  702475100
                ]
              },
              "orderParameterName": "Order Acceptance Time + (n) hours",
              "orderParameterNumberValue": 20,
              "orderParameterCharValue": null,
              "orderParameterDateValue": null,
              "effectiveTimestamp": [
                2016,
                1,
                1,
                0,
                0
              ],
              "expirationTimestamp": [
                2199,
                12,
                31,
                23,
                59,
                59
              ],
              "lastUpdateTimestampString": [
                2017,
                5,
                19,
                8,
                0,
                55,
                346077200
              ]
            }
          ]
        }
      ],
      "orderRuleDetailId": 26
    },
    {
      "ruleName": "Auto Acpt Base On Pub Rate ",
      "ruleDescription": "Aut Acpt Order If A Pub Rt Has Idenified And Attached To The Order.",
      "associationLevel": "BusUnit",
      "ruleCategory": "AutoAccept",
      "ruleCategoryDescription": "Auto Accept Category",
      "orderRuleCriteriaSets": [
        {
          "orderRuleCriteriaSetID": 198,
          "startDate": "2016-01-01T00:00",
          "endDate": "2199-12-31T23:59:59",
          "status": "Active",
          "businessUnit": "JBT",
          "serviceOffering": "so",
          "orderRuleParameters": null
        }
      ],
      "orderRuleDetailId": 30
    },
    {
      "ruleName": "Do Not Auto Accept",
      "ruleDescription": "Do Not Auto Accept Orders For Business Unit",
      "associationLevel": "Customer",
      "ruleCategory": "AutoAccept",
      "ruleCategoryDescription": "Auto Accept Category",
      "orderRuleCriteriaSets": [
        {
          "orderRuleCriteriaSetID": 189,
          "startDate": "2016-01-01T00:00",
          "endDate": "2199-12-31T23:59:59",
          "status": "Active",
          "businessUnit": "JBT",
          "serviceOffering": null,
          "orderRuleParameters": null
        }
      ],
      "orderRuleDetailId": 28
    },
    {
      "ruleName": "Auto Acpt Base On Spot Rate ",
      "ruleDescription": "Auto Accept The Order If A Spot Rate Has Been Identified And Attach To The Ord",
      "associationLevel": "BusUnit",
      "ruleCategory": "AutoAccept",
      "ruleCategoryDescription": "Auto Accept Category",
      "orderRuleCriteriaSets": [
        {
          "orderRuleCriteriaSetID": 202,
          "startDate": "2016-01-01T00:00",
          "endDate": "2199-12-31T23:59:59",
          "status": "Active",
          "businessUnit": "JBT",
          "serviceOffering": null,
          "orderRuleParameters": null
        }
      ],
      "orderRuleDetailId": 31
    },
    {
      "ruleName": "Primary Lane Check",
      "ruleDescription": "Auto Accept Orders Only If It Has A PRIMARY Lane.",
      "associationLevel": "Customer",
      "ruleCategory": "AutoAccept",
      "ruleCategoryDescription": "Auto Accept Category",
      "orderRuleCriteriaSets": [
        {
          "orderRuleCriteriaSetID": 206,
          "startDate": "2016-01-01T00:00",
          "endDate": "2199-12-31T23:59:59",
          "status": "Active",
          "businessUnit": "JBT",
          "serviceOffering": null,
          "orderRuleParameters": null
        }
      ],
      "orderRuleDetailId": 32
    },
    {
      "ruleName": "Do Not Auto Accept",
      "ruleDescription": "Do Not Auto Accept Orders For Business Unit",
      "associationLevel": "BusUnit",
      "ruleCategory": "AutoAccept",
      "ruleCategoryDescription": "Auto Accept Category",
      "orderRuleCriteriaSets": [
        {
          "orderRuleCriteriaSetID": 185,
          "startDate": "2016-01-01T00:00",
          "endDate": "2199-12-31T23:59:59",
          "status": "Active",
          "businessUnit": "JBT",
          "serviceOffering": null,
          "orderRuleParameters": null
        }
      ],
      "orderRuleDetailId": 27
    },
    {
      "ruleName": "Conditionaly Acpt Oportunty",
      "ruleDescription": "Conditinally Accept Opportunites If Not  For A Primary Intended Service Offer",
      "associationLevel": "BusUnit",
      "ruleCategory": "Opprtunity",
      "ruleCategoryDescription": "Opportunity Category",
      "orderRuleCriteriaSets": [
        {
          "orderRuleCriteriaSetID": 217,
          "startDate": "2016-01-01T00:00",
          "endDate": "2199-12-31T23:59:59",
          "status": "Active",
          "businessUnit": "JBT",
          "serviceOffering": null,
          "orderRuleParameters": null
        }
      ],
      "orderRuleDetailId": 35
    },
    {
      "ruleName": "Respond By Time",
      "ruleDescription": "Default Respond By Time For An Opportunity",
      "associationLevel": "BusUnit",
      "ruleCategory": "Opprtunity",
      "ruleCategoryDescription": "Opportunity Category",
      "orderRuleCriteriaSets": [
        {
          "orderRuleCriteriaSetID": 213,
          "startDate": "2016-01-01T00:00",
          "endDate": "2199-12-31T23:59:59",
          "status": "Active",
          "businessUnit": "JBT",
          "serviceOffering": null,
          "orderRuleParameters": [
            {
              "@id": 2,
              "orderRuleParameterID": 1904,
              "orderRuleLogicalOperator": 1,
              "orderRuleParameterType": 1,
              "orderParameterName": "FIXED TIME (mins)",
              "orderParameterNumberValue": 90,
              "orderParameterCharValue": null,
              "orderParameterDateValue": null,
              "effectiveTimestamp": [
                2016,
                1,
                1,
                0,
                0
              ],
              "expirationTimestamp": [
                2199,
                12,
                31,
                23,
                59,
                59
              ],
              "lastUpdateTimestampString": [
                2017,
                5,
                19,
                8,
                0,
                55,
                346077200
              ]
            }
          ]
        }
      ],
      "orderRuleDetailId": 34
    },
    {
      "ruleName": "Auto Create Opportunity",
      "ruleDescription": "Auto Create Opportunity Only For Configured Business Unit For A Customer",
      "associationLevel": "Customer",
      "ruleCategory": "Opprtunity",
      "ruleCategoryDescription": "Opportunity Category",
      "orderRuleCriteriaSets": [
        {
          "orderRuleCriteriaSetID": 210,
          "startDate": "2016-01-01T00:00",
          "endDate": "2199-12-31T23:59:59",
          "status": "Active",
          "businessUnit": "JBT",
          "serviceOffering": null,
          "orderRuleParameters": null
        }
      ],
      "orderRuleDetailId": 33
    }
  ],
  "totalElements": 9,
  "last": true,
  "totalPages": 1,
  "size": 20,
  "number": 0,
  "sort": null,
  "first": true,
  "numberOfElements": 9
}