{
   "exceptionAttribute": {
      "data": [
         {
            "name": "Exception Name",
            "prop": "ruleName",
            "flexGrow": 0.7,
            "draggable": false,
            "resizeable": false,
            "reorderable": false,
            "maxChar": 60
         },
         {
            "name": "Attribute",
            "prop": "ruleAttribute",
            "flexGrow": 0.7,
            "draggable": false,
            "resizeable": false,
            "reorderable": false,
            "maxChar": 60
         }
      ]
   }
   }