{
  "_embedded": {
    "serviceOfferingBusinessUnitTransitModeAssociations": [
      {
        "transitModeCode": "Rail",
        "serviceOfferingCode": "Flat Bed",
        "financeBusinessUnitCode": "JBI",
        "_links": {
          "self": {
            "href": "https://referencedataservices-dev.jbhunt.com/referencedataservices/serviceOfferingBusinessUnitTransitModeAssociations/2"
          },
          "serviceOfferingBusinessUnitTransitModeAssociation": {
            "href": "https://referencedataservices-dev.jbhunt.com/referencedataservices/serviceOfferingBusinessUnitTransitModeAssociations/2{?projection}",
            "templated": true
          }
        }
      },{
        "transitModeCode": "Rail",
        "serviceOfferingCode": "Brokerage",
        "financeBusinessUnitCode": "JBI",
        "_links": {
          "self": {
            "href": "https://referencedataservices-dev.jbhunt.com/referencedataservices/serviceOfferingBusinessUnitTransitModeAssociations/2"
          },
          "serviceOfferingBusinessUnitTransitModeAssociation": {
            "href": "https://referencedataservices-dev.jbhunt.com/referencedataservices/serviceOfferingBusinessUnitTransitModeAssociations/2{?projection}",
            "templated": true
          }
        }
      },{
        "transitModeCode": "Rail",
        "serviceOfferingCode": "Dedicated",
        "financeBusinessUnitCode": "JBI",
        "_links": {
          "self": {
            "href": "https://referencedataservices-dev.jbhunt.com/referencedataservices/serviceOfferingBusinessUnitTransitModeAssociations/2"
          },
          "serviceOfferingBusinessUnitTransitModeAssociation": {
            "href": "https://referencedataservices-dev.jbhunt.com/referencedataservices/serviceOfferingBusinessUnitTransitModeAssociations/2{?projection}",
            "templated": true
          }
        }
      },
      {
        "transitModeCode": "Truck",
        "serviceOfferingCode": "Backhaul",
        "financeBusinessUnitCode": "JBI",
        "_links": {
          "self": {
            "href": "https://referencedataservices-dev.jbhunt.com/referencedataservices/serviceOfferingBusinessUnitTransitModeAssociations/3"
          },
          "serviceOfferingBusinessUnitTransitModeAssociation": {
            "href": "https://referencedataservices-dev.jbhunt.com/referencedataservices/serviceOfferingBusinessUnitTransitModeAssociations/3{?projection}",
            "templated": true
          }
        }
      }
    ]
  },
  "_links": {
    "self": {
      "href": "https://referencedataservices-dev.jbhunt.com/referencedataservices/serviceOfferingBusinessUnitTransitModeAssociations/search/findByFinanceBusinessUnitServiceOfferingAssociationFinanceBusinessUnitCode?financeBusinessUnitCode=JBI&projection=viewserviceofferingbusinessunittransitmode"
    }
  }
}