[
    {
        "userId": "DAVA99",
        "empId": "253658",
        "firstname": "ALVERTIS",
        "lastname": "DAVIS",
        "title": "Target Class A Driver Regional"
    },
    {
        "userId": "JITM489",
        "empId": "253050",
        "firstname": "ANTHONY",
        "lastname": "LIPFORD",
        "title": "Logistics Coordinator Non Dedicated"
    },
    {
        "userId": "JDCS3165",
        "empId": "253358",
        "firstname": "DESIRAE",
        "lastname": "DUNN",
        "title": "Account Manager"
    }
]