{  
   "_embedded":{  
      "teams":[  
         {  
            "teamID":6,
            "teamName":"Walmart CO"
         },
         {  
            "teamID":7,
            "teamName":"Walmart Warriors"
         },
         {  
            "teamID":9,
            "teamName":"Walmart Warriors CO"
         },
         {  
            "teamID":12,
            "teamName":"Walmart CMT"
         },
         {  
            "teamID":29,
            "teamName":"Walmart  Team"
         },
         {  
            "teamID":25,
            "teamName":"Walmart  Team1"
         },
         {  
            "teamID":28,
            "teamName":"Walmart  Team2"
         },
         {  
            "teamID":19,
            "teamName":"Walmart  Team3"
         }
      ]
   }
}