{
    "$schema": "./node_modules/@angular/cli/lib/config/schema.json",
    "project": {
        "name": "app-masterdatat-account"
    },
    "apps": [{
        "root": "src/main/ui",
        "outDir": "src/main/resources/public",
        "assets": [
            "assets",
            "data",
            "favicon.ico",
            "config"
        ],
        "index": "index.html",
        "main": "main.ts",
        "polyfills": "polyfills.ts",
        "test": "test.ts",
        "tsconfig": "tsconfig.app.json",
        "testTsconfig": "tsconfig.spec.json",
        "prefix": "app",
        "styles": [
            "styles.scss",
            "assets/fonts/icomoon/style.css"
        ],
        "scripts": [
            "../../../node_modules/spin.js/spin.js"
        ],
        "environmentSource": "environments/environment.ts",
        "environments": {
            "dev": "environments/environment.ts",
            "prod": "environments/environment.prod.ts",
            "local": "environments/environment.local.ts"
        }
    }],
    "e2e": {
        "protractor": {
            "config": "./protractor.conf.js"
        }
    },
    "lint": [{
            "project": "src/main/ui/tsconfig.app.json",
            "exclude": [
                "**/node_modules/**/*",
                "**/jbh-data-table/**/*",
                "**/jbh-typeahead/**/*",
                "**/tag-input/**/*",
                "**/demo/**/*"
            ]
        },
        {
            "project": "src/main/ui/tsconfig.spec.json",
            "exclude": [
                "**/node_modules/**/*",
                "**/jbh-data-table/**/*",
                "**/jbh-typeahead/**/*",
                "**/tag-input/**/*",
                "**/demo/**/*"
            ]
        },
        {
            "project": "e2e/tsconfig.e2e.json",
            "exclude": [
                "**/node_modules/**/*",
                "**/jbh-data-table/**/*",
                "**/jbh-typeahead/**/*",
                "**/tag-input/**/*",
                "**/demo/**/*"
            ]
        },
        {
            "files": "src/main/ui/**/*.ts",
            "project": "src/main/ui/tsconfig.json",
            "exclude": [
                "**/node_modules/**/*",
                "**/jbh-data-table/**/*",
                "**/jbh-typeahead/**/*",
                "**/tag-input/**/*",
                "**/demo/**/*"
            ]
        }
    ],
    "test": {
        "karma": {
            "config": "./karma.conf.js"
        }
    },
    "defaults": {
        "styleExt": "scss",
        "component": {}
    }
}