{
   "_embedded": {
        "chargeDToes": [
            {
                "charge": {
                    "chargeCode": "charge",
                    "chargeQuantity": 25,
                    "chargeUnitCode": "",
                    "chargeUnitRateAmount": 120,
                    "customerAuthorizationFirstName": "first name",
                    "customerAuthorizationLastName": "first name",
                    "customerAuthorizationNumber": "",
                    "chargeLevelTypeCode": "ORDER",
                    "lastUpdateTimestampString": "2017-02-13T01:23:30.374"
                },
                "stopLocationCode": null,
                "stopSequenceNumber": null
            },
            {
                "charge": {
                    "chargeCode": "charge",
                    "chargeQuantity": 27,
                    "chargeUnitCode": "",
                    "chargeUnitRateAmount": 123,
                    "customerAuthorizationFirstName": "first - name",
                    "customerAuthorizationLastName": "fist name",
                    "customerAuthorizationNumber": "",
                    "chargeLevelTypeCode": "ORDER",
                    "lastUpdateTimestampString": "2017-02-13T01:23:30.256"
                },
                "stopLocationCode": null,
                "stopSequenceNumber": null
            }
        ]
    }
}