{
    "_embedded": {
        "commentDToes": [{
                "commentTypeDescription": "Driver Comment",

                "comment": {

                    "commentID": 9,

                    "remark": "Dont Arrive earlier",

                    "commentTypeCode": "Driver",

                    "location": "Austin",

                    "commentLevelTypeCode": "ORDER",

                    "lastUpdateTimestampString": "01:23 AM Mar 29 2017"
                },

                "firstName": "frstname",

                "lastName": "LstNme",

                "stopNumber": null,

                "locationCode": "US",

                "lastUpdateTimestamp": "01:24 AM Mar 29 2017"
            },

            {
                "commentTypeDescription": "Driver Comment",

                "comment": {

                    "commentID": 9,

                    "remark": "Dont Arrive earlier",

                    "commentTypeCode": "Driver",

                    "location": "Austin",

                    "commentLevelTypeCode": "STOP",

                    "lastUpdateTimestampString": "01:24 AM Mar 29 2017"
                },

                "firstName": "frname",

                "lastName": "Lname",

                "stopNumber": "1",

                "locationCode": "US",

                "lastUpdateTimestamp": "01:23 AM Mar 29 2017"
            },

            {
                "commentTypeDescription": "Driver Comment",

                "comment": {

                    "commentID": 9,

                    "remark": "Dont Arrive earlier",

                    "commentTypeCode": "Driver",

                    "location": "Austin",

                    "commentLevelTypeCode": "STOP",

                    "lastUpdateTimestampString": "01:23 AM Mar 29 2017"
                },

                "firstName": "FstNme",

                "lastName": "Lname",

                "stopNumber": "2",

                "locationCode": "US",

                "lastUpdateTimestamp": "01:23 AM Mar 29 2017"
            }

        ]
    },
    "_links": {
        "self": {
            "href": "http://ordermanagementorderservices-dev.jbhunt.com/ordermanagementorderservices/orders/221/comments"
        }

    },

    "page": {

        "size": 20,

        "totalElements": 1,

        "totalPages": 1,

        "number": 0
    }
}