{
        "totalRecords": 1,
        "ProfileDTO": [{
                "id": "1234",
                "code": "1010101",
                "name": "Coca-cola",
                "marketingArea": null,
                "addressDTO": {
                        "addressAliasCode": " 1235",
                        "addressLine1": "6445 LEMMON AVE",
                        "addressLine2": "DALLAS",
                        "state": "TX",
                        "stateCode": null,
                        "cityID": null,
                        "city": "DALLAS",
                        "zipCode": "12345",
                        "countryCode": null,
                        "country": "ARKANSAS"
                },
                "roleTye": "Bill To",
                "partyStatus": "approved",
                "lineofbusiness": "line of business",
                "creditStatus": "yes",
                "facilityOverviewRequirementCodeDTO": {
                        "code": "1010101",
                        "value": "appointment required"
                }
        }]
}