{
	"_embedded": {
		"equipmentRequirementSpecificationAssociations": [{
			"equipmentRequirementSpecificationAssociationID": 6,
			"equipmentRequirementType": {
				"equipmentRequirementTypeCode": "Door",
				"equipmentRequirementTypeDescription": "Door Requirement",
				"lastUpdateTimestampString": null
			},
			"equipmentRequirementSpecification": {
				"equipmentRequirementSpecificationCode": null,
				"equipmentRequirementSpecificationDescription": "Roll ",
				"lastUpdateTimestampString": null
			},
			"effectiveTimestamp": null,
			"expirationTimestamp": null,
			"equipmentRequirementSpecificationDetail": [{
				"equipmentRequirementSpecificationDetailID": 0,
				"equipmentRequirementSpecificationDetailDescription": null,
				"lastUpdateTimestampString": null
			}],
			"equipmentClassificationTypeRequirementAssociations": null,
			"lastUpdateTimestampString": null,
			"_links": {
				"self": {
					"href": "http://localhost:8089/referencedataservices/equipmentRequirementSpecificationAssociations/6"
				},
				"equipmentRequirementSpecificationAssociation": [{
					"href": "http://localhost:8089/referencedataservices/equipmentRequirementSpecificationAssociations/6"
				}, {
					"href": "http://localhost:8089/referencedataservices/equipmentRequirementSpecificationAssociations/6/equipmentRequirementSpecificationAssociation"
				}]
			}
		}, {
			"equipmentRequirementSpecificationAssociationID": 5,
			"equipmentRequirementType": {
				"equipmentRequirementTypeCode": "Door",
				"equipmentRequirementTypeDescription": "Door Requirement",
				"lastUpdateTimestampString": null
			},
			"equipmentRequirementSpecification": {
				"equipmentRequirementSpecificationCode": null,
				"equipmentRequirementSpecificationDescription": "Swing",
				"lastUpdateTimestampString": null
			},
			"effectiveTimestamp": null,
			"expirationTimestamp": null,
			"equipmentRequirementSpecificationDetail": [{
				"equipmentRequirementSpecificationDetailID": 0,
				"equipmentRequirementSpecificationDetailDescription": null,
				"lastUpdateTimestampString": null
			}],
			"equipmentClassificationTypeRequirementAssociations": null,
			"lastUpdateTimestampString": null,
			"_links": {
				"self": {
					"href": "http://localhost:8089/referencedataservices/equipmentRequirementSpecificationAssociations/5"
				},
				"equipmentRequirementSpecificationAssociation": [{
					"href": "http://localhost:8089/referencedataservices/equipmentRequirementSpecificationAssociations/5"
				}, {
					"href": "http://localhost:8089/referencedataservices/equipmentRequirementSpecificationAssociations/5/equipmentRequirementSpecificationAssociation"
				}]
			}
		}, {
			"equipmentRequirementSpecificationAssociationID": 4,
			"equipmentRequirementType": {
				"equipmentRequirementTypeCode": "Floor",
				"equipmentRequirementTypeDescription": "Floor Requirement",
				"lastUpdateTimestampString": null
			},
			"equipmentRequirementSpecification": {
				"equipmentRequirementSpecificationCode": null,
				"equipmentRequirementSpecificationDescription": "Duct Floor ",
				"lastUpdateTimestampString": null
			},
			"effectiveTimestamp": null,
			"expirationTimestamp": null,
			"equipmentRequirementSpecificationDetail": [{
				"equipmentRequirementSpecificationDetailID": 0,
				"equipmentRequirementSpecificationDetailDescription": null,
				"lastUpdateTimestampString": null
			}],
			"equipmentClassificationTypeRequirementAssociations": null,
			"lastUpdateTimestampString": null,
			"_links": {
				"self": {
					"href": "http://localhost:8089/referencedataservices/equipmentRequirementSpecificationAssociations/4"
				},
				"equipmentRequirementSpecificationAssociation": [{
					"href": "http://localhost:8089/referencedataservices/equipmentRequirementSpecificationAssociations/4"
				}, {
					"href": "http://localhost:8089/referencedataservices/equipmentRequirementSpecificationAssociations/4/equipmentRequirementSpecificationAssociation"
				}]
			}
		}, {
			"equipmentRequirementSpecificationAssociationID": 3,
			"equipmentRequirementType": {
				"equipmentRequirementTypeCode": "Floor",
				"equipmentRequirementTypeDescription": "Floor Requirement",
				"lastUpdateTimestampString": null
			},
			"equipmentRequirementSpecification": {
				"equipmentRequirementSpecificationCode": null,
				"equipmentRequirementSpecificationDescription": "Flat",
				"lastUpdateTimestampString": null
			},
			"effectiveTimestamp": null,
			"expirationTimestamp": null,
			"equipmentRequirementSpecificationDetail": [{
				"equipmentRequirementSpecificationDetailID": 0,
				"equipmentRequirementSpecificationDetailDescription": null,
				"lastUpdateTimestampString": null
			}],
			"equipmentClassificationTypeRequirementAssociations": null,
			"lastUpdateTimestampString": null,
			"_links": {
				"self": {
					"href": "http://localhost:8089/referencedataservices/equipmentRequirementSpecificationAssociations/3"
				},
				"equipmentRequirementSpecificationAssociation": [{
					"href": "http://localhost:8089/referencedataservices/equipmentRequirementSpecificationAssociations/3"
				}, {
					"href": "http://localhost:8089/referencedataservices/equipmentRequirementSpecificationAssociations/3/equipmentRequirementSpecificationAssociation"
				}]
			}
		}, {
			"equipmentRequirementSpecificationAssociationID": 2,
			"equipmentRequirementType": {
				"equipmentRequirementTypeCode": "Floor",
				"equipmentRequirementTypeDescription": "Floor Requirement",
				"lastUpdateTimestampString": null
			},
			"equipmentRequirementSpecification": {
				"equipmentRequirementSpecificationCode": null,
				"equipmentRequirementSpecificationDescription": "Metal",
				"lastUpdateTimestampString": null
			},
			"effectiveTimestamp": null,
			"expirationTimestamp": null,
			"equipmentRequirementSpecificationDetail": [{
				"equipmentRequirementSpecificationDetailID": 0,
				"equipmentRequirementSpecificationDetailDescription": null,
				"lastUpdateTimestampString": null
			}],
			"equipmentClassificationTypeRequirementAssociations": null,
			"lastUpdateTimestampString": null,
			"_links": {
				"self": {
					"href": "http://localhost:8089/referencedataservices/equipmentRequirementSpecificationAssociations/2"
				},
				"equipmentRequirementSpecificationAssociation": [{
					"href": "http://localhost:8089/referencedataservices/equipmentRequirementSpecificationAssociations/2"
				}, {
					"href": "http://localhost:8089/referencedataservices/equipmentRequirementSpecificationAssociations/2/equipmentRequirementSpecificationAssociation"
				}]
			}
		}, {
			"equipmentRequirementSpecificationAssociationID": 40,
			"equipmentRequirementType": {
				"equipmentRequirementTypeCode": "Floor",
				"equipmentRequirementTypeDescription": "Floor Requirement",
				"lastUpdateTimestampString": null
			},
			"equipmentRequirementSpecification": {
				"equipmentRequirementSpecificationCode": null,
				"equipmentRequirementSpecificationDescription": "next1",
				"lastUpdateTimestampString": null
			},
			"effectiveTimestamp": null,
			"expirationTimestamp": null,
			"equipmentRequirementSpecificationDetail": [{
				"equipmentRequirementSpecificationDetailID": 0,
				"equipmentRequirementSpecificationDetailDescription": null,
				"lastUpdateTimestampString": null
			}],
			"equipmentClassificationTypeRequirementAssociations": null,
			"lastUpdateTimestampString": null,
			"_links": {
				"self": {
					"href": "http://localhost:8089/referencedataservices/equipmentRequirementSpecificationAssociations/40"
				},
				"equipmentRequirementSpecificationAssociation": [{
					"href": "http://localhost:8089/referencedataservices/equipmentRequirementSpecificationAssociations/40"
				}, {
					"href": "http://localhost:8089/referencedataservices/equipmentRequirementSpecificationAssociations/40/equipmentRequirementSpecificationAssociation"
				}]
			}
		}, {
			"equipmentRequirementSpecificationAssociationID": 1,
			"equipmentRequirementType": {
				"equipmentRequirementTypeCode": "Floor",
				"equipmentRequirementTypeDescription": "Floor Requirement",
				"lastUpdateTimestampString": null
			},
			"equipmentRequirementSpecification": {
				"equipmentRequirementSpecificationCode": null,
				"equipmentRequirementSpecificationDescription": "Wood",
				"lastUpdateTimestampString": null
			},
			"effectiveTimestamp": null,
			"expirationTimestamp": null,
			"equipmentRequirementSpecificationDetail": [{
				"equipmentRequirementSpecificationDetailID": 0,
				"equipmentRequirementSpecificationDetailDescription": null,
				"lastUpdateTimestampString": null
			}],
			"equipmentClassificationTypeRequirementAssociations": null,
			"lastUpdateTimestampString": null,
			"_links": {
				"self": {
					"href": "http://localhost:8089/referencedataservices/equipmentRequirementSpecificationAssociations/1"
				},
				"equipmentRequirementSpecificationAssociation": [{
					"href": "http://localhost:8089/referencedataservices/equipmentRequirementSpecificationAssociations/1"
				}, {
					"href": "http://localhost:8089/referencedataservices/equipmentRequirementSpecificationAssociations/1/equipmentRequirementSpecificationAssociation"
				}]
			}
		}, {
			"equipmentRequirementSpecificationAssociationID": 10,
			"equipmentRequirementType": {
				"equipmentRequirementTypeCode": "Freight",
				"equipmentRequirementTypeDescription": "Freight Securement",
				"lastUpdateTimestampString": null
			},
			"equipmentRequirementSpecification": {
				"equipmentRequirementSpecificationCode": null,
				"equipmentRequirementSpecificationDescription": "Blankets",
				"lastUpdateTimestampString": null
			},
			"effectiveTimestamp": null,
			"expirationTimestamp": null,
			"equipmentRequirementSpecificationDetail": [{
				"equipmentRequirementSpecificationDetailID": 0,
				"equipmentRequirementSpecificationDetailDescription": null,
				"lastUpdateTimestampString": null
			}],
			"equipmentClassificationTypeRequirementAssociations": null,
			"lastUpdateTimestampString": null,
			"_links": {
				"self": {
					"href": "http://localhost:8089/referencedataservices/equipmentRequirementSpecificationAssociations/10"
				},
				"equipmentRequirementSpecificationAssociation": [{
					"href": "http://localhost:8089/referencedataservices/equipmentRequirementSpecificationAssociations/10"
				}, {
					"href": "http://localhost:8089/referencedataservices/equipmentRequirementSpecificationAssociations/10/equipmentRequirementSpecificationAssociation"
				}]
			}
		}, {
			"equipmentRequirementSpecificationAssociationID": 11,
			"equipmentRequirementType": {
				"equipmentRequirementTypeCode": "Freight",
				"equipmentRequirementTypeDescription": "Freight Securement",
				"lastUpdateTimestampString": null
			},
			"equipmentRequirementSpecification": {
				"equipmentRequirementSpecificationCode": null,
				"equipmentRequirementSpecificationDescription": "Blocking and Bracing",
				"lastUpdateTimestampString": null
			},
			"effectiveTimestamp": null,
			"expirationTimestamp": null,
			"equipmentRequirementSpecificationDetail": [{
				"equipmentRequirementSpecificationDetailID": 0,
				"equipmentRequirementSpecificationDetailDescription": null,
				"lastUpdateTimestampString": null
			}],
			"equipmentClassificationTypeRequirementAssociations": null,
			"lastUpdateTimestampString": null,
			"_links": {
				"self": {
					"href": "http://localhost:8089/referencedataservices/equipmentRequirementSpecificationAssociations/11"
				},
				"equipmentRequirementSpecificationAssociation": [{
					"href": "http://localhost:8089/referencedataservices/equipmentRequirementSpecificationAssociations/11"
				}, {
					"href": "http://localhost:8089/referencedataservices/equipmentRequirementSpecificationAssociations/11/equipmentRequirementSpecificationAssociation"
				}]
			}
		}, {
			"equipmentRequirementSpecificationAssociationID": 15,
			"equipmentRequirementType": {
				"equipmentRequirementTypeCode": "Freight",
				"equipmentRequirementTypeDescription": "Freight Securement",
				"lastUpdateTimestampString": null
			},
			"equipmentRequirementSpecification": {
				"equipmentRequirementSpecificationCode": null,
				"equipmentRequirementSpecificationDescription": "Chains",
				"lastUpdateTimestampString": null
			},
			"effectiveTimestamp": null,
			"expirationTimestamp": null,
			"equipmentRequirementSpecificationDetail": [{
				"equipmentRequirementSpecificationDetailID": 0,
				"equipmentRequirementSpecificationDetailDescription": null,
				"lastUpdateTimestampString": null
			}],
			"equipmentClassificationTypeRequirementAssociations": null,
			"lastUpdateTimestampString": null,
			"_links": {
				"self": {
					"href": "http://localhost:8089/referencedataservices/equipmentRequirementSpecificationAssociations/15"
				},
				"equipmentRequirementSpecificationAssociation": [{
					"href": "http://localhost:8089/referencedataservices/equipmentRequirementSpecificationAssociations/15"
				}, {
					"href": "http://localhost:8089/referencedataservices/equipmentRequirementSpecificationAssociations/15/equipmentRequirementSpecificationAssociation"
				}]
			}
		}, {
			"equipmentRequirementSpecificationAssociationID": 17,
			"equipmentRequirementType": {
				"equipmentRequirementTypeCode": "Freight",
				"equipmentRequirementTypeDescription": "Freight Securement",
				"lastUpdateTimestampString": null
			},
			"equipmentRequirementSpecification": {
				"equipmentRequirementSpecificationCode": null,
				"equipmentRequirementSpecificationDescription": "Coil Racks",
				"lastUpdateTimestampString": null
			},
			"effectiveTimestamp": null,
			"expirationTimestamp": null,
			"equipmentRequirementSpecificationDetail": [{
				"equipmentRequirementSpecificationDetailID": 0,
				"equipmentRequirementSpecificationDetailDescription": null,
				"lastUpdateTimestampString": null
			}],
			"equipmentClassificationTypeRequirementAssociations": null,
			"lastUpdateTimestampString": null,
			"_links": {
				"self": {
					"href": "http://localhost:8089/referencedataservices/equipmentRequirementSpecificationAssociations/17"
				},
				"equipmentRequirementSpecificationAssociation": [{
					"href": "http://localhost:8089/referencedataservices/equipmentRequirementSpecificationAssociations/17"
				}, {
					"href": "http://localhost:8089/referencedataservices/equipmentRequirementSpecificationAssociations/17/equipmentRequirementSpecificationAssociation"
				}]
			}
		}, {
			"equipmentRequirementSpecificationAssociationID": 16,
			"equipmentRequirementType": {
				"equipmentRequirementTypeCode": "Freight",
				"equipmentRequirementTypeDescription": "Freight Securement",
				"lastUpdateTimestampString": null
			},
			"equipmentRequirementSpecification": {
				"equipmentRequirementSpecificationCode": null,
				"equipmentRequirementSpecificationDescription": "Dunnage ",
				"lastUpdateTimestampString": null
			},
			"effectiveTimestamp": null,
			"expirationTimestamp": null,
			"equipmentRequirementSpecificationDetail": [{
				"equipmentRequirementSpecificationDetailID": 0,
				"equipmentRequirementSpecificationDetailDescription": null,
				"lastUpdateTimestampString": null
			}],
			"equipmentClassificationTypeRequirementAssociations": null,
			"lastUpdateTimestampString": null,
			"_links": {
				"self": {
					"href": "http://localhost:8089/referencedataservices/equipmentRequirementSpecificationAssociations/16"
				},
				"equipmentRequirementSpecificationAssociation": [{
					"href": "http://localhost:8089/referencedataservices/equipmentRequirementSpecificationAssociations/16"
				}, {
					"href": "http://localhost:8089/referencedataservices/equipmentRequirementSpecificationAssociations/16/equipmentRequirementSpecificationAssociation"
				}]
			}
		}, {
			"equipmentRequirementSpecificationAssociationID": 12,
			"equipmentRequirementType": {
				"equipmentRequirementTypeCode": "Freight",
				"equipmentRequirementTypeDescription": "Freight Securement",
				"lastUpdateTimestampString": null
			},
			"equipmentRequirementSpecification": {
				"equipmentRequirementSpecificationCode": null,
				"equipmentRequirementSpecificationDescription": "Fasteners",
				"lastUpdateTimestampString": null
			},
			"effectiveTimestamp": null,
			"expirationTimestamp": null,
			"equipmentRequirementSpecificationDetail": [{
				"equipmentRequirementSpecificationDetailID": 0,
				"equipmentRequirementSpecificationDetailDescription": null,
				"lastUpdateTimestampString": null
			}],
			"equipmentClassificationTypeRequirementAssociations": null,
			"lastUpdateTimestampString": null,
			"_links": {
				"self": {
					"href": "http://localhost:8089/referencedataservices/equipmentRequirementSpecificationAssociations/12"
				},
				"equipmentRequirementSpecificationAssociation": [{
					"href": "http://localhost:8089/referencedataservices/equipmentRequirementSpecificationAssociations/12"
				}, {
					"href": "http://localhost:8089/referencedataservices/equipmentRequirementSpecificationAssociations/12/equipmentRequirementSpecificationAssociation"
				}]
			}
		}, {
			"equipmentRequirementSpecificationAssociationID": 13,
			"equipmentRequirementType": {
				"equipmentRequirementTypeCode": "Freight",
				"equipmentRequirementTypeDescription": "Freight Securement",
				"lastUpdateTimestampString": null
			},
			"equipmentRequirementSpecification": {
				"equipmentRequirementSpecificationCode": null,
				"equipmentRequirementSpecificationDescription": "Freeze Protect",
				"lastUpdateTimestampString": null
			},
			"effectiveTimestamp": null,
			"expirationTimestamp": null,
			"equipmentRequirementSpecificationDetail": [{
				"equipmentRequirementSpecificationDetailID": 0,
				"equipmentRequirementSpecificationDetailDescription": null,
				"lastUpdateTimestampString": null
			}],
			"equipmentClassificationTypeRequirementAssociations": null,
			"lastUpdateTimestampString": null,
			"_links": {
				"self": {
					"href": "http://localhost:8089/referencedataservices/equipmentRequirementSpecificationAssociations/13"
				},
				"equipmentRequirementSpecificationAssociation": [{
					"href": "http://localhost:8089/referencedataservices/equipmentRequirementSpecificationAssociations/13"
				}, {
					"href": "http://localhost:8089/referencedataservices/equipmentRequirementSpecificationAssociations/13/equipmentRequirementSpecificationAssociation"
				}]
			}
		}, {
			"equipmentRequirementSpecificationAssociationID": 9,
			"equipmentRequirementType": {
				"equipmentRequirementTypeCode": "Freight",
				"equipmentRequirementTypeDescription": "Freight Securement",
				"lastUpdateTimestampString": null
			},
			"equipmentRequirementSpecification": {
				"equipmentRequirementSpecificationCode": null,
				"equipmentRequirementSpecificationDescription": "Strapping",
				"lastUpdateTimestampString": null
			},
			"effectiveTimestamp": null,
			"expirationTimestamp": null,
			"equipmentRequirementSpecificationDetail": [{
				"equipmentRequirementSpecificationDetailID": 0,
				"equipmentRequirementSpecificationDetailDescription": null,
				"lastUpdateTimestampString": null
			}],
			"equipmentClassificationTypeRequirementAssociations": null,
			"lastUpdateTimestampString": null,
			"_links": {
				"self": {
					"href": "http://localhost:8089/referencedataservices/equipmentRequirementSpecificationAssociations/9"
				},
				"equipmentRequirementSpecificationAssociation": [{
					"href": "http://localhost:8089/referencedataservices/equipmentRequirementSpecificationAssociations/9"
				}, {
					"href": "http://localhost:8089/referencedataservices/equipmentRequirementSpecificationAssociations/9/equipmentRequirementSpecificationAssociation"
				}]
			}
		}, {
			"equipmentRequirementSpecificationAssociationID": 14,
			"equipmentRequirementType": {
				"equipmentRequirementTypeCode": "Freight",
				"equipmentRequirementTypeDescription": "Freight Securement",
				"lastUpdateTimestampString": null
			},
			"equipmentRequirementSpecification": {
				"equipmentRequirementSpecificationCode": null,
				"equipmentRequirementSpecificationDescription": "Tarping",
				"lastUpdateTimestampString": null
			},
			"effectiveTimestamp": null,
			"expirationTimestamp": null,
			"equipmentRequirementSpecificationDetail": [{
				"equipmentRequirementSpecificationDetailID": 3,
				"equipmentRequirementSpecificationDetailDescription": "8ft",
				"lastUpdateTimestampString": null
			}],
			"equipmentClassificationTypeRequirementAssociations": null,
			"lastUpdateTimestampString": null,
			"_links": {
				"self": {
					"href": "http://localhost:8089/referencedataservices/equipmentRequirementSpecificationAssociations/14"
				},
				"equipmentRequirementSpecificationAssociation": [{
					"href": "http://localhost:8089/referencedataservices/equipmentRequirementSpecificationAssociations/14"
				}, {
					"href": "http://localhost:8089/referencedataservices/equipmentRequirementSpecificationAssociations/14/equipmentRequirementSpecificationAssociation"
				}]
			}
		}, {
			"equipmentRequirementSpecificationAssociationID": 41,
			"equipmentRequirementType": {
				"equipmentRequirementTypeCode": "Length",
				"equipmentRequirementTypeDescription": "Length Requirement",
				"lastUpdateTimestampString": null
			},
			"equipmentRequirementSpecification": {
				"equipmentRequirementSpecificationCode": null,
				"equipmentRequirementSpecificationDescription": "100Ft",
				"lastUpdateTimestampString": null
			},
			"effectiveTimestamp": null,
			"expirationTimestamp": null,
			"equipmentRequirementSpecificationDetail": [{
				"equipmentRequirementSpecificationDetailID": 0,
				"equipmentRequirementSpecificationDetailDescription": null,
				"lastUpdateTimestampString": null
			}],
			"equipmentClassificationTypeRequirementAssociations": null,
			"lastUpdateTimestampString": null,
			"_links": {
				"self": {
					"href": "http://localhost:8089/referencedataservices/equipmentRequirementSpecificationAssociations/41"
				},
				"equipmentRequirementSpecificationAssociation": [{
					"href": "http://localhost:8089/referencedataservices/equipmentRequirementSpecificationAssociations/41"
				}, {
					"href": "http://localhost:8089/referencedataservices/equipmentRequirementSpecificationAssociations/41/equipmentRequirementSpecificationAssociation"
				}]
			}
		}, {
			"equipmentRequirementSpecificationAssociationID": 42,
			"equipmentRequirementType": {
				"equipmentRequirementTypeCode": "Length",
				"equipmentRequirementTypeDescription": "Length Requirement",
				"lastUpdateTimestampString": null
			},
			"equipmentRequirementSpecification": {
				"equipmentRequirementSpecificationCode": null,
				"equipmentRequirementSpecificationDescription": "110Ft",
				"lastUpdateTimestampString": null
			},
			"effectiveTimestamp": null,
			"expirationTimestamp": null,
			"equipmentRequirementSpecificationDetail": [{
				"equipmentRequirementSpecificationDetailID": 0,
				"equipmentRequirementSpecificationDetailDescription": null,
				"lastUpdateTimestampString": null
			}],
			"equipmentClassificationTypeRequirementAssociations": null,
			"lastUpdateTimestampString": null,
			"_links": {
				"self": {
					"href": "http://localhost:8089/referencedataservices/equipmentRequirementSpecificationAssociations/42"
				},
				"equipmentRequirementSpecificationAssociation": [{
					"href": "http://localhost:8089/referencedataservices/equipmentRequirementSpecificationAssociations/42"
				}, {
					"href": "http://localhost:8089/referencedataservices/equipmentRequirementSpecificationAssociations/42/equipmentRequirementSpecificationAssociation"
				}]
			}
		}, {
			"equipmentRequirementSpecificationAssociationID": 43,
			"equipmentRequirementType": {
				"equipmentRequirementTypeCode": "Length",
				"equipmentRequirementTypeDescription": "Length Requirement",
				"lastUpdateTimestampString": null
			},
			"equipmentRequirementSpecification": {
				"equipmentRequirementSpecificationCode": null,
				"equipmentRequirementSpecificationDescription": "150Ft",
				"lastUpdateTimestampString": null
			},
			"effectiveTimestamp": null,
			"expirationTimestamp": null,
			"equipmentRequirementSpecificationDetail": [{
				"equipmentRequirementSpecificationDetailID": 0,
				"equipmentRequirementSpecificationDetailDescription": null,
				"lastUpdateTimestampString": null
			}],
			"equipmentClassificationTypeRequirementAssociations": null,
			"lastUpdateTimestampString": null,
			"_links": {
				"self": {
					"href": "http://localhost:8089/referencedataservices/equipmentRequirementSpecificationAssociations/43"
				},
				"equipmentRequirementSpecificationAssociation": [{
					"href": "http://localhost:8089/referencedataservices/equipmentRequirementSpecificationAssociations/43"
				}, {
					"href": "http://localhost:8089/referencedataservices/equipmentRequirementSpecificationAssociations/43/equipmentRequirementSpecificationAssociation"
				}]
			}
		}, {
			"equipmentRequirementSpecificationAssociationID": 44,
			"equipmentRequirementType": {
				"equipmentRequirementTypeCode": "Length",
				"equipmentRequirementTypeDescription": "Length Requirement",
				"lastUpdateTimestampString": null
			},
			"equipmentRequirementSpecification": {
				"equipmentRequirementSpecificationCode": null,
				"equipmentRequirementSpecificationDescription": "170Ft",
				"lastUpdateTimestampString": null
			},
			"effectiveTimestamp": null,
			"expirationTimestamp": null,
			"equipmentRequirementSpecificationDetail": [{
				"equipmentRequirementSpecificationDetailID": 0,
				"equipmentRequirementSpecificationDetailDescription": null,
				"lastUpdateTimestampString": null
			}],
			"equipmentClassificationTypeRequirementAssociations": null,
			"lastUpdateTimestampString": null,
			"_links": {
				"self": {
					"href": "http://localhost:8089/referencedataservices/equipmentRequirementSpecificationAssociations/44"
				},
				"equipmentRequirementSpecificationAssociation": [{
					"href": "http://localhost:8089/referencedataservices/equipmentRequirementSpecificationAssociations/44"
				}, {
					"href": "http://localhost:8089/referencedataservices/equipmentRequirementSpecificationAssociations/44/equipmentRequirementSpecificationAssociation"
				}]
			}
		}, {
			"equipmentRequirementSpecificationAssociationID": 45,
			"equipmentRequirementType": {
				"equipmentRequirementTypeCode": "Length",
				"equipmentRequirementTypeDescription": "Length Requirement",
				"lastUpdateTimestampString": null
			},
			"equipmentRequirementSpecification": {
				"equipmentRequirementSpecificationCode": null,
				"equipmentRequirementSpecificationDescription": "171Ft",
				"lastUpdateTimestampString": null
			},
			"effectiveTimestamp": null,
			"expirationTimestamp": null,
			"equipmentRequirementSpecificationDetail": [{
				"equipmentRequirementSpecificationDetailID": 0,
				"equipmentRequirementSpecificationDetailDescription": null,
				"lastUpdateTimestampString": null
			}],
			"equipmentClassificationTypeRequirementAssociations": null,
			"lastUpdateTimestampString": null,
			"_links": {
				"self": {
					"href": "http://localhost:8089/referencedataservices/equipmentRequirementSpecificationAssociations/45"
				},
				"equipmentRequirementSpecificationAssociation": [{
					"href": "http://localhost:8089/referencedataservices/equipmentRequirementSpecificationAssociations/45"
				}, {
					"href": "http://localhost:8089/referencedataservices/equipmentRequirementSpecificationAssociations/45/equipmentRequirementSpecificationAssociation"
				}]
			}
		}, {
			"equipmentRequirementSpecificationAssociationID": 39,
			"equipmentRequirementType": {
				"equipmentRequirementTypeCode": "Length",
				"equipmentRequirementTypeDescription": "Length Requirement",
				"lastUpdateTimestampString": null
			},
			"equipmentRequirementSpecification": {
				"equipmentRequirementSpecificationCode": null,
				"equipmentRequirementSpecificationDescription": "24 Feet In Length",
				"lastUpdateTimestampString": null
			},
			"effectiveTimestamp": null,
			"expirationTimestamp": null,
			"equipmentRequirementSpecificationDetail": [{
				"equipmentRequirementSpecificationDetailID": 0,
				"equipmentRequirementSpecificationDetailDescription": null,
				"lastUpdateTimestampString": null
			}],
			"equipmentClassificationTypeRequirementAssociations": null,
			"lastUpdateTimestampString": null,
			"_links": {
				"self": {
					"href": "http://localhost:8089/referencedataservices/equipmentRequirementSpecificationAssociations/39"
				},
				"equipmentRequirementSpecificationAssociation": [{
					"href": "http://localhost:8089/referencedataservices/equipmentRequirementSpecificationAssociations/39"
				}, {
					"href": "http://localhost:8089/referencedataservices/equipmentRequirementSpecificationAssociations/39/equipmentRequirementSpecificationAssociation"
				}]
			}
		}, {
			"equipmentRequirementSpecificationAssociationID": 28,
			"equipmentRequirementType": {
				"equipmentRequirementTypeCode": "Length",
				"equipmentRequirementTypeDescription": "Length Requirement",
				"lastUpdateTimestampString": null
			},
			"equipmentRequirementSpecification": {
				"equipmentRequirementSpecificationCode": null,
				"equipmentRequirementSpecificationDescription": "28 Feet In Length",
				"lastUpdateTimestampString": null
			},
			"effectiveTimestamp": null,
			"expirationTimestamp": null,
			"equipmentRequirementSpecificationDetail": [{
				"equipmentRequirementSpecificationDetailID": 0,
				"equipmentRequirementSpecificationDetailDescription": null,
				"lastUpdateTimestampString": null
			}],
			"equipmentClassificationTypeRequirementAssociations": null,
			"lastUpdateTimestampString": null,
			"_links": {
				"self": {
					"href": "http://localhost:8089/referencedataservices/equipmentRequirementSpecificationAssociations/28"
				},
				"equipmentRequirementSpecificationAssociation": [{
					"href": "http://localhost:8089/referencedataservices/equipmentRequirementSpecificationAssociations/28"
				}, {
					"href": "http://localhost:8089/referencedataservices/equipmentRequirementSpecificationAssociations/28/equipmentRequirementSpecificationAssociation"
				}]
			}
		}, {
			"equipmentRequirementSpecificationAssociationID": 46,
			"equipmentRequirementType": {
				"equipmentRequirementTypeCode": "Length",
				"equipmentRequirementTypeDescription": "Length Requirement",
				"lastUpdateTimestampString": null
			},
			"equipmentRequirementSpecification": {
				"equipmentRequirementSpecificationCode": null,
				"equipmentRequirementSpecificationDescription": "301",
				"lastUpdateTimestampString": null
			},
			"effectiveTimestamp": null,
			"expirationTimestamp": null,
			"equipmentRequirementSpecificationDetail": [{
				"equipmentRequirementSpecificationDetailID": 0,
				"equipmentRequirementSpecificationDetailDescription": null,
				"lastUpdateTimestampString": null
			}],
			"equipmentClassificationTypeRequirementAssociations": null,
			"lastUpdateTimestampString": null,
			"_links": {
				"self": {
					"href": "http://localhost:8089/referencedataservices/equipmentRequirementSpecificationAssociations/46"
				},
				"equipmentRequirementSpecificationAssociation": [{
					"href": "http://localhost:8089/referencedataservices/equipmentRequirementSpecificationAssociations/46"
				}, {
					"href": "http://localhost:8089/referencedataservices/equipmentRequirementSpecificationAssociations/46/equipmentRequirementSpecificationAssociation"
				}]
			}
		}, {
			"equipmentRequirementSpecificationAssociationID": 47,
			"equipmentRequirementType": {
				"equipmentRequirementTypeCode": "Length",
				"equipmentRequirementTypeDescription": "Length Requirement",
				"lastUpdateTimestampString": null
			},
			"equipmentRequirementSpecification": {
				"equipmentRequirementSpecificationCode": null,
				"equipmentRequirementSpecificationDescription": "302",
				"lastUpdateTimestampString": null
			},
			"effectiveTimestamp": null,
			"expirationTimestamp": null,
			"equipmentRequirementSpecificationDetail": [{
				"equipmentRequirementSpecificationDetailID": 0,
				"equipmentRequirementSpecificationDetailDescription": null,
				"lastUpdateTimestampString": null
			}],
			"equipmentClassificationTypeRequirementAssociations": null,
			"lastUpdateTimestampString": null,
			"_links": {
				"self": {
					"href": "http://localhost:8089/referencedataservices/equipmentRequirementSpecificationAssociations/47"
				},
				"equipmentRequirementSpecificationAssociation": [{
					"href": "http://localhost:8089/referencedataservices/equipmentRequirementSpecificationAssociations/47"
				}, {
					"href": "http://localhost:8089/referencedataservices/equipmentRequirementSpecificationAssociations/47/equipmentRequirementSpecificationAssociation"
				}]
			}
		}, {
			"equipmentRequirementSpecificationAssociationID": 48,
			"equipmentRequirementType": {
				"equipmentRequirementTypeCode": "Length",
				"equipmentRequirementTypeDescription": "Length Requirement",
				"lastUpdateTimestampString": null
			},
			"equipmentRequirementSpecification": {
				"equipmentRequirementSpecificationCode": null,
				"equipmentRequirementSpecificationDescription": "305",
				"lastUpdateTimestampString": null
			},
			"effectiveTimestamp": null,
			"expirationTimestamp": null,
			"equipmentRequirementSpecificationDetail": [{
				"equipmentRequirementSpecificationDetailID": 0,
				"equipmentRequirementSpecificationDetailDescription": null,
				"lastUpdateTimestampString": null
			}],
			"equipmentClassificationTypeRequirementAssociations": null,
			"lastUpdateTimestampString": null,
			"_links": {
				"self": {
					"href": "http://localhost:8089/referencedataservices/equipmentRequirementSpecificationAssociations/48"
				},
				"equipmentRequirementSpecificationAssociation": [{
					"href": "http://localhost:8089/referencedataservices/equipmentRequirementSpecificationAssociations/48"
				}, {
					"href": "http://localhost:8089/referencedataservices/equipmentRequirementSpecificationAssociations/48/equipmentRequirementSpecificationAssociation"
				}]
			}
		}, {
			"equipmentRequirementSpecificationAssociationID": 49,
			"equipmentRequirementType": {
				"equipmentRequirementTypeCode": "Length",
				"equipmentRequirementTypeDescription": "Length Requirement",
				"lastUpdateTimestampString": null
			},
			"equipmentRequirementSpecification": {
				"equipmentRequirementSpecificationCode": null,
				"equipmentRequirementSpecificationDescription": "306",
				"lastUpdateTimestampString": null
			},
			"effectiveTimestamp": null,
			"expirationTimestamp": null,
			"equipmentRequirementSpecificationDetail": [{
				"equipmentRequirementSpecificationDetailID": 0,
				"equipmentRequirementSpecificationDetailDescription": null,
				"lastUpdateTimestampString": null
			}],
			"equipmentClassificationTypeRequirementAssociations": null,
			"lastUpdateTimestampString": null,
			"_links": {
				"self": {
					"href": "http://localhost:8089/referencedataservices/equipmentRequirementSpecificationAssociations/49"
				},
				"equipmentRequirementSpecificationAssociation": [{
					"href": "http://localhost:8089/referencedataservices/equipmentRequirementSpecificationAssociations/49"
				}, {
					"href": "http://localhost:8089/referencedataservices/equipmentRequirementSpecificationAssociations/49/equipmentRequirementSpecificationAssociation"
				}]
			}
		}, {
			"equipmentRequirementSpecificationAssociationID": 51,
			"equipmentRequirementType": {
				"equipmentRequirementTypeCode": "Length",
				"equipmentRequirementTypeDescription": "Length Requirement",
				"lastUpdateTimestampString": null
			},
			"equipmentRequirementSpecification": {
				"equipmentRequirementSpecificationCode": null,
				"equipmentRequirementSpecificationDescription": "307",
				"lastUpdateTimestampString": null
			},
			"effectiveTimestamp": null,
			"expirationTimestamp": null,
			"equipmentRequirementSpecificationDetail": [{
				"equipmentRequirementSpecificationDetailID": 0,
				"equipmentRequirementSpecificationDetailDescription": null,
				"lastUpdateTimestampString": null
			}],
			"equipmentClassificationTypeRequirementAssociations": null,
			"lastUpdateTimestampString": null,
			"_links": {
				"self": {
					"href": "http://localhost:8089/referencedataservices/equipmentRequirementSpecificationAssociations/51"
				},
				"equipmentRequirementSpecificationAssociation": [{
					"href": "http://localhost:8089/referencedataservices/equipmentRequirementSpecificationAssociations/51"
				}, {
					"href": "http://localhost:8089/referencedataservices/equipmentRequirementSpecificationAssociations/51/equipmentRequirementSpecificationAssociation"
				}]
			}
		}, {
			"equipmentRequirementSpecificationAssociationID": 52,
			"equipmentRequirementType": {
				"equipmentRequirementTypeCode": "Length",
				"equipmentRequirementTypeDescription": "Length Requirement",
				"lastUpdateTimestampString": null
			},
			"equipmentRequirementSpecification": {
				"equipmentRequirementSpecificationCode": null,
				"equipmentRequirementSpecificationDescription": "308",
				"lastUpdateTimestampString": null
			},
			"effectiveTimestamp": null,
			"expirationTimestamp": null,
			"equipmentRequirementSpecificationDetail": [{
				"equipmentRequirementSpecificationDetailID": 0,
				"equipmentRequirementSpecificationDetailDescription": null,
				"lastUpdateTimestampString": null
			}],
			"equipmentClassificationTypeRequirementAssociations": null,
			"lastUpdateTimestampString": null,
			"_links": {
				"self": {
					"href": "http://localhost:8089/referencedataservices/equipmentRequirementSpecificationAssociations/52"
				},
				"equipmentRequirementSpecificationAssociation": [{
					"href": "http://localhost:8089/referencedataservices/equipmentRequirementSpecificationAssociations/52"
				}, {
					"href": "http://localhost:8089/referencedataservices/equipmentRequirementSpecificationAssociations/52/equipmentRequirementSpecificationAssociation"
				}]
			}
		}, {
			"equipmentRequirementSpecificationAssociationID": 29,
			"equipmentRequirementType": {
				"equipmentRequirementTypeCode": "Length",
				"equipmentRequirementTypeDescription": "Length Requirement",
				"lastUpdateTimestampString": null
			},
			"equipmentRequirementSpecification": {
				"equipmentRequirementSpecificationCode": null,
				"equipmentRequirementSpecificationDescription": "32 Feet In Length",
				"lastUpdateTimestampString": null
			},
			"effectiveTimestamp": null,
			"expirationTimestamp": null,
			"equipmentRequirementSpecificationDetail": [{
				"equipmentRequirementSpecificationDetailID": 0,
				"equipmentRequirementSpecificationDetailDescription": null,
				"lastUpdateTimestampString": null
			}],
			"equipmentClassificationTypeRequirementAssociations": null,
			"lastUpdateTimestampString": null,
			"_links": {
				"self": {
					"href": "http://localhost:8089/referencedataservices/equipmentRequirementSpecificationAssociations/29"
				},
				"equipmentRequirementSpecificationAssociation": [{
					"href": "http://localhost:8089/referencedataservices/equipmentRequirementSpecificationAssociations/29"
				}, {
					"href": "http://localhost:8089/referencedataservices/equipmentRequirementSpecificationAssociations/29/equipmentRequirementSpecificationAssociation"
				}]
			}
		}, {
			"equipmentRequirementSpecificationAssociationID": 30,
			"equipmentRequirementType": {
				"equipmentRequirementTypeCode": "Length",
				"equipmentRequirementTypeDescription": "Length Requirement",
				"lastUpdateTimestampString": null
			},
			"equipmentRequirementSpecification": {
				"equipmentRequirementSpecificationCode": null,
				"equipmentRequirementSpecificationDescription": "36 Feet In Length",
				"lastUpdateTimestampString": null
			},
			"effectiveTimestamp": null,
			"expirationTimestamp": null,
			"equipmentRequirementSpecificationDetail": [{
				"equipmentRequirementSpecificationDetailID": 0,
				"equipmentRequirementSpecificationDetailDescription": null,
				"lastUpdateTimestampString": null
			}],
			"equipmentClassificationTypeRequirementAssociations": null,
			"lastUpdateTimestampString": null,
			"_links": {
				"self": {
					"href": "http://localhost:8089/referencedataservices/equipmentRequirementSpecificationAssociations/30"
				},
				"equipmentRequirementSpecificationAssociation": [{
					"href": "http://localhost:8089/referencedataservices/equipmentRequirementSpecificationAssociations/30"
				}, {
					"href": "http://localhost:8089/referencedataservices/equipmentRequirementSpecificationAssociations/30/equipmentRequirementSpecificationAssociation"
				}]
			}
		}, {
			"equipmentRequirementSpecificationAssociationID": 31,
			"equipmentRequirementType": {
				"equipmentRequirementTypeCode": "Length",
				"equipmentRequirementTypeDescription": "Length Requirement",
				"lastUpdateTimestampString": null
			},
			"equipmentRequirementSpecification": {
				"equipmentRequirementSpecificationCode": null,
				"equipmentRequirementSpecificationDescription": "40 Feet In Length",
				"lastUpdateTimestampString": null
			},
			"effectiveTimestamp": null,
			"expirationTimestamp": null,
			"equipmentRequirementSpecificationDetail": [{
				"equipmentRequirementSpecificationDetailID": 0,
				"equipmentRequirementSpecificationDetailDescription": null,
				"lastUpdateTimestampString": null
			}],
			"equipmentClassificationTypeRequirementAssociations": null,
			"lastUpdateTimestampString": null,
			"_links": {
				"self": {
					"href": "http://localhost:8089/referencedataservices/equipmentRequirementSpecificationAssociations/31"
				},
				"equipmentRequirementSpecificationAssociation": [{
					"href": "http://localhost:8089/referencedataservices/equipmentRequirementSpecificationAssociations/31"
				}, {
					"href": "http://localhost:8089/referencedataservices/equipmentRequirementSpecificationAssociations/31/equipmentRequirementSpecificationAssociation"
				}]
			}
		}, {
			"equipmentRequirementSpecificationAssociationID": 32,
			"equipmentRequirementType": {
				"equipmentRequirementTypeCode": "Length",
				"equipmentRequirementTypeDescription": "Length Requirement",
				"lastUpdateTimestampString": null
			},
			"equipmentRequirementSpecification": {
				"equipmentRequirementSpecificationCode": null,
				"equipmentRequirementSpecificationDescription": "42 Feet In Length",
				"lastUpdateTimestampString": null
			},
			"effectiveTimestamp": null,
			"expirationTimestamp": null,
			"equipmentRequirementSpecificationDetail": [{
				"equipmentRequirementSpecificationDetailID": 0,
				"equipmentRequirementSpecificationDetailDescription": null,
				"lastUpdateTimestampString": null
			}],
			"equipmentClassificationTypeRequirementAssociations": null,
			"lastUpdateTimestampString": null,
			"_links": {
				"self": {
					"href": "http://localhost:8089/referencedataservices/equipmentRequirementSpecificationAssociations/32"
				},
				"equipmentRequirementSpecificationAssociation": [{
					"href": "http://localhost:8089/referencedataservices/equipmentRequirementSpecificationAssociations/32"
				}, {
					"href": "http://localhost:8089/referencedataservices/equipmentRequirementSpecificationAssociations/32/equipmentRequirementSpecificationAssociation"
				}]
			}
		}, {
			"equipmentRequirementSpecificationAssociationID": 33,
			"equipmentRequirementType": {
				"equipmentRequirementTypeCode": "Length",
				"equipmentRequirementTypeDescription": "Length Requirement",
				"lastUpdateTimestampString": null
			},
			"equipmentRequirementSpecification": {
				"equipmentRequirementSpecificationCode": null,
				"equipmentRequirementSpecificationDescription": "43 Feet In Length",
				"lastUpdateTimestampString": null
			},
			"effectiveTimestamp": null,
			"expirationTimestamp": null,
			"equipmentRequirementSpecificationDetail": [{
				"equipmentRequirementSpecificationDetailID": 0,
				"equipmentRequirementSpecificationDetailDescription": null,
				"lastUpdateTimestampString": null
			}],
			"equipmentClassificationTypeRequirementAssociations": null,
			"lastUpdateTimestampString": null,
			"_links": {
				"self": {
					"href": "http://localhost:8089/referencedataservices/equipmentRequirementSpecificationAssociations/33"
				},
				"equipmentRequirementSpecificationAssociation": [{
					"href": "http://localhost:8089/referencedataservices/equipmentRequirementSpecificationAssociations/33"
				}, {
					"href": "http://localhost:8089/referencedataservices/equipmentRequirementSpecificationAssociations/33/equipmentRequirementSpecificationAssociation"
				}]
			}
		}, {
			"equipmentRequirementSpecificationAssociationID": 34,
			"equipmentRequirementType": {
				"equipmentRequirementTypeCode": "Length",
				"equipmentRequirementTypeDescription": "Length Requirement",
				"lastUpdateTimestampString": null
			},
			"equipmentRequirementSpecification": {
				"equipmentRequirementSpecificationCode": null,
				"equipmentRequirementSpecificationDescription": "45 Feet In Length",
				"lastUpdateTimestampString": null
			},
			"effectiveTimestamp": null,
			"expirationTimestamp": null,
			"equipmentRequirementSpecificationDetail": [{
				"equipmentRequirementSpecificationDetailID": 0,
				"equipmentRequirementSpecificationDetailDescription": null,
				"lastUpdateTimestampString": null
			}],
			"equipmentClassificationTypeRequirementAssociations": null,
			"lastUpdateTimestampString": null,
			"_links": {
				"self": {
					"href": "http://localhost:8089/referencedataservices/equipmentRequirementSpecificationAssociations/34"
				},
				"equipmentRequirementSpecificationAssociation": [{
					"href": "http://localhost:8089/referencedataservices/equipmentRequirementSpecificationAssociations/34"
				}, {
					"href": "http://localhost:8089/referencedataservices/equipmentRequirementSpecificationAssociations/34/equipmentRequirementSpecificationAssociation"
				}]
			}
		}, {
			"equipmentRequirementSpecificationAssociationID": 35,
			"equipmentRequirementType": {
				"equipmentRequirementTypeCode": "Length",
				"equipmentRequirementTypeDescription": "Length Requirement",
				"lastUpdateTimestampString": null
			},
			"equipmentRequirementSpecification": {
				"equipmentRequirementSpecificationCode": null,
				"equipmentRequirementSpecificationDescription": "48 Feet In Length",
				"lastUpdateTimestampString": null
			},
			"effectiveTimestamp": null,
			"expirationTimestamp": null,
			"equipmentRequirementSpecificationDetail": [{
				"equipmentRequirementSpecificationDetailID": 0,
				"equipmentRequirementSpecificationDetailDescription": null,
				"lastUpdateTimestampString": null
			}],
			"equipmentClassificationTypeRequirementAssociations": null,
			"lastUpdateTimestampString": null,
			"_links": {
				"self": {
					"href": "http://localhost:8089/referencedataservices/equipmentRequirementSpecificationAssociations/35"
				},
				"equipmentRequirementSpecificationAssociation": [{
					"href": "http://localhost:8089/referencedataservices/equipmentRequirementSpecificationAssociations/35"
				}, {
					"href": "http://localhost:8089/referencedataservices/equipmentRequirementSpecificationAssociations/35/equipmentRequirementSpecificationAssociation"
				}]
			}
		}, {
			"equipmentRequirementSpecificationAssociationID": 36,
			"equipmentRequirementType": {
				"equipmentRequirementTypeCode": "Length",
				"equipmentRequirementTypeDescription": "Length Requirement",
				"lastUpdateTimestampString": null
			},
			"equipmentRequirementSpecification": {
				"equipmentRequirementSpecificationCode": null,
				"equipmentRequirementSpecificationDescription": "53 Feet In Length",
				"lastUpdateTimestampString": null
			},
			"effectiveTimestamp": null,
			"expirationTimestamp": null,
			"equipmentRequirementSpecificationDetail": [{
				"equipmentRequirementSpecificationDetailID": 0,
				"equipmentRequirementSpecificationDetailDescription": null,
				"lastUpdateTimestampString": null
			}],
			"equipmentClassificationTypeRequirementAssociations": null,
			"lastUpdateTimestampString": null,
			"_links": {
				"self": {
					"href": "http://localhost:8089/referencedataservices/equipmentRequirementSpecificationAssociations/36"
				},
				"equipmentRequirementSpecificationAssociation": [{
					"href": "http://localhost:8089/referencedataservices/equipmentRequirementSpecificationAssociations/36"
				}, {
					"href": "http://localhost:8089/referencedataservices/equipmentRequirementSpecificationAssociations/36/equipmentRequirementSpecificationAssociation"
				}]
			}
		}, {
			"equipmentRequirementSpecificationAssociationID": 37,
			"equipmentRequirementType": {
				"equipmentRequirementTypeCode": "Length",
				"equipmentRequirementTypeDescription": "Length Requirement",
				"lastUpdateTimestampString": null
			},
			"equipmentRequirementSpecification": {
				"equipmentRequirementSpecificationCode": null,
				"equipmentRequirementSpecificationDescription": "57 Feet In Length",
				"lastUpdateTimestampString": null
			},
			"effectiveTimestamp": null,
			"expirationTimestamp": null,
			"equipmentRequirementSpecificationDetail": [{
				"equipmentRequirementSpecificationDetailID": 0,
				"equipmentRequirementSpecificationDetailDescription": null,
				"lastUpdateTimestampString": null
			}],
			"equipmentClassificationTypeRequirementAssociations": null,
			"lastUpdateTimestampString": null,
			"_links": {
				"self": {
					"href": "http://localhost:8089/referencedataservices/equipmentRequirementSpecificationAssociations/37"
				},
				"equipmentRequirementSpecificationAssociation": [{
					"href": "http://localhost:8089/referencedataservices/equipmentRequirementSpecificationAssociations/37"
				}, {
					"href": "http://localhost:8089/referencedataservices/equipmentRequirementSpecificationAssociations/37/equipmentRequirementSpecificationAssociation"
				}]
			}
		}, {
			"equipmentRequirementSpecificationAssociationID": 38,
			"equipmentRequirementType": {
				"equipmentRequirementTypeCode": "Length",
				"equipmentRequirementTypeDescription": "Length Requirement",
				"lastUpdateTimestampString": null
			},
			"equipmentRequirementSpecification": {
				"equipmentRequirementSpecificationCode": null,
				"equipmentRequirementSpecificationDescription": "60 Feet In Length",
				"lastUpdateTimestampString": null
			},
			"effectiveTimestamp": null,
			"expirationTimestamp": null,
			"equipmentRequirementSpecificationDetail": [{
				"equipmentRequirementSpecificationDetailID": 0,
				"equipmentRequirementSpecificationDetailDescription": null,
				"lastUpdateTimestampString": null
			}],
			"equipmentClassificationTypeRequirementAssociations": null,
			"lastUpdateTimestampString": null,
			"_links": {
				"self": {
					"href": "http://localhost:8089/referencedataservices/equipmentRequirementSpecificationAssociations/38"
				},
				"equipmentRequirementSpecificationAssociation": [{
					"href": "http://localhost:8089/referencedataservices/equipmentRequirementSpecificationAssociations/38"
				}, {
					"href": "http://localhost:8089/referencedataservices/equipmentRequirementSpecificationAssociations/38/equipmentRequirementSpecificationAssociation"
				}]
			}
		}, {
			"equipmentRequirementSpecificationAssociationID": 26,
			"equipmentRequirementType": {
				"equipmentRequirementTypeCode": "MatHandEqu",
				"equipmentRequirementTypeDescription": "Material Handling Equipment",
				"lastUpdateTimestampString": null
			},
			"equipmentRequirementSpecification": {
				"equipmentRequirementSpecificationCode": null,
				"equipmentRequirementSpecificationDescription": "Hand Trucks",
				"lastUpdateTimestampString": null
			},
			"effectiveTimestamp": null,
			"expirationTimestamp": null,
			"equipmentRequirementSpecificationDetail": [{
				"equipmentRequirementSpecificationDetailID": 0,
				"equipmentRequirementSpecificationDetailDescription": null,
				"lastUpdateTimestampString": null
			}],
			"equipmentClassificationTypeRequirementAssociations": null,
			"lastUpdateTimestampString": null,
			"_links": {
				"self": {
					"href": "http://localhost:8089/referencedataservices/equipmentRequirementSpecificationAssociations/26"
				},
				"equipmentRequirementSpecificationAssociation": [{
					"href": "http://localhost:8089/referencedataservices/equipmentRequirementSpecificationAssociations/26"
				}, {
					"href": "http://localhost:8089/referencedataservices/equipmentRequirementSpecificationAssociations/26/equipmentRequirementSpecificationAssociation"
				}]
			}
		}, {
			"equipmentRequirementSpecificationAssociationID": 27,
			"equipmentRequirementType": {
				"equipmentRequirementTypeCode": "MatHandEqu",
				"equipmentRequirementTypeDescription": "Material Handling Equipment",
				"lastUpdateTimestampString": null
			},
			"equipmentRequirementSpecification": {
				"equipmentRequirementSpecificationCode": null,
				"equipmentRequirementSpecificationDescription": "Moffets",
				"lastUpdateTimestampString": null
			},
			"effectiveTimestamp": null,
			"expirationTimestamp": null,
			"equipmentRequirementSpecificationDetail": [{
				"equipmentRequirementSpecificationDetailID": 0,
				"equipmentRequirementSpecificationDetailDescription": null,
				"lastUpdateTimestampString": null
			}],
			"equipmentClassificationTypeRequirementAssociations": null,
			"lastUpdateTimestampString": null,
			"_links": {
				"self": {
					"href": "http://localhost:8089/referencedataservices/equipmentRequirementSpecificationAssociations/27"
				},
				"equipmentRequirementSpecificationAssociation": [{
					"href": "http://localhost:8089/referencedataservices/equipmentRequirementSpecificationAssociations/27"
				}, {
					"href": "http://localhost:8089/referencedataservices/equipmentRequirementSpecificationAssociations/27/equipmentRequirementSpecificationAssociation"
				}]
			}
		}, {
			"equipmentRequirementSpecificationAssociationID": 25,
			"equipmentRequirementType": {
				"equipmentRequirementTypeCode": "MatHandEqu",
				"equipmentRequirementTypeDescription": "Material Handling Equipment",
				"lastUpdateTimestampString": null
			},
			"equipmentRequirementSpecification": {
				"equipmentRequirementSpecificationCode": null,
				"equipmentRequirementSpecificationDescription": "Manual Pallet Jack ",
				"lastUpdateTimestampString": null
			},
			"effectiveTimestamp": null,
			"expirationTimestamp": null,
			"equipmentRequirementSpecificationDetail": [{
				"equipmentRequirementSpecificationDetailID": 0,
				"equipmentRequirementSpecificationDetailDescription": null,
				"lastUpdateTimestampString": null
			}],
			"equipmentClassificationTypeRequirementAssociations": null,
			"lastUpdateTimestampString": null,
			"_links": {
				"self": {
					"href": "http://localhost:8089/referencedataservices/equipmentRequirementSpecificationAssociations/25"
				},
				"equipmentRequirementSpecificationAssociation": [{
					"href": "http://localhost:8089/referencedataservices/equipmentRequirementSpecificationAssociations/25"
				}, {
					"href": "http://localhost:8089/referencedataservices/equipmentRequirementSpecificationAssociations/25/equipmentRequirementSpecificationAssociation"
				}]
			}
		}, {
			"equipmentRequirementSpecificationAssociationID": 23,
			"equipmentRequirementType": {
				"equipmentRequirementTypeCode": "PersnalPro",
				"equipmentRequirementTypeDescription": "Personal Protection Equipment",
				"lastUpdateTimestampString": null
			},
			"equipmentRequirementSpecification": {
				"equipmentRequirementSpecificationCode": null,
				"equipmentRequirementSpecificationDescription": "Cones",
				"lastUpdateTimestampString": null
			},
			"effectiveTimestamp": null,
			"expirationTimestamp": null,
			"equipmentRequirementSpecificationDetail": [{
				"equipmentRequirementSpecificationDetailID": 0,
				"equipmentRequirementSpecificationDetailDescription": null,
				"lastUpdateTimestampString": null
			}],
			"equipmentClassificationTypeRequirementAssociations": null,
			"lastUpdateTimestampString": null,
			"_links": {
				"self": {
					"href": "http://localhost:8089/referencedataservices/equipmentRequirementSpecificationAssociations/23"
				},
				"equipmentRequirementSpecificationAssociation": [{
					"href": "http://localhost:8089/referencedataservices/equipmentRequirementSpecificationAssociations/23"
				}, {
					"href": "http://localhost:8089/referencedataservices/equipmentRequirementSpecificationAssociations/23/equipmentRequirementSpecificationAssociation"
				}]
			}
		}, {
			"equipmentRequirementSpecificationAssociationID": 24,
			"equipmentRequirementType": {
				"equipmentRequirementTypeCode": "PersnalPro",
				"equipmentRequirementTypeDescription": "Personal Protection Equipment",
				"lastUpdateTimestampString": null
			},
			"equipmentRequirementSpecification": {
				"equipmentRequirementSpecificationCode": null,
				"equipmentRequirementSpecificationDescription": "Flares",
				"lastUpdateTimestampString": null
			},
			"effectiveTimestamp": null,
			"expirationTimestamp": null,
			"equipmentRequirementSpecificationDetail": [{
				"equipmentRequirementSpecificationDetailID": 0,
				"equipmentRequirementSpecificationDetailDescription": null,
				"lastUpdateTimestampString": null
			}],
			"equipmentClassificationTypeRequirementAssociations": null,
			"lastUpdateTimestampString": null,
			"_links": {
				"self": {
					"href": "http://localhost:8089/referencedataservices/equipmentRequirementSpecificationAssociations/24"
				},
				"equipmentRequirementSpecificationAssociation": [{
					"href": "http://localhost:8089/referencedataservices/equipmentRequirementSpecificationAssociations/24"
				}, {
					"href": "http://localhost:8089/referencedataservices/equipmentRequirementSpecificationAssociations/24/equipmentRequirementSpecificationAssociation"
				}]
			}
		}, {
			"equipmentRequirementSpecificationAssociationID": 22,
			"equipmentRequirementType": {
				"equipmentRequirementTypeCode": "PersnalPro",
				"equipmentRequirementTypeDescription": "Personal Protection Equipment",
				"lastUpdateTimestampString": null
			},
			"equipmentRequirementSpecification": {
				"equipmentRequirementSpecificationCode": null,
				"equipmentRequirementSpecificationDescription": "Gloves",
				"lastUpdateTimestampString": null
			},
			"effectiveTimestamp": null,
			"expirationTimestamp": null,
			"equipmentRequirementSpecificationDetail": [{
				"equipmentRequirementSpecificationDetailID": 0,
				"equipmentRequirementSpecificationDetailDescription": null,
				"lastUpdateTimestampString": null
			}],
			"equipmentClassificationTypeRequirementAssociations": null,
			"lastUpdateTimestampString": null,
			"_links": {
				"self": {
					"href": "http://localhost:8089/referencedataservices/equipmentRequirementSpecificationAssociations/22"
				},
				"equipmentRequirementSpecificationAssociation": [{
					"href": "http://localhost:8089/referencedataservices/equipmentRequirementSpecificationAssociations/22"
				}, {
					"href": "http://localhost:8089/referencedataservices/equipmentRequirementSpecificationAssociations/22/equipmentRequirementSpecificationAssociation"
				}]
			}
		}, {
			"equipmentRequirementSpecificationAssociationID": 18,
			"equipmentRequirementType": {
				"equipmentRequirementTypeCode": "PersnalPro",
				"equipmentRequirementTypeDescription": "Personal Protection Equipment",
				"lastUpdateTimestampString": null
			},
			"equipmentRequirementSpecification": {
				"equipmentRequirementSpecificationCode": null,
				"equipmentRequirementSpecificationDescription": "Hard Hat",
				"lastUpdateTimestampString": null
			},
			"effectiveTimestamp": null,
			"expirationTimestamp": null,
			"equipmentRequirementSpecificationDetail": [{
				"equipmentRequirementSpecificationDetailID": 0,
				"equipmentRequirementSpecificationDetailDescription": null,
				"lastUpdateTimestampString": null
			}],
			"equipmentClassificationTypeRequirementAssociations": null,
			"lastUpdateTimestampString": null,
			"_links": {
				"self": {
					"href": "http://localhost:8089/referencedataservices/equipmentRequirementSpecificationAssociations/18"
				},
				"equipmentRequirementSpecificationAssociation": [{
					"href": "http://localhost:8089/referencedataservices/equipmentRequirementSpecificationAssociations/18"
				}, {
					"href": "http://localhost:8089/referencedataservices/equipmentRequirementSpecificationAssociations/18/equipmentRequirementSpecificationAssociation"
				}]
			}
		}, {
			"equipmentRequirementSpecificationAssociationID": 19,
			"equipmentRequirementType": {
				"equipmentRequirementTypeCode": "PersnalPro",
				"equipmentRequirementTypeDescription": "Personal Protection Equipment",
				"lastUpdateTimestampString": null
			},
			"equipmentRequirementSpecification": {
				"equipmentRequirementSpecificationCode": null,
				"equipmentRequirementSpecificationDescription": "Safety Glasses",
				"lastUpdateTimestampString": null
			},
			"effectiveTimestamp": null,
			"expirationTimestamp": null,
			"equipmentRequirementSpecificationDetail": [{
				"equipmentRequirementSpecificationDetailID": 0,
				"equipmentRequirementSpecificationDetailDescription": null,
				"lastUpdateTimestampString": null
			}],
			"equipmentClassificationTypeRequirementAssociations": null,
			"lastUpdateTimestampString": null,
			"_links": {
				"self": {
					"href": "http://localhost:8089/referencedataservices/equipmentRequirementSpecificationAssociations/19"
				},
				"equipmentRequirementSpecificationAssociation": [{
					"href": "http://localhost:8089/referencedataservices/equipmentRequirementSpecificationAssociations/19"
				}, {
					"href": "http://localhost:8089/referencedataservices/equipmentRequirementSpecificationAssociations/19/equipmentRequirementSpecificationAssociation"
				}]
			}
		}, {
			"equipmentRequirementSpecificationAssociationID": 20,
			"equipmentRequirementType": {
				"equipmentRequirementTypeCode": "PersnalPro",
				"equipmentRequirementTypeDescription": "Personal Protection Equipment",
				"lastUpdateTimestampString": null
			},
			"equipmentRequirementSpecification": {
				"equipmentRequirementSpecificationCode": null,
				"equipmentRequirementSpecificationDescription": "Steel Toed Boots",
				"lastUpdateTimestampString": null
			},
			"effectiveTimestamp": null,
			"expirationTimestamp": null,
			"equipmentRequirementSpecificationDetail": [{
				"equipmentRequirementSpecificationDetailID": 0,
				"equipmentRequirementSpecificationDetailDescription": null,
				"lastUpdateTimestampString": null
			}],
			"equipmentClassificationTypeRequirementAssociations": null,
			"lastUpdateTimestampString": null,
			"_links": {
				"self": {
					"href": "http://localhost:8089/referencedataservices/equipmentRequirementSpecificationAssociations/20"
				},
				"equipmentRequirementSpecificationAssociation": [{
					"href": "http://localhost:8089/referencedataservices/equipmentRequirementSpecificationAssociations/20"
				}, {
					"href": "http://localhost:8089/referencedataservices/equipmentRequirementSpecificationAssociations/20/equipmentRequirementSpecificationAssociation"
				}]
			}
		}, {
			"equipmentRequirementSpecificationAssociationID": 21,
			"equipmentRequirementType": {
				"equipmentRequirementTypeCode": "PersnalPro",
				"equipmentRequirementTypeDescription": "Personal Protection Equipment",
				"lastUpdateTimestampString": null
			},
			"equipmentRequirementSpecification": {
				"equipmentRequirementSpecificationCode": null,
				"equipmentRequirementSpecificationDescription": "Vest",
				"lastUpdateTimestampString": null
			},
			"effectiveTimestamp": null,
			"expirationTimestamp": null,
			"equipmentRequirementSpecificationDetail": [{
				"equipmentRequirementSpecificationDetailID": 0,
				"equipmentRequirementSpecificationDetailDescription": null,
				"lastUpdateTimestampString": null
			}],
			"equipmentClassificationTypeRequirementAssociations": null,
			"lastUpdateTimestampString": null,
			"_links": {
				"self": {
					"href": "http://localhost:8089/referencedataservices/equipmentRequirementSpecificationAssociations/21"
				},
				"equipmentRequirementSpecificationAssociation": [{
					"href": "http://localhost:8089/referencedataservices/equipmentRequirementSpecificationAssociations/21"
				}, {
					"href": "http://localhost:8089/referencedataservices/equipmentRequirementSpecificationAssociations/21/equipmentRequirementSpecificationAssociation"
				}]
			}
		}, {
			"equipmentRequirementSpecificationAssociationID": 7,
			"equipmentRequirementType": {
				"equipmentRequirementTypeCode": "Roof",
				"equipmentRequirementTypeDescription": "Roof Requirement",
				"lastUpdateTimestampString": null
			},
			"equipmentRequirementSpecification": {
				"equipmentRequirementSpecificationCode": null,
				"equipmentRequirementSpecificationDescription": "Alumimum",
				"lastUpdateTimestampString": null
			},
			"effectiveTimestamp": null,
			"expirationTimestamp": null,
			"equipmentRequirementSpecificationDetail": [{
				"equipmentRequirementSpecificationDetailID": 0,
				"equipmentRequirementSpecificationDetailDescription": null,
				"lastUpdateTimestampString": null
			}],
			"equipmentClassificationTypeRequirementAssociations": null,
			"lastUpdateTimestampString": null,
			"_links": {
				"self": {
					"href": "http://localhost:8089/referencedataservices/equipmentRequirementSpecificationAssociations/7"
				},
				"equipmentRequirementSpecificationAssociation": [{
					"href": "http://localhost:8089/referencedataservices/equipmentRequirementSpecificationAssociations/7"
				}, {
					"href": "http://localhost:8089/referencedataservices/equipmentRequirementSpecificationAssociations/7/equipmentRequirementSpecificationAssociation"
				}]
			}
		}, {
			"equipmentRequirementSpecificationAssociationID": 8,
			"equipmentRequirementType": {
				"equipmentRequirementTypeCode": "Roof",
				"equipmentRequirementTypeDescription": "Roof Requirement",
				"lastUpdateTimestampString": null
			},
			"equipmentRequirementSpecification": {
				"equipmentRequirementSpecificationCode": null,
				"equipmentRequirementSpecificationDescription": "Garden",
				"lastUpdateTimestampString": null
			},
			"effectiveTimestamp": null,
			"expirationTimestamp": null,
			"equipmentRequirementSpecificationDetail": [{
				"equipmentRequirementSpecificationDetailID": 0,
				"equipmentRequirementSpecificationDetailDescription": null,
				"lastUpdateTimestampString": null
			}],
			"equipmentClassificationTypeRequirementAssociations": null,
			"lastUpdateTimestampString": null,
			"_links": {
				"self": {
					"href": "http://localhost:8089/referencedataservices/equipmentRequirementSpecificationAssociations/8"
				},
				"equipmentRequirementSpecificationAssociation": [{
					"href": "http://localhost:8089/referencedataservices/equipmentRequirementSpecificationAssociations/8"
				}, {
					"href": "http://localhost:8089/referencedataservices/equipmentRequirementSpecificationAssociations/8/equipmentRequirementSpecificationAssociation"
				}]
			}
		}]
	},
	"_links": {
		"self": {
			"href": "http://localhost:8089/referencedataservices/equipmentRequirementSpecificationAssociations/search/findAllRequirements"
		}
	}
}