{
	"_embedded": {
		"equipmentTypes": [{
			"equipmentTypeCode": "Dry Van",
			"equipmentTypeDescription": "Dry Van",
			"lastUpdateTimestampString": null,
			"_links": {
				"self": {
					"href": "http://referencedataservices-dev.jbhunt.com/referencedataservices/equipmentTypes/Dry%20Van"
				},
				"equipmentType": {
					"href": "http://referencedataservices-dev.jbhunt.com/referencedataservices/equipmentTypes/Dry%20Van"
				}
			}
		}, {
			"equipmentTypeCode": "Intermodal",
			"equipmentTypeDescription": "Intermodal",
			"lastUpdateTimestampString": null,
			"_links": {
				"self": {
					"href": "http://referencedataservices-dev.jbhunt.com/referencedataservices/equipmentTypes/Intermodal"
				},
				"equipmentType": {
					"href": "http://referencedataservices-dev.jbhunt.com/referencedataservices/equipmentTypes/Intermodal"
				}
			}
		}, {
			"equipmentTypeCode": "Refrigertd",
			"equipmentTypeDescription": "Refrigerated",
			"lastUpdateTimestampString": null,
			"_links": {
				"self": {
					"href": "http://referencedataservices-dev.jbhunt.com/referencedataservices/equipmentTypes/Refrigertd"
				},
				"equipmentType": {
					"href": "http://referencedataservices-dev.jbhunt.com/referencedataservices/equipmentTypes/Refrigertd"
				}
			}
		}, {
			"equipmentTypeCode": "Ocean",
			"equipmentTypeDescription": "Ocean",
			"lastUpdateTimestampString": null,
			"_links": {
				"self": {
					"href": "http://referencedataservices-dev.jbhunt.com/referencedataservices/equipmentTypes/Ocean"
				},
				"equipmentType": {
					"href": "http://referencedataservices-dev.jbhunt.com/referencedataservices/equipmentTypes/Ocean"
				}
			}
		}, {
			"equipmentTypeCode": "Stacker",
			"equipmentTypeDescription": "Stacker",
			"lastUpdateTimestampString": null,
			"_links": {
				"self": {
					"href": "http://referencedataservices-dev.jbhunt.com/referencedataservices/equipmentTypes/Stacker"
				},
				"equipmentType": {
					"href": "http://referencedataservices-dev.jbhunt.com/referencedataservices/equipmentTypes/Stacker"
				}
			}
		}, {
			"equipmentTypeCode": "OpenTop",
			"equipmentTypeDescription": "Open Top",
			"lastUpdateTimestampString": null,
			"_links": {
				"self": {
					"href": "http://referencedataservices-dev.jbhunt.com/referencedataservices/equipmentTypes/OpenTop"
				},
				"equipmentType": {
					"href": "http://referencedataservices-dev.jbhunt.com/referencedataservices/equipmentTypes/OpenTop"
				}
			}
		}, {
			"equipmentTypeCode": "Standard",
			"equipmentTypeDescription": "Standard",
			"lastUpdateTimestampString": null,
			"_links": {
				"self": {
					"href": "http://referencedataservices-dev.jbhunt.com/referencedataservices/equipmentTypes/Standard"
				},
				"equipmentType": {
					"href": "http://referencedataservices-dev.jbhunt.com/referencedataservices/equipmentTypes/Standard"
				}
			}
		}, {
			"equipmentTypeCode": "StepDeck",
			"equipmentTypeDescription": "Step Deck",
			"lastUpdateTimestampString": null,
			"_links": {
				"self": {
					"href": "http://referencedataservices-dev.jbhunt.com/referencedataservices/equipmentTypes/StepDeck"
				},
				"equipmentType": {
					"href": "http://referencedataservices-dev.jbhunt.com/referencedataservices/equipmentTypes/StepDeck"
				}
			}
		}, {
			"equipmentTypeCode": "HotShot",
			"equipmentTypeDescription": "Hot Shot",
			"lastUpdateTimestampString": null,
			"_links": {
				"self": {
					"href": "http://referencedataservices-dev.jbhunt.com/referencedataservices/equipmentTypes/HotShot"
				},
				"equipmentType": {
					"href": "http://referencedataservices-dev.jbhunt.com/referencedataservices/equipmentTypes/HotShot"
				}
			}
		}, {
			"equipmentTypeCode": "DoublDrp",
			"equipmentTypeDescription": "DoubleDrop",
			"lastUpdateTimestampString": null,
			"_links": {
				"self": {
					"href": "http://referencedataservices-dev.jbhunt.com/referencedataservices/equipmentTypes/DoublDrp"
				},
				"equipmentType": {
					"href": "http://referencedataservices-dev.jbhunt.com/referencedataservices/equipmentTypes/DoublDrp"
				}
			}
		}, {
			"equipmentTypeCode": "RmvNeck",
			"equipmentTypeDescription": "Removeable Goose Neck",
			"lastUpdateTimestampString": null,
			"_links": {
				"self": {
					"href": "http://referencedataservices-dev.jbhunt.com/referencedataservices/equipmentTypes/RmvNeck"
				},
				"equipmentType": {
					"href": "http://referencedataservices-dev.jbhunt.com/referencedataservices/equipmentTypes/RmvNeck"
				}
			}
		}, {
			"equipmentTypeCode": "Refrigertd",
			"equipmentTypeDescription": "Refrigerated",
			"lastUpdateTimestampString": null,
			"_links": {
				"self": {
					"href": "http://referencedataservices-dev.jbhunt.com/referencedataservices/equipmentTypes/Refrigertd"
				},
				"equipmentType": {
					"href": "http://referencedataservices-dev.jbhunt.com/referencedataservices/equipmentTypes/Refrigertd"
				}
			}
		}, {
			"equipmentTypeCode": "Grain",
			"equipmentTypeDescription": "Grain",
			"lastUpdateTimestampString": null,
			"_links": {
				"self": {
					"href": "http://referencedataservices-dev.jbhunt.com/referencedataservices/equipmentTypes/Grain"
				},
				"equipmentType": {
					"href": "http://referencedataservices-dev.jbhunt.com/referencedataservices/equipmentTypes/Grain"
				}
			}
		}, {
			"equipmentTypeCode": "CarbonBlck",
			"equipmentTypeDescription": "Carbon Black",
			"lastUpdateTimestampString": null,
			"_links": {
				"self": {
					"href": "http://referencedataservices-dev.jbhunt.com/referencedataservices/equipmentTypes/CarbonBlck"
				},
				"equipmentType": {
					"href": "http://referencedataservices-dev.jbhunt.com/referencedataservices/equipmentTypes/CarbonBlck"
				}
			}
		}, {
			"equipmentTypeCode": "Liquid",
			"equipmentTypeDescription": "Liquid",
			"lastUpdateTimestampString": null,
			"_links": {
				"self": {
					"href": "http://referencedataservices-dev.jbhunt.com/referencedataservices/equipmentTypes/Liquid"
				},
				"equipmentType": {
					"href": "http://referencedataservices-dev.jbhunt.com/referencedataservices/equipmentTypes/Liquid"
				}
			}
		}, {
			"equipmentTypeCode": "Pneumatic",
			"equipmentTypeDescription": "Pneumatic",
			"lastUpdateTimestampString": null,
			"_links": {
				"self": {
					"href": "http://referencedataservices-dev.jbhunt.com/referencedataservices/equipmentTypes/Pneumatic"
				},
				"equipmentType": {
					"href": "http://referencedataservices-dev.jbhunt.com/referencedataservices/equipmentTypes/Pneumatic"
				}
			}
		}, {
			"equipmentTypeCode": "Paddle",
			"equipmentTypeDescription": "Paddle",
			"lastUpdateTimestampString": null,
			"_links": {
				"self": {
					"href": "http://referencedataservices-dev.jbhunt.com/referencedataservices/equipmentTypes/Paddle"
				},
				"equipmentType": {
					"href": "http://referencedataservices-dev.jbhunt.com/referencedataservices/equipmentTypes/Paddle"
				}
			}
		}, {
			"equipmentTypeCode": "Auger",
			"equipmentTypeDescription": "Auger",
			"lastUpdateTimestampString": null,
			"_links": {
				"self": {
					"href": "http://referencedataservices-dev.jbhunt.com/referencedataservices/equipmentTypes/Auger"
				},
				"equipmentType": {
					"href": "http://referencedataservices-dev.jbhunt.com/referencedataservices/equipmentTypes/Auger"
				}
			}
		}, {
			"equipmentTypeCode": "Bulkfeed",
			"equipmentTypeDescription": "Bulkfeed",
			"lastUpdateTimestampString": null,
			"_links": {
				"self": {
					"href": "http://referencedataservices-dev.jbhunt.com/referencedataservices/equipmentTypes/Bulkfeed"
				},
				"equipmentType": {
					"href": "http://referencedataservices-dev.jbhunt.com/referencedataservices/equipmentTypes/Bulkfeed"
				}
			}
		}]
	},
	"_links": {
		"self": {
			"href": "http://referencedataservices-dev.jbhunt.com/referencedataservices/equipmentTypes/search/findByBusinessUnitServiceOffering?financebusinessunitcode=JBT&serviceofferingcode=OTR"
		}
	}
}