{
    "briefingReference": [
        {
            "hazMatSpecification": [
                {
                    "unnaCode": "UN3213",
                    "itemDescription": "sdf23"
                },
                {
                    "unnaCode": "UN1032",
                    "itemDescription": "sdf23"
                },
                {
                    "unnaCode": "UN1024",
                    "itemDescription": "sdf23"
                },
                {
                    "unnaCode": "UN9012",
                    "itemDescription": "sdf23"
                }
            ]
        }
    ]
}