{
  "_embedded" : {
    "packagingUnitTypes" : [ {
      "packagingUnitTypeCode" : "Bags",
      "packagingUnitTypeDescription" : "Bags Handling",
      "lastUpdateTimestampString" : {
        "dayOfYear" : 79,
        "monthValue" : 3,
        "month" : "MARCH",
        "year" : 2017,
        "dayOfMonth" : 20,
        "dayOfWeek" : "MONDAY",
        "hour" : 11,
        "minute" : 31,
        "nano" : 590362200,
        "second" : 40,
        "chronology" : {
          "id" : "ISO",
          "calendarType" : "iso8601"
        }
      },
      "_links" : {
        "self" : {
          "href" : "http://referencedataservices-dev.jbhunt.com/referencedataservices/packagingUnitTypes/Bags"
        },
        "packagingUnitType" : {
          "href" : "http://referencedataservices-dev.jbhunt.com/referencedataservices/packagingUnitTypes/Bags"
        }
      }
    }, {
      "packagingUnitTypeCode" : "Barrels",
      "packagingUnitTypeDescription" : "Barrels Handling",
      "lastUpdateTimestampString" : {
        "dayOfYear" : 79,
        "monthValue" : 3,
        "month" : "MARCH",
        "year" : 2017,
        "dayOfMonth" : 20,
        "dayOfWeek" : "MONDAY",
        "hour" : 11,
        "minute" : 31,
        "nano" : 590362200,
        "second" : 40,
        "chronology" : {
          "id" : "ISO",
          "calendarType" : "iso8601"
        }
      },
      "_links" : {
        "self" : {
          "href" : "http://referencedataservices-dev.jbhunt.com/referencedataservices/packagingUnitTypes/Barrels"
        },
        "packagingUnitType" : {
          "href" : "http://referencedataservices-dev.jbhunt.com/referencedataservices/packagingUnitTypes/Barrels"
        }
      }
    }, {
      "packagingUnitTypeCode" : "Bins",
      "packagingUnitTypeDescription" : "Bins Handling",
      "lastUpdateTimestampString" : {
        "dayOfYear" : 79,
        "monthValue" : 3,
        "month" : "MARCH",
        "year" : 2017,
        "dayOfMonth" : 20,
        "dayOfWeek" : "MONDAY",
        "hour" : 11,
        "minute" : 31,
        "nano" : 590362200,
        "second" : 40,
        "chronology" : {
          "id" : "ISO",
          "calendarType" : "iso8601"
        }
      },
      "_links" : {
        "self" : {
          "href" : "http://referencedataservices-dev.jbhunt.com/referencedataservices/packagingUnitTypes/Bins"
        },
        "packagingUnitType" : {
          "href" : "http://referencedataservices-dev.jbhunt.com/referencedataservices/packagingUnitTypes/Bins"
        }
      }
    }, {
      "packagingUnitTypeCode" : "Boxes",
      "packagingUnitTypeDescription" : "Boxes Handling",
      "lastUpdateTimestampString" : {
        "dayOfYear" : 79,
        "monthValue" : 3,
        "month" : "MARCH",
        "year" : 2017,
        "dayOfMonth" : 20,
        "dayOfWeek" : "MONDAY",
        "hour" : 11,
        "minute" : 31,
        "nano" : 590362200,
        "second" : 40,
        "chronology" : {
          "id" : "ISO",
          "calendarType" : "iso8601"
        }
      },
      "_links" : {
        "self" : {
          "href" : "http://referencedataservices-dev.jbhunt.com/referencedataservices/packagingUnitTypes/Boxes"
        },
        "packagingUnitType" : {
          "href" : "http://referencedataservices-dev.jbhunt.com/referencedataservices/packagingUnitTypes/Boxes"
        }
      }
    }, {
      "packagingUnitTypeCode" : "Buckets",
      "packagingUnitTypeDescription" : "Buckets Handling",
      "lastUpdateTimestampString" : {
        "dayOfYear" : 79,
        "monthValue" : 3,
        "month" : "MARCH",
        "year" : 2017,
        "dayOfMonth" : 20,
        "dayOfWeek" : "MONDAY",
        "hour" : 11,
        "minute" : 31,
        "nano" : 590362200,
        "second" : 40,
        "chronology" : {
          "id" : "ISO",
          "calendarType" : "iso8601"
        }
      },
      "_links" : {
        "self" : {
          "href" : "http://referencedataservices-dev.jbhunt.com/referencedataservices/packagingUnitTypes/Buckets"
        },
        "packagingUnitType" : {
          "href" : "http://referencedataservices-dev.jbhunt.com/referencedataservices/packagingUnitTypes/Buckets"
        }
      }
    }, {
      "packagingUnitTypeCode" : "Bundles",
      "packagingUnitTypeDescription" : "Bundles Handling",
      "lastUpdateTimestampString" : {
        "dayOfYear" : 79,
        "monthValue" : 3,
        "month" : "MARCH",
        "year" : 2017,
        "dayOfMonth" : 20,
        "dayOfWeek" : "MONDAY",
        "hour" : 11,
        "minute" : 31,
        "nano" : 590362200,
        "second" : 40,
        "chronology" : {
          "id" : "ISO",
          "calendarType" : "iso8601"
        }
      },
      "_links" : {
        "self" : {
          "href" : "http://referencedataservices-dev.jbhunt.com/referencedataservices/packagingUnitTypes/Bundles"
        },
        "packagingUnitType" : {
          "href" : "http://referencedataservices-dev.jbhunt.com/referencedataservices/packagingUnitTypes/Bundles"
        }
      }
    }, {
      "packagingUnitTypeCode" : "Case",
      "packagingUnitTypeDescription" : "Case Handling",
      "lastUpdateTimestampString" : {
        "dayOfYear" : 79,
        "monthValue" : 3,
        "month" : "MARCH",
        "year" : 2017,
        "dayOfMonth" : 20,
        "dayOfWeek" : "MONDAY",
        "hour" : 11,
        "minute" : 31,
        "nano" : 590362200,
        "second" : 40,
        "chronology" : {
          "id" : "ISO",
          "calendarType" : "iso8601"
        }
      },
      "_links" : {
        "self" : {
          "href" : "http://referencedataservices-dev.jbhunt.com/referencedataservices/packagingUnitTypes/Case"
        },
        "packagingUnitType" : {
          "href" : "http://referencedataservices-dev.jbhunt.com/referencedataservices/packagingUnitTypes/Case"
        }
      }
    }, {
      "packagingUnitTypeCode" : "Casks",
      "packagingUnitTypeDescription" : "Casks Handling",
      "lastUpdateTimestampString" : {
        "dayOfYear" : 79,
        "monthValue" : 3,
        "month" : "MARCH",
        "year" : 2017,
        "dayOfMonth" : 20,
        "dayOfWeek" : "MONDAY",
        "hour" : 11,
        "minute" : 31,
        "nano" : 590362200,
        "second" : 40,
        "chronology" : {
          "id" : "ISO",
          "calendarType" : "iso8601"
        }
      },
      "_links" : {
        "self" : {
          "href" : "http://referencedataservices-dev.jbhunt.com/referencedataservices/packagingUnitTypes/Casks"
        },
        "packagingUnitType" : {
          "href" : "http://referencedataservices-dev.jbhunt.com/referencedataservices/packagingUnitTypes/Casks"
        }
      }
    }, {
      "packagingUnitTypeCode" : "Cratesdrum",
      "packagingUnitTypeDescription" : "Cratesdrums Handling",
      "lastUpdateTimestampString" : {
        "dayOfYear" : 79,
        "monthValue" : 3,
        "month" : "MARCH",
        "year" : 2017,
        "dayOfMonth" : 20,
        "dayOfWeek" : "MONDAY",
        "hour" : 11,
        "minute" : 31,
        "nano" : 590362200,
        "second" : 40,
        "chronology" : {
          "id" : "ISO",
          "calendarType" : "iso8601"
        }
      },
      "_links" : {
        "self" : {
          "href" : "http://referencedataservices-dev.jbhunt.com/referencedataservices/packagingUnitTypes/Cratesdrum"
        },
        "packagingUnitType" : {
          "href" : "http://referencedataservices-dev.jbhunt.com/referencedataservices/packagingUnitTypes/Cratesdrum"
        }
      }
    }, {
      "packagingUnitTypeCode" : "Gaylords",
      "packagingUnitTypeDescription" : "Gaylords Handling",
      "lastUpdateTimestampString" : {
        "dayOfYear" : 79,
        "monthValue" : 3,
        "month" : "MARCH",
        "year" : 2017,
        "dayOfMonth" : 20,
        "dayOfWeek" : "MONDAY",
        "hour" : 11,
        "minute" : 31,
        "nano" : 590362200,
        "second" : 40,
        "chronology" : {
          "id" : "ISO",
          "calendarType" : "iso8601"
        }
      },
      "_links" : {
        "self" : {
          "href" : "http://referencedataservices-dev.jbhunt.com/referencedataservices/packagingUnitTypes/Gaylords"
        },
        "packagingUnitType" : {
          "href" : "http://referencedataservices-dev.jbhunt.com/referencedataservices/packagingUnitTypes/Gaylords"
        }
      }
    }, {
      "packagingUnitTypeCode" : "Kegs",
      "packagingUnitTypeDescription" : "Kegs Handling",
      "lastUpdateTimestampString" : {
        "dayOfYear" : 79,
        "monthValue" : 3,
        "month" : "MARCH",
        "year" : 2017,
        "dayOfMonth" : 20,
        "dayOfWeek" : "MONDAY",
        "hour" : 11,
        "minute" : 31,
        "nano" : 590362200,
        "second" : 40,
        "chronology" : {
          "id" : "ISO",
          "calendarType" : "iso8601"
        }
      },
      "_links" : {
        "self" : {
          "href" : "http://referencedataservices-dev.jbhunt.com/referencedataservices/packagingUnitTypes/Kegs"
        },
        "packagingUnitType" : {
          "href" : "http://referencedataservices-dev.jbhunt.com/referencedataservices/packagingUnitTypes/Kegs"
        }
      }
    }, {
      "packagingUnitTypeCode" : "Pallets",
      "packagingUnitTypeDescription" : "Pallets Handling",
      "lastUpdateTimestampString" : {
        "dayOfYear" : 79,
        "monthValue" : 3,
        "month" : "MARCH",
        "year" : 2017,
        "dayOfMonth" : 20,
        "dayOfWeek" : "MONDAY",
        "hour" : 11,
        "minute" : 31,
        "nano" : 590362200,
        "second" : 40,
        "chronology" : {
          "id" : "ISO",
          "calendarType" : "iso8601"
        }
      },
      "_links" : {
        "self" : {
          "href" : "http://referencedataservices-dev.jbhunt.com/referencedataservices/packagingUnitTypes/Pallets"
        },
        "packagingUnitType" : {
          "href" : "http://referencedataservices-dev.jbhunt.com/referencedataservices/packagingUnitTypes/Pallets"
        }
      }
    }, {
      "packagingUnitTypeCode" : "Reels",
      "packagingUnitTypeDescription" : "Reels Handling",
      "lastUpdateTimestampString" : {
        "dayOfYear" : 79,
        "monthValue" : 3,
        "month" : "MARCH",
        "year" : 2017,
        "dayOfMonth" : 20,
        "dayOfWeek" : "MONDAY",
        "hour" : 11,
        "minute" : 31,
        "nano" : 590362200,
        "second" : 40,
        "chronology" : {
          "id" : "ISO",
          "calendarType" : "iso8601"
        }
      },
      "_links" : {
        "self" : {
          "href" : "http://referencedataservices-dev.jbhunt.com/referencedataservices/packagingUnitTypes/Reels"
        },
        "packagingUnitType" : {
          "href" : "http://referencedataservices-dev.jbhunt.com/referencedataservices/packagingUnitTypes/Reels"
        }
      }
    }, {
      "packagingUnitTypeCode" : "Rolls",
      "packagingUnitTypeDescription" : "Rolls Handling",
      "lastUpdateTimestampString" : {
        "dayOfYear" : 79,
        "monthValue" : 3,
        "month" : "MARCH",
        "year" : 2017,
        "dayOfMonth" : 20,
        "dayOfWeek" : "MONDAY",
        "hour" : 11,
        "minute" : 31,
        "nano" : 590362200,
        "second" : 40,
        "chronology" : {
          "id" : "ISO",
          "calendarType" : "iso8601"
        }
      },
      "_links" : {
        "self" : {
          "href" : "http://referencedataservices-dev.jbhunt.com/referencedataservices/packagingUnitTypes/Rolls"
        },
        "packagingUnitType" : {
          "href" : "http://referencedataservices-dev.jbhunt.com/referencedataservices/packagingUnitTypes/Rolls"
        }
      }
    }, {
      "packagingUnitTypeCode" : "Spools",
      "packagingUnitTypeDescription" : "Spools Handling",
      "lastUpdateTimestampString" : {
        "dayOfYear" : 79,
        "monthValue" : 3,
        "month" : "MARCH",
        "year" : 2017,
        "dayOfMonth" : 20,
        "dayOfWeek" : "MONDAY",
        "hour" : 11,
        "minute" : 31,
        "nano" : 590362200,
        "second" : 40,
        "chronology" : {
          "id" : "ISO",
          "calendarType" : "iso8601"
        }
      },
      "_links" : {
        "self" : {
          "href" : "http://referencedataservices-dev.jbhunt.com/referencedataservices/packagingUnitTypes/Spools"
        },
        "packagingUnitType" : {
          "href" : "http://referencedataservices-dev.jbhunt.com/referencedataservices/packagingUnitTypes/Spools"
        }
      }
    }, {
      "packagingUnitTypeCode" : "Totes",
      "packagingUnitTypeDescription" : "Totes Handling",
      "lastUpdateTimestampString" : {
        "dayOfYear" : 79,
        "monthValue" : 3,
        "month" : "MARCH",
        "year" : 2017,
        "dayOfMonth" : 20,
        "dayOfWeek" : "MONDAY",
        "hour" : 11,
        "minute" : 31,
        "nano" : 590362200,
        "second" : 40,
        "chronology" : {
          "id" : "ISO",
          "calendarType" : "iso8601"
        }
      },
      "_links" : {
        "self" : {
          "href" : "http://referencedataservices-dev.jbhunt.com/referencedataservices/packagingUnitTypes/Totes"
        },
        "packagingUnitType" : {
          "href" : "http://referencedataservices-dev.jbhunt.com/referencedataservices/packagingUnitTypes/Totes"
        }
      }
    } ]
  },
  "_links" : {
    "self" : {
      "href" : "http://referencedataservices-dev.jbhunt.com/referencedataservices/packagingUnitTypes"
    },
    "profile" : {
      "href" : "http://referencedataservices-dev.jbhunt.com/referencedataservices/profile/packagingUnitTypes"
    }
  },
  "page" : {
    "size" : 20,
    "totalElements" : 16,
    "totalPages" : 1,
    "number" : 0
  }
}