{
	"locationProfileDTO": [{
		"id": 1234,
		"facilityOperationDTO": [{
			"day": "Sunday",
			"facilityOperatingHourDTO": [{
				"openTime": "00:00",
				"closeTime": "19:00"
			}]
		}, {
			"day": "Monday",
			"facilityOperatingHourDTO": [{
				"openTime": "00:00",
				"closeTime": "19:00"
			}]
		},{
			"day": "Tuesday",
			"facilityOperatingHourDTO": [{
				"openTime": "--:--",
				"closeTime": "--:--"
			}]
		},{
			"day": "Wednesday",
			"facilityOperatingHourDTO": [{
				"openTime": "--:--",
				"closeTime": "--:--"
			}]
		},{
			"day": "Thursday",
			"facilityOperatingHourDTO": [{
				"openTime": "--:--",
				"closeTime": "--:--"
			}]
		},{
			"day": "Friday",
			"facilityOperatingHourDTO": [{
				"openTime": "--:--",
				"closeTime": "--:--"
			}]
		},{
			"day": "Saturday",
			"facilityOperatingHourDTO": [{
				"openTime": "--:--",
				"closeTime": "--:--"
			}]
		}],
		"facilityOverviewRequirementCodeDTO": [{
			"value": "apponintmetRequired"
		}],
		"contactDTO": [{
			"contactid": 1234,
			"contactType": "primary",
			"contactValue": "1234567893",
			"contactMethod": "Phone"
		}, {
			"contactid": 1234,
			"contactType": "secondary",
			"contactValue": "1234567893",
			"contactMethod": "Phone"
		}],
		"addressDTO": {
			"id": 1224,
			"addressLine1": "6445 LEMMON AVE",
			"addressLine2": "DALLAS",
			"city": "DALLAS",
			"state": "TX",
			"zipcode": 12345
		},
		"hazmatDTO": {
			"expirationdate": "30/06/2016"
		},
		"disallowedequipmentDTO": [{
			"length": "48",
			"type": "Container"
		}, {
			"length": "53",
			"type": "dry Van"
		}],
		"customerDirections": "I35 X433B - MOCKING BIRD LN X- GO ABT 2 MIL - SEE SIGN FOR DALLAS LOVEFLD - CROSSS SEDAR SPRINGS RD - GO ABT 1/2 MI - SEE CUST RHS BUTTON HOOK 214 - 345- 4567I35 X433B - MOCKING BIRD LN X- GO ABT 2 MIL - SEE SIGN FOR DALLAS LOVEFLD - CROSSS SEDAR SPRINGS RD - GO ABT 1/2 MI - SEE CUST RHS BUTTON HOOK 214 - 345- 4567.I35 X433B - MOCKING BIRD LN X- GO ABT 2 MIL - SEE SIGN FOR DALLAS LOVEFLD - CROSSS SEDAR SPRINGS RD - GO ABT 1/2 MI - SEE CUST RHS BUTTON HOOK 214 - 345- 4567.",
		"generalInstructions": "Appointment Required from Pickup point Lift gate also required",
		"locationCode": "CC11111",
		"locationName": "COCO COLA"
	}],
	"Timezone": "America"
}