{
  "_embedded" : {
    "serviceTypes" : [ {
      "serviceTypeCode" : "TeamDrivng",
      "serviceCategoryCode" : "ReqServ",
      "chargeCode" : null,
      "serviceTypeDescription" : "Team Driving",
      "effectiveTimestamp" : {
        "month" : "JANUARY",
        "year" : 2016,
        "dayOfMonth" : 1,
        "dayOfWeek" : "FRIDAY",
        "dayOfYear" : 1,
        "monthValue" : 1,
        "hour" : 0,
        "minute" : 0,
        "nano" : 0,
        "second" : 0,
        "chronology" : {
          "id" : "ISO",
          "calendarType" : "iso8601"
        }
      },
      "expirationTimestamp" : {
        "month" : "DECEMBER",
        "year" : 2199,
        "dayOfMonth" : 31,
        "dayOfWeek" : "TUESDAY",
        "dayOfYear" : 365,
        "monthValue" : 12,
        "hour" : 23,
        "minute" : 59,
        "nano" : 0,
        "second" : 59,
        "chronology" : {
          "id" : "ISO",
          "calendarType" : "iso8601"
        }
      },
      "lastUpdateTimestampString" : {
        "month" : "MARCH",
        "year" : 2017,
        "dayOfMonth" : 31,
        "dayOfWeek" : "FRIDAY",
        "dayOfYear" : 90,
        "monthValue" : 3,
        "hour" : 23,
        "minute" : 34,
        "nano" : 110517100,
        "second" : 27,
        "chronology" : {
          "id" : "ISO",
          "calendarType" : "iso8601"
        }
      },
      "_links" : {
        "self" : {
          "href" : "https://supplychainmanagement-dev.jbhunt.com/supplychainmanagement/ordermanagementreferencedataservices/serviceTypes/COD"
        },
        "serviceType" : {
          "href" : "https://supplychainmanagement-dev.jbhunt.com/supplychainmanagement/ordermanagementreferencedataservices/serviceTypes/COD{?projection}",
          "templated" : true
        }
      }
    },
    {
      "serviceTypeCode" : "COD",
      "serviceCategoryCode" : "OrderServ",
      "chargeCode" : null,
      "serviceTypeDescription" : "Cash On Driving",
      "effectiveTimestamp" : {
        "month" : "JANUARY",
        "year" : 2016,
        "dayOfMonth" : 1,
        "dayOfWeek" : "FRIDAY",
        "dayOfYear" : 1,
        "monthValue" : 1,
        "hour" : 0,
        "minute" : 0,
        "nano" : 0,
        "second" : 0,
        "chronology" : {
          "id" : "ISO",
          "calendarType" : "iso8601"
        }
      },
      "expirationTimestamp" : {
        "month" : "DECEMBER",
        "year" : 2199,
        "dayOfMonth" : 31,
        "dayOfWeek" : "TUESDAY",
        "dayOfYear" : 365,
        "monthValue" : 12,
        "hour" : 23,
        "minute" : 59,
        "nano" : 0,
        "second" : 59,
        "chronology" : {
          "id" : "ISO",
          "calendarType" : "iso8601"
        }
      },
      "lastUpdateTimestampString" : {
        "month" : "MARCH",
        "year" : 2017,
        "dayOfMonth" : 31,
        "dayOfWeek" : "FRIDAY",
        "dayOfYear" : 90,
        "monthValue" : 3,
        "hour" : 23,
        "minute" : 34,
        "nano" : 110517100,
        "second" : 27,
        "chronology" : {
          "id" : "ISO",
          "calendarType" : "iso8601"
        }
      },
      "_links" : {
        "self" : {
          "href" : "https://supplychainmanagement-dev.jbhunt.com/supplychainmanagement/ordermanagementreferencedataservices/serviceTypes/COD"
        },
        "serviceType" : {
          "href" : "https://supplychainmanagement-dev.jbhunt.com/supplychainmanagement/ordermanagementreferencedataservices/serviceTypes/COD{?projection}",
          "templated" : true
        }
      }
    } ]
  },
  "_links" : {
    "self" : {
      "href" : "https://supplychainmanagement-dev.jbhunt.com/supplychainmanagement/ordermanagementreferencedataservices/serviceTypes/search/findByServiceCategoryCode?serviceCategoryCode=OrderServ"
    }
  }
}