{
	"OrderID": 1,
	"orderID": 20,
	"customerID": 1,
	"serviceOfferingCode": "OTR",
	"requestedServiceLevelCode": null,
	"servicePriorityTypeCode": "Precision",
	"transitModeCode": "Truck",
	"financeBusinessUnitCode": "JBT",
	"orderSourceCode": "Biz nonedi",
	"orderStatusCode": "Incomplete",
	"inits": "GR",
	"orderTypeCode": "other",
	"orderSubTypeCode": "CLC",
	"orderGroupingID":0,
	"orderTrackingNumber": "1",
	"orderValueAmount": 1.0000,
	"orderRefrigeratedIndicator": "N",
	"internationalOrderElement": [{
		"bondType": "IE",
		"bondHolder": "JBH",
		"portOfEntry": "NULL",
		"portOfExit": "NULL",
		"bondNumber": "1",
		"entryNumber": "1",
		"voyageNumber": "NULL",
		"vesselNumber": "NULL",
		"bondHolderCarrierName": null
	}],
	"orderMonitorInformations": [{
		"orderMonitorInformationID": 1,
		"destinationMonitorArea": "DesMonArea",
		"originMonitorArea": "OrdMonArea"
	}],
	"orderOperationalElement": [{
		"orderOperationalElementID": 1,
		"projectCode": "ALCO",
		"fleetCode": "DCS ABSA82"
	}],
	"OrderFoodSafetyDetail": [{
		"orderFoodSafetyDetailID": ""
	}],
	"orderRequestorDetail": [{
		"orderRequestorDetailID": 1,
		"contactID": 572854,
		"contactTypeCode": "contyp21",
		"solicitorCode": "soli012345"
	}],
	"orderBillingDetail": [{
		"orderBillingDetailID": 1,
		"autoRateIndicator": "Y",
		"billToCode": "DSAKE",
		"contactID": 9,
		"contactTypeCode": "EMAIL",
		"freightChargeTermTypeCode": "COLLECT",
		"ratingCycleType": "load",
		"orderBillingAdditionalInstruction": [{
			"additionalInstructionId": "",
			"additionalInstructionText": "",
			"additionalInstructionType": ""
		}]
	}],
	"internationalServices": [{
		"serviceID": "",
		"serviceType": "",
		"serviceCount": "",
		"unitOfServiceMeasurementCode": "",
		"serviceLevelTypeCode": ""
	}],
	"orderUnifiedCustomerRequestAssociations": [{
		"orderUnifiedCustomerRequestAssociationID": "",
		"unifiedCustomerRequestID": ""
	}],
	"orderAdditionalInstructions": [{
		"additionalInstructionId": "",
		"additionalInstructionText": "",
		"additionalInstructionType": ""
	}],
	"orderCarrierDetails": [{
		"orderCarrierDetailID": "",
		"carrierName": "",
		"carrierQuoteNumber": "",
		"carrierBoothNumber": ""
	}],
	"orderStatusWorkflows": [{
		"orderStatusWorkflowID": "",
		"orderProgressStatusCode": ""
	}],
	"orderStatusEvents": [{
		"orderStatusEventID": "",
		"orderStatusEventComment": "",
		"orderStatusEventReasonID": ""
	}],
	"orderMaterialHandlingRequirementAssociations": [{
		"orderMaterialHandlingRequirementAssociationID": 1,
		"materialHandlingRequirementCode": "mathanreqc",
		"materialHandlingRequirementQuantity": 50
	}],

	"orderValueTypeCode": "High",
	"orderVolumeTypeCode": "VolShip",
	"shipmentIdentificationNumber": "1",

	"orderCharges": [{
		"chargeID": 20,
		"chargeCode": "charge Code",
		"chargeQuantity": 25,
		"chargeUnitCode": "",
		"chargeUnitRateAmount": 120.0000,
		"customerAuthorizationFirstName": "customer authorization first name",
		"customerAuthorizationLastName": "customer authorization last name",
		"customerAuthorizationNumber": "",
		"chargeLevelTypeCode": "ORDER"
	}],
	"orderEquipmentRequirement": [{
		"orderEquipmentRequirementID": 1,
		"equipmentID": 1,
		"equipmentClassificationTypeAssociationID": 1,
		"equipmentLengthRequiredIndicator": "y",
		"equipmentTypeRequiredIndicator": "y",
		"trailerPreloadedIndicator": "y",
		"orderEquipmentRequirementFeatureAssociations": [{
			"orderEquipmentRequirementFeatureAssociationID": 1,
			"equipmentClassificationTypeFeatureAssociationID": 12,
			"orderEquipmentRequirementFeatureValue": "equipcatclastype"
		}],
		"OrderNonCompanyEquipmentDetails": [{
			"orderNonCompanyEquipmentDetailID": "",
			"nonCompanyTrailerPrefix": "",
			"nonCompanyTrailerNumber": "",
			"nonCompanyChassisPrefix": "",
			"nonCompanyChassisNumber": "",
			"equipmentClassificationCode": ""
		}],
		"orderEquipmentRequirementSpecificationAssociations": [{
			"orderEquipmentRequirementSpecificationAssociationID": 1,
			"equipmentRequirementSpecificationAssociationID": 12,
			"equipmentRequirementSpecificationDetailID": 14,
			"orderEquipmentRequirementSpecificationDetails": [{
				"OrderEquipmentRequirementSpecificationDetailID": 1,
				"temperatureLowRange": 2,
				"temperatureHighRange": 5,
				"unitOfTemperatureMeasurementCode": "Celsius",
				"specificationDetailValue": 5,
				"frontZonePrecoolTemperature": 2,
				"rearZonePrecoolTemperature": 4
			}]
		}]
	}],"orderFoodSafetyDetails": [
    {
      "OrderEquipmentRequirementSpecificationDetailID": 1
    }
  ],
   "orderOperationalElements": [
    {
      "projectCode": null,
      "fleetCode": null
    }
  ],
	"orderAssociatedParties": [{
		"OrderAssociatedPartyID": 1,
		"partyCode": "PC12345678",
		"partyRoleCode": "PRC1234567"
	},{
		"OrderAssociatedPartyID": 2,
		"partyCode": "PC12345678",
		"partyRoleCode": "PRC1234567"
	}],
	"stops": [{
		"stopID": "",
		"locationCode": "",
		"locationContactID": "",
		"locationContactType": "",
		"highCostDeliveryIndicator": "",
		"stopReason": "",
		"stopSequenceNumber": "",
		"totalStopWeight": "",
		"unitOfWeightMeasurementCode": "",
		"initialOfferedDate": "",
		"stopCharges": [{
			"chargeID": "",
			"chargeCode": "chargecode",
			"chargeQuantity": 25,
			"chargeUnitCode": "chargeunit",
			"chargeUnitRateAmount": 120,
			"customerAuthorizationFirstName": "custauthfn",
			"customerAuthorizationLastName": "custauthln",
			"customerAuthorizationNumber": "custauthno",
			"chargeLevelTypeCode": "STOP"
		}],
		"stopComments": [{
			"commentID": 23,
			"remark": "Dont Arrive earlier",
			"commentTypeCode": "Driver",
			"location": "Dallas",
			"commentLevelTypeCode": "STOP"
		}],
		"stopServices": [{
			"serviceID": 1,
			"serviceType": "Drop Trl",
			"serviceCount": 1,
			"unitOfServiceMeasurementCode": "HOURS",
			"serviceLevelTypeCode": "STOP",
			"lastUpdateTimestampString": "2017-01-12T22:54:33.792"
		}],
		"stopReferenceNumbers": [{
			"referenceNumberID": 5,
			"referenceNumberTypeCode": "Booking",
			"referenceNumberValue": "R109",
			"referenceNumberLevelTypeCode": "STOP",
			"associatedReferenceNumber": [{
				"referenceNumber": {
					"referenceNumberID": 5,
					"referenceNumberTypeCode": "Booking",
					"referenceNumberValue": "R109",
					"referenceNumberLevelTypeCode": "STOP"
				},
				"lastUpdateTimestampString": "2016-12-29T05:09:28.168"
			}],
			"lastUpdateTimestampString": "2016-12-20T06:09:28.168"
		}],
		"appointment": [{
			"appointmentID": "",
			"appointmentTypeCode": "",
			"appointmentConfirmationNumber": "",
			"requestCallBackIndicator": "",
			"recommendedAppointmentTimeStamp": "",
			"appointmentInboundDate": "",
			"appointmentDetails": [{
				"appointmentDetailID": "",
				"AppointmentSetReasonCode": ""
			}],
			"appointmentInstructionAssociation": [{
				"appointmentInstructionAssociationID": "",
				"appointmentInstruction": "",
				"appointmentInstructionAdditionalDetail": ""
			}],

			"appointmentDateTimeDetails": [{
				"appointmentDateTimeDetailID": "",
				"appointmentStartTimestamp": "",
				"appointmentEndTimestamp": "",
				"primaryAppointmentIndicator": "Y"
			}]
		}],
		"stopItemHandlingDetailAssociation": [{
			"stopItemHandlingDetailAssociationID": "",
			"itemHandlingDetail": {
				"itemHandlingDetailID": "",
				"itemHandlingTypeCode": "",
				"itemHandlingTypeQuantity": "",
				"itemHandlingUnitHeight": "",
				"itemHandlingUnitLength": "",
				"itemHandlingUnitWidth": "",
				"unitOfLengthMeasurementCode": "",
				"itemHandlingUnitVolume": "",
				"unitOfVolumeMeasurementCode": "",
				"itemHandlingUnitWeight": "",
				"unitOfWeightMeasurementCode": "",
				"itemHandlingUnitDensity": "",
				"unitOfDensityMeasurementCode": ""
			},
			"stopItem": {
				"stopItemID": "",
				"packagingUnitTypeQuantity": "",
				"freightClassCode": "",
				"itemDensity": "",
				"itemDescription": "",
				"itemHeight": "",
				"itemLength": "",
				"itemQuantity": "",
				"itemLengthType": "",
				"itemVolumeType": "",
				"itemStackingType": "",
				"itemVolume": "",
				"itemWeight": "",
				"itemWidth": "",
				"nmfcNumber": "",
				"packagingUnitTypeCode": "",
				"skuNumber": "",
				"unitOfLengthMeasurementCode": "",
				"unitOfVolumeMeasurementCode": "",
				"unitOfWeightMeasurementCode": "",
				"unitOfDensityMeasurementCode": "",
				"stopItemHazardousMaterialDetails": [{
					"stopItemHazardousMaterialDetailID": "",
					"driverCertificationRequiredIndicator": "",
					"emergencyResponsePhoneNumber": "",
					"hazardousMaterialSpecificationID": "",
					"providerContractNumber": "",
					"unitOfWeightMeasurementCode": "",
					"netExplosiveMassQuantity": "",
					"limitedQuantityIndicator": "",
					"reportableQuantityIndicator": "",
					"hazardousMaterialTechnicalname": ""
				}],
				"itemModelNumber": "",
				"itemExtremeLengthIndicator": "",
				"itemClassificationCode": "",
				"itemTemperatureControlMethodCode": "",
				"supplierSKU": "",
				"itemMake": "",
				"itemManufacturer": "",
				"itemCategory": "",
				"itemPartNumber": "",
				"ItemProtectionType": "",
				"itemUniversalProductCode": "",
				"stopItemSerialNumberDetail": [{
					"stopitemSerialNumberDetailID": "",
					"stopItemSerialNumber": ""
				}],
				"stopItemServiceDetail": [{
					"stopItemServiceDetailID": "",
					"itemServiceID": "",
					"itemServiceTypeCode": "",
					"itemServiceDescription": "",
					"itemServiceQuantity": ""
				}],
				"StopItemReferenceNumberAssociation": [{
					"stopItemReferenceNumberAssociationID": "",
					"stopReferenceNumber": [{
						"referenceNumberID": "",
						"referenceNumberTypeCode": "",
						"referenceNumberValue": "",
						"referenceNumberLevelTypeCode": ""
					}]
				}]
			}
		}],
		"orderReferenceNumbers": [{
			"referenceNumberID": 5,
			"referenceNumberTypeCode": "Booking",
			"referenceNumberValue": "R109",
			"referenceNumberLevelTypeCode": "ORDER",
			"lastUpdateTimestampString": "2016-12-20T06:09:28.168"
		}],
		"orderCrossBorderDetails": [{
			"OrderCrossBorderDetailID": "",
			"clearanceCountryCode": "Code",
			"customsBrokerCode": "Code",
			"lastUpdateTimestampString": "2016-12-27T00:33:26.966666700"
		}],
		"orderServices": [{
			"serviceID": "",
			"serviceType": "COD",
			"serviceCount": 1,
			"unitOfServiceMeasurementCode": "HOURS",
			"serviceLevelTypeCode": "ORDER",
			"lastUpdateTimestampString": "2016-12-27T00:42:02.690"
		}],
		"orderComments": [{
			"commentID": "",
			"remark": "Dont Arrive earlier",
			"commentTypeCode": "Driver",
			"location": "Dallas",
			"commentLevelTypeCode": "ORDER",
			"lastUpdateTimestampString": "2016-12-23T03:05:25.733"

		}]

	}]
}