{
  "chargeDTOs": [
    
  ],
  "commentDTOs": [
    
  ],
  "creator": null,
  "customerID": 1,
  "financeBusinessUnitCode": "DCS",
  "internationalOrderElement": [
    {
      "bondHolder": "Self",
      "bondHolderCarrierName": "Ferromax",
      "bondNumber": "1",
      "bondType": "IE",
      "entryNumber": "2",
      "portOfEntry": 1,
      "portOfExit": 2,
      "vesselNumber": "NULL",
      "voyageNumber": "NULL"
    }
  ],
  "internationalService": [
    {
      "serviceLevelTypeCode": "IOS",
      "serviceType": "DoorToDoor"
    }
  ],
  "orderAdditionalInstructions": [
    {
      "additionalInstructionText": "OrderaddInstText",
      "additionalInstructionType": "ORDER",
      "orderBillingDetailID": null,
      "orderEquipmentRequirementID": null,
      "stopID": null
    }
  ],
  "orderAssociatedParties": [
    {
      "addressDTO": {
        "addressLineOne": " ",
        "addressLineTwo": null,
        "city": null,
        "cityID": null,
        "country": null,
        "state": null,
        "zipCode": null
      },
      "contactDTO": {
        "contactId": "a",
        "contactMethod": null,
        "contactName": null,
        "contactType": null,
        "contactValue": null,
        "firstName": null,
        "lastName": null,
        "locationCode": null,
        "marketingArea": null,
        "profileCode": null,
        "profileName": null
      },
      "partyID": 1,
      "partyName": null,
      "partyStatus": null,
      "partyType": null
    }
  ],
  "orderBillingDetailDTOs": [
    {
      "autorateIndicator": "Y",
      "contactDTO": {
        "contactId": "a",
        "contactMethod": null,
        "contactName": null,
        "contactType": null,
        "contactValue": null,
        "firstName": null,
        "lastName": null,
        "locationCode": null,
        "marketingArea": null,
        "profileCode": null,
        "profileName": null
      },
      "freightChargeTermTypeCode": "COLLECT",
      "lineOfBusinessCode": "",
      "orderBillingAdditionalInstruction": [
        {
          "additionalInstructionText": null,
          "additionalInstructionType": "BILLING",
          "orderID": 0
        }
      ],
      "profileDTO": {
        "addressDTO": {
          "addressLineOne": " ",
          "addressLineTwo": null,
          "city": null,
          "cityID": null,
          "country": null,
          "state": null,
          "zipCode": null
        },
        "contactDTO": {
          "contactId": "a",
          "contactMethod": null,
          "contactName": null,
          "contactType": "EMAIL",
          "contactValue": null,
          "firstName": null,
          "lastName": null,
          "locationCode": null,
          "marketingArea": null,
          "profileCode": null,
          "profileName": null
        },
        "partyID": 1,
        "partyName": null,
        "partyStatus": null,
        "partyType": null
      },
      "ratingCycleDTO": {
        "ratingCode": "load",
        "ratingDescription": null
      }
    }
  ],
  "orderCarrierDetails": [
    {
      "orderCarrierDetailID": "",
      "orderVolumeTradeShowTypeCode": "TrdShip",
      "carrierName": "DCS ABSA52",
      "carrierQuoteNumber": "123",
      "carrierBoothNumber": "111"
    },
    {
      "orderCarrierDetailID": "",
      "orderVolumeTradeShowTypeCode": "VolShip",
      "carrierName": "DCS ABSA52",
      "carrierQuoteNumber": "123",
      "carrierBoothNumber": null
    }
  ],
  "orderGroupingID": "",
  "orderRefrigeratedIndicator": "Y",
  "orderCrossesBorderDetailDTOs": [
    {
      "clearingCountryCode": null,
      "profileDTO": {
        "addressDTO": {
          "addressLineOne": " ",
          "addressLineTwo": null,
          "city": null,
          "cityID": null,
          "country": null,
          "state": null,
          "zipCode": null
        },
        "contactDTO": {
          "contactId": "a",
          "contactMethod": null,
          "contactName": null,
          "contactType": null,
          "contactValue": null,
          "firstName": null,
          "lastName": null,
          "locationCode": null,
          "marketingArea": null,
          "profileCode": null,
          "profileName": null
        },
        "partyID": 1,
        "partyName": null,
        "partyStatus": null,
        "partyType": null
      }
    }
  ],
  "orderEquipmentRequirementDTOs": [
    {
      "orderEquipmentRequirement": {
        "orderEquipmentRequirementID": 1,
        "equipmentID": 0,
        "equipmentClassificationTypeAssociationID": 0,
        "equipmentLengthRequiredIndicator": "y",
        "equipmentTypeRequiredIndicator":"y",
        "trailerPreloadedIndicator": null,
        "orderNonCompanyEquipmentDetails": null,
        "lastUpdateTimestampString": null
      },
      "locationCodes": null,
      "trailerPrefix": "12345",
      "trailerNumber": null,
      "orderEquipmentTypeCategoryDetailDTO": {
        "equipmentCategoryCode": null,
        "equipmentTypeCode": null,
        "equipmentTypeDescription": null,
        "equipmentCategoryDescription": null,
        "equipmentCategoryClassificationTypeAssociationID": 1
      },
      "orderEquipmentRequirementSpecificationAssociationDTOs": [
        {
          "orderEquipmentRequirementSpecificationAssociationID": 0,
          "equipmentRequirementSpecificationAssociationID": 1,
          "equipmentRequirementTypeCode": null,
          "equipmentRequirementTypeDescription": null,
          "equipmentRequirementSpecificationCode": null,
          "equipmentRequirementSpecificationDescription": null,
          "equipmentRequirementSpecificationDetail": [
            {
              "id": 1,
              "detailDescription": null
            }
          ]
        }
      ],
      "orderEquipementRequirementFeatureAssociationDTOs": [
        {
          "orderEquipmentRequirementFeatureAssociationID": 0,
          "equipmentCategoryClassificationTypeFeatureAssociationID": 1,
          "equipmentFeatureCode": null,
          "equipmentFeatureDescription": null
        }
      ]
    }
  ],
  "orderHighValueIndicator": true,
  "orderID": 1,
  "orderMonitorInformations": [
    {
      "destinationMonitorArea": null,
      "orderMonitorInformationID": 1,
      "originMonitorArea": null
    }
  ],
  "orderOperationalElements": [
    {
      "fleetCode": "DCS ABSA52",
      "projectCode": "ASWE"
    }
  ],
  "orderRequestorDTOs": [
    {
      "outsourcing": false,
      "profileDTO": {
        "addressDTO": {
          "addressLineOne": " ",
          "addressLineTwo": null,
          "city": null,
          "cityID": null,
          "country": null,
          "state": null,
          "zipCode": null
        },
        "contactDTO": {
          "contactId": "572854",
          "contactMethod": null,
          "contactName": null,
          "contactType": "contype21",
          "contactValue": null,
          "firstName": null,
          "lastName": null,
          "locationCode": null,
          "marketingArea": null,
          "profileCode": null,
          "profileName": null
        },
        "partyID": 12355,
        "partyName": null,
        "partyStatus": null,
        "partyType": null
      }
    }
  ],
  "orderServices": [
    {
      "serviceCount": 1,
      "serviceLevelTypeCode": "ORDER",
      "serviceType": "COD",
      "stopID": "",
      "unitOfServiceMeasurementCode": "Hours"
    }
  ],
  "orderSubTypeCode": "CLC",
  "orderTypeCode": "Standard",
  "orderValueTypeCode": "High",
  "orderVolumeTypeCode": "VolShip",
  "servicePriorityTypeCode": "Precision",
  "shipmentIdentificationNumber": "1",
  "transitModeCode": "Truck",
  "orderSourceCode": "Biz nonedi",
  "orderStatusCode": "Incomplete",
  "orderTrackingNumber": "1",
  "orderValueAmount": 1,
  "owner": null,
  "requestedServiceLevelCode": null,
  "serviceOfferingCode": "Freezer",
  "stopDTOs": [
    {
      "stop": {
        "stopID": "",
        "locationID": null,
        "locationContactID": "",
        "locationContactType": "",
        "highCostDeliveryIndicator": "",
        "stopReason": "pickup",
        "stopSequenceNumber": "",
        "totalStopWeight": "",
        "unitOfWeightMeasurementCode": "",
        "initialOfferedDate": "",
        "appointment": [
          {
            "appointmentID": "",
            "appointmentTypeCode": "requested",
            "requestCallBackIndicator": "",
            "recommendedAppointmentTimeStamp": "",
            "appointmentInboundDate": "",
            "appointmentDetails": [
              {
                "appointmentDetailID": "",
                "AppointmentSetReasonCode": ""
              }
            ],
            "appointmentDateTimeDetails": [
              {
                "appointmentDateTimeDetailID": "",
                "appointmentStartTimestamp": "",
                "appointmentEndTimestamp": "",
                "primaryAppointmentIndicator": "Y"
              }
            ]
          },
          {
            "appointmentID": "",
            "appointmentTypeCode": "scheduled",
            "appointmentConfirmationNumber": "",
            "requestCallBackIndicator": "",
            "appointmentInboundDate": "",
            "appointmentDetails": [
              {
                "appointmentDetailID": "",
                "AppointmentSetReasonCode": ""
              }
            ],
            "appointmentInstructionAssociation": [
              {
                "appointmentInstructionAssociationID": "",
                "appointmentInstruction": "",
                "appointmentInstructionAdditionalDetail": ""
              }
            ],
            "appointmentDateTimeDetails": [
              {
                "appointmentDateTimeDetailID": "",
                "appointmentStartTimestamp": "",
                "appointmentEndTimestamp": "",
                "primaryAppointmentIndicator": "Y"
              }
            ]
          }
        ],
        "stopServices": [
          {
            "serviceID": 1,
            "serviceType": "Drop Trl",
            "serviceCount": 1,
            "unitOfServiceMeasurementCode": "HOURS",
            "serviceLevelTypeCode": "STOP"
          }
        ]
      },
      "stopMiles": "",
      "totalStopMiles": "",
      "totalOrderWeight": "",
      "totalStopWeight": "",
      "locationDTO": {
        "partyID": 1,
        "partyName": "coco-cola",
        "partyType": "SHIPPER",
        "partyStatus": "active",
        "addressDTO": {
          "addressLineOne": "",
          "addressLineTwo": "",
          "city": "",
          "state": "",
          "zipCode": "",
          "country": "",
          "cityID": ""
        },
        "contactDTO": {
          "contactId": "",
          "contactValue": "",
          "contactType": "",
          "contactName": "",
          "contactMethod": "",
          "locationCode": "",
          "firstName": "",
          "marketingArea": "",
          "lastName": "",
          "profileCode": "",
          "profileName": ""
        },
        "itemHandlingDetailDTOs": [
          {
            "itemHandlingDetail": {
              "itemHandlingDetailID": "1",
              "itemHandlingTypeCode": "Pallet",
              "itemHandlingTypeQuantity": "",
              "itemHandlingUnitHeight": "",
              "itemHandlingUnitLength": "",
              "itemHandlingUnitWidth": "",
              "unitOfLengthMeasurementCode": "",
              "itemHandlingUnitVolume": "",
              "unitOfVolumeMeasurementCode": "",
              "itemHandlingUnitWeight": "",
              "unitOfWeightMeasurementCode": "",
              "itemHandlingUnitDensity": "",
              "unitOfDensityMeasurementCode": "",
              "itemHandlingDetailReferenceNumberAssociations": [
                
              ]
            },
            "stopItemDTOs": [
              {
                "stopItem": {
                  "stopItemID": "1",
                  "packagingUnitTypeQuantity": "",
                  "freightClassCode": "",
                  "itemDensity": "",
                  "itemDescription": "",
                  "itemHeight": "",
                  "itemLength": "",
                  "itemQuantity": "",
                  "itemLengthType": "",
                  "itemVolumeType": "",
                  "itemStackingType": "",
                  "itemVolume": "",
                  "itemWeight": "",
                  "itemWidth": "",
                  "nmfcNumber": "",
                  "packagingUnitTypeCode": "",
                  "skuNumber": "",
                  "unitOfLengthMeasurementCode": "",
                  "unitOfVolumeMeasurementCode": "",
                  "unitOfWeightMeasurementCode": "",
                  "unitOfDensityMeasurementCode": "",
                  "stopItemHazardousMaterialDetails": [
                    {
                      "stopItemHazardousMaterialDetailID": "",
                      "driverCertificationRequiredIndicator": "",
                      "emergencyResponsePhoneNumber": "",
                      "hazardousMaterialSpecificationID": "12234",
                      "providerContractNumber": "",
                      "unitOfWeightMeasurementCode": "",
                      "netExplosiveMassQuantity": "",
                      "limitedQuantityIndicator": "",
                      "reportableQuantityIndicator": "",
                      "hazardousMaterialTechnicalname": ""
                    }
                  ],
                  "itemModelNumber": "",
                  "itemClassificationCode": "",
                  "itemTemperatureControlMethodCode": "Ambient",
                  "supplierSKU": "",
                  "itemMake": "",
                  "itemManufacturer": "",
                  "itemCategory": "",
                  "itemPartNumber": "",
                  "itemProtectionType": "",
                  "itemUniversalProductCode": "",
                  "stopItemSerialNumberDetails": [
                    
                  ],
                  "stopItemServiceDetails": [
                    
                  ]
                },
                "hazardousMaterialSpecificationDTO": {
                  "UNNACode": "",
                  "properShippingName": "Dangerous",
                  "primaryHazmatClass": "1.1",
                  "secondaryHazmatClass": "1.3E",
                  "packagingGroup": "I"
                }
              }
            ]
          }
        ]
      },
      "_links": {
        "stops": {
          "href": "http://ordermanagementorderservices-dev.jbhunt.com/ordermanagementorderservices/orders/{orderid}/stops/{stopid}"
        }
      }
    }
  ]
}