{
	"_embedded": {
		"equipmentRequirementSpecificationAssociations": [{
			"equipmentRequirementSpecificationAssociationID": 26,
			"equipmentRequirementType": {
				"equipmentRequirementTypeCode": "PersnalPro",
				"equipmentRequirementTypeDescription": "Personal Protection Equipment",
				"lastUpdateTimestampString": null
			},
			"equipmentRequirementSpecification": {
				"equipmentRequirementSpecificationCode": null,
				"equipmentRequirementSpecificationDescription": "Hand Trucks",
				"lastUpdateTimestampString": null
			},
			"effectiveTimestamp": null,
			"expirationTimestamp": null,
			"equipmentClassificationTypeRequirementAssociations": null,
			"lastUpdateTimestampString": null,
			"_links": {
				"self": {
					"href": "http://referencedataservices-dev.jbhunt.com/referencedataservices/equipmentRequirementSpecificationAssociations/26"
				},
				"equipmentRequirementSpecificationAssociation": {
					"href": "http://referencedataservices-dev.jbhunt.com/referencedataservices/equipmentRequirementSpecificationAssociations/26"
				},
				"equipmentRequirementType": {
					"href": "http://referencedataservices-dev.jbhunt.com/referencedataservices/equipmentRequirementSpecificationAssociations/26/equipmentRequirementType"
				},
				"equipmentRequirementSpecificationDetail": {
					"href": "http://referencedataservices-dev.jbhunt.com/referencedataservices/equipmentRequirementSpecificationAssociations/26/equipmentRequirementSpecificationDetail"
				},
				"equipmentClassificationTypeAssociation": {
					"href": "http://referencedataservices-dev.jbhunt.com/referencedataservices/equipmentRequirementSpecificationAssociations/26/equipmentClassificationTypeAssociation"
				}
			}
		}, {
			"equipmentRequirementSpecificationAssociationID": 27,
			"equipmentRequirementType": {
				"equipmentRequirementTypeCode": "PersnalPro",
				"equipmentRequirementTypeDescription": "Personal Protection Equipment",
				"lastUpdateTimestampString": null
			},
			"equipmentRequirementSpecification": {
				"equipmentRequirementSpecificationCode": null,
				"equipmentRequirementSpecificationDescription": "Moffets",
				"lastUpdateTimestampString": null
			},
			"effectiveTimestamp": null,
			"expirationTimestamp": null,
			"equipmentClassificationTypeRequirementAssociations": null,
			"lastUpdateTimestampString": null,
			"_links": {
				"self": {
					"href": "http://referencedataservices-dev.jbhunt.com/referencedataservices/equipmentRequirementSpecificationAssociations/27"
				},
				"equipmentRequirementSpecificationAssociation": {
					"href": "http://referencedataservices-dev.jbhunt.com/referencedataservices/equipmentRequirementSpecificationAssociations/27"
				},
				"equipmentRequirementType": {
					"href": "http://referencedataservices-dev.jbhunt.com/referencedataservices/equipmentRequirementSpecificationAssociations/27/equipmentRequirementType"
				},
				"equipmentRequirementSpecificationDetail": {
					"href": "http://referencedataservices-dev.jbhunt.com/referencedataservices/equipmentRequirementSpecificationAssociations/27/equipmentRequirementSpecificationDetail"
				},
				"equipmentClassificationTypeAssociation": {
					"href": "http://referencedataservices-dev.jbhunt.com/referencedataservices/equipmentRequirementSpecificationAssociations/27/equipmentClassificationTypeAssociation"
				}
			}
		}, {
			"equipmentRequirementSpecificationAssociationID": 25,
			"equipmentRequirementType": {
				"equipmentRequirementTypeCode": "PersnalPro",
				"equipmentRequirementTypeDescription": "Personal Protection Equipment",
				"lastUpdateTimestampString": null
			},
			"equipmentRequirementSpecification": {
				"equipmentRequirementSpecificationCode": null,
				"equipmentRequirementSpecificationDescription": "Manual Pallet Jack ",
				"lastUpdateTimestampString": null
			},
			"effectiveTimestamp": null,
			"expirationTimestamp": null,
			"equipmentClassificationTypeRequirementAssociations": null,
			"lastUpdateTimestampString": null,
			"_links": {
				"self": {
					"href": "http://referencedataservices-dev.jbhunt.com/referencedataservices/equipmentRequirementSpecificationAssociations/25"
				},
				"equipmentRequirementSpecificationAssociation": {
					"href": "http://referencedataservices-dev.jbhunt.com/referencedataservices/equipmentRequirementSpecificationAssociations/25"
				},
				"equipmentRequirementType": {
					"href": "http://referencedataservices-dev.jbhunt.com/referencedataservices/equipmentRequirementSpecificationAssociations/25/equipmentRequirementType"
				},
				"equipmentRequirementSpecificationDetail": {
					"href": "http://referencedataservices-dev.jbhunt.com/referencedataservices/equipmentRequirementSpecificationAssociations/25/equipmentRequirementSpecificationDetail"
				},
				"equipmentClassificationTypeAssociation": {
					"href": "http://referencedataservices-dev.jbhunt.com/referencedataservices/equipmentRequirementSpecificationAssociations/25/equipmentClassificationTypeAssociation"
				}
			}
		}, {
			"equipmentRequirementSpecificationAssociationID": 23,
			"equipmentRequirementType": {
				"equipmentRequirementTypeCode": "PersnalPro",
				"equipmentRequirementTypeDescription": "Personal Protection Equipment",
				"lastUpdateTimestampString": null
			},
			"equipmentRequirementSpecification": {
				"equipmentRequirementSpecificationCode": null,
				"equipmentRequirementSpecificationDescription": "Cones",
				"lastUpdateTimestampString": null
			},
			"effectiveTimestamp": null,
			"expirationTimestamp": null,
			"equipmentClassificationTypeRequirementAssociations": null,
			"lastUpdateTimestampString": null,
			"_links": {
				"self": {
					"href": "http://referencedataservices-dev.jbhunt.com/referencedataservices/equipmentRequirementSpecificationAssociations/23"
				},
				"equipmentRequirementSpecificationAssociation": {
					"href": "http://referencedataservices-dev.jbhunt.com/referencedataservices/equipmentRequirementSpecificationAssociations/23"
				},
				"equipmentRequirementType": {
					"href": "http://referencedataservices-dev.jbhunt.com/referencedataservices/equipmentRequirementSpecificationAssociations/23/equipmentRequirementType"
				},
				"equipmentRequirementSpecificationDetail": {
					"href": "http://referencedataservices-dev.jbhunt.com/referencedataservices/equipmentRequirementSpecificationAssociations/23/equipmentRequirementSpecificationDetail"
				},
				"equipmentClassificationTypeAssociation": {
					"href": "http://referencedataservices-dev.jbhunt.com/referencedataservices/equipmentRequirementSpecificationAssociations/23/equipmentClassificationTypeAssociation"
				}
			}
		}, {
			"equipmentRequirementSpecificationAssociationID": 24,
			"equipmentRequirementType": {
				"equipmentRequirementTypeCode": "PersnalPro",
				"equipmentRequirementTypeDescription": "Personal Protection Equipment",
				"lastUpdateTimestampString": null
			},
			"equipmentRequirementSpecification": {
				"equipmentRequirementSpecificationCode": null,
				"equipmentRequirementSpecificationDescription": "Flares",
				"lastUpdateTimestampString": null
			},
			"effectiveTimestamp": null,
			"expirationTimestamp": null,
			"equipmentClassificationTypeRequirementAssociations": null,
			"lastUpdateTimestampString": null,
			"_links": {
				"self": {
					"href": "http://referencedataservices-dev.jbhunt.com/referencedataservices/equipmentRequirementSpecificationAssociations/24"
				},
				"equipmentRequirementSpecificationAssociation": {
					"href": "http://referencedataservices-dev.jbhunt.com/referencedataservices/equipmentRequirementSpecificationAssociations/24"
				},
				"equipmentRequirementType": {
					"href": "http://referencedataservices-dev.jbhunt.com/referencedataservices/equipmentRequirementSpecificationAssociations/24/equipmentRequirementType"
				},
				"equipmentRequirementSpecificationDetail": {
					"href": "http://referencedataservices-dev.jbhunt.com/referencedataservices/equipmentRequirementSpecificationAssociations/24/equipmentRequirementSpecificationDetail"
				},
				"equipmentClassificationTypeAssociation": {
					"href": "http://referencedataservices-dev.jbhunt.com/referencedataservices/equipmentRequirementSpecificationAssociations/24/equipmentClassificationTypeAssociation"
				}
			}
		}, {
			"equipmentRequirementSpecificationAssociationID": 22,
			"equipmentRequirementType": {
				"equipmentRequirementTypeCode": "PersnalPro",
				"equipmentRequirementTypeDescription": "Personal Protection Equipment",
				"lastUpdateTimestampString": null
			},
			"equipmentRequirementSpecification": {
				"equipmentRequirementSpecificationCode": null,
				"equipmentRequirementSpecificationDescription": "Gloves",
				"lastUpdateTimestampString": null
			},
			"effectiveTimestamp": null,
			"expirationTimestamp": null,
			"equipmentClassificationTypeRequirementAssociations": null,
			"lastUpdateTimestampString": null,
			"_links": {
				"self": {
					"href": "http://referencedataservices-dev.jbhunt.com/referencedataservices/equipmentRequirementSpecificationAssociations/22"
				},
				"equipmentRequirementSpecificationAssociation": {
					"href": "http://referencedataservices-dev.jbhunt.com/referencedataservices/equipmentRequirementSpecificationAssociations/22"
				},
				"equipmentRequirementType": {
					"href": "http://referencedataservices-dev.jbhunt.com/referencedataservices/equipmentRequirementSpecificationAssociations/22/equipmentRequirementType"
				},
				"equipmentRequirementSpecificationDetail": {
					"href": "http://referencedataservices-dev.jbhunt.com/referencedataservices/equipmentRequirementSpecificationAssociations/22/equipmentRequirementSpecificationDetail"
				},
				"equipmentClassificationTypeAssociation": {
					"href": "http://referencedataservices-dev.jbhunt.com/referencedataservices/equipmentRequirementSpecificationAssociations/22/equipmentClassificationTypeAssociation"
				}
			}
		}, {
			"equipmentRequirementSpecificationAssociationID": 18,
			"equipmentRequirementType": {
				"equipmentRequirementTypeCode": "PersnalPro",
				"equipmentRequirementTypeDescription": "Personal Protection Equipment",
				"lastUpdateTimestampString": null
			},
			"equipmentRequirementSpecification": {
				"equipmentRequirementSpecificationCode": null,
				"equipmentRequirementSpecificationDescription": "Hard Hat",
				"lastUpdateTimestampString": null
			},
			"effectiveTimestamp": null,
			"expirationTimestamp": null,
			"equipmentClassificationTypeRequirementAssociations": null,
			"lastUpdateTimestampString": null,
			"_links": {
				"self": {
					"href": "http://referencedataservices-dev.jbhunt.com/referencedataservices/equipmentRequirementSpecificationAssociations/18"
				},
				"equipmentRequirementSpecificationAssociation": {
					"href": "http://referencedataservices-dev.jbhunt.com/referencedataservices/equipmentRequirementSpecificationAssociations/18"
				},
				"equipmentRequirementType": {
					"href": "http://referencedataservices-dev.jbhunt.com/referencedataservices/equipmentRequirementSpecificationAssociations/18/equipmentRequirementType"
				},
				"equipmentRequirementSpecificationDetail": {
					"href": "http://referencedataservices-dev.jbhunt.com/referencedataservices/equipmentRequirementSpecificationAssociations/18/equipmentRequirementSpecificationDetail"
				},
				"equipmentClassificationTypeAssociation": {
					"href": "http://referencedataservices-dev.jbhunt.com/referencedataservices/equipmentRequirementSpecificationAssociations/18/equipmentClassificationTypeAssociation"
				}
			}
		}, {
			"equipmentRequirementSpecificationAssociationID": 19,
			"equipmentRequirementType": {
				"equipmentRequirementTypeCode": "PersnalPro",
				"equipmentRequirementTypeDescription": "Personal Protection Equipment",
				"lastUpdateTimestampString": null
			},
			"equipmentRequirementSpecification": {
				"equipmentRequirementSpecificationCode": null,
				"equipmentRequirementSpecificationDescription": "Safety Glasses",
				"lastUpdateTimestampString": null
			},
			"effectiveTimestamp": null,
			"expirationTimestamp": null,
			"equipmentClassificationTypeRequirementAssociations": null,
			"lastUpdateTimestampString": null,
			"_links": {
				"self": {
					"href": "http://referencedataservices-dev.jbhunt.com/referencedataservices/equipmentRequirementSpecificationAssociations/19"
				},
				"equipmentRequirementSpecificationAssociation": {
					"href": "http://referencedataservices-dev.jbhunt.com/referencedataservices/equipmentRequirementSpecificationAssociations/19"
				},
				"equipmentRequirementType": {
					"href": "http://referencedataservices-dev.jbhunt.com/referencedataservices/equipmentRequirementSpecificationAssociations/19/equipmentRequirementType"
				},
				"equipmentRequirementSpecificationDetail": {
					"href": "http://referencedataservices-dev.jbhunt.com/referencedataservices/equipmentRequirementSpecificationAssociations/19/equipmentRequirementSpecificationDetail"
				},
				"equipmentClassificationTypeAssociation": {
					"href": "http://referencedataservices-dev.jbhunt.com/referencedataservices/equipmentRequirementSpecificationAssociations/19/equipmentClassificationTypeAssociation"
				}
			}
		}, {
			"equipmentRequirementSpecificationAssociationID": 20,
			"equipmentRequirementType": {
				"equipmentRequirementTypeCode": "PersnalPro",
				"equipmentRequirementTypeDescription": "Personal Protection Equipment",
				"lastUpdateTimestampString": null
			},
			"equipmentRequirementSpecification": {
				"equipmentRequirementSpecificationCode": null,
				"equipmentRequirementSpecificationDescription": "Steel Toed Boots",
				"lastUpdateTimestampString": null
			},
			"effectiveTimestamp": null,
			"expirationTimestamp": null,
			"equipmentClassificationTypeRequirementAssociations": null,
			"lastUpdateTimestampString": null,
			"_links": {
				"self": {
					"href": "http://referencedataservices-dev.jbhunt.com/referencedataservices/equipmentRequirementSpecificationAssociations/20"
				},
				"equipmentRequirementSpecificationAssociation": {
					"href": "http://referencedataservices-dev.jbhunt.com/referencedataservices/equipmentRequirementSpecificationAssociations/20"
				},
				"equipmentRequirementType": {
					"href": "http://referencedataservices-dev.jbhunt.com/referencedataservices/equipmentRequirementSpecificationAssociations/20/equipmentRequirementType"
				},
				"equipmentRequirementSpecificationDetail": {
					"href": "http://referencedataservices-dev.jbhunt.com/referencedataservices/equipmentRequirementSpecificationAssociations/20/equipmentRequirementSpecificationDetail"
				},
				"equipmentClassificationTypeAssociation": {
					"href": "http://referencedataservices-dev.jbhunt.com/referencedataservices/equipmentRequirementSpecificationAssociations/20/equipmentClassificationTypeAssociation"
				}
			}
		}, {
			"equipmentRequirementSpecificationAssociationID": 21,
			"equipmentRequirementType": {
				"equipmentRequirementTypeCode": "PersnalPro",
				"equipmentRequirementTypeDescription": "Personal Protection Equipment",
				"lastUpdateTimestampString": null
			},
			"equipmentRequirementSpecification": {
				"equipmentRequirementSpecificationCode": null,
				"equipmentRequirementSpecificationDescription": "Vest",
				"lastUpdateTimestampString": null
			},
			"effectiveTimestamp": null,
			"expirationTimestamp": null,
			"equipmentClassificationTypeRequirementAssociations": null,
			"lastUpdateTimestampString": null,
			"_links": {
				"self": {
					"href": "http://referencedataservices-dev.jbhunt.com/referencedataservices/equipmentRequirementSpecificationAssociations/21"
				},
				"equipmentRequirementSpecificationAssociation": {
					"href": "http://referencedataservices-dev.jbhunt.com/referencedataservices/equipmentRequirementSpecificationAssociations/21"
				},
				"equipmentRequirementType": {
					"href": "http://referencedataservices-dev.jbhunt.com/referencedataservices/equipmentRequirementSpecificationAssociations/21/equipmentRequirementType"
				},
				"equipmentRequirementSpecificationDetail": {
					"href": "http://referencedataservices-dev.jbhunt.com/referencedataservices/equipmentRequirementSpecificationAssociations/21/equipmentRequirementSpecificationDetail"
				},
				"equipmentClassificationTypeAssociation": {
					"href": "http://referencedataservices-dev.jbhunt.com/referencedataservices/equipmentRequirementSpecificationAssociations/21/equipmentClassificationTypeAssociation"
				}
			}
		}]
	},
	"_links": {
		"self": {
			"href": "http://referencedataservices-dev.jbhunt.com/referencedataservices/equipmentRequirementSpecificationAssociations/search/findDefaultRequirements"
		}
	}
}