{
	"OrderId": "EG65123",
	"OrderStatus": "Pending",
	"Truck": "ORD843944",
	"Trailer": "JBH-938493 Preloaded Standard Container",
	"billAddress":"Coca Cola (COL839) 389 Eastern Summit Blvd White Castle - WC3, IL, 83492, USA",
	"billPhone":"John Doe (804)123-1234",
	"Pickup":"2/9/17 10:00am EST",
	"OrgAppointmentNo":"293849593042",
	"OrgAddress":"Coca Cola (COL839) 389 Eastern Summit Blvd White Castle - WC3, IL, 83492, USA",
	"OrgPersonName":"Tom Riddle",
	"Delivery":"2/9/17 10:00am EST",
	"DesAppointmentNo":"293849593042",
	"DesAddress":"Coca Cola (COL839) 389 Eastern Summit Blvd White Castle - WC3, IL, 83492, USA",
	"DesPersonName":"Tom Riddle",
	"IntermediateStops":"7",
	"OrderOwner":"John Doe",
	"OrderCreator":"John Doe EDI",
	"RateType":"Published Rate",
	"RateStatus":"Invoiced",
	"RateContact":"CN234234234234 01/02/2017 to 09/25/2018",
	"PublicationSection":"RQWEPI345122120",
	"PublicationItem":"RPI345122120",
	"totalBillMilles":"234 Miles"
}