{  
   "ServiceOfferingList":[  
      {  
         "id":"OTR",
         "name":"OTR"
      },
      {  
         "id":"Intermodal",
         "name":"Intermodal"
      },
      {  
         "id":"Backhaul",
         "name":"Backhaul"
      },
      {  
         "id":"Dedicated",
         "name":"Dedicated"
      },
      {  
         "id":"Brokerage",
         "name":"Brokerage"
      },
      {  
         "id":"LTL",
         "name":"LTL"
      },
      {  
         "id":"Refrigerated",
         "name":"Refrigerated"
      },
      {  
         "id":"Flatbed",
         "name":"Flatbed"
      },
      {  
         "id":"Maritime",
         "name":"Maritime"
      }
   ]
}