{
  "content": [
    {
      "stop": {
        "@id": 1,
        "stopID": 1,
        "locationID": 12345,
        "locationContactID": 1,
        "locationContactType": "Phone",
        "highCostDeliveryIndicator": null,
        "stopReason": "PICKUP",
        "stopSequenceNumber": 1,
        "totalStopWeight": 22,
        "unitOfWeightMeasurementCode": "Grams",
        "initialOfferedDate": "2017-03-20",
        "order": null,
        "stopCharges": null,
        "stopComments": null,
        "stopServices": [],
        "stopReferenceNumbers": null,
        "appointment": null,
        "stopItemHandlingDetailAssociation": null,
        "stopAdditionalInstructions": null,
        "lastUpdateTimestampString": "2017-04-06T09:45:10.058"
      },
      "stopMiles": 120,
      "totalStopMiles": null,
      "totalOrderWeight": 24,
      "totalStopWeight": 22,
      "locationDTO": {
        "partyID": 12345,
        "partyName": "COCO-COLA",
        "partyType": "shipper",
        "partyStatus": "yes",
        "addressDTO": {
          "addressLineOne": " ",
          "addressLineTwo": " ",
          "city": "NY",
          "state": "Indiana",
          "zipCode": "72740",
          "country": "Canada",
          "cityID": "1234"
        },
        "contactDTO": {
          "contactId": 12345,
          "contactValue": "972-731-4500",
          "contactType": "ORDER CONTACT",
          "contactName": "",
          "contactMethod": "TELEPHONE",
          "locationCode": null,
          "firstName": null,
          "marketingArea": null,
          "lastName": null,
          "profileCode": "Operations",
          "profileName": null
        }
      },
      "link": {
        "rel": "stopDetail",
        "href": "http://localhost:8089/ordermanagementorderservices/orders/1/stops/1"
      },
      "itemHandlingDetailDTOs": null
    },
    {
      "stop": {
        "@id": 2,
        "stopID": 4,
        "locationID": 1234,
        "locationContactID": 1,
        "locationContactType": "LocConType",
        "highCostDeliveryIndicator": null,
        "stopReason": "DELIVERY",
        "stopSequenceNumber": 2,
        "totalStopWeight": 30,
        "unitOfWeightMeasurementCode": "gram",
        "initialOfferedDate": null,
        "order": null,
        "stopCharges": null,
        "stopComments": null,
        "stopServices": [],
        "stopReferenceNumbers": null,
        "appointment": null,
        "stopItemHandlingDetailAssociation": null,
        "stopAdditionalInstructions": null,
        "lastUpdateTimestampString": "2017-04-08T02:39:18.408"
      },
      "stopMiles": 20,
      "totalStopMiles": null,
      "totalOrderWeight": null,
      "totalStopWeight": 30,
      "locationDTO": {
        "partyID": 1234,
        "partyName": "COCO-COLA",
        "partyType": "shipper",
        "partyStatus": "yes",
        "addressDTO": {
          "addressLineOne": " ",
          "addressLineTwo": " ",
          "city": "NY",
          "state": "Indiana",
          "zipCode": "72741",
          "country": "UK",
          "cityID": "1234"
        },
        "contactDTO": {
          "contactId": 12345,
          "contactValue": "972-731-4500",
          "contactType": "ORDER CONTACT",
          "contactName": "",
          "contactMethod": "TELEPHONE",
          "locationCode": null,
          "firstName": null,
          "marketingArea": null,
          "lastName": null,
          "profileCode": "Operations",
          "profileName": null
        }
      },
      "link": {
        "rel": "stopDetail",
        "href": "http://localhost:8089/ordermanagementorderservices/orders/1/stops/4"
      },
      "itemHandlingDetailDTOs": null
    },
    {
      "stop": {
        "@id": 3,
        "stopID": 11,
        "locationID": 1,
        "locationContactID": 1,
        "locationContactType": "LocConType",
        "highCostDeliveryIndicator": null,
        "stopReason": "DELIVERY",
        "stopSequenceNumber": 6,
        "totalStopWeight": 1,
        "unitOfWeightMeasurementCode": "gram",
        "initialOfferedDate": null,
        "order": null,
        "stopCharges": null,
        "stopComments": null,
        "stopServices": [],
        "stopReferenceNumbers": null,
        "appointment": null,
        "stopItemHandlingDetailAssociation": null,
        "stopAdditionalInstructions": null,
        "lastUpdateTimestampString": "2017-04-08T02:27:01.971"
      },
      "stopMiles": 20,
      "totalStopMiles": null,
      "totalOrderWeight": null,
      "totalStopWeight": 1,
      "locationDTO": {
        "partyID": 1,
        "partyName": "COCO-COLA",
        "partyType": "shipper",
        "partyStatus": "yes",
        "addressDTO": {
          "addressLineOne": " ",
          "addressLineTwo": " ",
          "city": "NY",
          "state": "Indiana",
          "zipCode": "72743",
          "country": "France",
          "cityID": "1234"
        },
        "contactDTO": {
          "contactId": 12345,
          "contactValue": "972-731-4500",
          "contactType": "ORDER CONTACT",
          "contactName": "",
          "contactMethod": "TELEPHONE",
          "locationCode": null,
          "firstName": null,
          "marketingArea": null,
          "lastName": null,
          "profileCode": "Operations",
          "profileName": null
        }
      },
      "link": {
        "rel": "stopDetail",
        "href": "http://localhost:8089/ordermanagementorderservices/orders/1/stops/11"
      },
      "itemHandlingDetailDTOs": null
    },
    {
      "stop": {
        "@id": 4,
        "stopID": 12,
        "locationID": 1,
        "locationContactID": 1,
        "locationContactType": "LocConType",
        "highCostDeliveryIndicator": null,
        "stopReason": "Pickup",
        "stopSequenceNumber": 4,
        "totalStopWeight": 1,
        "unitOfWeightMeasurementCode": "gram",
        "initialOfferedDate": null,
        "order": null,
        "stopCharges": null,
        "stopComments": null,
        "stopServices": [],
        "stopReferenceNumbers": null,
        "appointment": null,
        "stopItemHandlingDetailAssociation": null,
        "stopAdditionalInstructions": null,
        "lastUpdateTimestampString": "2017-04-08T02:38:15.855"
      },
      "stopMiles": 20,
      "totalStopMiles": null,
      "totalOrderWeight": null,
      "totalStopWeight": 1,
      "locationDTO": {
        "partyID": 1,
        "partyName": "COCO-COLA",
        "partyType": "shipper",
        "partyStatus": "yes",
        "addressDTO": {
          "addressLineOne": " ",
          "addressLineTwo": " ",
          "city": "NY",
          "state": "Indiana",
          "zipCode": "72746",
          "country": "Australia",
          "cityID": "1234"
        },
        "contactDTO": {
          "contactId": 12345,
          "contactValue": "972-731-4500",
          "contactType": "ORDER CONTACT",
          "contactName": "",
          "contactMethod": "TELEPHONE",
          "locationCode": null,
          "firstName": null,
          "marketingArea": null,
          "lastName": null,
          "profileCode": "Operations",
          "profileName": null
        }
      },
      "link": {
        "rel": "stopDetail",
        "href": "http://localhost:8089/ordermanagementorderservices/orders/1/stops/12"
      },
      "itemHandlingDetailDTOs": null
    },
    {
      "stop": {
        "@id": 5,
        "stopID": 13,
        "locationID": 1,
        "locationContactID": 1,
        "locationContactType": "LocConType",
        "highCostDeliveryIndicator": null,
        "stopReason": "Pickup",
        "stopSequenceNumber": 5,
        "totalStopWeight": 1,
        "unitOfWeightMeasurementCode": "gram",
        "initialOfferedDate": null,
        "order": null,
        "stopCharges": null,
        "stopComments": null,
        "stopServices": [],
        "stopReferenceNumbers": null,
        "appointment": null,
        "stopItemHandlingDetailAssociation": null,
        "stopAdditionalInstructions": null,
        "lastUpdateTimestampString": "2017-04-08T02:38:15.835"
      },
      "stopMiles": 20,
      "totalStopMiles": null,
      "totalOrderWeight": null,
      "totalStopWeight": 1,
      "locationDTO": {
        "partyID": 1,
        "partyName": "COCO-COLA",
        "partyType": "shipper",
        "partyStatus": "yes",
        "addressDTO": {
          "addressLineOne": " ",
          "addressLineTwo": " ",
          "city": "NY",
          "state": "Indiana",
          "zipCode": "72742",
          "country": "India",
          "cityID": "1234"
        },
        "contactDTO": {
          "contactId": 12345,
          "contactValue": "972-731-4500",
          "contactType": "ORDER CONTACT",
          "contactName": "",
          "contactMethod": "TELEPHONE",
          "locationCode": null,
          "firstName": null,
          "marketingArea": null,
          "lastName": null,
          "profileCode": "Operations",
          "profileName": null
        }
      },
      "link": {
        "rel": "stopDetail",
        "href": "http://localhost:8089/ordermanagementorderservices/orders/1/stops/13"
      },
      "itemHandlingDetailDTOs": null
    },
    {
      "stop": {
        "@id": 6,
        "stopID": 14,
        "locationID": 1,
        "locationContactID": 1,
        "locationContactType": "LocConType",
        "highCostDeliveryIndicator": null,
        "stopReason": "Delivery",
        "stopSequenceNumber": 3,
        "totalStopWeight": 1,
        "unitOfWeightMeasurementCode": "gram",
        "initialOfferedDate": null,
        "order": null,
        "stopCharges": null,
        "stopComments": null,
        "stopServices": [],
        "stopReferenceNumbers": null,
        "appointment": null,
        "stopItemHandlingDetailAssociation": null,
        "stopAdditionalInstructions": null,
        "lastUpdateTimestampString": "2017-04-08T02:38:15.877"
      },
      "stopMiles": 20,
      "totalStopMiles": null,
      "totalOrderWeight": null,
      "totalStopWeight": 1,
      "locationDTO": {
        "partyID": 1,
        "partyName": "COCO-COLA",
        "partyType": "shipper",
        "partyStatus": "yes",
        "addressDTO": {
          "addressLineOne": " ",
          "addressLineTwo": " ",
          "city": "NY",
          "state": "Indiana",
          "zipCode": "72742",
          "country": "Germany",
          "cityID": "1234"
        },
        "contactDTO": {
          "contactId": 12345,
          "contactValue": "972-731-4500",
          "contactType": "ORDER CONTACT",
          "contactName": "",
          "contactMethod": "TELEPHONE",
          "locationCode": null,
          "firstName": null,
          "marketingArea": null,
          "lastName": null,
          "profileCode": "Operations",
          "profileName": null
        }
      },
      "link": {
        "rel": "stopDetail",
        "href": "http://localhost:8089/ordermanagementorderservices/orders/1/stops/14"
      },
      "itemHandlingDetailDTOs": null
    },
    {
      "stop": {
        "@id": 7,
        "stopID": 15,
        "locationID": 1,
        "locationContactID": 1,
        "locationContactType": "LocConType",
        "highCostDeliveryIndicator": null,
        "stopReason": "Delivery",
        "stopSequenceNumber": 7,
        "totalStopWeight": 1,
        "unitOfWeightMeasurementCode": "gram",
        "initialOfferedDate": null,
        "order": null,
        "stopCharges": null,
        "stopComments": null,
        "stopServices": [],
        "stopReferenceNumbers": null,
        "appointment": null,
        "stopItemHandlingDetailAssociation": null,
        "stopAdditionalInstructions": null,
        "lastUpdateTimestampString": "2017-04-07T02:23:24.72"
      },
      "stopMiles": 20,
      "totalStopMiles": null,
      "totalOrderWeight": null,
      "totalStopWeight": 1,
      "locationDTO": {
        "partyID": 1,
        "partyName": "COCO-COLA",
        "partyType": "shipper",
        "partyStatus": "yes",
        "addressDTO": {
          "addressLineOne": " ",
          "addressLineTwo": " ",
          "city": "NY",
          "state": "Indiana",
          "zipCode": "72742",
          "country": "Netherland",
          "cityID": "1234"
        },
        "contactDTO": {
          "contactId": 12345,
          "contactValue": "972-731-4500",
          "contactType": "ORDER CONTACT",
          "contactName": "",
          "contactMethod": "TELEPHONE",
          "locationCode": null,
          "firstName": null,
          "marketingArea": null,
          "lastName": null,
          "profileCode": "Operations",
          "profileName": null
        }
      },
      "link": {
        "rel": "stopDetail",
        "href": "http://localhost:8089/ordermanagementorderservices/orders/1/stops/15"
      },
      "itemHandlingDetailDTOs": null
    }
  ],
  "totalPages": 1,
  "totalElements": 7,
  "last": true,
  "size": 0,
  "number": 0,
  "sort": null,
  "first": true,
  "numberOfElements": 7
}