{
	"stopDTO": {
		"stop": {
			"stopID": "",
			"locationID": null,
			"locationContactID": "",
			"locationContactType": "",
			"highCostDeliveryIndicator": "",
			"stopReason": "",
			"stopSequenceNumber": "",
			"totalStopWeight": "",
			"unitOfWeightMeasurementCode": "",
			"initialOfferedDate": "",
			"stopServices": [{
				"serviceID": 1,
				"serviceType": "",
				"serviceCount": 1,
				"unitOfServiceMeasurementCode": "",
				"serviceLevelTypeCode": ""
			}],
			"appointment": [{
				"appointmentID": "",
				"appointmentTypeCode": "requested",
				"requestCallBackIndicator": "",
				"recommendedAppointmentTimeStamp": "",
				"appointmentInboundDate": "",
				"appointmentDetails": [{
					"appointmentDetailID": "",
					"AppointmentSetReasonCode": ""
				}],				
				"appointmentDateTimeDetails": [{
					"appointmentDateTimeDetailID": "",
					"appointmentStartTimestamp": "",
					"appointmentEndTimestamp": "",
					"primaryAppointmentIndicator": "Y"
				}]
			}, {
				"appointmentID": "",
				"appointmentTypeCode": "scheduled",
				"appointmentConfirmationNumber": "",
				"requestCallBackIndicator": "",
				"appointmentInboundDate": "",
				"appointmentDetails": [{
					"appointmentDetailID": "",
					"AppointmentSetReasonCode": ""
				}],
				"appointmentInstructionAssociation": [{
					"appointmentInstructionAssociationID": "",
					"appointmentInstruction": "",
					"appointmentInstructionAdditionalDetail": ""
				}],
				"appointmentDateTimeDetails": [{
					"appointmentDateTimeDetailID": "",
					"appointmentStartTimestamp": "",
					"appointmentEndTimestamp": "",
					"primaryAppointmentIndicator": "Y"
				}]
			}]


		},
		"stopMiles": "",
		"totalStopMiles": "",
		"totalOrderWeight": "",
		"totalStopWeight": "",
		"locationDTO": {
			"partyID": 1,
			"partyName": "",
			"partyType": "",
			"partyStatus": "",
			"addressDTO": {
				"addressLineOne": "",
				"addressLineTwo": "",
				"city": "",
				"state": "",
				"zipCode": "",
				"country": "",
				"cityID": ""
			},
			"contactDTO": {
				"contactId": "",
				"contactValue": "",
				"contactType": "",
				"contactName": "",
				"contactMethod": "",
				"locationID": "",
				"firstName": "",
				"marketingArea": "",
				"lastName": "",
				"profileCode": "",
				"profileName": ""
			}
		},
		"itemHandlingDetailDTOs": [{
			"itemHandlingDetail": {
				"itemHandlingDetailID": "",
				"itemHandlingTypeCode": "",
				"itemHandlingTypeQuantity": "",
				"itemHandlingUnitHeight": "",
				"itemHandlingUnitLength": "",
				"itemHandlingUnitWidth": "",
				"unitOfLengthMeasurementCode": "",
				"itemHandlingUnitVolume": "",
				"unitOfVolumeMeasurementCode": "",
				"itemHandlingUnitWeight": "",
				"unitOfWeightMeasurementCode": "",
				"itemHandlingUnitDensity": "",
				"unitOfDensityMeasurementCode": "",
				"itemHandlingDetailReferenceNumberAssociations": [{
					"itemHandlingDetailReferenceNumberAssociationID": "",
					"stopReferenceNumber": [{
						"referenceNumberID": "",
						"referenceNumberTypeCode": "",
						"referenceNumberValue": "",
						"referenceNumberLevelTypeCode": ""
					}]
				}]
			},
			"stopItemDTOs": [{
				"stopItem": {
					"stopItemID": "",
					"packagingUnitTypeQuantity": "",
					"freightClassCode": "",
					"itemDensity": "",
					"itemDescription": "",
					"itemHeight": "",
					"itemLength": "",
					"itemQuantity": "",
					"itemLengthType": "",
					"itemVolumeType": "",
					"itemStackingType": "",
					"itemVolume": "",
					"itemWeight": "",
					"itemWidth": "",
					"nmfcNumber": "",
					"packagingUnitTypeCode": "",
					"skuNumber": "",
					"unitOfLengthMeasurementCode": "",
					"unitOfVolumeMeasurementCode": "",
					"unitOfWeightMeasurementCode": "",
					"unitOfDensityMeasurementCode": "",
					"stopItemHazardousMaterialDetails": [{
						"stopItemHazardousMaterialDetailID": "",
						"driverCertificationRequiredIndicator": "",
						"emergencyResponsePhoneNumber": "",
						"hazardousMaterialSpecificationID": "",
						"providerContractNumber": "",
						"unitOfWeightMeasurementCode": "",
						"netExplosiveMassQuantity": "",
						"limitedQuantityIndicator": "",
						"reportableQuantityIndicator": "",
						"hazardousMaterialTechnicalname": ""
					}],
					"itemModelNumber": "",
					"itemClassificationCode": "",
					"itemTemperatureControlMethodCode": "",
					"supplierSKU": "",
					"itemMake": "",
					"itemManufacturer": "",
					"itemCategory": "",
					"itemPartNumber": "",
					"ItemProtectionType": "",
					"itemUniversalProductCode": "",
					"stopItemSerialNumberDetail": [],
					"stopItemServiceDetail": []
				},
				"unnaCode": "",
				"properShippingName": "",
				"primaryHazmatClass": "",
				"secondaryHazmatClass": "",
				"packagingGroup": "",
				"stopbarCode": []
			}]
		}]

	}
}