{
	"stopDTO": {
		"stop": {
			"stopID": 1,
			"locationID": null,
			"locationContactID": "",
			"locationContactType": "UK",
			"highCostDeliveryIndicator": "",
			"stopReason": "Pickup",
			"stopSequenceNumber": "14",
			"totalStopWeight": "",
			"unitOfWeightMeasurementCode": "",
			"initialOfferedDate": "",
			"stopServices": [{
					"serviceID": 1,
					"serviceType": "Drop Trl",
					"serviceCount": 1,
					"unitOfServiceMeasurementCode": "HOURS",
					"serviceLevelTypeCode": "Adm9"
				},
				{
					"serviceID": 1,
					"serviceType": "Drop Trl",
					"serviceCount": 1,
					"unitOfServiceMeasurementCode": "HOURS",
					"serviceLevelTypeCode": "Admi1"
				}
			],
			"appointment": [{
					"appointmentID": "",
					"appointmentTypeCode": "requested",
					"requestCallBackIndicator": "",
					"recommendedAppointmentTimeStamp": "",
					"appointmentInboundDate": "",
					"appointmentDetails": [{
						"appointmentDetailID": "",
						"AppointmentSetReasonCode": ""
					}],
					"appointmentDateTimeDetails": [{
						"appointmentDateTimeDetailID": "",
						"appointmentStartTimestamp": "2016-07-20T05:09:28.168",
						"appointmentEndTimestamp": "2016-07-21T06:09:28.168",
						"primaryAppointmentIndicator": "Y"
					},
					{
						"appointmentDateTimeDetailID": "",
						"appointmentStartTimestamp": "2016-03-10T06:04:28.168",
						"appointmentEndTimestamp": "2016-02-09T07:03:28.168",
						"primaryAppointmentIndicator": "Y"
					}]
				},
				{
					"appointmentID": "",
					"appointmentTypeCode": "scheduled",
					"appointmentConfirmationNumber": "15",
					"requestCallBackIndicator": "",
					"appointmentInboundDate": "",
					"appointmentDetails": [{
						"appointmentDetailID": "",
						"AppointmentSetReasonCode": ""
					}],
					"appointmentInstructionAssociation": [{
							"appointmentInstructionAssociationID": "",
							"appointmentInstruction": "1",
							"appointmentInstructionAdditionalDetail": ""
						},
						{
							"appointmentInstructionAssociationID": "",
							"appointmentInstruction": "3",
							"appointmentInstructionAdditionalDetail": ""
						}
					],
					"appointmentDateTimeDetails": [{
						"appointmentDateTimeDetailID": "",
						"appointmentStartTimestamp": "2016-07-18T04:06:28.168",
						"appointmentEndTimestamp": "2016-07-19T05:09:28.168",
						"primaryAppointmentIndicator": "Y"
					},
					{
						"appointmentDateTimeDetailID": "",
						"appointmentStartTimestamp": "2016-07-12T06:04:28.168",
						"appointmentEndTimestamp": "2016-08-13T07:03:28.168",
						"primaryAppointmentIndicator": "Y"
					}]
				}
			]
		},
		"stopMiles": "",
		"totalStopMiles": "",
		"totalOrderWeight": "",
		"totalStopWeight": "",
		"locationDTO": {
			"partyID": 1,
			"partyName": "coco-cola",
			"partyType": "SHIPPER",
			"partyStatus": "active",
			"addressDTO": {
				"addressLineOne": "",
				"addressLineTwo": "",
				"city": "",
				"state": "",
				"zipCode": "",
				"country": "",
				"cityID": ""
			},
			"contactDTO": {
				"contactId": "",
				"contactValue": "",
				"contactType": "",
				"contactName": "",
				"contactMethod": "",
				"locationID": "",
				"firstName": "",
				"marketingArea": "",
				"lastName": "",
				"profileCode": "",
				"profileName": ""
			}
		},
		"itemHandlingDetailDTOs": [{
			"itemHandlingDetail": {
				"itemHandlingDetailID": 1,
				"itemHandlingTypeCode": "",
				"itemHandlingTypeQuantity": "",
				"itemHandlingUnitHeight": "",
				"itemHandlingUnitLength": "",
				"itemHandlingUnitWidth": "",
				"unitOfLengthMeasurementCode": "",
				"itemHandlingUnitVolume": "",
				"unitOfVolumeMeasurementCode": "",
				"itemHandlingUnitWeight": "",
				"unitOfWeightMeasurementCode": "",
				"itemHandlingUnitDensity": "",
				"unitOfDensityMeasurementCode": "",
				"itemHandlingDetailReferenceNumberAssociations": []
			},
			"stopItemDTOs": [{
				"stopItem": {
					"stopItemID": "",
					"packagingUnitTypeQuantity": "",
					"freightClassCode": "",
					"itemDensity": "",
					"itemDescription": "",
					"itemHeight": "",
					"itemLength": "",
					"itemQuantity": "",
					"itemLengthType": "",
					"itemVolumeType": "",
					"itemStackingType": "",
					"itemVolume": "",
					"itemWeight": "",
					"itemWidth": "",
					"nmfcNumber": "",
					"packagingUnitTypeCode": "",
					"skuNumber": "",
					"unitOfLengthMeasurementCode": "",
					"unitOfVolumeMeasurementCode": "",
					"unitOfWeightMeasurementCode": "",
					"unitOfDensityMeasurementCode": "",
					"stopItemHazardousMaterialDetails": [],
					"itemModelNumber": "",
					"itemClassificationCode": "",
					"itemTemperatureControlMethodCode": "",
					"supplierSKU": "",
					"itemMake": "",
					"itemManufacturer": "",
					"itemCategory": "",
					"itemPartNumber": "",
					"itemProtectionType": "",
					"itemUniversalProductCode": "",
					"stopItemSerialNumberDetails": [],
					"stopItemServiceDetails": []
				},
				"unnaCode": "",
				"properShippingName": "",
				"primaryHazmatClass": "",
				"secondaryHazmatClass": "",
				"packagingGroup": "",
				"stopbarCode": []
			}]
		}]

	}
}