{
        "totalRecords": 12,
        "profileDTO": [{
                "code": "1010101",
                "name": "Coca-Cola",
                "marketingArea": null,
                "addressDTO": {
                        "cityID": "12365",
                        "city": "DALLAS",
                        "state": "TX",
                        "zipcode": "12345",
                        "country": "Arkansas",
                        "addressLine1": "6445 LEMMON AVE",
                        "addressLine2": "DALLAS"
                },
                "roleTye": "Bill To",
                "partyStatus": "yes"
        }, {
                "code": "1010202",
                "name": "Coca-Cola1",
                "marketingArea": null,
                "addressDTO": {
                        "cityID": "12445",
                        "city": "ATLANTA",
                        "state": "GA",
                        "zipcode": "30301",
                        "country": "Georgia",
                        "addressLine1": "1734 COKE AVE",
                        "addressLine2": "ATLANTA"
                },
                "roleTye": "Bill To",
                "partyStatus": "yes"
        }, {
                "code": "1010303",
                "name": "Coca-Cola2",
                "marketingArea": null,
                "addressDTO": {
                        "cityID": "35217",
                        "city": "BIRMINGHAM",
                        "state": "AL",
                        "zipcode": "35201",
                        "country": "ALABAMA",
                        "addressLine1": "4600 EAST LAKE BOULEVARD",
                        "addressLine2": "BIRMINGHAM"
                },
                "roleTye": "Bill To",
                "partyStatus": "yes"
        }, {
                "code": "1010404",
                "name": "Coca-Cola3",
                "marketingArea": null,
                "addressDTO": {
                        "cityID": "35227",
                        "city": "CULLMAN",
                        "state": "AL",
                        "zipcode": "35057",
                        "country": "ALABAMA",
                        "addressLine1": "1145 COUNTY ROAD",
                        "addressLine2": "437 CULLMAN"
                },
                "roleTye": "Bill To",
                "partyStatus": "yes"
        }, {
                "code": "1010505",
                "name": "Coca-Cola4",
                "marketingArea": null,
                "addressDTO": {
                        "cityID": "35287",
                        "city": "OXFORD",
                        "state": "AL",
                        "zipcode": "36203",
                        "country": "ALABAMA",
                        "addressLine1": "701 WEST HAMRIC DRIVE",
                        "addressLine2": "OXFORD"
                },
                "roleTye": "Bill To",
                "partyStatus": "yes"
        }]
}