{
  "took": 31,
  "timed_out": false,
  "_shards": {
    "total": 5,
    "successful": 5,
    "failed": 0
  },
  "hits": {
    "total": 11059,
    "max_score": 7.516379,
    "hits": [
      {
        "_index": "account_detail",
        "_type": "account_info",
        "_id": "132911",
        "_score": 7.516379,
        "_source": {
          "OrganizationName": "MARISOL INTERNATIONAL LLC",
          "PartyID": "132911"
        },
        "highlight": {
          "OrganizationName": [
            "<em>MARISOL</em> INTERNATIONAL LLC"
          ],
          "partyaddresses.PartyRoleTypeDescription": [
            "<em>BILL</em> <em>TO</em>"
          ]
        }
      },
      {
        "_index": "account_detail",
        "_type": "account_info",
        "_id": "259437",
        "_score": 7.4958754,
        "_source": {
          "OrganizationName": "MARISOL INTERNATIONAL LLC",
          "PartyID": "259437"
        },
        "highlight": {
          "OrganizationName": [
            "<em>MARISOL</em> INTERNATIONAL LLC"
          ],
          "partyaddresses.PartyRoleTypeDescription": [
            "<em>BILL</em> <em>TO</em>",
            "<em>BILL</em> <em>TO</em>"
          ]
        }
      },
      {
        "_index": "account_detail",
        "_type": "account_info",
        "_id": "248559",
        "_score": 7.0499616,
        "_source": {
          "OrganizationName": "MARISOL INTERNATIONAL LLC",
          "PartyID": "248559"
        },
        "highlight": {
          "OrganizationName": [
            "<em>MARISOL</em> INTERNATIONAL LLC"
          ],
          "partyaddresses.PartyRoleTypeDescription": [
            "<em>BILL</em> <em>TO</em>",
            "<em>BILL</em> <em>TO</em>"
          ]
        }
      },
      {
        "_index": "account_detail",
        "_type": "account_info",
        "_id": "2433",
        "_score": 0,
        "_source": {
          "OrganizationName": "ARCH CHEMICAL INC",
          "PartyID": "2433"
        },
        "highlight": {
          "partyaddresses.PartyRoleTypeDescription": [
            "<em>BILL</em> <em>TO</em>"
          ]
        }
      },
      {
        "_index": "account_detail",
        "_type": "account_info",
        "_id": "1006",
        "_score": 0,
        "_source": {
          "OrganizationName": "AHLSTROM DEXTER LLC",
          "PartyID": "1006"
        },
        "highlight": {
          "partyaddresses.PartyRoleTypeDescription": [
            "<em>BILL</em> <em>TO</em>"
          ]
        }
      },
      {
        "_index": "account_detail",
        "_type": "account_info",
        "_id": "14536",
        "_score": 0,
        "_source": {
          "OrganizationName": "G M OF CANADA BILLING",
          "PartyID": "14536"
        },
        "highlight": {
          "partyaddresses.PartyRoleTypeDescription": [
            "<em>BILL</em> <em>TO</em>"
          ]
        }
      },
      {
        "_index": "account_detail",
        "_type": "account_info",
        "_id": "312254",
        "_score": 0,
        "_source": {
          "OrganizationName": "BX SOLUTIONS - EDI",
          "PartyID": "312254"
        },
        "highlight": {
          "partyaddresses.PartyRoleTypeDescription": [
            "<em>BILL</em> <em>TO</em>"
          ]
        }
      },
      {
        "_index": "account_detail",
        "_type": "account_info",
        "_id": "262200",
        "_score": 0,
        "_source": {
          "OrganizationName": "ANHEUSER BUSCH",
          "PartyID": "262200"
        },
        "highlight": {
          "partyaddresses.PartyRoleTypeDescription": [
            "<em>BILL</em> <em>TO</em>"
          ]
        }
      },
      {
        "_index": "account_detail",
        "_type": "account_info",
        "_id": "2325",
        "_score": 0,
        "_source": {
          "OrganizationName": "ANHEUSER-BUSCH INCORPORATED",
          "PartyID": "2325"
        },
        "highlight": {
          "partyaddresses.PartyRoleTypeDescription": [
            "<em>BILL</em> <em>TO</em>",
            "<em>BILL</em> <em>TO</em>"
          ]
        }
      },
      {
        "_index": "account_detail",
        "_type": "account_info",
        "_id": "28870",
        "_score": 0,
        "_source": {
          "OrganizationName": "PACKAGING CORP OF AMERICA",
          "PartyID": "28870"
        },
        "highlight": {
          "partyaddresses.PartyRoleTypeDescription": [
            "<em>BILL</em> <em>TO</em>"
          ]
        }
      }
    ]
  }
}