{
  "took": 15,
  "timed_out": false,
  "_shards": {
    "total": 5,
    "successful": 5,
    "failed": 0
  },
  "hits": {
    "total": 1,
    "max_score": 1,
    "hits": [
      {
        "_index": "ordermanagementopportunityindex",
        "_type": "opportunities",
        "_id": "AVyB9sL6zhfT1imYj8Tq",
        "_score": 1,
        "_source": {
          "opportunityDTO": {
            "opportunityId": "1",
            "orderId": "1",
            "orderQualificationRunId": "1",
            "orderRuleDetailId": "1",
            "opportunityStatusCode": "Available",
            "opportunityPostingWorkflowDTOs": [
              {
                "opportunityPostingWorkflowId": "1",
                "opportunityId": "1",
                "financeBusinessUnitCode": "JBT",
                "serviceOfferingCode": "ICS",
                "opportunityPostingTypeCode": "Primary",
                "opportunityPostingStatusCode": "CondAccept",
                "comment": "opportunity Available",
                "opportunityPostingWorkflowIds": [
                  {
                    "opportunityPostingWorkflowId": "1"
                  },
                  {
                    "opportunityPostingWorkflowId": "2"
                  }
                ],
                "fleetCode": "BF39098",
                "rate": "1200",
                "pickUp": "2017-05-05",
                "delivery": "2017-05-06",
                "expirationTime": "2017-05-12T05:28:25.554",
                "opportunityConditionalAcceptanceDetailDTOs": [
                  {
                    "opportunityConditionalAcceptanceDetailID": "15",
                    "opportunityPostingWorkflowID": "547",
                    "opportunityConditionalAcceptanceReasonCode": "Rate",
                    "opportunityConditionalAcceptanceDate": "",
                    "opportunityConditionalAcceptanceRateAmount": "2000.00",
                    "opportunityConditionalAcceptanceComment": "Accepted with different rate",
                    "originalPickUpDate": "2017-05-12T05:28:25.554",
                    "originalDeliveryDate": "2017-05-12T05:28:25.554",
                    "originalRate": "1064.00"
                  }
                ],
                "desirabilityIndex": "1",
                "totalStopMiles": "236",
                "billToProfile": {
                  "partyName": "Coca-Cola",
                  "partyCode": "COAT96",
                  "partyID": "56",
                  "partyType": "BillTo",
                  "addressDTO": {
                    "addressLineOne": "Thomas Nolan Kaszas II",
                    "addressLineTwo": "5322 Otter Lane",
                    "city": "NewYork",
                    "state": "NewYork",
                    "zipCode": "FL 32068",
                    "country": "US",
                    "cityID": "NewY"
                  },
                  "contactDTO": {
                    "contactId": "543",
                    "contactValue": "456723",
                    "contactType": "NightContact",
                    "contactName": "Thomas",
                    "contactMethod": "Phone",
                    "locationCode": "FL 32068",
                    "firstName": "Thomas",
                    "marketingArea": "Finance",
                    "lastName": "Nicholas",
                    "profileCode": "9875",
                    "profileName": "simon"
                  }
                },
                "destination": {
                  "stop": {
                    "stopID": "1",
                    "stopReason": "pickUp",
                    "appointment": [
                      {
                        "appointmentID": "1",
                        "appointmentDateTimeDetails": [
                          {
                            "appointmentDateTimeDetailID": "1",
                            "appointmentStartTimestamp": "2017-05-12T05:28:25.554",
                            "appointmentEndTimestamp": "2017-05-12T05:28:25.554"
                          }
                        ]
                      }
                    ]
                  },
                  "totalStopMiles": "236",
                  "totalStopWeight": "36,700",
                  "locationDTO": {
                    "partyName": "Lagraou",
                    "partyCode": "LADEAA",
                    "partyID": "56",
                    "partyType": "BillTo",
                    "addressDTO": {
                      "addressLineOne": "Thomas Nolan Kaszas II",
                      "addressLineTwo": "5322 Otter Lane",
                      "city": "NewYork",
                      "state": "NewYork",
                      "zipCode": "FL 32068",
                      "country": "US",
                      "cityID": "NewY"
                    },
                    "contactDTO": {
                      "contactId": "543",
                      "contactValue": "456723",
                      "contactType": "Night Contact",
                      "contactName": "Thomas",
                      "contactMethod": "Phone",
                      "locationCode": "FL 32068",
                      "firstName": "Thomas",
                      "marketingArea": "Finance",
                      "lastName": "Nicholas",
                      "profileCode": "9875",
                      "profileName": "simon"
                    }
                  }
                },
                "pickupOrderDate": {
                  "appointmentDateTimeDetail": {
                    "appointmentDateTimeDetailID": "1",
                    "appointmentStartTimestamp": "2017-05-12T05:28:25.554",
                    "appointmentEndTimestamp": "2017-05-12T05:28:25.554"
                  }
                },
                "deliveryOrderDate": {
                  "appointmentDateTimeDetail": {
                    "appointmentDateTimeDetailID": "1",
                    "appointmentStartTimestamp": "2017-05-12T05:28:25.554",
                    "appointmentEndTimestamp": "2017-05-12T05:28:25.554"
                  }
                },
                "transitMode": "Over The Road",
                "orderId": "1",
                "opportunityOwner": {
                  "userID": "US1234",
                  "inits": "JC716",
                  "firstName": "Thomas",
                  "middleName": "simon",
                  "lastName": "johnson",
                  "emailID": "Thomassimon@gnail.com",
                  "phone": "9064323454"
                },
                "tenderRate": "1500",
                "rateGuidance": "300",
                "totalRevenue": "1500",
                "origin": {
                  "stop": {
                    "stopID": "1",
                    "stopReason": "pickUp",
                    "appointment": [
                      {
                        "appointmentID": "1",
                        "appointmentDateTimeDetails": [
                          {
                            "appointmentDateTimeDetailID": "1",
                            "appointmentStartTimestamp": "2017-05-12T05:28:25.554",
                            "appointmentEndTimestamp": "2017-05-12T05:28:25.554"
                          }
                        ]
                      }
                    ]
                  },
                  "totalStopMiles": "236",
                  "totalStopWeight": "36,700",
                  "locationDTO": {
                    "partyName": "Lagraou",
                    "partyCode": "LADEAA",
                    "partyID": "56",
                    "partyType": "BillTo",
                    "addressDTO": {
                      "addressLineOne": "Thomas Nolan Kaszas II",
                      "addressLineTwo": "5322 Otter Lane",
                      "city": "NewYork",
                      "state": "NewYork",
                      "zipCode": "FL 32068",
                      "country": "US",
                      "cityID": "NewY"
                    },
                    "contactDTO": {
                      "contactId": "543",
                      "contactValue": "456723",
                      "contactType": "Night Contact",
                      "contactName": "Thomas",
                      "contactMethod": "Phone",
                      "locationCode": "FL 32068",
                      "firstName": "Thomas",
                      "marketingArea": "Finance",
                      "lastName": "Nicholas",
                      "profileCode": "9875",
                      "profileName": "simon"
                    }
                  }
                }
              }
            ],
            "intermediateStopCount": "2",
            "stopDTOs": [
              {
                "stop": {
                  "stopID": "1",
                  "stopReason": "pickUp",
                  "appointment": [
                    {
                      "appointmentID": "1",
                      "appointmentDateTimeDetails": [
                        {
                          "appointmentDateTimeDetailID": "1",
                          "appointmentStartTimestamp": "2017-05-12T05:28:25.554",
                          "appointmentEndTimestamp": "2017-05-12T05:28:25.554"
                        }
                      ]
                    }
                  ]
                },
                "totalStopMiles": "236",
                "totalStopWeight": "36,700",
                "locationDTO": {
                  "partyName": "Lagraou",
                  "partyCode": "LADEAA",
                  "partyID": "56",
                  "partyType": "BillTo",
                  "addressDTO": {
                    "addressLineOne": "Thomas Nolan Kaszas II",
                    "addressLineTwo": "5322 Otter Lane",
                    "city": "NewYork",
                    "state": "NewYork",
                    "zipCode": "FL 32068",
                    "country": "US",
                    "cityID": "NewY"
                  },
                  "contactDTO": {
                    "contactId": "543",
                    "contactValue": "456723",
                    "contactType": "Night Contact",
                    "contactName": "Thomas",
                    "contactMethod": "Phone",
                    "locationCode": "FL 32068",
                    "firstName": "Thomas",
                    "marketingArea": "Finance",
                    "lastName": "Nicholas",
                    "profileCode": "9875",
                    "profileName": "simon"
                  }
                }
              },
              {
                "stop": {
                  "stopID": "2",
                  "stopReason": "pickUp",
                  "appointment": [
                    {
                      "appointmentID": "1",
                      "appointmentDateTimeDetails": [
                        {
                          "appointmentDateTimeDetailID": "1",
                          "appointmentStartTimestamp": "2017-05-12T05:28:25.554",
                          "appointmentEndTimestamp": "2017-05-12T05:28:25.554"
                        }
                      ]
                    }
                  ]
                },
                "totalStopMiles": "236",
                "totalStopWeight": "36,700",
                "locationDTO": {
                  "partyName": "Hewlett Packard",
                  "partyCode": "HESAAJ",
                  "partyID": "56",
                  "partyType": "BillTo",
                  "addressDTO": {
                    "addressLineOne": "Thomas Nolan Kaszas II",
                    "addressLineTwo": "5322 Otter Lane",
                    "city": "NewYork",
                    "state": "NewYork",
                    "zipCode": "FL 32068",
                    "country": "US",
                    "cityID": "NewY"
                  },
                  "contactDTO": {
                    "contactId": "543",
                    "contactValue": "456723",
                    "contactType": "NightContact",
                    "contactName": "Thomas",
                    "contactMethod": "Phone",
                    "locationCode": "FL 32068",
                    "firstName": "Thomas",
                    "marketingArea": "Finance",
                    "lastName": "Nicholas",
                    "profileCode": "9875",
                    "profileName": "simon"
                  }
                }
              },
              {
                "stop": {
                  "stopID": "3",
                  "stopReason": "Delivery",
                  "appointment": [
                    {
                      "appointmentID": "1",
                      "appointmentDateTimeDetails": [
                        {
                          "appointmentDateTimeDetailID": "1",
                          "appointmentStartTimestamp": "2017-05-12T05:28:25.554",
                          "appointmentEndTimestamp": "2017-05-12T05:28:25.554"
                        }
                      ]
                    }
                  ]
                },
                "totalStopMiles": "236",
                "totalStopWeight": "36,700",
                "locationDTO": {
                  "partyName": "Coca-Cola",
                  "partyCode": "COAT96",
                  "partyID": "56",
                  "partyType": "BillTo",
                  "addressDTO": {
                    "addressLineOne": "Thomas Nolan Kaszas II",
                    "addressLineTwo": "5322 Otter Lane",
                    "city": "NewYork",
                    "state": "NewYork",
                    "zipCode": "FL 32068",
                    "country": "US",
                    "cityID": "NewY"
                  },
                  "contactDTO": {
                    "contactId": "543",
                    "contactValue": "456723",
                    "contactType": "NightContact",
                    "contactName": "Thomas",
                    "contactMethod": "Phone",
                    "locationCode": "FL 32068",
                    "firstName": "Thomas",
                    "marketingArea": "Finance",
                    "lastName": "Nicholas",
                    "profileCode": "9875",
                    "profileName": "simon"
                  }
                }
              },
              {
                "stop": {
                  "stopID": "4",
                  "stopReason": "Delivery",
                  "appointment": [
                    {
                      "appointmentID": "1",
                      "appointmentDateTimeDetails": [
                        {
                          "appointmentDateTimeDetailID": "1",
                          "appointmentStartTimestamp": "2017-05-12T05:28:25.554",
                          "appointmentEndTimestamp": "2017-05-12T05:28:25.554"
                        }
                      ]
                    }
                  ]
                },
                "totalStopMiles": "236",
                "totalStopWeight": "36,700",
                "locationDTO": {
                  "partyName": "Coca-Cola",
                  "partyCode": "COAT96",
                  "partyID": "56",
                  "partyType": "BillTo",
                  "addressDTO": {
                    "addressLineOne": "Thomas Nolan Kaszas II",
                    "addressLineTwo": "5322 Otter Lane",
                    "city": "NewYork",
                    "state": "NewYork",
                    "zipCode": "FL 32068",
                    "country": "US",
                    "cityID": "NewY"
                  },
                  "contactDTO": {
                    "contactId": "543",
                    "contactValue": "456723",
                    "contactType": "NightContact",
                    "contactName": "Thomas",
                    "contactMethod": "Phone",
                    "locationCode": "FL 32068",
                    "firstName": "Thomas",
                    "marketingArea": "Finance",
                    "lastName": "Nicholas",
                    "profileCode": "9875",
                    "profileName": "simon"
                  }
                }
              }
            ],
            "trailerNumber": "JBH-938493",
            "equipmentType": "53’ Dry Van",
            "totalStopWeight": "36,700",
            "highValueIndicator": "true",
            "hazmatFlag": "true",
            "billToProfile": {
              "partyName": "Coca-Cola",
              "partyCode": "COAT96",
              "partyID": "56",
              "partyType": "BillTo",
              "addressDTO": {
                "addressLineOne": "Thomas Nolan Kaszas II",
                "addressLineTwo": "5322 Otter Lane",
                "city": "NewYork",
                "state": "NewYork",
                "zipCode": "FL 32068",
                "country": "US",
                "cityID": "NewY"
              },
              "contactDTO": {
                "contactId": "543",
                "contactValue": "456723",
                "contactType": "NightContact",
                "contactName": "Thomas",
                "contactMethod": "Phone",
                "locationCode": "FL 32068",
                "firstName": "Thomas",
                "marketingArea": "Finance",
                "lastName": "Nicholas",
                "profileCode": "9875",
                "profileName": "simon"
              }
            },
            "solicitorProfile": {
              "partyName": "Coca-Cola",
              "partyCode": "COAT96",
              "partyID": "56",
              "partyType": "Solicitor",
              "addressDTO": {
                "addressLineOne": "Thomas Nolan Kaszas II",
                "addressLineTwo": "5322 Otter Lane",
                "city": "NewYork",
                "state": "NewYork",
                "zipCode": "FL 32068",
                "country": "US",
                "cityID": "NewY"
              },
              "contactDTO": {
                "contactId": "543",
                "contactValue": "456723",
                "contactType": "NightContact",
                "contactName": "Thomas",
                "contactMethod": "Phone",
                "locationCode": "FL 32068",
                "firstName": "Thomas",
                "marketingArea": "Finance",
                "lastName": "Nicholas",
                "profileCode": "9875",
                "profileName": "simon"
              }
            },
            "serviceOfferingCode": "JBT",
            "transitMode": "Over the Road",
            "financeBusinessUnitCode": "ICS",
            "orderStatusCode": "pending",
            "orderOwner": {
              "userID": "US1234",
              "inits": "JC716",
              "firstName": "Thomas",
              "middleName": "simon",
              "lastName": "johnson",
              "emailID": "Thomassimon@gnail.com",
              "phone": "9064323454"
            },
            "eventType": "UPDATEEVENT",
            "opportunityPostingWorkflowIds": {
              "opportunityPostingWorkflowId": [
                {
                  "opportunityPostingWorkflowId": "1"
                },
                {
                  "opportunityPostingWorkflowId": "2"
                }
              ]
            },
            "comment": "Lorem ipsum dolor sit amet, consectetuer adipiscing elit, sed diam nonummy nibh Lorem ipsum dolor sit amet, consectetuer adipiscing elit, sed diam nonummy nibh euismod tincidunt ut laoreet dolore magna aliquam erat volutpat. Ut wisi enim ad minim veniam, quis nostrud exerci tation ullamcorper suscipit lobortis nisl ut aliquip ex ea commodo consequat. Duis autem vel eum iriure dolor in hendrerit in vulpu",
            "opportunityPostingWorkflow": {
              "opportunityPostingWorkflowId": "547",
              "opportunity": {
                "opportunityId": "90",
                "orderId": "1",
                "orderQualificationRunId": "1",
                "OpportunityStatus": {
                  "opportunityStatusCode": "Available",
                  "opportunityStatusDescription": "Opportunity Available"
                },
                "orderRuleDetail": "1",
                "opportunityRespondByTimestamp": "2017-05-12T05:28:25.554",
                "opportunityDate": "2017-05-12",
                "opportunityStartTime": "5:28:25",
                "opportunityEndTime": "6:28:25"
              }
            },
            "intendedServiceOffering": "ICS",
            "opportunityRespondByTime": "2017-05-12T05:28:25.554",
            "oppRespondByTimeInMins": "120",
            "opportunityCreator": "Thomas Simon",
            "destination": {
              "stop": {
                "stopID": "1",
                "stopReason": "pickUp",
                "appointment": [
                  {
                    "appointmentID": "1",
                    "appointmentDateTimeDetails": [
                      {
                        "appointmentDateTimeDetailID": "1",
                        "appointmentStartTimestamp": "2017-05-12T05:28:25.554",
                        "appointmentEndTimestamp": "2017-05-12T05:28:25.554"
                      }
                    ]
                  }
                ]
              },
              "totalStopMiles": "236",
              "totalStopWeight": "36,700",
              "locationDTO": {
                "partyName": "Lagraou",
                "partyCode": "LADEAA",
                "partyID": "56",
                "partyType": "BillTo",
                "addressDTO": {
                  "addressLineOne": "Thomas Nolan Kaszas II",
                  "addressLineTwo": "5322 Otter Lane",
                  "city": "NewYork",
                  "state": "NewYork",
                  "zipCode": "FL 32068",
                  "country": "US",
                  "cityID": "NewY"
                },
                "contactDTO": {
                  "contactId": "543",
                  "contactValue": "456723",
                  "contactType": "Night Contact",
                  "contactName": "Thomas",
                  "contactMethod": "Phone",
                  "locationCode": "FL 32068",
                  "firstName": "Thomas",
                  "marketingArea": "Finance",
                  "lastName": "Nicholas",
                  "profileCode": "9875",
                  "profileName": "simon"
                }
              }
            },
            "pickupOrderDate": {
              "appointmentDateTimeDetail": {
                "appointmentDateTimeDetailID": "1",
                "appointmentStartTimestamp": "2017-05-12T05:28:25.554",
                "appointmentEndTimestamp": "2017-05-12T05:28:25.554"
              }
            },
            "deliveryOrderDate": {
              "appointmentDateTimeDetail": {
                "appointmentDateTimeDetailID": "1",
                "appointmentStartTimestamp": "2017-05-12T05:28:25.554",
                "appointmentEndTimestamp": "2017-05-12T05:28:25.554"
              }
            },
            "solicitorMailAddress": "thomassimon@gmail.com",
            "assignedTeam": "team 13",
            "opportunityCreatedTimeStamp": "2017-05-12T05:28:25.554",
            "userImage": "http://my.limestone.edu/sites/default/files/styles/medium/public/user.png?itok=ueTc1g_4",
            "origin": {
              "stop": {
                "stopID": "1",
                "stopReason": "pickUp",
                "appointment": [
                  {
                    "appointmentID": "1",
                    "appointmentDateTimeDetails": [
                      {
                        "appointmentDateTimeDetailID": "1",
                        "appointmentStartTimestamp": "2017-05-12T05:28:25.554",
                        "appointmentEndTimestamp": "2017-05-12T05:28:25.554"
                      }
                    ]
                  }
                ]
              },
              "totalStopMiles": "236",
              "totalStopWeight": "36,700",
              "locationDTO": {
                "partyName": "Lagraou",
                "partyCode": "LADEAA",
                "partyID": "56",
                "partyType": "BillTo",
                "addressDTO": {
                  "addressLineOne": "Thomas Nolan Kaszas II",
                  "addressLineTwo": "5322 Otter Lane",
                  "city": "NewYork",
                  "state": "NewYork",
                  "zipCode": "FL 32068",
                  "country": "US",
                  "cityID": "NewY"
                },
                "contactDTO": {
                  "contactId": "543",
                  "contactValue": "456723",
                  "contactType": "Night Contact",
                  "contactName": "Thomas",
                  "contactMethod": "Phone",
                  "locationCode": "FL 32068",
                  "firstName": "Thomas",
                  "marketingArea": "Finance",
                  "lastName": "Nicholas",
                  "profileCode": "9875",
                  "profileName": "simon"
                }
              }
            }
          },
          "opportunityOperationPostingWorkflowDTO": {
            "opportunityPostingWorkflowId": "1",
            "opportunityId": "1",
            "financeBusinessUnitCode": "JBT",
            "serviceOfferingCode": "ICS",
            "opportunityPostingTypeCode": "Primary",
            "opportunityPostingStatusCode": "CondAccept",
            "comment": "opportunity Available",
            "opportunityPostingWorkflowIds": [
              {
                "opportunityPostingWorkflowId": "1"
              },
              {
                "opportunityPostingWorkflowId": "2"
              }
            ],
            "fleetCode": "BF39098",
            "rate": "1200",
            "pickUp": "2017-05-05",
            "delivery": "2017-05-06",
            "expirationTime": "2017-05-12T05:28:25.554",
            "opportunityConditionalAcceptanceDetailDTOs": [
              {
                "opportunityConditionalAcceptanceDetailID": "15",
                "opportunityPostingWorkflowID": "547",
                "opportunityConditionalAcceptanceReasonCode": "Rate",
                "opportunityConditionalAcceptanceDate": "",
                "opportunityConditionalAcceptanceRateAmount": "2000.00",
                "opportunityConditionalAcceptanceComment": "Accepted with different rate",
                "originalPickUpDate": "2017-05-12T05:28:25.554",
                "originalDeliveryDate": "2017-05-12T05:28:25.554",
                "originalRate": "1064.00"
              }
            ],
            "desirabilityIndex": "1",
            "totalStopMiles": "236",
            "billToProfile": {
              "partyName": "Coca-Cola",
              "partyCode": "COAT96",
              "partyID": "56",
              "partyType": "BillTo",
              "addressDTO": {
                "addressLineOne": "Thomas Nolan Kaszas II",
                "addressLineTwo": "5322 Otter Lane",
                "city": "NewYork",
                "state": "NewYork",
                "zipCode": "FL 32068",
                "country": "US",
                "cityID": "NewY"
              },
              "contactDTO": {
                "contactId": "543",
                "contactValue": "456723",
                "contactType": "NightContact",
                "contactName": "Thomas",
                "contactMethod": "Phone",
                "locationCode": "FL 32068",
                "firstName": "Thomas",
                "marketingArea": "Finance",
                "lastName": "Nicholas",
                "profileCode": "9875",
                "profileName": "simon"
              }
            },
            "destination": {
              "stop": {
                "stopID": "1",
                "stopReason": "pickUp",
                "appointment": [
                  {
                    "appointmentID": "1",
                    "appointmentDateTimeDetails": [
                      {
                        "appointmentDateTimeDetailID": "1",
                        "appointmentStartTimestamp": "2017-05-12T05:28:25.554",
                        "appointmentEndTimestamp": "2017-05-12T05:28:25.554"
                      }
                    ]
                  }
                ]
              },
              "totalStopMiles": "236",
              "totalStopWeight": "36,700",
              "locationDTO": {
                "partyName": "Lagraou",
                "partyCode": "LADEAA",
                "partyID": "56",
                "partyType": "BillTo",
                "addressDTO": {
                  "addressLineOne": "Thomas Nolan Kaszas II",
                  "addressLineTwo": "5322 Otter Lane",
                  "city": "NewYork",
                  "state": "NewYork",
                  "zipCode": "FL 32068",
                  "country": "US",
                  "cityID": "NewY"
                },
                "contactDTO": {
                  "contactId": "543",
                  "contactValue": "456723",
                  "contactType": "Night Contact",
                  "contactName": "Thomas",
                  "contactMethod": "Phone",
                  "locationCode": "FL 32068",
                  "firstName": "Thomas",
                  "marketingArea": "Finance",
                  "lastName": "Nicholas",
                  "profileCode": "9875",
                  "profileName": "simon"
                }
              }
            },
            "pickupOrderDate": {
              "appointmentDateTimeDetail": {
                "appointmentDateTimeDetailID": "1",
                "appointmentStartTimestamp": "2017-05-12T05:28:25.554",
                "appointmentEndTimestamp": "2017-05-12T05:28:25.554"
              }
            },
            "deliveryOrderDate": {
              "appointmentDateTimeDetail": {
                "appointmentDateTimeDetailID": "1",
                "appointmentStartTimestamp": "2017-05-12T05:28:25.554",
                "appointmentEndTimestamp": "2017-05-12T05:28:25.554"
              }
            },
            "transitMode": "Over The Road",
            "orderId": "1",
            "opportunityOwner": {
              "userID": "US1234",
              "inits": "JC716",
              "firstName": "Thomas",
              "middleName": "simon",
              "lastName": "johnson",
              "emailID": "Thomassimon@gnail.com",
              "phone": "9064323454"
            },
            "tenderRate": "1500",
            "rateGuidance": "300",
            "totalRevenue": "1500",
            "origin": {
              "stop": {
                "stopID": "1",
                "stopReason": "pickUp",
                "appointment": [
                  {
                    "appointmentID": "1",
                    "appointmentDateTimeDetails": [
                      {
                        "appointmentDateTimeDetailID": "1",
                        "appointmentStartTimestamp": "2017-05-12T05:28:25.554",
                        "appointmentEndTimestamp": "2017-05-12T05:28:25.554"
                      }
                    ]
                  }
                ]
              },
              "totalStopMiles": "236",
              "totalStopWeight": "36,700",
              "locationDTO": {
                "partyName": "Lagraou",
                "partyCode": "LADEAA",
                "partyID": "56",
                "partyType": "BillTo",
                "addressDTO": {
                  "addressLineOne": "Thomas Nolan Kaszas II",
                  "addressLineTwo": "5322 Otter Lane",
                  "city": "NewYork",
                  "state": "NewYork",
                  "zipCode": "FL 32068",
                  "country": "US",
                  "cityID": "NewY"
                },
                "contactDTO": {
                  "contactId": "543",
                  "contactValue": "456723",
                  "contactType": "Night Contact",
                  "contactName": "Thomas",
                  "contactMethod": "Phone",
                  "locationCode": "FL 32068",
                  "firstName": "Thomas",
                  "marketingArea": "Finance",
                  "lastName": "Nicholas",
                  "profileCode": "9875",
                  "profileName": "simon"
                }
              }
            },
            "userImage": "http://my.limestone.edu/sites/default/files/styles/medium/public/user.png?itok=ueTc1g_4"
          }
        }
      }
    ]
  }
}