{
    "gridColumns": [
        {
            "name": "Order Number",
            "property": "orderID",
            "tooltip": "orderID",
            "type": "string",
            "isVisible": false,
            "queryParamArray": [
                "orderDTO.orderID"
            ],
            "displayField": "orderNumber"
        },
        {
            "name": "Customer Name",
            "property": "customerName",
            "tooltip": "customerName",
            "type": "string",
            "isVisible": false,
            "displayField": "",
            "queryParamArray": [
                "orderDTO.chargeDTOs.charge.customerAuthorizationFirstName",
                "orderDTO.chargeDTOs.charge.customerAuthorizationLastName"
            ]
        },
        {
            "name": "Bill to Account",
            "property": "billToAccountAddr",
            "tooltip": "billToAccountAddr_tooltip",
            "displayField": "billTo",
            "type": "address",
            "isVisible": true,
            "queryParamArray": [
                "orderDTO.orderBillingDetailDTOs.profileDTO.partyName",
                "orderDTO.orderBillingDetailDTOs.profileDTO.partyID",
                "orderDTO.orderBillingDetailDTOs.profileDTO.addressDTO.addressLineOne",
                "orderDTO.orderBillingDetailDTOs.profileDTO.partyType",
                "orderDTO.orderBillingDetailDTOs.profileDTO.addressDTO.addressLineTwo",
                "orderDTO.orderBillingDetailDTOs.profileDTO.addressDTO.city",
                "orderDTO.orderBillingDetailDTOs.profileDTO.addressDTO.state",
                "orderDTO.orderBillingDetailDTOs.profileDTO.addressDTO.country",
                "orderDTO.orderBillingDetailDTOs.profileDTO.addressDTO.zipCode"
            ]
        },
        {
            "name": "Origin",
            "property": "originAddr",
            "tooltip": "originAddr_tooltip",
            "displayField": "origin",
            "type": "address",
            "isVisible": true,
            "queryParamArray": [
                "orderDTO.stopDTOs.stop.stopReason",
                "orderDTO.stopDTOs.locationDTO.partyName",
                "orderDTO.stopDTOs.stop.initialOfferedDate",
                "orderDTO.stopDTOs.locationDTO.addressDTO.addressLineOne",
                "orderDTO.stopDTOs.locationDTO.addressDTO.addressLineTwo",
                "orderDTO.stopDTOs.locationDTO.addressDTO.city",
                "orderDTO.stopDTOs.locationDTO.addressDTO.state",
                "orderDTO.stopDTOs.locationDTO.addressDTO.country",
                "orderDTO.stopDTOs.locationDTO.partyID",
                "orderDTO.stopDTOs.locationDTO.addressDTO.zipCode",
                "orderDTO.stopDTOs.stop.appointment"
            ]
        },
        {
            "name": "Destination",
            "property": "deliveryAddr",
            "tooltip": "deliveryAddr_tooltip",
            "displayField": "destination",
            "type": "address",
            "isVisible": true,
            "queryParamArray": [
                "orderDTO.stopDTOs.stop.stopReason",
                "orderDTO.stopDTOs.locationDTO.partyName",
                "orderDTO.stopDTOs.stop.initialOfferedDate",
                "orderDTO.stopDTOs.locationDTO.addressDTO.addressLineOne",
                "orderDTO.stopDTOs.locationDTO.addressDTO.addressLineTwo",
                "orderDTO.stopDTOs.locationDTO.addressDTO.city",
                "orderDTO.stopDTOs.locationDTO.addressDTO.state",
                "orderDTO.stopDTOs.locationDTO.addressDTO.country",
                "orderDTO.stopDTOs.locationDTO.partyID",
                "orderDTO.stopDTOs.locationDTO.addressDTO.zipCode",
                "orderDTO.stopDTOs.stop.appointment"
            ]
        },
        {
            "name": "Pick Up",
            "property": "pickupDateTimeJSON",
            "tooltip": "pickupDateTime_tooltip",
            "displayField": "pickUpDateTime",
            "type": "date",
            "isVisible": true,
            "queryParamArray": [
                "orderDTO.stopDTOs.stop.stopReason",
                "orderDTO.stopDTOs.locationDTO.partyName",
                "orderDTO.stopDTOs.stop.initialOfferedDate",
                "orderDTO.stopDTOs.locationDTO.addressDTO.addressLineOne",
                "orderDTO.stopDTOs.locationDTO.addressDTO.addressLineTwo",
                "orderDTO.stopDTOs.locationDTO.addressDTO.city",
                "orderDTO.stopDTOs.locationDTO.addressDTO.state",
                "orderDTO.stopDTOs.locationDTO.addressDTO.country",
                "orderDTO.stopDTOs.locationDTO.partyID",
                "orderDTO.stopDTOs.locationDTO.addressDTO.zipCode",
                "orderDTO.stopDTOs.stop.appointment",
                "orderDTO.stopDTOs.zoneID"
            ]
        },
        {
            "name": "Delivery",
            "property": "deliveryDateTimeJSON",
            "tooltip": "deliveryDateTime_tooltip",
            "displayField": "deliveryDateTime",
            "type": "date",
            "isVisible": true,
            "queryParamArray": [
                "orderDTO.stopDTOs.stop.stopReason",
                "orderDTO.stopDTOs.locationDTO.partyName",
                "orderDTO.stopDTOs.stop.initialOfferedDate",
                "orderDTO.stopDTOs.locationDTO.addressDTO.addressLineOne",
                "orderDTO.stopDTOs.locationDTO.addressDTO.addressLineTwo",
                "orderDTO.stopDTOs.locationDTO.addressDTO.city",
                "orderDTO.stopDTOs.locationDTO.addressDTO.state",
                "orderDTO.stopDTOs.locationDTO.addressDTO.country",
                "orderDTO.stopDTOs.locationDTO.partyID",
                "orderDTO.stopDTOs.locationDTO.addressDTO.zipCode",
                "orderDTO.stopDTOs.stop.appointment",
                "orderDTO.stopDTOs.zoneID"
            ]
        },
        {
            "name": "Desirability Index",
            "property": "desirabilityIndex",
            "tooltip": "desirabilityIndex",
            "displayField": "desirabilityIndex",
            "type": "string",
            "isVisible": false,
            "queryParamArray": [
                "orderDTO.desirabilityIndex"
            ]
        },
        {
            "name": "Last Location",
            "property": "lastLocation",
            "tooltip": "lastLocation",
            "displayField": "lastLocation",
            "type": "string",
            "isVisible": false,
            "queryParamArray": [
                "orderDTO.lastLocation"
            ]
        },
        {
            "name": "Creation Channel",
            "property": "searchResultCreationChannel",
            "tooltip": "searchResultCreationChannel",
            "type": "string",
            "isVisible": false,
            "queryParamArray": [
                "orderDTO.createProgramName"
            ],
            "displayField": "orderCreationChannel"
        },
        {
            "name": "Line of Business",
            "property": "lineOfBusinessCode",
            "tooltip": "lineOfBusinessCode_tooltip",
            "displayField": "lineOfBusiness",
            "type": "address",
            "isVisible": false,
            "queryParamArray": [
                "orderDTO.orderBillingDetailDTOs.profileDTO.partyName",
                "orderDTO.orderBillingDetailDTOs.profileDTO.partyID",
                "orderDTO.orderBillingDetailDTOs.profileDTO.addressDTO.addressLineOne",
                "orderDTO.orderBillingDetailDTOs.profileDTO.partyType",
                "orderDTO.orderBillingDetailDTOs.profileDTO.addressDTO.addressLineTwo",
                "orderDTO.orderBillingDetailDTOs.profileDTO.addressDTO.city",
                "orderDTO.orderBillingDetailDTOs.profileDTO.addressDTO.state",
                "orderDTO.orderBillingDetailDTOs.profileDTO.addressDTO.country",
                "orderDTO.orderBillingDetailDTOs.profileDTO.addressDTO.zipCode"
            ]
        },
        {
            "name": "Shipment Identification Number",
            "property": "shipmentIdentificationNumber",
            "tooltip": "shipmentIdentificationNumber",
            "type": "string",
            "isVisible": false,
            "queryParamArray": [
                "orderDTO.shipmentIdentificationNumber"
            ],
            "displayField": "shipmentIdentificationNumber"
        },
        {
            "name": "Origin Location",
            "property": "OriginLocation",
            "tooltip": "OriginLocation_tooltip",
            "type": "string",
            "isVisible": false,
            "queryParamArray": [
                "orderDTO.stopDTOs.locationDTO.addressDTO.city"
            ],
            "displayField": "origin"
        },
        {
            "name": "Origin Country",
            "property": "OriginCountry",
            "tooltip": "OriginCountry_tooltip",
            "type": "string",
            "isVisible": false,
            "queryParamArray": [
                "orderDTO.stopDTOs.locationDTO.addressDTO.country"
            ],
            "displayField": "origin"
        },
        {
            "name": "Destination Location",
            "property": "DestLocation",
            "tooltip": "DestLocation_tooltip",
            "type": "string",
            "isVisible": false,
            "queryParamArray": [
                "orderDTO.stopDTOs.locationDTO.addressDTO.city"
            ],
            "displayField": "destination"
        },
        {
            "name": "Destination Country",
            "property": "DestCountry",
            "tooltip": "DestCountry_tooltip",
            "type": "string",
            "isVisible": false,
            "queryParamArray": [
                "orderDTO.stopDTOs.locationDTO.addressDTO.country"
            ],
            "displayField": "destination"
        },
        {
            "name": "Origin Marketing Area",
            "property": "OriginMarketingArea",
            "tooltip": "OriginMarketingArea",
            "type": "string",
            "isVisible": false,
            "queryParamArray": [
                "orderDTO.stopDTOs.areaDetails.areaName"
            ],
            "displayField": "originMarketingArea"
        },
        {
            "name": "Destination Marketing Area",
            "property": "DestinationMarketingArea",
            "tooltip": "DestinationMarketingArea",
            "type": "string",
            "isVisible": false,
            "queryParamArray": [
                "orderDTO.stopDTOs.areaDetails.areaName"
            ],
            "displayField": "destinationMarketingArea"
        },
        {
            "name": "Fleet Code",
            "property": "FleetCode",
            "tooltip": "FleetCode",
            "displayField": "fleetCode",
            "type": "string",
            "isVisible": false,
            "queryParamArray": [
                "orderDTO.orderOperationalElementDTOs.orderOperationalElement.fleetCode"
            ]
        },
        {
            "name": "Business unit",
            "property": "Businessunit",
            "tooltip": "Businessunit",
            "displayField": "financeBusinessUnitCode",
            "type": "string",
            "isVisible": false,
            "queryParamArray": [
                "orderDTO.financeBusinessUnitCode"
            ]
        },
        {
            "name": "Service Offering",
            "property": "serviceOfferingCode",
            "tooltip": "serviceOfferingCode",
            "type": "string",
            "isVisible": false,
            "queryParamArray": [
                "orderDTO.serviceOfferingCode"
            ],
            "displayField": "serviceOfferingCode"
        },
        {
            "name": "Transit Mode",
            "property": "TransitMode",
            "tooltip": "TransitMode",
            "type": "string",
            "isVisible": false,
            "queryParamArray": [
                "orderDTO.transitModeCode"
            ],
            "displayField": "transitModeCode"
        },
        {
            "name": "Load Number",
            "property": "LoadNumberCat",
            "tooltip": "LoadNumberCat",
            "type": "string",
            "isVisible": false,
            "queryParamArray": [
                "orderDTO.loadNumber"
            ],
            "displayField": "loadNumber"
        },
        {
            "name": "Trailer Number",
            "property": "TrailerNumber",
            "tooltip": "TrailerNumber",
            "type": "string",
            "isVisible": false,
            "queryParamArray": [
                "orderDTO.orderEquipmentRequirementDTOs.trailerNumber"
            ],
            "displayField": "trailerNumber"
        },
        {
            "name": "Load Status",
            "property": "LoadStatus",
            "tooltip": "LoadStatus",
            "type": "string",
            "isVisible": false,
            "queryParamArray": [
                "orderDTO.loadStatus"
            ],
            "displayField": "loadStatus"
        },
        {
            "name": "Order Owner",
            "property": "OrderOwner",
            "tooltip": "OrderOwner",
            "type": "string",
            "isVisible": false,
            "queryParamArray": [
                "orderDTO.owner"
            ],
            "displayField": "orderOwner"
        },
        {
            "name": "Creator Name",
            "property": "CreatorName",
            "tooltip": "CreatorName",
            "type": "string",
            "isVisible": false,
            "queryParamArray": [
                "orderDTO.creator.firstName"
            ],
            "displayField": "orderCreator"
        },
        {
            "name": "Create Date & Time",
            "property": "CreateDateTime",
            "tooltip": "CreateDateTime_ToolTip",
            "type": "date",
            "isVisible": false,
            "queryParamArray": [
                "orderDTO.createTimestamp"
            ],
            "displayField": "lastUpdateTimestamp"
        },
        {
            "name": "Tracking Status",
            "property": "TrackingStatus",
            "tooltip": "TrackingStatus",
            "type": "string",
            "isVisible": false,
            "queryParamArray": [
                "orderDTO.trackingStatus"
            ],
            "displayField": "trackingStatus"
        },
        {
            "name": "Expected Time of Arrival",
            "property": "ExpectedTimeofArrival",
            "tooltip": "ExpectedTimeofArrival",
            "type": "string",
            "isVisible": false,
            "queryParamArray": [
                "orderDTO.expectedTimeofArrival"
            ],
            "displayField": "expectedTimeofArrival"
        },
        {
            "name": "Creator UserID",
            "property": "CreatorUserID",
            "tooltip": "CreatorUserID",
            "type": "string",
            "isVisible": false,
            "queryParamArray": [
                "orderDTO.creator.userID"
            ],
            "displayField": "creator"
        },
        {
            "name": "Order Status Code",
            "property": "orderStatusCode",
            "tooltip": "orderStatusCode",
            "type": "string",
            "isVisible": false,
            "queryParamArray": [
                "orderDTO.orderStatusCode"
            ],
            "displayField": "statusCode"
        }
    ]
}