[{
        "index": 0,
        "title": "Customer",
        "key": "customer",
        "componentType": "typeAhead",
        "serviceFilter": true,
        "methodType": "addData",
        "params": {
            "query": {
                "bool": {
                    "should": [{
                            "query_string": {
                                "fields": ["OrganizationName",
                                    "CustomerCode"
                                ],
                                "query": "*",
                                "default_operator": "and"
                            }
                        },
                        {
                            "nested": {
                                "path": "partyaddresses",
                                "query": {
                                    "query_string": {
                                        "fields": ["partyaddresses.AddressLine1",
                                            "partyaddresses.AddressLine2",
                                            "partyaddresses.CityName", "partyaddresses.StateName",
                                            "partyaddresses.PostalCode", "partyaddresses.CountryName", "OrganizationName"
                                        ],
                                        "query": "*",
                                        "default_operator": "and"
                                    }
                                },
                                "inner_hits": {
                                    "size": 1,
                                    "_source": {
                                        "includes": ["partyaddresses.AddressLine1", "partyaddresses.AddressLine2",
                                            "partyaddresses.CityName", "partyaddresses.StateName", "partyaddresses.CountryName",
                                            "partyaddresses.PostalCode", "partyaddresses.PartyRoleTypeDescription"
                                        ]
                                    }
                                }
                            }
                        }
                    ],
                    "minimum_should_match": 1,
                    "must": {
                        "nested": {
                            "path": "partyaddresses",
                            "query": { "match": { "partyaddresses.PartyRoleTypeDescription": "BILL TO" } }
                        }
                    }
                }
            }
        },
        "checkSelectionKey": "Customer",
        "deepNestFlag": true,
        "url": "",
        "count": 0,
        "rootVal": ["hits", "hits"],
        "myParentScope": "",
        "framerMethod": "frameCustomer"
    },
    {
        "index": 1,
        "title": "Local Distribution Center",
        "key": "ldcAddress",
        "componentType": "typeAhead",
        "serviceFilter": true,
        "methodType": "addData",
        "checkSelectionKey": "OrganizationName",
        "deepNestFlag": true,
        "url": "",
        "rootVal": ["hits", "hits"],
        "params": {
            "_source": ["OrganizationName", "PartyID"],
            "query": {
                "bool": {
                    "should": [{
                        "nested": {
                            "path": "locations",
                            "query": {
                                "bool": {
                                    "filter": {
                                        "query_string": {
                                            "fields": ["locations.LocationID",
                                                "locations.PartyRoleTypeCode", "locations.LocationTypeCode", "locations.LocationName",
                                                "locations.LocationRoleID", "locations.LocationSubtypeCode",
                                                "locations.AddressLine1", "locations.PostalCodeID", "locations.StateCode"
                                            ],
                                            "query": "*"
                                        }
                                    }
                                }
                            },
                            "inner_hits": {
                                "_source": {
                                    "includes": ["locations.LocationID",
                                        "locations.PartyRoleTypeCode", "locations.LocationTypeCode", "locations.LocationName",
                                        "locations.LocationRoleID", "locations.LocationSubtypeCode",
                                        "locations.AddressLine1", "locations.PostalCodeID", "locations.StateCode"
                                    ]
                                }
                            }
                        }
                    }]
                }
            }
        },
        "myParentScope": "",
        "framerMethod": "frameldcAddress"
    },
    {
        "index": 2,
        "title": "Team ID",
        "key": "teamId",
        "componentType": "typeAhead",
        "serviceFilter": true,
        "methodType": "getData",
        "params": {},
        "checkSelectionKey": "teamID",
        "url": "",
        "rootVal": ["_embedded", "teams"],
        "myParentScope": ""
    },
    {
        "index": 3,
        "title": "Task Assignment",
        "key": "taskAssignment",
        "componentType": "typeAhead",
        "serviceFilter": true,
        "methodType": "getData",
        "checkSelectionKey": "taskAssignmentName",
        "url": "",
        "params": {},
        "rootVal": ["_embedded", "taskAssignments"],
        "myParentScope": ""
    },
    {
        "index": 4,
        "title": "Change Request Status",
        "key": "changeRequestType",
        "componentType": "typeAhead",
        "serviceFilter": true,
        "params": {},
        "methodType": "getData",
        "checkSelectionKey": "changeRequestTypeDescription",
        "url": "",
        "rootVal": ["_embedded", "changeRequestTypes"],
        "myParentScope": "",
        "framerMethod": "framechangeRequest"
    },

    {
        "index": 5,
        "title": "Primary Reference Number",
        "key": "referenceNumber",
        "componentType": "typeAhead",
        "checkSelectionKey": "primaryReferenceNumber",
        "serviceFilter": true,
        "methodType": "getData",
        "url": "",
        "rootVal": [],
        "params": {},
        "myParentScope": ""
    }, {
        "index": 6,
        "title": "Return Authorization Number",
        "key": "authorizationNumber",
        "componentType": "typeAhead",
        "checkSelectionKey": "returnAuthorizationNumber",
        "serviceFilter": true,
        "methodType": "getData",
        "url": "",
        "rootVal": [],
        "params": {},
        "myParentScope": ""
    },
    {
        "index": 7,
        "title": "Date Range",
        "componentType": "Date",
        "dateFieldKey": "createdTimestamp"
    }
]