{
                "applicationDomainCode": "Order Management",
                "notificationDeliveryChannel": "EMAIL",
                "notificationRawDataID": null,
                "userNotificationSubscriptionDetailID": null,
                "subscriberUser": {
                                "id": "",
                                "firstName": "",
                                "lastName": "",
                                "emailAddress": "GaneshKumar-2.S-2@cognizant.com",
                                "phoneNumber": "",
                                "jobTitle": "",
                                "contactType": "",
                                "companyName": ""
                },
                "notificationSubscriptionInAppContent": {
                                "notificationType": "",
                                "notificationContent": ""
                },
                "notificationSubscriptionMessageContent": null,
                "notificationSubscriptionEmailContent": {
                                "templateId": "41746",
                                "dynamicContents": {
                                                "OrderNumber":"",
                                                "Day of the week" :"",
                                                "Corporate Account":"",
                                                "Bill To":"",
                                                "Origin":"",
                                                "Origin Marketing Area":"",
                                                "Destination Marketing Area":"",
                                                "Business Unit":"",     
                                                "Service Offering":"",
                                                "Line Of Business":"",         
                                                "Commitment":"",
                                                "Order Count":"",
                                                "Commitment %":""
                                }
                }
}
