[
	{
	"OrderNumber": "GZ1234",
	"ExceptionStatus": "Potential",
	"ExceptionName": "AL",
	"ShipID": "4324234",
	"ReferenceType_BOL": "442342",
	"ReferenceType_PO": "432432",
	"Number_of_Stops": "95",
	"OrderCreator": "Tia",
	"Orderowner": "Tia", 
	"NationalAccount": "3213213213213",
	"Line_of_Business": "Walmart",
	"Billing_Party": "walmart",
	"Requestor": "walmart",
	"BusinessUnit": "WAL43242",
	"ServiceOffering": "WRWT",
	"FleetCode": "FLT",
	"LoadNumber": "4324",
	"LoadCarrier": "423",
	"LoadTrailer": "42423",
	"BoardCode": "BAR123",
	"LoadPreplanNote": "Shift",
	"OperationalOwner": "Bob Smith(JBRO1234)",
	"OriginSiteCode": "TF",
	"OriginSiteName": "AL",
	"OriginAddress": {
                "City": "Frito (FROR69)",
                "State": "2600 Shader Rd",
                "Zip": "Orlando, FL 32808",
                "Country": "AR"
            },
            "OriginMarketingArea":"CHN",
	"Scheduled_Pickup_Appointment_Date_and_time":"10-10-2016",
	"Requested_Pickup_date_and_time":"15-10-2016",
	"Destination_Site_Code":"AL",
	"Destination_Site_Name":"AL",
	"DestinationAddress":{
                "City": "Walmart (WABOAM)",
                "State": "1972 HWY",
                "Zip": "Boaz, AL 35957",
                "Country": "AR"
            },
	"Destination_Marketing_Area":"AUS",
	"Scheduled_Delivery_Appointment_date_and_time":"10-10-2016",
	"Requested_Delivery_date_and_time":"15-10-2016",
	"Intermediate_Stop_Site_Code":"ALU",
	"Intermediate_Stop_Site_Name":"95",
	"Intermediate_Stop_Address":{
                "City": "Coco Cola (COWEV)",
                "State": "1239 Sweove sev",
                "Zip": "Bentonville",
                "Country": "AR"
            },
	"Intermediate_Stop_Marketing_Area":"CH72",
	"Origin_Ramp":"AL",
	"Destination_Ramp":"AUS",
	"Stop_Number_of_exception":"5",
	"Planned_Deramp_date_and_time":"10-10-2016"
},{
	"OrderNumber": "GZ1234",
	"ExceptionStatus": "Potential",
	"ExceptionName": "AL",
	"ShipID": "4324234",
	"ReferenceType_BOL": "442342",
	"ReferenceType_PO": "432432",
	"Number_of_Stops": "95",
	"OrderCreator": "Tia",
	"Orderowner": "Tia", 
	"NationalAccount": "3213213213213",
	"Line_of_Business": "Walmart",
	"Billing_Party": "walmart",
	"Requestor": "walmart",
	"BusinessUnit": "WAL43242",
	"ServiceOffering": "WRWT",
	"FleetCode": "FLT",
	"LoadNumber": "4324",
	"LoadCarrier": "423",
	"LoadTrailer": "42423",
	"BoardCode": "BAR123",
	"LoadPreplanNote": "Shift",
	"OperationalOwner": "Bob Smith(JBRO1234)",
	"OriginSiteCode": "TF",
	"OriginSiteName": "AL",
	"OriginAddress": {
                "City": "Frito (FROR69)",
                "State": "2600 Shader Rd",
                "Zip": "Orlando, FL 32808",
                "Country": "AR"
            },
            "OriginMarketingArea":"CHN",
	"Scheduled_Pickup_Appointment_Date_and_time":"10-10-2016",
	"Requested_Pickup_date_and_time":"15-10-2016",
	"Destination_Site_Code":"AL",
	"Destination_Site_Name":"AL",
	"DestinationAddress":{
                "City": "Walmart (WABOAM)",
                "State": "1972 HWY",
                "Zip": "Boaz, AL 35957",
                "Country": "AR"
            },
	"Destination_Marketing_Area":"AUS",
	"Scheduled_Delivery_Appointment_date_and_time":"10-10-2016",
	"Requested_Delivery_date_and_time":"15-10-2016",
	"Intermediate_Stop_Site_Code":"ALU",
	"Intermediate_Stop_Site_Name":"95",
	"Intermediate_Stop_Address":{
                "City": "Coco Cola (COWEV)",
                "State": "1239 Sweove sev",
                "Zip": "Bentonville",
                "Country": "AR"
            },
	"Intermediate_Stop_Marketing_Area":"CH72",
	"Origin_Ramp":"AL",
	"Destination_Ramp":"AUS",
	"Stop_Number_of_exception":"5",
	"Planned_Deramp_date_and_time":"10-10-2016"
},{
	"OrderNumber": "GZ1234",
	"ExceptionStatus": "Potential",
	"ExceptionName": "AL",
	"ShipID": "4324234",
	"ReferenceType_BOL": "442342",
	"ReferenceType_PO": "432432",
	"Number_of_Stops": "95",
	"OrderCreator": "Tia",
	"Orderowner": "Tia", 
	"NationalAccount": "3213213213213",
	"Line_of_Business": "Walmart",
	"Billing_Party": "walmart",
	"Requestor": "walmart",
	"BusinessUnit": "WAL43242",
	"ServiceOffering": "WRWT",
	"FleetCode": "FLT",
	"LoadNumber": "4324",
	"LoadCarrier": "423",
	"LoadTrailer": "42423",
	"BoardCode": "BAR123",
	"LoadPreplanNote": "Shift",
	"OperationalOwner": "Bob Smith(JBRO1234)",
	"OriginSiteCode": "TF",
	"OriginSiteName": "AL",
	"OriginAddress": {
                "City": "Frito (FROR69)",
                "State": "2600 Shader Rd",
                "Zip": "Orlando, FL 32808",
                "Country": "AR"
            },
            "OriginMarketingArea":"CHN",
	"Scheduled_Pickup_Appointment_Date_and_time":"10-10-2016",
	"Requested_Pickup_date_and_time":"15-10-2016",
	"Destination_Site_Code":"AL",
	"Destination_Site_Name":"AL",
	"DestinationAddress":{
                "City": "Walmart (WABOAM)",
                "State": "1972 HWY",
                "Zip": "Boaz, AL 35957",
                "Country": "AR"
            },
	"Destination_Marketing_Area":"AUS",
	"Scheduled_Delivery_Appointment_date_and_time":"10-10-2016",
	"Requested_Delivery_date_and_time":"15-10-2016",
	"Intermediate_Stop_Site_Code":"ALU",
	"Intermediate_Stop_Site_Name":"95",
	"Intermediate_Stop_Address":{
                "City": "Coco Cola (COWEV)",
                "State": "1239 Sweove sev",
                "Zip": "Bentonville",
                "Country": "AR"
            },
	"Intermediate_Stop_Marketing_Area":"CH72",
	"Origin_Ramp":"AL",
	"Destination_Ramp":"AUS",
	"Stop_Number_of_exception":"5",
	"Planned_Deramp_date_and_time":"10-10-2016"
},{
	"OrderNumber": "GZ1234",
	"ExceptionStatus": "Potential",
	"ExceptionName": "AL",
	"ShipID": "4324234",
	"ReferenceType_BOL": "442342",
	"ReferenceType_PO": "432432",
	"Number_of_Stops": "95",
	"OrderCreator": "Tia",
	"Orderowner": "Tia", 
	"NationalAccount": "3213213213213",
	"Line_of_Business": "Walmart",
	"Billing_Party": "walmart",
	"Requestor": "walmart",
	"BusinessUnit": "WAL43242",
	"ServiceOffering": "WRWT",
	"FleetCode": "FLT",
	"LoadNumber": "4324",
	"LoadCarrier": "423",
	"LoadTrailer": "42423",
	"BoardCode": "BAR123",
	"LoadPreplanNote": "Shift",
	"OperationalOwner": "Bob Smith(JBRO1234)",
	"OriginSiteCode": "TF",
	"OriginSiteName": "AL",
	"OriginAddress": {
                "City": "Frito (FROR69)",
                "State": "2600 Shader Rd",
                "Zip": "Orlando, FL 32808",
                "Country": "AR"
            },
            "OriginMarketingArea":"CHN",
	"Scheduled_Pickup_Appointment_Date_and_time":"10-10-2016",
	"Requested_Pickup_date_and_time":"15-10-2016",
	"Destination_Site_Code":"AL",
	"Destination_Site_Name":"AL",
	"DestinationAddress":{
                "City": "Walmart (WABOAM)",
                "State": "1972 HWY",
                "Zip": "Boaz, AL 35957",
                "Country": "AR"
            },
	"Destination_Marketing_Area":"AUS",
	"Scheduled_Delivery_Appointment_date_and_time":"10-10-2016",
	"Requested_Delivery_date_and_time":"15-10-2016",
	"Intermediate_Stop_Site_Code":"ALU",
	"Intermediate_Stop_Site_Name":"95",
	"Intermediate_Stop_Address":{
                "City": "Coco Cola (COWEV)",
                "State": "1239 Sweove sev",
                "Zip": "Bentonville",
                "Country": "AR"
            },
	"Intermediate_Stop_Marketing_Area":"CH72",
	"Origin_Ramp":"AL",
	"Destination_Ramp":"AUS",
	"Stop_Number_of_exception":"5",
	"Planned_Deramp_date_and_time":"10-10-2016"
},{
	"OrderNumber": "GZ1234",
	"ExceptionStatus": "Potential",
	"ExceptionName": "AL",
	"ShipID": "4324234",
	"ReferenceType_BOL": "442342",
	"ReferenceType_PO": "432432",
	"Number_of_Stops": "95",
	"OrderCreator": "Tia",
	"Orderowner": "Tia", 
	"NationalAccount": "3213213213213",
	"Line_of_Business": "Walmart",
	"Billing_Party": "walmart",
	"Requestor": "walmart",
	"BusinessUnit": "WAL43242",
	"ServiceOffering": "WRWT",
	"FleetCode": "FLT",
	"LoadNumber": "4324",
	"LoadCarrier": "423",
	"LoadTrailer": "42423",
	"BoardCode": "BAR123",
	"LoadPreplanNote": "Shift",
	"OperationalOwner": "Bob Smith(JBRO1234)",
	"OriginSiteCode": "TF",
	"OriginSiteName": "AL",
	"OriginAddress": {
                "City": "Frito (FROR69)",
                "State": "2600 Shader Rd",
                "Zip": "Orlando, FL 32808",
                "Country": "AR"
            },
            "OriginMarketingArea":"CHN",
	"Scheduled_Pickup_Appointment_Date_and_time":"10-10-2016",
	"Requested_Pickup_date_and_time":"15-10-2016",
	"Destination_Site_Code":"AL",
	"Destination_Site_Name":"AL",
	"DestinationAddress":{
                "City": "Walmart (WABOAM)",
                "State": "1972 HWY",
                "Zip": "Boaz, AL 35957",
                "Country": "AR"
            },
	"Destination_Marketing_Area":"AUS",
	"Scheduled_Delivery_Appointment_date_and_time":"10-10-2016",
	"Requested_Delivery_date_and_time":"15-10-2016",
	"Intermediate_Stop_Site_Code":"ALU",
	"Intermediate_Stop_Site_Name":"95",
	"Intermediate_Stop_Address":{
                "City": "Coco Cola (COWEV)",
                "State": "1239 Sweove sev",
                "Zip": "Bentonville",
                "Country": "AR"
            },
	"Intermediate_Stop_Marketing_Area":"CH72",
	"Origin_Ramp":"AL",
	"Destination_Ramp":"AUS",
	"Stop_Number_of_exception":"5",
	"Planned_Deramp_date_and_time":"10-10-2016"
},{
	"OrderNumber": "GZ1234",
	"ExceptionStatus": "Potential",
	"ExceptionName": "AL",
	"ShipID": "4324234",
	"ReferenceType_BOL": "442342",
	"ReferenceType_PO": "432432",
	"Number_of_Stops": "95",
	"OrderCreator": "Tia",
	"Orderowner": "Tia", 
	"NationalAccount": "3213213213213",
	"Line_of_Business": "Walmart",
	"Billing_Party": "walmart",
	"Requestor": "walmart",
	"BusinessUnit": "WAL43242",
	"ServiceOffering": "WRWT",
	"FleetCode": "FLT",
	"LoadNumber": "4324",
	"LoadCarrier": "423",
	"LoadTrailer": "42423",
	"BoardCode": "BAR123",
	"LoadPreplanNote": "Shift",
	"OperationalOwner": "Bob Smith(JBRO1234)",
	"OriginSiteCode": "TF",
	"OriginSiteName": "AL",
	"OriginAddress": {
                "City": "Frito (FROR69)",
                "State": "2600 Shader Rd",
                "Zip": "Orlando, FL 32808",
                "Country": "AR"
            },
            "OriginMarketingArea":"CHN",
	"Scheduled_Pickup_Appointment_Date_and_time":"10-10-2016",
	"Requested_Pickup_date_and_time":"15-10-2016",
	"Destination_Site_Code":"AL",
	"Destination_Site_Name":"AL",
	"DestinationAddress":{
                "City": "Walmart (WABOAM)",
                "State": "1972 HWY",
                "Zip": "Boaz, AL 35957",
                "Country": "AR"
            },
	"Destination_Marketing_Area":"AUS",
	"Scheduled_Delivery_Appointment_date_and_time":"10-10-2016",
	"Requested_Delivery_date_and_time":"15-10-2016",
	"Intermediate_Stop_Site_Code":"ALU",
	"Intermediate_Stop_Site_Name":"95",
	"Intermediate_Stop_Address":{
                "City": "Coco Cola (COWEV)",
                "State": "1239 Sweove sev",
                "Zip": "Bentonville",
                "Country": "AR"
            },
	"Intermediate_Stop_Marketing_Area":"CH72",
	"Origin_Ramp":"AL",
	"Destination_Ramp":"AUS",
	"Stop_Number_of_exception":"5",
	"Planned_Deramp_date_and_time":"10-10-2016"
},{
	"OrderNumber": "GZ1234",
	"ExceptionStatus": "Potential",
	"ExceptionName": "AL",
	"ShipID": "4324234",
	"ReferenceType_BOL": "442342",
	"ReferenceType_PO": "432432",
	"Number_of_Stops": "95",
	"OrderCreator": "Tia",
	"Orderowner": "Tia", 
	"NationalAccount": "3213213213213",
	"Line_of_Business": "Walmart",
	"Billing_Party": "walmart",
	"Requestor": "walmart",
	"BusinessUnit": "WAL43242",
	"ServiceOffering": "WRWT",
	"FleetCode": "FLT",
	"LoadNumber": "4324",
	"LoadCarrier": "423",
	"LoadTrailer": "42423",
	"BoardCode": "BAR123",
	"LoadPreplanNote": "Shift",
	"OperationalOwner": "Bob Smith(JBRO1234)",
	"OriginSiteCode": "TF",
	"OriginSiteName": "AL",
	"OriginAddress": {
                "City": "Frito (FROR69)",
                "State": "2600 Shader Rd",
                "Zip": "Orlando, FL 32808",
                "Country": "AR"
            },
            "OriginMarketingArea":"CHN",
	"Scheduled_Pickup_Appointment_Date_and_time":"10-10-2016",
	"Requested_Pickup_date_and_time":"15-10-2016",
	"Destination_Site_Code":"AL",
	"Destination_Site_Name":"AL",
	"DestinationAddress":{
                "City": "Walmart (WABOAM)",
                "State": "1972 HWY",
                "Zip": "Boaz, AL 35957",
                "Country": "AR"
            },
	"Destination_Marketing_Area":"AUS",
	"Scheduled_Delivery_Appointment_date_and_time":"10-10-2016",
	"Requested_Delivery_date_and_time":"15-10-2016",
	"Intermediate_Stop_Site_Code":"ALU",
	"Intermediate_Stop_Site_Name":"95",
	"Intermediate_Stop_Address":{
                "City": "Coco Cola (COWEV)",
                "State": "1239 Sweove sev",
                "Zip": "Bentonville",
                "Country": "AR"
            },
	"Intermediate_Stop_Marketing_Area":"CH72",
	"Origin_Ramp":"AL",
	"Destination_Ramp":"AUS",
	"Stop_Number_of_exception":"5",
	"Planned_Deramp_date_and_time":"10-10-2016"
},{
	"OrderNumber": "GZ1234",
	"ExceptionStatus": "Potential",
	"ExceptionName": "AL",
	"ShipID": "4324234",
	"ReferenceType_BOL": "442342",
	"ReferenceType_PO": "432432",
	"Number_of_Stops": "95",
	"OrderCreator": "Tia",
	"Orderowner": "Tia", 
	"NationalAccount": "3213213213213",
	"Line_of_Business": "Walmart",
	"Billing_Party": "walmart",
	"Requestor": "walmart",
	"BusinessUnit": "WAL43242",
	"ServiceOffering": "WRWT",
	"FleetCode": "FLT",
	"LoadNumber": "4324",
	"LoadCarrier": "423",
	"LoadTrailer": "42423",
	"BoardCode": "BAR123",
	"LoadPreplanNote": "Shift",
	"OperationalOwner": "Bob Smith(JBRO1234)",
	"OriginSiteCode": "TF",
	"OriginSiteName": "AL",
	"OriginAddress": {
                "City": "Frito (FROR69)",
                "State": "2600 Shader Rd",
                "Zip": "Orlando, FL 32808",
                "Country": "AR"
            },
            "OriginMarketingArea":"CHN",
	"Scheduled_Pickup_Appointment_Date_and_time":"10-10-2016",
	"Requested_Pickup_date_and_time":"15-10-2016",
	"Destination_Site_Code":"AL",
	"Destination_Site_Name":"AL",
	"DestinationAddress":{
                "City": "Walmart (WABOAM)",
                "State": "1972 HWY",
                "Zip": "Boaz, AL 35957",
                "Country": "AR"
            },
	"Destination_Marketing_Area":"AUS",
	"Scheduled_Delivery_Appointment_date_and_time":"10-10-2016",
	"Requested_Delivery_date_and_time":"15-10-2016",
	"Intermediate_Stop_Site_Code":"ALU",
	"Intermediate_Stop_Site_Name":"95",
	"Intermediate_Stop_Address":{
                "City": "Coco Cola (COWEV)",
                "State": "1239 Sweove sev",
                "Zip": "Bentonville",
                "Country": "AR"
            },
	"Intermediate_Stop_Marketing_Area":"CH72",
	"Origin_Ramp":"AL",
	"Destination_Ramp":"AUS",
	"Stop_Number_of_exception":"5",
	"Planned_Deramp_date_and_time":"10-10-2016"
},{
	"OrderNumber": "GZ1234",
	"ExceptionStatus": "Potential",
	"ExceptionName": "AL",
	"ShipID": "4324234",
	"ReferenceType_BOL": "442342",
	"ReferenceType_PO": "432432",
	"Number_of_Stops": "95",
	"OrderCreator": "Tia",
	"Orderowner": "Tia", 
	"NationalAccount": "3213213213213",
	"Line_of_Business": "Walmart",
	"Billing_Party": "walmart",
	"Requestor": "walmart",
	"BusinessUnit": "WAL43242",
	"ServiceOffering": "WRWT",
	"FleetCode": "FLT",
	"LoadNumber": "4324",
	"LoadCarrier": "423",
	"LoadTrailer": "42423",
	"BoardCode": "BAR123",
	"LoadPreplanNote": "Shift",
	"OperationalOwner": "Bob Smith(JBRO1234)",
	"OriginSiteCode": "TF",
	"OriginSiteName": "AL",
	"OriginAddress": {
                "City": "Frito (FROR69)",
                "State": "2600 Shader Rd",
                "Zip": "Orlando, FL 32808",
                "Country": "AR"
            },
            "OriginMarketingArea":"CHN",
	"Scheduled_Pickup_Appointment_Date_and_time":"10-10-2016",
	"Requested_Pickup_date_and_time":"15-10-2016",
	"Destination_Site_Code":"AL",
	"Destination_Site_Name":"AL",
	"DestinationAddress":{
                "City": "Walmart (WABOAM)",
                "State": "1972 HWY",
                "Zip": "Boaz, AL 35957",
                "Country": "AR"
            },
	"Destination_Marketing_Area":"AUS",
	"Scheduled_Delivery_Appointment_date_and_time":"10-10-2016",
	"Requested_Delivery_date_and_time":"15-10-2016",
	"Intermediate_Stop_Site_Code":"ALU",
	"Intermediate_Stop_Site_Name":"95",
	"Intermediate_Stop_Address":{
                "City": "Coco Cola (COWEV)",
                "State": "1239 Sweove sev",
                "Zip": "Bentonville",
                "Country": "AR"
            },
	"Intermediate_Stop_Marketing_Area":"CH72",
	"Origin_Ramp":"AL",
	"Destination_Ramp":"AUS",
	"Stop_Number_of_exception":"5",
	"Planned_Deramp_date_and_time":"10-10-2016"
},{
	"OrderNumber": "GZ1234",
	"ExceptionStatus": "Potential",
	"ExceptionName": "AL",
	"ShipID": "4324234",
	"ReferenceType_BOL": "442342",
	"ReferenceType_PO": "432432",
	"Number_of_Stops": "95",
	"OrderCreator": "Tia",
	"Orderowner": "Tia", 
	"NationalAccount": "3213213213213",
	"Line_of_Business": "Walmart",
	"Billing_Party": "walmart",
	"Requestor": "walmart",
	"BusinessUnit": "WAL43242",
	"ServiceOffering": "WRWT",
	"FleetCode": "FLT",
	"LoadNumber": "4324",
	"LoadCarrier": "423",
	"LoadTrailer": "42423",
	"BoardCode": "BAR123",
	"LoadPreplanNote": "Shift",
	"OperationalOwner": "Bob Smith(JBRO1234)",
	"OriginSiteCode": "TF",
	"OriginSiteName": "AL",
	"OriginAddress": {
                "City": "Frito (FROR69)",
                "State": "2600 Shader Rd",
                "Zip": "Orlando, FL 32808",
                "Country": "AR"
            },
            "OriginMarketingArea":"CHN",
	"Scheduled_Pickup_Appointment_Date_and_time":"10-10-2016",
	"Requested_Pickup_date_and_time":"15-10-2016",
	"Destination_Site_Code":"AL",
	"Destination_Site_Name":"AL",
	"DestinationAddress":{
                "City": "Walmart (WABOAM)",
                "State": "1972 HWY",
                "Zip": "Boaz, AL 35957",
                "Country": "AR"
            },
	"Destination_Marketing_Area":"AUS",
	"Scheduled_Delivery_Appointment_date_and_time":"10-10-2016",
	"Requested_Delivery_date_and_time":"15-10-2016",
	"Intermediate_Stop_Site_Code":"ALU",
	"Intermediate_Stop_Site_Name":"95",
	"Intermediate_Stop_Address":{
                "City": "Coco Cola (COWEV)",
                "State": "1239 Sweove sev",
                "Zip": "Bentonville",
                "Country": "AR"
            },
	"Intermediate_Stop_Marketing_Area":"CH72",
	"Origin_Ramp":"AL",
	"Destination_Ramp":"AUS",
	"Stop_Number_of_exception":"5",
	"Planned_Deramp_date_and_time":"10-10-2016"
},{
	"OrderNumber": "GZ1234",
	"ExceptionStatus": "Potential",
	"ExceptionName": "AL",
	"ShipID": "4324234",
	"ReferenceType_BOL": "442342",
	"ReferenceType_PO": "432432",
	"Number_of_Stops": "95",
	"OrderCreator": "Tia",
	"Orderowner": "Tia", 
	"NationalAccount": "3213213213213",
	"Line_of_Business": "Walmart",
	"Billing_Party": "walmart",
	"Requestor": "walmart",
	"BusinessUnit": "WAL43242",
	"ServiceOffering": "WRWT",
	"FleetCode": "FLT",
	"LoadNumber": "4324",
	"LoadCarrier": "423",
	"LoadTrailer": "42423",
	"BoardCode": "BAR123",
	"LoadPreplanNote": "Shift",
	"OperationalOwner": "Bob Smith(JBRO1234)",
	"OriginSiteCode": "TF",
	"OriginSiteName": "AL",
	"OriginAddress": {
                "City": "Frito (FROR69)",
                "State": "2600 Shader Rd",
                "Zip": "Orlando, FL 32808",
                "Country": "AR"
            },
            "OriginMarketingArea":"CHN",
	"Scheduled_Pickup_Appointment_Date_and_time":"10-10-2016",
	"Requested_Pickup_date_and_time":"15-10-2016",
	"Destination_Site_Code":"AL",
	"Destination_Site_Name":"AL",
	"DestinationAddress":{
                "City": "Walmart (WABOAM)",
                "State": "1972 HWY",
                "Zip": "Boaz, AL 35957",
                "Country": "AR"
            },
	"Destination_Marketing_Area":"AUS",
	"Scheduled_Delivery_Appointment_date_and_time":"10-10-2016",
	"Requested_Delivery_date_and_time":"15-10-2016",
	"Intermediate_Stop_Site_Code":"ALU",
	"Intermediate_Stop_Site_Name":"95",
	"Intermediate_Stop_Address":{
                "City": "Coco Cola (COWEV)",
                "State": "1239 Sweove sev",
                "Zip": "Bentonville",
                "Country": "AR"
            },
	"Intermediate_Stop_Marketing_Area":"CH72",
	"Origin_Ramp":"AL",
	"Destination_Ramp":"AUS",
	"Stop_Number_of_exception":"5",
	"Planned_Deramp_date_and_time":"10-10-2016"
},{
	"OrderNumber": "GZ1234",
	"ExceptionStatus": "Potential",
	"ExceptionName": "AL",
	"ShipID": "4324234",
	"ReferenceType_BOL": "442342",
	"ReferenceType_PO": "432432",
	"Number_of_Stops": "95",
	"OrderCreator": "Tia",
	"Orderowner": "Tia", 
	"NationalAccount": "3213213213213",
	"Line_of_Business": "Walmart",
	"Billing_Party": "walmart",
	"Requestor": "walmart",
	"BusinessUnit": "WAL43242",
	"ServiceOffering": "WRWT",
	"FleetCode": "FLT",
	"LoadNumber": "4324",
	"LoadCarrier": "423",
	"LoadTrailer": "42423",
	"BoardCode": "BAR123",
	"LoadPreplanNote": "Shift",
	"OperationalOwner": "Bob Smith(JBRO1234)",
	"OriginSiteCode": "TF",
	"OriginSiteName": "AL",
	"OriginAddress": {
                "City": "Frito (FROR69)",
                "State": "2600 Shader Rd",
                "Zip": "Orlando, FL 32808",
                "Country": "AR"
            },
            "OriginMarketingArea":"CHN",
	"Scheduled_Pickup_Appointment_Date_and_time":"10-10-2016",
	"Requested_Pickup_date_and_time":"15-10-2016",
	"Destination_Site_Code":"AL",
	"Destination_Site_Name":"AL",
	"DestinationAddress":{
                "City": "Walmart (WABOAM)",
                "State": "1972 HWY",
                "Zip": "Boaz, AL 35957",
                "Country": "AR"
            },
	"Destination_Marketing_Area":"AUS",
	"Scheduled_Delivery_Appointment_date_and_time":"10-10-2016",
	"Requested_Delivery_date_and_time":"15-10-2016",
	"Intermediate_Stop_Site_Code":"ALU",
	"Intermediate_Stop_Site_Name":"95",
	"Intermediate_Stop_Address":{
                "City": "Coco Cola (COWEV)",
                "State": "1239 Sweove sev",
                "Zip": "Bentonville",
                "Country": "AR"
            },
	"Intermediate_Stop_Marketing_Area":"CH72",
	"Origin_Ramp":"AL",
	"Destination_Ramp":"AUS",
	"Stop_Number_of_exception":"5",
	"Planned_Deramp_date_and_time":"10-10-2016"
},{
	"OrderNumber": "GZ1234",
	"ExceptionStatus": "Potential",
	"ExceptionName": "AL",
	"ShipID": "4324234",
	"ReferenceType_BOL": "442342",
	"ReferenceType_PO": "432432",
	"Number_of_Stops": "95",
	"OrderCreator": "Tia",
	"Orderowner": "Tia", 
	"NationalAccount": "3213213213213",
	"Line_of_Business": "Walmart",
	"Billing_Party": "walmart",
	"Requestor": "walmart",
	"BusinessUnit": "WAL43242",
	"ServiceOffering": "WRWT",
	"FleetCode": "FLT",
	"LoadNumber": "4324",
	"LoadCarrier": "423",
	"LoadTrailer": "42423",
	"BoardCode": "BAR123",
	"LoadPreplanNote": "Shift",
	"OperationalOwner": "Bob Smith(JBRO1234)",
	"OriginSiteCode": "TF",
	"OriginSiteName": "AL",
	"OriginAddress": {
                "City": "Frito (FROR69)",
                "State": "2600 Shader Rd",
                "Zip": "Orlando, FL 32808",
                "Country": "AR"
            },
            "OriginMarketingArea":"CHN",
	"Scheduled_Pickup_Appointment_Date_and_time":"10-10-2016",
	"Requested_Pickup_date_and_time":"15-10-2016",
	"Destination_Site_Code":"AL",
	"Destination_Site_Name":"AL",
	"DestinationAddress":{
                "City": "Walmart (WABOAM)",
                "State": "1972 HWY",
                "Zip": "Boaz, AL 35957",
                "Country": "AR"
            },
	"Destination_Marketing_Area":"AUS",
	"Scheduled_Delivery_Appointment_date_and_time":"10-10-2016",
	"Requested_Delivery_date_and_time":"15-10-2016",
	"Intermediate_Stop_Site_Code":"ALU",
	"Intermediate_Stop_Site_Name":"95",
	"Intermediate_Stop_Address":{
                "City": "Coco Cola (COWEV)",
                "State": "1239 Sweove sev",
                "Zip": "Bentonville",
                "Country": "AR"
            },
	"Intermediate_Stop_Marketing_Area":"CH72",
	"Origin_Ramp":"AL",
	"Destination_Ramp":"AUS",
	"Stop_Number_of_exception":"5",
	"Planned_Deramp_date_and_time":"10-10-2016"
}




]