{
  "took": 551,
  "timed_out": false,
  "_shards": {
    "total": 5,
    "successful": 5,
    "failed": 0
  },
  "hits": {
    "total": 1,
    "max_score": 8.1521015,
    "hits": [
      {
        "_index": "personnelemployeeprofileindex",
        "_type": "employeeprofiles",
        "_id": "317047",
        "_score": 8.1521015,
        "_source": {
          "firstName": "Thiyagharajan",
          "middleName": null,
          "lastName": "Gobalgiri Kalaiselvi",
          "emplid": "317047",
          "userID": "RCON952",
          "nationalID": null,
          "isActive": true,
          "positions": [
            {
              "positionNumber": null,
              "positionDescription": null,
              "entryDate": null,
              "reportsToPositionNumber": null,
              "jobcode": null,
              "jobtitle": null,
              "payGroupCode": null,
              "locationCode": null,
              "businessUnit": "ADM",
              "department": null,
              "customer": null,
              "overtimeType": null,
              "costCenterID": null,
              "gllocation": null
            }
          ],
          "personDTO": {
            "emplId": "317047",
            "userId": "RCON952",
            "firstName": "Thiyagharajan",
            "middleName": "",
            "lastName": "Gobalgiri Kalaiselvi",
            "prefName": "Thiyagharajan",
            "personType": "CWR",
            "personSubType": "",
            "isDriver": "N",
            "status": "A",
            "positionNbr": "00221849",
            "positionDescr": "CWR Contract Programmer",
            "managerEmplId": "124890",
            "managerName": "ERIN HELF",
            "departmentCode": "",
            "costCenterID": "101604",
            "businessUnit": "ADM",
            "jobCode": "001349",
            "jobTitle": "CWR Contract Programmer",
            "jobGroup": "IT - IT",
            "locationCode": "LOWAR09",
            "locationDesc": "Lowell, AR - 621 N Bloomington",
            "phone": "",
            "extenstion": "",
            "email": "thiyagharajan.gobalgiri.kalaiselvi@jbhunt.com"
          },
          "teams": [
            
          ],
          "taskAssignments": [
			  {"taskAssignmentID":39},
			  {"taskAssignmentID":21},
			  {"taskAssignmentID":9},
			  {"taskAssignmentID":115},
			  {"taskAssignmentID":64},
			  {"taskAssignmentID":99},
			  {"taskAssignmentID":57},
			  {"taskAssignmentID":55},
			  {"taskAssignmentID":42},
			  {"taskAssignmentID":131}
		  ],
          "roles": [
			{"roleTypeCode":"ApptOwner"},
			{"roleTypeCode":"OrderOwner"},
			{"roleTypeCode":"Dispatch"},
			{"roleTypeCode":"LoadPlng"}
		  ]
        }
      }
    ]
  }
}