{
    "appointment": {
        "data": [{
                "name": "Appointment Location",
                "prop": "appointmentLocation",
                "flexGrow": 0.8,
                "draggable": false,
                "resizeable": false,
                "reorderable": false,
				"isVisible": true,
                "maxChar": 60,
                "width": 150
            },
            {
                "name": "Awaiting My Action",
                "prop": "awaitingMyAction",
                "flexGrow": 0.7,
                "draggable": false,
                "resizeable": false,
                "reorderable": false,
				"isVisible": true,
                "maxChar": 60,
                "width": 150
            },
            {
                "name": "Earliest Appointment Date",
                "prop": "earliestAppointmentDate",
                "flexGrow": 0.8,
                "draggable": false,
                "resizeable": false,
                "reorderable": false,
				"isVisible": true,
                "maxChar": 60,
                "width": 170
            },
            {
                "name": "Total Appointments",
                "prop": "totalAppointments",
                "flexGrow": 0.7,
                "draggable": false,
                "resizeable": false,
                "reorderable": false,
				"isVisible": true,
                "maxChar": 60,
                "width": 150
            },
            {
                "name": "Type of Appointments",
                "prop": "typeofAppointments",
                "flexGrow": 0.7,
                "draggable": false,
                "resizeable": false,
                "reorderable": false,
				"isVisible": true,
                "maxChar": 60,
                "width": 150
            },
            {
                "name": "Contact Party",
                "prop": "contactParty",
                "flexGrow": 0.7,
                "draggable": false,
                "resizeable": false,
                "reorderable": false,
				"isVisible": true,
                "maxChar": 60,
                "width": 150
            },
            {
                "name": "Order Numbers",
                "prop": "orderId",
                "flexGrow": 0.7,
                "draggable": false,
                "resizeable": false,
                "reorderable": false,
				"isVisible": true,
                "maxChar": 60,
                "width": 150
            }
        ]
    },
    "pending": {
        "data": [{
                "name": "Time to Expire",
                "prop": "timeToExpire",
                "flexGrow": 0.4,
                "draggable": false,
                "resizeable": false,
                "reorderable": false,
				"isVisible": true,
                "maxChar": 60,
                "width": 150
            },
            {
                "name": "Order Number",
                "prop": "orderID",
                "flexGrow": 0.4,
                "draggable": false,
                "resizeable": false,
                "reorderable": false,
				"isVisible": true,
                "maxChar": 60,
                "width": 150
            },
            {
                "name": "Bill To",
                "prop": "billTo",
                "flexGrow": 0.7,
                "draggable": false,
                "resizeable": false,
                "reorderable": false,
				"isVisible": true,
                "maxChar": 60,
                "width": 150
            },
            {
                "name": "Ship ID",
                "prop": "shipmentIdentificationNumber",
                "flexGrow": 0.4,
                "draggable": false,
                "resizeable": false,
                "reorderable": false,
				"isVisible": true,
                "maxChar": 60,
                "width": 150
            },
            {
                "name": "Status",
                "prop": "orderStatusCode",
                "flexGrow": 0.4,
                "draggable": false,
                "resizeable": false,
                "reorderable": false,
				"isVisible": true,
                "maxChar": 60,
                "width": 150
            },
            {
                "name": "Type",
                "prop": "ucrType",
                "flexGrow": 0.4,
                "draggable": false,
                "resizeable": false,
                "reorderable": false,
				"isVisible": true,
                "maxChar": 60,
                "width": 150
            },
            {
                "name": "Opportunity",
                "prop": "opportunityIndicator",
                "flexGrow": 0.4,
                "draggable": false,
                "resizeable": false,
                "reorderable": false,
				"isVisible": true,
                "maxChar": 60,
                "width": 150,
                "cellTemplateName":"opportunityWraperIndicator"
            },
            {
                "name": "Failure Reason",
                "prop": "exceptionFailureList",
                "flexGrow": 0.4,
                "draggable": false,
                "resizeable": false,
                "reorderable": false,
				"isVisible": true,
                "maxChar": 60,
                "width": 150,
                "cellTemplateName": "failureWraperReasonsLists"
            },
            {
                "name": "Origin",
                "prop": "origin",
                "flexGrow": 0.4,
                "draggable": false,
                "resizeable": false,
                "reorderable": false,
				"isVisible": true,
                "maxChar": 60,
                "width": 150
            },
            {
                "name": "Destination",
                "prop": "destination",
                "flexGrow": 0.9,
                "draggable": false,
                "resizeable": false,
                "reorderable": false,
				"isVisible": true,
                "maxChar": 60,
                "width": 170
            },
            {
                "name": "Order Status Reason Code",
                "prop": "orderStatusReasonCode",
                "flexGrow": 0.7,
                "draggable": false,
                "resizeable": false,
                "reorderable": false,
				"isVisible": false,
                "maxChar": 60,
                "width": 170
            },
            {
                "name": "SCAC",
                "prop": "scac",
                "flexGrow": 0.7,
                "draggable": false,
                "resizeable": false,
                "reorderable": false,
				"isVisible": false,
                "maxChar": 60,
                "width": 170
            },
            {
                "name": "Desirability Index",
                "prop": "desirabilityIndex",
                "flexGrow": 0.7,
                "draggable": false,
                "resizeable": false,
                "reorderable": false,
				"isVisible": false,
                "maxChar": 60,
                "width": 170
            },
            {
                "name": "Prim Lane",
                "prop": "primLane",
                "flexGrow": 0.7,
                "draggable": false,
                "resizeable": false,
                "reorderable": false,
				"isVisible": false,
                "maxChar": 60,
                "width": 170
            },
            {
                "name": "Must Respond By Time",
                "prop": "mustRespondTime",
                "flexGrow": 0.7,
                "draggable": false,
                "resizeable": false,
                "reorderable": false,
				"isVisible": false,
                "maxChar": 60,
                "width": 170
            },
            {
                "name": "View UCR Details",
                "prop": "",
                "flexGrow": 0.7,
                "draggable": false,
                "resizeable": false,
                "reorderable": false,
				"isVisible": false,
                "maxChar": 60,
                "width": 170
            },
            {
                "name": "Count of Intermediate Stops",
                "prop": "intermediateStops",
                "flexGrow": 0.7,
                "draggable": false,
                "resizeable": false,
                "reorderable": false,
				"isVisible": false,
                "maxChar": 60,
                "width": 170
            },
            {
                "name": "Origin Market",
                "prop": "originMarketingArea",
                "flexGrow": 0.7,
                "draggable": false,
                "resizeable": false,
                "reorderable": false,
				"isVisible": false,
                "maxChar": 60,
                "width": 170
            },
            {
                "name": "Destination Market",
                "prop": "destinationMarketingArea",
                "flexGrow": 0.7,
                "draggable": false,
                "resizeable": false,
                "reorderable": false,
				"isVisible": false,
                "maxChar": 60,
                "width": 170
            },
            {
                "name": "Scheduled Pickup",
                "prop": "schedulePickupTime",
                "flexGrow": 0.7,
                "draggable": false,
                "resizeable": false,
                "reorderable": false,
				"isVisible": false,
                "maxChar": 60,
                "width": 170
            },
            {
                "name": "Requested Pickup",
                "prop": "requestPickupTime",
                "flexGrow": 0.7,
                "draggable": false,
                "resizeable": false,
                "reorderable": false,
				"isVisible": false,
                "maxChar": 60,
                "width": 170
            },
            {
                "name": "Scheduled Delivery",
                "prop": "scheduleDeliveryTime",
                "flexGrow": 0.7,
                "draggable": false,
                "resizeable": false,
                "reorderable": false,
				"isVisible": false,
                "maxChar": 60,
                "width": 170
            },
            {
                "name": "Requested Delivery",
                "prop": "requestDeliveryTime",
                "flexGrow": 0.7,
                "draggable": false,
                "resizeable": false,
                "reorderable": false,
				"isVisible": false,
                "maxChar": 60,
                "width": 170
            }
        ]
    },
    "appointmentStop": {
        "data": [{
                "name": "checkboxedCol",
                "flexGrow": 0.2,
                "sortable": false,
                "canAutoResize": true,
                "draggable": false,
                "resizeable": false,
                "headerCheckboxable": true,
                "checkboxable": true,
				"isVisible": true,
                "maxChar": 60,
                "width": 50
            },
            {
                "name": "Status",
                "prop": "status",
                "flexGrow": 0.4,
                "draggable": false,
                "resizeable": false,
                "reorderable": false,
				"isVisible": true,
                "maxChar": 60,
                "width": 150
            },
            {
                "name": "Anticipated Appointment Date",
                "prop": "anticipatedAppointmentDate",
                "flexGrow": 0.5,
                "draggable": false,
                "resizeable": false,
                "reorderable": false,
				"isVisible": true,
                "maxChar": 60,
                "width": 150
            },
            {
                "name": "Loading Type",
                "prop": "loadingType",
                "flexGrow": 0.4,
                "draggable": false,
                "resizeable": false,
                "reorderable": false,
				"isVisible": true,
                "maxChar": 60,
                "width": 130
            },
            {
                "name": "Service",
                "prop": "businessUnitCodeserviceOfferingCode",
                "flexGrow": 0.5,
                "draggable": false,
                "resizeable": false,
                "reorderable": false,
				"isVisible": true,
                "maxChar": 60,
                "width": 160
            },
            {
                "name": "Order",
                "prop": "orderId",
                "flexGrow": 0.35,
                "draggable": false,
                "resizeable": false,
                "reorderable": false,
				"isVisible": true,
                "maxChar": 60,
                "width": 130
            },
            {
                "name": "Stop Number",
                "prop": "stopNumber",
                "flexGrow": 0.4,
                "draggable": false,
                "resizeable": false,
                "reorderable": false,
				"isVisible": true,
                "maxChar": 60,
                "width": 150
            },
            {
                "name": "Type",
                "prop": "type",
                "flexGrow": 0.3,
                "draggable": false,
                "resizeable": false,
                "reorderable": false,
				"isVisible": true,
                "maxChar": 60,
                "width": 130
            },
            {
                "name": "Shipment Origin",
                "prop": "originAddress",
                "flexGrow": 0.55,
                "draggable": false,
                "resizeable": false,
                "reorderable": false,
				"isVisible": true,
                "maxChar": 60,
                "width": 160
            },
            {
                "name": "Shipment Destination",
                "prop": "destinationAddress",
                "flexGrow": 0.55,
                "draggable": false,
                "resizeable": false,
                "reorderable": false,
				"isVisible": true,
                "maxChar": 60,
                "width": 160
            },
            {
                "name": "Bill To Account",
                "prop": "billToAccount",
                "flexGrow": 0.9,
                "draggable": false,
                "resizeable": false,
                "reorderable": false,
				"isVisible": true,
                "maxChar": 60,
                "width": 200
            },
            {
                "name": "Origin Market",
                "prop": "originMarketingArea",
                "flexGrow": 0.7,
                "draggable": false,
                "resizeable": false,
                "reorderable": false,
				"isVisible": false,
                "maxChar": 60,
                "width": 180
            },            
            {
                "name": "Destination Market",
                "prop": "destinationMarketingArea",
                "flexGrow": 0.7,
                "draggable": false,
                "resizeable": false,
                "reorderable": false,
				"isVisible": false,
                "maxChar": 60,
                "width": 180
            },
            {
                "name": "Operational Owner",
                "prop": "operationalOwner",
                "flexGrow": 0.7,
                "draggable": false,
                "resizeable": false,
                "reorderable": false,
				"isVisible": false,
                "maxChar": 60,
                "width": 180
            },
            {
                "name": "Ship ID",
                "prop": "shipmentIdentificationNumber",
                "flexGrow": 0.7,
                "draggable": false,
                "resizeable": false,
                "reorderable": false,
				"isVisible": false,
                "maxChar": 60,
                "width": 180
            },
            {
                "name": "Reference Type:BOL",
                "prop": "referenceNumber_BOL",
                "flexGrow": 0.7,
                "draggable": false,
                "resizeable": false,
                "reorderable": false,
				"isVisible": false,
                "maxChar": 60,
                "width": 180
            }, 
            {
                "name": "Reference Type: PO",
                "prop": "referenceNumber_PO",
                "flexGrow": 0.7,
                "draggable": false,
                "resizeable": false,
                "reorderable": false,
				"isVisible": false,
                "maxChar": 60,
                "width": 180
            },
            {
                "name": "Number Of Stops",
                "prop": "numberOfStops",
                "flexGrow": 0.7,
                "draggable": false,
                "resizeable": false,
                "reorderable": false,
				"isVisible": false,
                "maxChar": 60,
                "width": 180
            },
            {
                "name": "Order Creator",
                "prop": "creatoruserID",
                "flexGrow": 0.7,
                "draggable": false,
                "resizeable": false,
                "reorderable": false,
				"isVisible": false,
                "maxChar": 60,
                "width": 180
            },
            {
                "name": "Order Owner",
                "prop": "owneruserID",
                "flexGrow": 0.7,
                "draggable": false,
                "resizeable": false,
                "reorderable": false,
				"isVisible": false,
                "maxChar": 60,
                "width": 180
            },
            {
                "name": "National Account",
                "prop": "customerID",
                "flexGrow": 0.7,
                "draggable": false,
                "resizeable": false,
                "reorderable": false,
				"isVisible": false,
                "maxChar": 60,
                "width": 180
            },
            {
                "name": "Line Of Business",
                "prop": "lineOfBusinessCode",
                "flexGrow": 0.7,
                "draggable": false,
                "resizeable": false,
                "reorderable": false,
				"isVisible": false,
                "maxChar": 60,
                "width": 180
            },
            {
                "name": "Billing Party",
                "prop": "partyName",
                "flexGrow": 0.7,
                "draggable": false,
                "resizeable": false,
                "reorderable": false,
				"isVisible": false,
                "maxChar": 60,
                "width": 180
            },
            {
                "name": "Requestor",
                "prop": "requestor",
                "flexGrow": 0.7,
                "draggable": false,
                "resizeable": false,
                "reorderable": false,
				"isVisible": false,
                "maxChar": 60,
                "width": 180
            },
            {
                "name": "ReconsignmentID",
                "prop": "reconsignmentID",
                "flexGrow": 0.7,
                "draggable": false,
                "resizeable": false,
                "reorderable": false,
				"isVisible": false,
                "maxChar": 60,
                "width": 180
            },
            {
                "name": "Fleet Code",
                "prop": "fleetCode",
                "flexGrow": 0.7,
                "draggable": false,
                "resizeable": false,
                "reorderable": false,
				"isVisible": false,
                "maxChar": 60,
                "width": 180
            },
            {
                "name": "Load Number",
                "prop": "loadNumber",
                "flexGrow": 0.7,
                "draggable": false,
                "resizeable": false,
                "reorderable": false,
				"isVisible": false,
                "maxChar": 60,
                "width": 180
            },
            {
                "name": "Load Carrier",
                "prop": "carrierCode",
                "flexGrow": 0.7,
                "draggable": false,
                "resizeable": false,
                "reorderable": false,
				"isVisible": false,
                "maxChar": 60,
                "width": 180
            },
            {
                "name": "Load Trailer",
                "prop": "equipmentPrefix",
                "flexGrow": 0.7,
                "draggable": false,
                "resizeable": false,
                "reorderable": false,
				"isVisible": false,
                "maxChar": 60,
                "width": 180
            },
            {
                "name": "Board Code",
                "prop": "boardcode",
                "flexGrow": 0.7,
                "draggable": false,
                "resizeable": false,
                "reorderable": false,
				"isVisible": false,
                "maxChar": 60,
                "width": 180
            },
            {
                "name": "Load Preplan Note",
                "prop": "prePlan",
                "flexGrow": 0.7,
                "draggable": false,
                "resizeable": false,
                "reorderable": false,
				"isVisible": false,
                "maxChar": 60,
                "width": 180
            },
            {
                "name": "Scheduled Pickup",
                "prop": "schedulePickupTime",
                "flexGrow": 0.7,
                "draggable": false,
                "resizeable": false,
                "reorderable": false,
				"isVisible": false,
                "maxChar": 60,
                "width": 180
            },
            {
                "name": "Requested Pickup",
                "prop": "requestPickupTime",
                "flexGrow": 0.7,
                "draggable": false,
                "resizeable": false,
                "reorderable": false,
				"isVisible": false,
                "maxChar": 60,
                "width": 180
            },
            {
                "name": "Scheduled Delivery",
                "prop": "scheduleDeliveryTime",
                "flexGrow": 0.7,
                "draggable": false,
                "resizeable": false,
                "reorderable": false,
				"isVisible": false,
                "maxChar": 60,
                "width": 180
            },
            {
                "name": "Requested Delivery",
                "prop": "requestDeliveryTime",
                "flexGrow": 0.7,
                "draggable": false,
                "resizeable": false,
                "reorderable": false,
				"isVisible": false,
                "maxChar": 60,
                "width": 180
            },
            {
                "name": "Origin Ramp",
                "prop": "originRamp",
                "flexGrow": 0.7,
                "draggable": false,
                "resizeable": false,
                "reorderable": false,
				"isVisible": false,
                "maxChar": 60,
                "width": 180
            },
            {
                "name": "Destination Ramp",
                "prop": "destinationRamp",
                "flexGrow": 0.7,
                "draggable": false,
                "resizeable": false,
                "reorderable": false,
				"isVisible": false,
                "maxChar": 60,
                "width": 180
            },
            {
                "name": "Count Of Intermediate Stops",
                "prop": "intermediateStopsCount",
                "flexGrow": 0.7,
                "draggable": false,
                "resizeable": false,
                "reorderable": false,
				"isVisible": false,
                "maxChar": 60,
                "width": 180
            },
            {
                "name": "Actual Deramp",
                "prop": "actualDeramp",
                "flexGrow": 0.7,
                "draggable": false,
                "resizeable": false,
                "reorderable": false,
				"isVisible": false,
                "maxChar": 60,
                "width": 180
            }
        ]
    },
    "edi": {
        "data": [{
                "name": "checkboxedCol",
                "flexGrow": 0.12,
                "sortable": false,
                "canAutoResize": true,
                "draggable": false,
                "resizeable": false,
                "headerCheckboxable": true,
                "checkboxable": true,
                "isVisible": true,
                "width": 50
            },
            {
                "name": "Trading Partner",
                "prop": "TradingPartner",
                "flexGrow": 0.7,
                "draggable": false,
                "resizeable": false,
                "reorderable": false,
                "isVisible": true,
                "width": 180
            },
            {
                "name": "National Account",
                "prop": "NationalAccount",
                "flexGrow": 0.7,
                "draggable": false,
                "resizeable": false,
                "reorderable": false,
                "isVisible": true,
                "width": 180
            },
            {
                "name": "Line Of Business",
                "prop": "LineOfBusiness",
                "flexGrow": 0.7,
                "draggable": false,
                "resizeable": false,
                "reorderable": false,
                "isVisible": true,
                "width": 180
            },
            {
                "name": "Bill To",
                "prop": "updatedOrigin",
                "flexGrow": 0.7,
                "draggable": false,
                "resizeable": false,
                "reorderable": false,
                "maxChar": 60,
                "isVisible": true,
                "width": 180
            },
            {
                "name": "Order Number",
                "prop": "OrderNumber",
                "flexGrow": 0.7,
                "draggable": false,
                "resizeable": false,
                "reorderable": false,
				"isVisible": true,
                "width": 180
            },
            {
                "name": "Order Owner",
                "prop": "OrderOwner",
                "flexGrow": 0.7,
                "draggable": false,
                "resizeable": false,
                "reorderable": false,
                "isVisible": true,
                "width": 180
            },
            {
                "name": "Error",
                "prop": "Error",
                "flexGrow": 0.7,
                "draggable": false,
                "resizeable": false,
                "reorderable": false,
                "isVisible": true,
                "width": 180
            },
            {
                "name": "Create Time Stamp",
                "prop": "CreateTimestamp",
                "flexGrow": 0.7,
                "draggable": false,
                "resizeable": false,
                "reorderable": false,
                "isVisible": true,
                "width": 180
            },
            {
                "name": "Stop Number",
                "prop": "stopNumber",
                "flexGrow": 0.7,
                "draggable": false,
                "resizeable": false,
                "reorderable": false,
                "isVisible": true,
                "width": 180
            },
            {
                "name": "Ship ID",
                "prop": "ShipID",
                "flexGrow": 0.7,
                "draggable": false,
                "resizeable": false,
                "reorderable": false,
                "isVisible": false,
                "width": 180
            }
        ]
    },
    "commitment": {
        "data": [{
                "name": "checkboxedCol",
                "flexGrow": 0.12,
                "sortable": false,
                "canAutoResize": true,
                "draggable": false,
                "resizeable": false,
                "headerCheckboxable": false,
                "checkboxable": true,
                "maxChar": 60,
                "width": 50,
				"isVisible": true
            },
            {
                "name": "Corporate Account",
                "prop": "Origin",
                "flexGrow": 0.7,
                "draggable": false,
                "resizeable": false,
                "reorderable": false,
                "maxChar": 60,
                "isVisible": true,
                "width": 180
            },
            {
                "name": "Origin",
                "prop": "OriginMarketingArea",
                "flexGrow": 0.7,
                "draggable": false,
                "resizeable": false,
                "reorderable": false,
                "maxChar": 60,
                "isVisible": true,
                "width": 180
            },
            {
                "name": "Destination",
                "prop": "DestinationMarketingArea",
                "flexGrow": 0.7,
                "draggable": false,
                "resizeable": false,
                "reorderable": false,
                "maxChar": 60,
                "isVisible": true,
                "width": 180
            },
            {
                "name": "Scheduled Amts.",
                "prop": "commit",
                "flexGrow": 0.7,
                "draggable": false,
                "resizeable": false,
                "reorderable": false,
                "maxChar": 60,
                "isVisible": true,
                "width": 180,                
                "headerTemplateName": "scheduleHdrTemplate",
                "cellTemplateName": "scheduleTemplate"
            },
            {
                "name": "Type",
                "prop": "scheduleType",
                "flexGrow": 0.7,
                "draggable": false,
                "resizeable": false,
                "reorderable": false,
                "maxChar": 60,
                "isVisible": true,
                "width": 180
            },
            {
                "name": "Week to Date",
                "prop": "Week_to_Date_Commitment",
                "flexGrow": 0.7,
                "draggable": false,
                "resizeable": false,
                "reorderable": false,
                "maxChar": 60,
                "isVisible": true,
                "width": 180
            },
            {
                "name": "Commitment",
                "prop": "WeeklyCommitment",
                "flexGrow": 0.7,
                "draggable": false,
                "resizeable": false,
                "reorderable": false,
                "maxChar": 60,
                "isVisible": true,
                "width": 180
            },
            {
                "name": "BusinessUnit & ServiceOffering",
                "prop": "BusinessUnit_ServiceOffering",
                "flexGrow": 0.7,
                "draggable": false,
                "resizeable": false,
                "reorderable": false,
                "maxChar": 60,
                "isVisible": true,
                "width": 180
            },
            {
                "name": "Status",
                "prop": "Date",
                "flexGrow": 0.7,
                "draggable": false,
                "resizeable": false,
                "reorderable": false,
                "maxChar": 60,
                "isVisible": true,                
                "width": 180
            },
            {
                "name": "Billing Party",
                "prop": "BillingParty",
                "flexGrow": 0.7,
                "draggable": false,
                "resizeable": false,
                "reorderable": false,
                "maxChar": 60,
                "isVisible": false,
                "width": 180
            },
            {
                "name": "National Account",
                "prop": "NationalAccount",
                "flexGrow": 0.7,
                "draggable": false,
                "resizeable": false,
                "reorderable": false,
                "maxChar": 60,
                "isVisible": false,
                "width": 180
            },

            {
                "name": "Fleet Type",
                "prop": "FleetType",
                "flexGrow": 0.7,
                "draggable": false,
                "resizeable": false,
                "reorderable": false,
                "maxChar": 60,
                "isVisible": false,
                "width": 180
            },
            {
                "name": "Order Owner",
                "prop": "Order_owner",
                "flexGrow": 0.7,
                "draggable": false,
                "resizeable": false,
                "reorderable": false,
                "maxChar": 60,
                "isVisible": false,
                "width": 180
            },
            {
                "name": "Operational Owner",
                "prop": "Operational_Owner",
                "flexGrow": 0.7,
                "draggable": false,
                "resizeable": false,
                "reorderable": false,
                "maxChar": 60,
                "isVisible": false,
                "width": 180
            }
        ]
    },
    "rate": {
        "data": [{
                "name": "checkboxedCol",
                "flexGrow": 0.12,
                "sortable": false,
                "canAutoResize": true,
                "draggable": false,
                "resizeable": false,
                "headerCheckboxable": true,
                "checkboxable": true,
                "isVisible": true,
                "width": 50
            },
            {
                "name": "Order Number",
                "prop": "orderID",
                "flexGrow": 0.7,
                "draggable": false,
                "resizeable": false,
                "reorderable": false,
                "isVisible": true,
                "maxChar": 60,
                "width": 180
            },
            {
                "name": "Status",
                "prop": "taskType",
                "flexGrow": 0.7,
                "draggable": false,
                "resizeable": false,
                "reorderable": false,
                "isVisible": true,
                "maxChar": 60,
                "width": 180
            },
            {
                "name": "Origin",
                "prop": "origin",
                "flexGrow": 0.7,
                "draggable": false,
                "resizeable": false,
                "reorderable": false,
                "isVisible": true,
                "maxChar": 60,
                "width": 180
            },
            {
                "name": "Origin Market",
                "prop": "originMarketingArea",
                "flexGrow": 0.7,
                "draggable": false,
                "resizeable": false,
                "reorderable": false,
                "isVisible": true,
                "maxChar": 60,
                "width": 180
            },
            {
                "name": "Destination",
                "prop": "destination",
                "flexGrow": 0.7,
                "draggable": false,
                "resizeable": false,
                "reorderable": false,
                "isVisible": true,
                "maxChar": 60,
                "width": 180
            },
            {
                "name": "Destination Market",
                "prop": "destinationMarketingArea",
                "flexGrow": 0.7,
                "draggable": false,
                "resizeable": false,
                "reorderable": false,
                "isVisible": true,
                "maxChar": 60,
                "width": 180
            },
            {
                "name": "Ship ID",
                "prop": "shipmentIdentificationNumber",
                "flexGrow": 0.7,
                "draggable": false,
                "resizeable": false,
                "reorderable": false,
                "isVisible": true,
                "maxChar": 60,
                "width": 180
            },                     
            {
                "name": "Stop Number Of Exception",
                "prop": "stopID",
                "flexGrow": 0.7,
                "draggable": false,
                "resizeable": false,
                "reorderable": false,
                "isVisible": true,
                "maxChar": 60,
                "width": 180
            },
            {
                "name": "Actual Deramp",
                "prop": "actualDeramp",
                "flexGrow": 0.7,
                "draggable": false,
                "resizeable": false,
                "reorderable": false,
                "isVisible": true,
                "maxChar": 60,
                "width": 180            
            },            
            {
                "name": "Reference Type:BOL",
                "prop": "referenceNumber_BOL",
                "flexGrow": 0.7,
                "draggable": false,
                "resizeable": false,
                "reorderable": false,
                "isVisible": false,
                "maxChar": 60,
                "width": 180
            }, 
            {
                "name": "Reference Type: PO",
                "prop": "referenceNumber_PO",
                "flexGrow": 0.7,
                "draggable": false,
                "resizeable": false,
                "reorderable": false,
                "isVisible": false,
                "maxChar": 60,
                "width": 180
            },  
            {
                "name": "Number of Stops",
                "prop": "numberOfStops",
                "flexGrow": 0.7,
                "draggable": false,
                "resizeable": false,
                "reorderable": false,
                "isVisible": false,
                "maxChar": 60,
                "width": 180
            },
            {
                "name": "Operational Owner",
                "prop": "operationalOwner",
                "flexGrow": 0.7,
                "draggable": false,
                "resizeable": false,
                "reorderable": false,
                "isVisible": false,
                "maxChar": 60,
                "width": 180
            },
            {
                "name": "Order Creator",
                "prop": "creatoruserID",
                "flexGrow": 0.7,
                "draggable": false,
                "resizeable": false,
                "reorderable": false,
                "isVisible": false,
                "maxChar": 60,
                "width": 180
            },
            {
                "name": "Order Owner",
                "prop": "owneruserID",
                "flexGrow": 0.7,
                "draggable": false,
                "resizeable": false,
                "reorderable": false,
                "isVisible": false,
                "maxChar": 60,
                "width": 180
            },
            {
                "name": "National Account",
                "prop": "customerID",
                "flexGrow": 0.7,
                "draggable": false,
                "resizeable": false,
                "reorderable": false,
                "isVisible": false,
                "maxChar": 60,
                "width": 180
            },
            {
                "name": "Line Of Business",
                "prop": "lineOfBusinessCode",
                "flexGrow": 0.7,
                "draggable": false,
                "resizeable": false,
                "reorderable": false,
                "isVisible": false,
                "maxChar": 60,
                "width": 180
            },
            {
                "name": "Billing Party",
                "prop": "partyName",
                "flexGrow": 0.7,
                "draggable": false,
                "resizeable": false,
                "reorderable": false,
                "isVisible": false,
                "maxChar": 60,
                "width": 180
            },
            {
                "name": "Requestor",
                "prop": "requestor",
                "flexGrow": 0.7,
                "draggable": false,
                "resizeable": false,
                "reorderable": false,
                "isVisible": false,
                "maxChar": 60,
                "width": 180
            },
            {
                "name": "Business Unit+Service Offering",
                "prop": "businessUnitCodeserviceOfferingCode",
                "flexGrow": 0.7,
                "draggable": false,
                "resizeable": false,
                "reorderable": false,
                "isVisible": false,
                "maxChar": 60,
                "width": 180
            },
            {
                "name": "ReconsignmentID",
                "prop": "reconsignmentID",
                "flexGrow": 0.7,
                "draggable": false,
                "resizeable": false,
                "reorderable": false,
                "isVisible": false,
                "maxChar": 60,
                "width": 180
            },
            {
                "name": "Fleet Code",
                "prop": "fleetCode",
                "flexGrow": 0.7,
                "draggable": false,
                "resizeable": false,
                "reorderable": false,
                "isVisible": false,
                "maxChar": 60,
                "width": 180
            },
            {
                "name": "Load Number",
                "prop": "loadNumber",
                "flexGrow": 0.7,
                "draggable": false,
                "resizeable": false,
                "reorderable": false,
                "isVisible": false,
                "maxChar": 60,
                "width": 180
            },
            {
                "name": "Load Carrier",
                "prop": "carrierCode",
                "flexGrow": 0.7,
                "draggable": false,
                "resizeable": false,
                "reorderable": false,
                "isVisible": false,
                "maxChar": 60,
                "width": 180
            },
            {
                "name": "Load Trailer",
                "prop": "equipmentPrefix",
                "flexGrow": 0.7,
                "draggable": false,
                "resizeable": false,
                "reorderable": false,
                "isVisible": false,
                "maxChar": 60,
                "width": 180
            },
            {
                "name": "Board Code",
                "prop": "boardcode",
                "flexGrow": 0.7,
                "draggable": false,
                "resizeable": false,
                "reorderable": false,
                "isVisible": false,
                "maxChar": 60,
                "width": 180
            },
            {
                "name": "Load Preplan Note",
                "prop": "prePlan",
                "flexGrow": 0.7,
                "draggable": false,
                "resizeable": false,
                "reorderable": false,
                "isVisible": false,
                "maxChar": 60,
                "width": 180
            },
            {
                "name": "Scheduled Pickup",
                "prop": "schedulePickupTime",
                "flexGrow": 0.7,
                "draggable": false,
                "resizeable": false,
                "reorderable": false,
                "isVisible": false,
                "maxChar": 60,
                "width": 180
            },
            {
                "name": "Requested Pickup",
                "prop": "requestPickupTime",
                "flexGrow": 0.7,
                "draggable": false,
                "resizeable": false,
                "reorderable": false,
                "isVisible": false,
                "maxChar": 60,
                "width": 180
            },
            {
                "name": "Scheduled Delivery",
                "prop": "scheduleDeliveryTime",
                "flexGrow": 0.7,
                "draggable": false,
                "resizeable": false,
                "reorderable": false,
                "isVisible": false,
                "maxChar": 60,
                "width": 180
            },
            {
                "name": "Requested Delivery",
                "prop": "requestDeliveryTime",
                "flexGrow": 0.7,
                "draggable": false,
                "resizeable": false,
                "reorderable": false,
                "isVisible": false,
                "maxChar": 60,
                "width": 180
            },
            {
                "name": "Origin Ramp",
                "prop": "originRamp",
                "flexGrow": 0.7,
                "draggable": false,
                "resizeable": false,
                "reorderable": false,
                "isVisible": false,
                "maxChar": 60,
                "width": 180
            },
            {
                "name": "Destination Ramp",
                "prop": "destinationRamp",
                "flexGrow": 0.7,
                "draggable": false,
                "resizeable": false,
                "reorderable": false,
                "isVisible": false,
                "maxChar": 60,
                "width": 180
            },
            {
                "name": "Count Of Intermediate Stops",
                "prop": "intermediateStopsCount",
                "flexGrow": 0.7,
                "draggable": false,
                "resizeable": false,
                "reorderable": false,
                "isVisible": false,
                "maxChar": 60,
                "width": 180
            }
        ]
    },
    "dwell": {
        "data": [{
                "name": "checkboxedCol",
                "flexGrow": 0.12,
                "sortable": false,
                "canAutoResize": true,
                "draggable": false,
                "resizeable": false,
                "headerCheckboxable": true,
                "checkboxable": true,
                "isVisible": true,
                "width": 50
            },
            {
                "name": "Order Number",
                "prop": "orderID",
                "flexGrow": 0.7,
                "draggable": false,
                "resizeable": false,
                "reorderable": false,
				"isVisible": true,
                "maxChar": 60,
                "width": 180
            },
            {
                "name": "Status",
                "prop": "taskType",
                "flexGrow": 0.7,
                "draggable": false,
                "resizeable": false,
                "reorderable": false,
				"isVisible": true,
                "maxChar": 60,
                "width": 180
            },
            {
                "name": "Origin",
                "prop": "origin",
                "flexGrow": 0.7,
                "draggable": false,
                "resizeable": false,
                "reorderable": false,
				"isVisible": true,
                "maxChar": 60,
                "width": 180
            },
            {
                "name": "Origin Market",
                "prop": "originMarketingArea",
                "flexGrow": 0.7,
                "draggable": false,
                "resizeable": false,
                "reorderable": false,
				"isVisible": true,
                "maxChar": 60,
                "width": 180
            },
            {
                "name": "Destination",
                "prop": "destination",
                "flexGrow": 0.7,
                "draggable": false,
                "resizeable": false,
                "reorderable": false,
				"isVisible": true,
                "maxChar": 60,
                "width": 180
            },
            {
                "name": "Destination Market",
                "prop": "destinationMarketingArea",
                "flexGrow": 0.7,
                "draggable": false,
                "resizeable": false,
                "reorderable": false,
				"isVisible": true,
                "maxChar": 60,
                "width": 180
            },
            {
                "name": "Ship ID",
                "prop": "shipmentIdentificationNumber",
                "flexGrow": 0.7,
                "draggable": false,
                "resizeable": false,
                "reorderable": false,
				"isVisible": true,
                "maxChar": 60,
                "width": 180
            },
                                
            {
                "name": "Stop Number Of Exception",
                "prop": "stopID",
                "flexGrow": 0.7,
                "draggable": false,
                "resizeable": false,
                "reorderable": false,
				"isVisible": true,
                "maxChar": 60,
                "width": 180
            },
            {
                "name": "Actual Deramp",
                "prop": "actualDeramp",
                "flexGrow": 0.7,
                "draggable": false,
                "resizeable": false,
                "reorderable": false,
				"isVisible": true,
                "maxChar": 60,
                "width": 180               
            },            
            {
                "name": "Reference Type:BOL",
                "prop": "referenceNumber_BOL",
                "flexGrow": 0.7,
                "draggable": false,
                "resizeable": false,
                "reorderable": false,
				"isVisible": false,
                "maxChar": 60,
                "width": 180
            }, 
            {
                "name": "Reference Type: PO",
                "prop": "referenceNumber_PO",
                "flexGrow": 0.7,
                "draggable": false,
                "resizeable": false,
                "reorderable": false,
				"isVisible": false,
                "maxChar": 60,
                "width": 180
            },
            {
                "name": "Number Of Stops",
                "prop": "numberOfStops",
                "flexGrow": 0.7,
                "draggable": false,
                "resizeable": false,
                "reorderable": false,
				"isVisible": false,
                "maxChar": 60,
                "width": 180
            },
            {
                "name": "Operational Owner",
                "prop": "operationalOwner",
                "flexGrow": 0.7,
                "draggable": false,
                "resizeable": false,
                "reorderable": false,
				"isVisible": false,
                "maxChar": 60,
                "width": 180
            },
            {
                "name": "Order Creator",
                "prop": "creatoruserID",
                "flexGrow": 0.7,
                "draggable": false,
                "resizeable": false,
                "reorderable": false,
				"isVisible": false,
                "maxChar": 60,
                "width": 180
            },
            {
                "name": "Order Owner",
                "prop": "owneruserID",
                "flexGrow": 0.7,
                "draggable": false,
                "resizeable": false,
                "reorderable": false,
				"isVisible": false,
                "maxChar": 60,
                "width": 180
            },
            {
                "name": "National Account",
                "prop": "customerID",
                "flexGrow": 0.7,
                "draggable": false,
                "resizeable": false,
                "reorderable": false,
				"isVisible": false,
                "maxChar": 60,
                "width": 180
            },
            {
                "name": "Line of Business",
                "prop": "lineOfBusinessCode",
                "flexGrow": 0.7,
                "draggable": false,
                "resizeable": false,
                "reorderable": false,
				"isVisible": false,
                "maxChar": 60,
                "width": 180
            },
            {
                "name": "Billing Party",
                "prop": "partyName",
                "flexGrow": 0.7,
                "draggable": false,
                "resizeable": false,
                "reorderable": false,
				"isVisible": false,
                "maxChar": 60,
                "width": 180
            },
            {
                "name": "Requestor",
                "prop": "requestor",
                "flexGrow": 0.7,
                "draggable": false,
                "resizeable": false,
                "reorderable": false,
				"isVisible": false,
                "maxChar": 60,
                "width": 180
            },
            {
                "name": "Business Unit+Service Offering",
                "prop": "businessUnitCodeserviceOfferingCode",
                "flexGrow": 0.7,
                "draggable": false,
                "resizeable": false,
                "reorderable": false,
				"isVisible": false,
                "maxChar": 60,
                "width": 180
            },
            {
                "name": "Fleet Code",
                "prop": "fleetCode",
                "flexGrow": 0.7,
                "draggable": false,
                "resizeable": false,
                "reorderable": false,
				"isVisible": false,
                "maxChar": 60,
                "width": 180
            },
            {
                "name": "Load Number",
                "prop": "loadNumber",
                "flexGrow": 0.7,
                "draggable": false,
                "resizeable": false,
                "reorderable": false,
				"isVisible": false,
                "maxChar": 60,
                "width": 180
            },
            {
                "name": "Load Carrier",
                "prop": "carrierCode",
                "flexGrow": 0.7,
                "draggable": false,
                "resizeable": false,
                "reorderable": false,
				"isVisible": false,
                "maxChar": 60,
                "width": 180
            },
            {
                "name": "Load Trailer",
                "prop": "equipmentPrefix",
                "flexGrow": 0.7,
                "draggable": false,
                "resizeable": false,
                "reorderable": false,
				"isVisible": false,
                "maxChar": 60,
                "width": 180
            },
            {
                "name": "Board Code",
                "prop": "boardcode",
                "flexGrow": 0.7,
                "draggable": false,
                "resizeable": false,
                "reorderable": false,
				"isVisible": false,
                "maxChar": 60,
                "width": 180
            },
            {
                "name": "Load Preplan Note",
                "prop": "prePlan",
                "flexGrow": 0.7,
                "draggable": false,
                "resizeable": false,
                "reorderable": false,
				"isVisible": false,
                "maxChar": 60,
                "width": 180
            },
            {
                "name": "Scheduled Pickup",
                "prop": "schedulePickupTime",
                "flexGrow": 0.7,
                "draggable": false,
                "resizeable": false,
                "reorderable": false,
				"isVisible": false,
                "maxChar": 60,
                "width": 180
            },
            {
                "name": "Requested Pickup",
                "prop": "requestPickupTime",
                "flexGrow": 0.7,
                "draggable": false,
                "resizeable": false,
                "reorderable": false,
				"isVisible": false,
                "maxChar": 60,
                "width": 180
            },
            {
                "name": "Scheduled Delivery",
                "prop": "scheduleDeliveryTime",
                "flexGrow": 0.7,
                "draggable": false,
                "resizeable": false,
                "reorderable": false,
				"isVisible": false,
                "maxChar": 60,
                "width": 180
            },
            {
                "name": "Requested Delivery",
                "prop": "requestDeliveryTime",
                "flexGrow": 0.7,
                "draggable": false,
                "resizeable": false,
                "reorderable": false,
				"isVisible": false,
                "maxChar": 60,
                "width": 180
            },
            {
                "name": "Origin Ramp",
                "prop": "originRamp",
                "flexGrow": 0.7,
                "draggable": false,
                "resizeable": false,
                "reorderable": false,
				"isVisible": false,
                "maxChar": 60,
                "width": 180
            },
            {
                "name": "Destination Ramp",
                "prop": "destinationRamp",
                "flexGrow": 0.7,
                "draggable": false,
                "resizeable": false,
                "reorderable": false,
				"isVisible": false,
                "maxChar": 60,
                "width": 180
            },
            {
                "name": "Count Of Intermediate Stops",
                "prop": "intermediateStopsCount",
                "flexGrow": 0.7,
                "draggable": false,
                "resizeable": false,
                "reorderable": false,
				"isVisible": false,
                "maxChar": 60,
                "width": 180
            }
        ]
    },
    "service": {
        "data": [{
                "name": " ",
                "flexGrow": 0.12,
                "sortable": false,
                "canAutoResize": true,
                "draggable": false,
                "resizeable": false,
                "headerCheckboxable": false,
                "checkboxable": true,
                "isVisible": true,
                "width": 50
            },
            {
                "name": "Order Number",
                "prop": "orderId",
                "flexGrow": 0.7,
                "draggable": false,
                "resizeable": false,
                "reorderable": false,
				"isVisible": true,
                "maxChar": 60,
                "width": 180
            },
            {
                "name": "Bill To Account",
                "prop": "billTo",
                "flexGrow": 0.7,
                "draggable": false,
                "resizeable": false,
                "reorderable": false,
                "maxChar": 60,
                "isVisible": true,
                "width": 180
            },
            {
                "name": "Status",
                "prop": "taskType",
                "flexGrow": 0.7,
                "draggable": false,
                "resizeable": false,
                "reorderable": false,
				"isVisible": true,
                "maxChar": 60,
                "width": 180
            },
            {
                "name": "Origin",
                "prop": "origin",
                "flexGrow": 0.7,
                "draggable": false,
                "resizeable": false,
                "reorderable": false,
				"isVisible": true,
                "maxChar": 60,
                "width": 180
            },
            {
                "name": "Destination",
                "prop": "destination",
                "flexGrow": 0.7,
                "draggable": false,
                "resizeable": false,
                "reorderable": false,
				"isVisible": true,
                "maxChar": 60,
                "width": 180
            },
            {
                "name": "Origin Market",
                "prop": "originMarketingArea",
                "flexGrow": 0.7,
                "draggable": false,
                "resizeable": false,
                "reorderable": false,
				"isVisible": true,
                "maxChar": 60,
                "width": 180
            },
            {
                "name": "Destination Market",
                "prop": "destinationMarketingArea",
                "flexGrow": 0.7,
                "draggable": false,
                "resizeable": false,
                "reorderable": false,
				"isVisible": true,
                "maxChar": 60,
                "width": 180
            },            
            {
                "name": "Stop Number Of Exception",
                "prop": "stopID",
                "flexGrow": 0.7,
                "draggable": false,
                "resizeable": false,
                "reorderable": false,
				"isVisible": true,
                "maxChar": 60,
                "width": 180
            },            
            {
                "name": "Actual Deramp",
                "prop": "actualDeramp",
                "flexGrow": 0.7,
                "draggable": false,
                "resizeable": false,
                "reorderable": false,
				"isVisible": true,
                "maxChar": 60,
                "width": 180             
            },  
            {
                "name": "Stop Number",
                "prop": "numberOfStops",
                "flexGrow": 0.7,
                "draggable": false,
                "resizeable": false,
                "reorderable": false,
				"isVisible": false,
                "maxChar": 60,
                "width": 180
            },  
            {
                "name": "Operational Owner",
                "prop": "operationalOwner",
                "flexGrow": 0.7,
                "draggable": false,
                "resizeable": false,
                "reorderable": false,
				"isVisible": false,
                "maxChar": 60,
                "width": 180
            },
            {
                "name": "Ship ID",
                "prop": "shipmentIdentificationNumber",
                "flexGrow": 0.7,
                "draggable": false,
                "resizeable": false,
                "reorderable": false,
				"isVisible": false,
                "maxChar": 60,
                "width": 180
            },
            {
                "name": "Reference Type:BOL",
                "prop": "referenceNumber_BOL",
                "flexGrow": 0.7,
                "draggable": false,
                "resizeable": false,
                "reorderable": false,
				"isVisible": false,
                "maxChar": 60,
                "width": 180
            }, 
            {
                "name": "Reference Type: PO",
                "prop": "referenceNumber_PO",
                "flexGrow": 0.7,
                "draggable": false,
                "resizeable": false,
                "reorderable": false,
				"isVisible": false,
                "maxChar": 60,
                "width": 180
            },
            {
                "name": "Order Creator",
                "prop": "creatoruserID",
                "flexGrow": 0.7,
                "draggable": false,
                "resizeable": false,
                "reorderable": false,
				"isVisible": false,
                "maxChar": 60,
                "width": 180
            },
            {
                "name": "Order Owner",
                "prop": "owneruserID",
                "flexGrow": 0.7,
                "draggable": false,
                "resizeable": false,
                "reorderable": false,
				"isVisible": false,
                "maxChar": 60,
                "width": 180
            },
            {
                "name": "National Account",
                "prop": "customerID",
                "flexGrow": 0.7,
                "draggable": false,
                "resizeable": false,
                "reorderable": false,
				"isVisible": false,
                "maxChar": 60,
                "width": 180
            },
            {
                "name": "Line of Business",
                "prop": "lineOfBusinessCode",
                "flexGrow": 0.7,
                "draggable": false,
                "resizeable": false,
                "reorderable": false,
				"isVisible": false,
                "maxChar": 60,
                "width": 180
            },
            {
                "name": "Billing Party",
                "prop": "partyName",
                "flexGrow": 0.7,
                "draggable": false,
                "resizeable": false,
                "reorderable": false,
				"isVisible": false,
                "maxChar": 60,
                "width": 180
            },
            {
                "name": "Requestor",
                "prop": "requestor",
                "flexGrow": 0.7,
                "draggable": false,
                "resizeable": false,
                "reorderable": false,
				"isVisible": false,
                "maxChar": 60,
                "width": 180
            },
            {
                "name": "Business Unit+Service Offering",
                "prop": "businessUnitCodeserviceOfferingCode",
                "flexGrow": 0.7,
                "draggable": false,
                "resizeable": false,
                "reorderable": false,
				"isVisible": false,
                "maxChar": 60,
                "width": 180
            },
            {
                "name": "Fleet code",
                "prop": "fleetCode",
                "flexGrow": 0.7,
                "draggable": false,
                "resizeable": false,
                "reorderable": false,
				"isVisible": false,
                "maxChar": 60,
                "width": 180
            },
            {
                "name": "Load Number",
                "prop": "loadNumber",
                "flexGrow": 0.7,
                "draggable": false,
                "resizeable": false,
                "reorderable": false,
				"isVisible": false,
                "maxChar": 60,
                "width": 180
            },
            {
                "name": "Load Carrier",
                "prop": "carrierCode",
                "flexGrow": 0.7,
                "draggable": false,
                "resizeable": false,
                "reorderable": false,
				"isVisible": false,
                "maxChar": 60,
                "width": 180
            },
            {
                "name": "Load Trailer",
                "prop": "equipmentPrefix",
                "flexGrow": 0.7,
                "draggable": false,
                "resizeable": false,
                "reorderable": false,
				"isVisible": false,
                "maxChar": 60,
                "width": 180
            },
            {
                "name": "Board Code",
                "prop": "boardcode",
                "flexGrow": 0.7,
                "draggable": false,
                "resizeable": false,
                "reorderable": false,
				"isVisible": false,
                "maxChar": 60,
                "width": 180
            },
            {
                "name": "Load Preplan Note",
                "prop": "prePlan",
                "flexGrow": 0.7,
                "draggable": false,
                "resizeable": false,
                "reorderable": false,
				"isVisible": false,
                "maxChar": 60,
                "width": 180
            },
            {
                "name": "Scheduled Pickup",
                "prop": "schedulePickupTime",
                "flexGrow": 0.7,
                "draggable": false,
                "resizeable": false,
                "reorderable": false,
				"isVisible": false,
                "maxChar": 60,
                "width": 180
            },
            {
                "name": "Requested Pickup",
                "prop": "requestPickupTime",
                "flexGrow": 0.7,
                "draggable": false,
                "resizeable": false,
                "reorderable": false,
				"isVisible": false,
                "maxChar": 60,
                "width": 180
            },
            {
                "name": "Scheduled Delivery",
                "prop": "scheduleDeliveryTime",
                "flexGrow": 0.7,
                "draggable": false,
                "resizeable": false,
                "reorderable": false,
				"isVisible": false,
                "maxChar": 60,
                "width": 180
            },
            {
                "name": "Requested Delivery",
                "prop": "requestDeliveryTime",
                "flexGrow": 0.7,
                "draggable": false,
                "resizeable": false,
                "reorderable": false,
				"isVisible": false,
                "maxChar": 60,
                "width": 180
            },
            {
                "name": "Origin Ramp",
                "prop": "originRamp",
                "flexGrow": 0.7,
                "draggable": false,
                "resizeable": false,
                "reorderable": false,
				"isVisible": false,
                "maxChar": 60,
                "width": 180
            },
            {
                "name": "Destination Ramp",
                "prop": "destinationRamp",
                "flexGrow": 0.7,
                "draggable": false,
                "resizeable": false,
                "reorderable": false,
				"isVisible": false,
                "maxChar": 60,
                "width": 180
            },
            {
                "name": "Count Of Intermediate Stops",
                "prop": "intermediateStopsCount",
                "flexGrow": 0.7,
                "draggable": false,
                "resizeable": false,
                "reorderable": false,
				"isVisible": false,
                "maxChar": 60,
                "width": 180
            }
        ]
    },
    "slashLoad": {
        "data": [{
                "name": "checkboxedCol",
                "flexGrow": 0.12,
                "sortable": false,
                "canAutoResize": true,
                "draggable": false,
                "resizeable": false,
                "headerCheckboxable": true,
                "checkboxable": true,
                "isVisible": true,
                "width": 50
            },
            {
                "name": "Order Number",
                "prop": "orderId",
                "flexGrow": 0.7,
                "draggable": false,
                "resizeable": false,
                "reorderable": false,
				"isVisible": true,
                "maxChar": 60,
                "width": 180
            },
            {
                "name": "Status",
                "prop": "taskType",
                "flexGrow": 0.7,
                "draggable": false,
                "resizeable": false,
                "reorderable": false,
				"isVisible": true,
                "maxChar": 60,
                "width": 180
            },
            {
                "name": "Origin",
                "prop": "origin",
                "flexGrow": 0.7,
                "draggable": false,
                "resizeable": false,
                "reorderable": false,
				"isVisible": true,
                "maxChar": 60,
                "width": 180
            },
            {
                "name": "Origin Market",
                "prop": "originMarketingArea",
                "flexGrow": 0.7,
                "draggable": false,
                "resizeable": false,
                "reorderable": false,
				"isVisible": true,
                "maxChar": 60,
                "width": 180
            },
            {
                "name": "Destination",
                "prop": "destination",
                "flexGrow": 0.7,
                "draggable": false,
                "resizeable": false,
                "reorderable": false,
				"isVisible": true,
                "maxChar": 60,
                "width": 180
            },
            {
                "name": "Destination Market",
                "prop": "destinationMarketingArea",
                "flexGrow": 0.7,
                "draggable": false,
                "resizeable": false,
                "reorderable": false,
				"isVisible": true,
                "maxChar": 60,
                "width": 180
            },
            {
                "name": "Ship ID",
                "prop": "shipmentIdentificationNumber",
                "flexGrow": 0.7,
                "draggable": false,
                "resizeable": false,
                "reorderable": false,
				"isVisible": true,
                "maxChar": 60,
                "width": 180
            },                                
            {
                "name": "Stop Number Of Exception",
                "prop": "stopID",
                "flexGrow": 0.7,
                "draggable": false,
                "resizeable": false,
                "reorderable": false,
				"isVisible": true,
                "maxChar": 60,
                "width": 180
            },
            {
                "name": "Actual Deramp",
                "prop": "actualDeramp",
                "flexGrow": 0.7,
                "draggable": false,
                "resizeable": false,
                "reorderable": false,
				"isVisible": true,
                "maxChar": 60,
                "width": 180
                               
            },            
            {
                "name": "Reference Type:BOL",
                "prop": "referenceNumber_BOL",
                "flexGrow": 0.7,
                "draggable": false,
                "resizeable": false,
                "reorderable": false,
				"isVisible": false,
                "maxChar": 60,
                "width": 180
            }, 
            {
                "name": "Reference Type: PO",
                "prop": "referenceNumber_PO",
                "flexGrow": 0.7,
                "draggable": false,
                "resizeable": false,
                "reorderable": false,
				"isVisible": false,
                "maxChar": 60,
                "width": 180
            },   
            {
                "name": "Number of Stops",
                "prop": "numberOfStops",
                "flexGrow": 0.7,
                "draggable": false,
                "resizeable": false,
                "reorderable": false,
				"isVisible": false,
                "maxChar": 60,
                "width": 180
            },
            {
                "name": "Operational Owner",
                "prop": "operationalOwner",
                "flexGrow": 0.7,
                "draggable": false,
                "resizeable": false,
                "reorderable": false,
				"isVisible": false,
                "maxChar": 60,
                "width": 180
            },
            {
                "name": "Order Creator",
                "prop": "creatoruserID",
                "flexGrow": 0.7,
                "draggable": false,
                "resizeable": false,
                "reorderable": false,
				"isVisible": false,
                "maxChar": 60,
                "width": 180
            },
            {
                "name": "Order Owner",
                "prop": "owneruserID",
                "flexGrow": 0.7,
                "draggable": false,
                "resizeable": false,
                "reorderable": false,
				"isVisible": false,
                "maxChar": 60,
                "width": 180
            },
            {
                "name": "National Account",
                "prop": "customerID",
                "flexGrow": 0.7,
                "draggable": false,
                "resizeable": false,
                "reorderable": false,
				"isVisible": false,
                "maxChar": 60,
                "width": 180
            },
            {
                "name": "Line of Business",
                "prop": "lineOfBusinessCode",
                "flexGrow": 0.7,
                "draggable": false,
                "resizeable": false,
                "reorderable": false,
				"isVisible": false,
                "maxChar": 60,
                "width": 180
            },
            {
                "name": "Billing Party",
                "prop": "partyName",
                "flexGrow": 0.7,
                "draggable": false,
                "resizeable": false,
                "reorderable": false,
				"isVisible": false,
                "maxChar": 60,
                "width": 180
            },
            {
                "name": "Requestor",
                "prop": "requestor",
                "flexGrow": 0.7,
                "draggable": false,
                "resizeable": false,
                "reorderable": false,
				"isVisible": false,
                "maxChar": 60,
                "width": 180
            },
            {
                "name": "Business Unit+Service Offering",
                "prop": "businessUnitCodeserviceOfferingCode",
                "flexGrow": 0.7,
                "draggable": false,
                "resizeable": false,
                "reorderable": false,
				"isVisible": false,
                "maxChar": 60,
                "width": 180
            },
            {
                "name": "Fleet Code",
                "prop": "fleetCode",
                "flexGrow": 0.7,
                "draggable": false,
                "resizeable": false,
                "reorderable": false,
				"isVisible": false,
                "maxChar": 60,
                "width": 180
            },
            {
                "name": "Load Number",
                "prop": "loadNumber",
                "flexGrow": 0.7,
                "draggable": false,
                "resizeable": false,
                "reorderable": false,
				"isVisible": false,
                "maxChar": 60,
                "width": 180
            },
            {
                "name": "Load Carrier",
                "prop": "carrierCode",
                "flexGrow": 0.7,
                "draggable": false,
                "resizeable": false,
                "reorderable": false,
				"isVisible": false,
                "maxChar": 60,
                "width": 180
            },
            {
                "name": "Load Trailer",
                "prop": "equipmentPrefix",
                "flexGrow": 0.7,
                "draggable": false,
                "resizeable": false,
                "reorderable": false,
				"isVisible": false,
                "maxChar": 60,
                "width": 180
            },
            {
                "name": "Board Code",
                "prop": "boardcode",
                "flexGrow": 0.7,
                "draggable": false,
                "resizeable": false,
                "reorderable": false,
				"isVisible": false,
                "maxChar": 60,
                "width": 180
            },
            {
                "name": "Load Preplan Note",
                "prop": "prePlan",
                "flexGrow": 0.7,
                "draggable": false,
                "resizeable": false,
                "reorderable": false,
				"isVisible": false,
                "maxChar": 60,
                "width": 180
            },
            {
                "name": "Scheduled Pickup",
                "prop": "schedulePickupTime",
                "flexGrow": 0.7,
                "draggable": false,
                "resizeable": false,
                "reorderable": false,
				"isVisible": false,
                "maxChar": 60,
                "width": 180
            },
            {
                "name": "Requested Pickup",
                "prop": "requestPickupTime",
                "flexGrow": 0.7,
                "draggable": false,
                "resizeable": false,
                "reorderable": false,
				"isVisible": false,
                "maxChar": 60,
                "width": 180
            },
            {
                "name": "Scheduled Delivery",
                "prop": "scheduleDeliveryTime",
                "flexGrow": 0.7,
                "draggable": false,
                "resizeable": false,
                "reorderable": false,
				"isVisible": false,
                "maxChar": 60,
                "width": 180
            },
            {
                "name": "Requested Delivery",
                "prop": "requestDeliveryTime",
                "flexGrow": 0.7,
                "draggable": false,
                "resizeable": false,
                "reorderable": false,
				"isVisible": false,
                "maxChar": 60,
                "width": 180
            },
            {
                "name": "Origin Ramp",
                "prop": "originRamp",
                "flexGrow": 0.7,
                "draggable": false,
                "resizeable": false,
                "reorderable": false,
				"isVisible": false,
                "maxChar": 60,
                "width": 180
            },
            {
                "name": "Destination Ramp",
                "prop": "destinationRamp",
                "flexGrow": 0.7,
                "draggable": false,
                "resizeable": false,
                "reorderable": false,
				"isVisible": false,
                "maxChar": 60,
                "width": 180
            },
            {
                "name": "Count Of Intermediate Stops",
                "prop": "intermediateStopsCount",
                "flexGrow": 0.7,
                "draggable": false,
                "resizeable": false,
                "reorderable": false,
				"isVisible": false,
                "maxChar": 60,
                "width": 180
            }
        ]
    },
    "changeRequest": {
        "data": [{
                "name": "Customer",
                "prop": "customerDTO",
                "flexGrow": 0.7,
                "draggable": false,
                "resizeable": false,
                "reorderable": false,
                "maxChar": 60,
                "isVisible": true
            },
            {
                "name": "Local Distribution Center",
                "prop": "ldcAddressDTO",
                "flexGrow": 0.7,
                "draggable": false,
                "resizeable": false,
                "reorderable": false,
                "maxChar": 60,
                "isVisible": true
            },
            {
                "name": "Primary Reference Number",
                "prop": "shipmentIdentificationNumber",
                "flexGrow": 0.7,
                "draggable": false,
                "resizeable": false,
                "reorderable": false,
                "maxChar": 60,
                "isVisible": true
            },
            {
                "name": "Request Type",
                "prop": "changeRequestTypeDescription",
                "flexGrow": 0.7,
                "draggable": false,
                "resizeable": false,
                "reorderable": false,
                "maxChar": 60,
                "isVisible": true
            },
            {
                "name": "Change Request Status",
                "prop": "changeRequestStatusDescription",
                "flexGrow": 0.7,
                "draggable": false,
                "resizeable": false,
                "reorderable": false,
                "maxChar": 60,
                "isVisible": true
            },
            {
                "name": "Approval Status",
                "prop": "approvalStatus",
                "flexGrow": 0.7,
                "draggable": false,
                "resizeable": false,
                "reorderable": false,
                "maxChar": 60,
                "isVisible": true
            },
            {
                "name": "Request Created Date",
                "prop": "createTimestamp",
                "flexGrow": 0.7,
                "draggable": false,
                "resizeable": false,
                "reorderable": false,
                "maxChar": 60,
                "isVisible": true
            },
            {
                "name": "Ageing",
                "prop": "agingDays",
                "flexGrow": 0.7,
                "draggable": false,
                "resizeable": false,
                "reorderable": false,
                "maxChar": 60,
                "isVisible": true
            }
        ]
    },
    "fmsAppointment": {
        "data": [
            {
                "name": "checkboxedCol",
                "flexGrow": 0.12,
                "sortable": false,
                "canAutoResize": true,
                "draggable": false,
                "resizeable": false,
                "headerCheckboxable": true,
                "checkboxable": true,
                "maxChar": 60,
                "isVisible": true
            },  
            {
                "name": "Last Attempt",
                "prop": "lastAttempt",
                "flexGrow": 0.4,
                "draggable": false,
                "resizeable": false,
                "reorderable": false,
                "isVisible": true,
                "maxChar": 60
            },
            {
                "name": "Total Contact Attempts",
                "prop": "totalAttempts",
                "flexGrow": 0.4,
                "draggable": false,
                "resizeable": false,
                "reorderable": false,
                "maxChar": 60,
                "isVisible": true
            },
            {
                "name": "Consumer",
                "prop": "consumer",
                "flexGrow": 0.4,
                "draggable": false,
                "resizeable": false,
                "reorderable": false,
                "maxChar": 60,
                "isVisible": true
            },
            {
                "name": "Market",
                "prop": "market",
                "flexGrow": 0.4,
                "draggable": false,
                "resizeable": false,
                "reorderable": false,
                "maxChar": 60,
                "isVisible": true
            },
            {
                "name": "Delivery Type",
                "prop": "deliveryType",
                "flexGrow": 0.4,
                "draggable": false,
                "resizeable": false,
                "reorderable": false,
                "maxChar": 60,
                "isVisible": true
            },
            {
                "name": "Customer",
                "prop": "customer",
                "flexGrow": 0.4,
                "draggable": false,
                "resizeable": false,
                "reorderable": false,
                "maxChar": 60,
                "isVisible": true
            },
            {
                "name": "Initial Offered Date",
                "prop": "initialOfferedDate",
                "flexGrow": 0.4,
                "draggable": false,
                "resizeable": false,
                "reorderable": false,
                "maxChar": 60,
                "isVisible": true
            },
            {
                "name": "Drop Date",
                "prop": "dropDate",
                "flexGrow": 0.4,
                "draggable": false,
                "resizeable": false,
                "reorderable": false,
                "maxChar": 60,
                "isVisible": true
            },
            {
                "name": "Order",
                "prop": "orderId",
                "flexGrow": 0.4,
                "draggable": false,
                "resizeable": false,
                "reorderable": false,
                "maxChar": 60,
                "isVisible": false
            },
            {
                "name": "Status",
                "prop": "status",
                "flexGrow": 0.4,
                "draggable": false,
                "resizeable": false,
                "reorderable": false,
                "maxChar": 60,
                "isVisible": false
            },
            {
                "name": "Service",
                "prop": "businessUnitCodeserviceOfferingCode",
                "flexGrow": 0.5,
                "draggable": false,
                "resizeable": false,
                "reorderable": false,
                "maxChar": 60,
                "isVisible": false
            },
            {
                "name": "Transit Mode",
                "prop": "transitMode",
                "flexGrow": 0.5,
                "draggable": false,
                "resizeable": false,
                "reorderable": false,
                "maxChar": 60,
                "isVisible": false
            },
           
            {
                "name": "Stop Number",
                "prop": "stopNumber",
                "flexGrow": 0.4,
                "draggable": false,
                "resizeable": false,
                "reorderable": false,
                "maxChar": 60,
                "isVisible": false
            },
            {
                "name": "Stop Reason",
                "prop": "stopReason",
                "flexGrow": 0.3,
                "draggable": false,
                "resizeable": false,
                "reorderable": false,
                "maxChar": 60,
                "isVisible": false
            },
            {
                "name": "Shipment Origin",
                "prop": "originAddress",
                "flexGrow": 0.5,
                "draggable": false,
                "resizeable": false,
                "reorderable": false,
                "maxChar": 60,
                "isVisible": false
            },
            {
                "name": "Shipment Destination",
                "prop": "destinationAddress",
                "flexGrow": 0.5,
                "draggable": false,
                "resizeable": false,
                "reorderable": false,
                "maxChar": 60,
                "isVisible": false
            },
            {
                "name": "Origin Market",
                "prop": "originMarketingArea",
                "flexGrow": 0.7,
                "draggable": false,
                "resizeable": false,
                "reorderable": false,
                "maxChar": 60,
                "isVisible": false
            },
            {
                "name": "Destination Market",
                "prop": "destinationMarketingArea",
                "flexGrow": 0.7,
                "draggable": false,
                "resizeable": false,
                "reorderable": false,
                "maxChar": 60,
                "isVisible": false
            },
            {
                "name": "Operational Owner",
                "prop": "operationalOwner",
                "flexGrow": 0.7,
                "draggable": false,
                "resizeable": false,
                "reorderable": false,
                "maxChar": 60,
                "isVisible": false
            },
            {
                "name": "Ship ID",
                "prop": "shipmentIdentificationNumber",
                "flexGrow": 0.7,
                "draggable": false,
                "resizeable": false,
                "reorderable": false,
                "maxChar": 60,
                "isVisible": false
            },
            {
                "name": "Reference Type:BOL",
                "prop": "referenceNumber_BOL",
                "flexGrow": 0.7,
                "draggable": false,
                "resizeable": false,
                "reorderable": false,
                "maxChar": 60,
                "isVisible": false
            },
            {
                "name": "Reference Type: PO",
                "prop": "referenceNumber_PO",
                "flexGrow": 0.7,
                "draggable": false,
                "resizeable": false,
                "reorderable": false,
                "maxChar": 60,
                "isVisible": false
            },
            {
                "name": "Number Of Stops",
                "prop": "numberOfStops",
                "flexGrow": 0.7,
                "draggable": false,
                "resizeable": false,
                "reorderable": false,
                "maxChar": 60,
                "isVisible": false
            },
            {
                "name": "Order Owner",
                "prop": "owneruserID",
                "flexGrow": 0.7,
                "draggable": false,
                "resizeable": false,
                "reorderable": false,
                "maxChar": 60,
                "isVisible": false
            },
            {
                "name": "National Account",
                "prop": "customerID",
                "flexGrow": 0.7,
                "draggable": false,
                "resizeable": false,
                "reorderable": false,
                "maxChar": 60,
                "isVisible": false
            },
            {
                "name": "Line Of Business",
                "prop": "lineOfBusinessCode",
                "flexGrow": 0.7,
                "draggable": false,
                "resizeable": false,
                "reorderable": false,
                "maxChar": 60,
                "isVisible": false
            },
            {
                "name": "Billing Party",
                "prop": "partyName",
                "flexGrow": 0.7,
                "draggable": false,
                "resizeable": false,
                "reorderable": false,
                "maxChar": 60,
                "isVisible": false
            },
            {
                "name": "Scheduled Pickup",
                "prop": "schedulePickupTime",
                "flexGrow": 0.7,
                "draggable": false,
                "resizeable": false,
                "reorderable": false,
                "maxChar": 60,
                "isVisible": false
            },
            {
                "name": "Requested Pickup",
                "prop": "requestPickupTime",
                "flexGrow": 0.7,
                "draggable": false,
                "resizeable": false,
                "reorderable": false,
                "maxChar": 60,
                "isVisible": false
            },
            {
                "name": "Scheduled Delivery",
                "prop": "scheduleDeliveryTime",
                "flexGrow": 0.7,
                "draggable": false,
                "resizeable": false,
                "reorderable": false,
                "maxChar": 60,
                "isVisible": false
            },
            {
                "name": "Requested Delivery",
                "prop": "requestDeliveryTime",
                "flexGrow": 0.7,
                "draggable": false,
                "resizeable": false,
                "reorderable": false,
                "maxChar": 60,
                "isVisible": false
            }
        ]
    }
}