[{
	"OrderNumber": "43243",
	"OrderStatus": {
                "Incomplete": "Coco Cola (COWEV)",
                "Pending": "Pending"
    },
    "scheduledAmount":[
    	{
    		"day": "Mon",
    		"planned": 2,
    		"actual": 3
    	},
    	{
    		"day": "Tue",
    		"planned": 4,
    		"actual": 5
    	},
    	{
    		"day": "Wed",
    		"planned": 6,
    		"actual": 7
    	},
    	{
    		"day": "Thu",
    		"planned": 8,
    		"actual": 9
    	}
    ],
	"OrderStatusReasonCode": "Success",
	"ShipmentIdentificationNumber": "34123423",
	"UCR_Type": "Original",
	"View_UCR_details": "YUT43",
	"OpportunityIndicator": "CNH",
	"RemainingTimeToExpire": "59 minutes",
	"MustRespondByTime": "10-12-2016",
	"OriginSiteCode": "LA55",
	"OriginSiteName": "LA",
	"OriginAddress": {
                "City": "Coco Cola (COWEV)",
                "State": "1239 Sweove sev",
                "Zip": "Bentonville",
                "Country": "AR"
    },
    "OriginMarketingArea": "CHNA",
	"Scheduled_pickup_appointment_dates_and_times": "16-12-2016",
	"Requested_pickup_dates_and_times": "16-12-2016",
	"DestinationSiteCode": "CH55", 
	"DestinationSiteName": "CH",
	"DestinationAddress": {
                "City": "Coco Cola (COWEV)",
                "State": "1239 Sweove sev",
                "Zip": "Bentonville",
                "Country": "AR"
    },
	"DestinationMarketingArea": "CH",
	"Scheduled_delivery_appointment_dates_and_times": "15-12-2016",
	"Requested_delivery_dates_and_times": "10-12-2016",
	"SCAC": "12345",
	"PrimLane": "Y",
	"Count_of_intermediate_stops": "65",
	"DesirabilityIndex": ""

},{
	"OrderNumber": "43243",
	"scheduledAmount":[
    	{
    		"day": "Mon",
    		"planned": 2,
    		"actual": 3
    	},
    	{
    		"day": "Tue",
    		"planned": 4,
    		"actual": 5
    	},
    	{
    		"day": "Wed",
    		"planned": 6,
    		"actual": 7
    	},
    	{
    		"day": "Thu",
    		"planned": 8,
    		"actual": 9
    	}
    ],
	"OrderStatus": {
                "Incomplete": "Coco Cola (COWEV)",
                "Pending": "Pending"
    },
	"OrderStatusReasonCode": "Success",
	"ShipmentIdentificationNumber": "34123423",
	"UCR_Type": "Original",
	"View_UCR_details": "YUT43",
	"OpportunityIndicator": "CNH",
	"RemainingTimeToExpire": "59 minutes",
	"MustRespondByTime": "10-12-2016",
	"OriginSiteCode": "LA55",
	"OriginSiteName": "LA",
	"OriginAddress": {
                "City": "Coco Cola (COWEV)",
                "State": "1239 Sweove sev",
                "Zip": "Bentonville",
                "Country": "AR"
    },
    "OriginMarketingArea": "CHNA",
	"Scheduled_pickup_appointment_dates_and_times": "16-12-2016",
	"Requested_pickup_dates_and_times": "16-12-2016",
	"DestinationSiteCode": "CH55", 
	"DestinationSiteName": "CH",
	"DestinationAddress": {
                "City": "Coco Cola (COWEV)",
                "State": "1239 Sweove sev",
                "Zip": "Bentonville",
                "Country": "AR"
    },
	"DestinationMarketingArea": "CH",
	"Scheduled_delivery_appointment_dates_and_times": "15-12-2016",
	"Requested_delivery_dates_and_times": "10-12-2016",
	"SCAC": "12345",
	"PrimLane": "Y",
	"Count_of_intermediate_stops": "65",
	"DesirabilityIndex": ""

},{
	"OrderNumber": "43243",
	"scheduledAmount":[
    	{
    		"day": "Mon",
    		"planned": 2,
    		"actual": 3
    	},
    	{
    		"day": "Tue",
    		"planned": 4,
    		"actual": 5
    	},
    	{
    		"day": "Wed",
    		"planned": 6,
    		"actual": 7
    	},
    	{
    		"day": "Thu",
    		"planned": 8,
    		"actual": 9
    	}
    ],
	"OrderStatus": {
                "Incomplete": "Coco Cola (COWEV)",
                "Pending": "Pending"
    },
	"OrderStatusReasonCode": "Success",
	"ShipmentIdentificationNumber": "34123423",
	"UCR_Type": "Original",
	"View_UCR_details": "YUT43",
	"OpportunityIndicator": "CNH",
	"RemainingTimeToExpire": "59 minutes",
	"MustRespondByTime": "10-12-2016",
	"OriginSiteCode": "LA55",
	"OriginSiteName": "LA",
	"OriginAddress": {
                "City": "Coco Cola (COWEV)",
                "State": "1239 Sweove sev",
                "Zip": "Bentonville",
                "Country": "AR"
    },
    "OriginMarketingArea": "CHNA",
	"Scheduled_pickup_appointment_dates_and_times": "16-12-2016",
	"Requested_pickup_dates_and_times": "16-12-2016",
	"DestinationSiteCode": "CH55", 
	"DestinationSiteName": "CH",
	"DestinationAddress": {
                "City": "Coco Cola (COWEV)",
                "State": "1239 Sweove sev",
                "Zip": "Bentonville",
                "Country": "AR"
    },
	"DestinationMarketingArea": "CH",
	"Scheduled_delivery_appointment_dates_and_times": "15-12-2016",
	"Requested_delivery_dates_and_times": "10-12-2016",
	"SCAC": "12345",
	"PrimLane": "Y",
	"Count_of_intermediate_stops": "65",
	"DesirabilityIndex": ""

},{
	"OrderNumber": "43243",
	"scheduledAmount":[
    	{
    		"day": "Mon",
    		"planned": 2,
    		"actual": 3
    	},
    	{
    		"day": "Tue",
    		"planned": 4,
    		"actual": 5
    	},
    	{
    		"day": "Wed",
    		"planned": 6,
    		"actual": 7
    	},
    	{
    		"day": "Thu",
    		"planned": 8,
    		"actual": 9
    	}
    ],
	"OrderStatus": {
                "Incomplete": "Coco Cola (COWEV)",
                "Pending": "Pending"
    },
	"OrderStatusReasonCode": "Success",
	"ShipmentIdentificationNumber": "34123423",
	"UCR_Type": "Original",
	"View_UCR_details": "YUT43",
	"OpportunityIndicator": "CNH",
	"RemainingTimeToExpire": "59 minutes",
	"MustRespondByTime": "10-12-2016",
	"OriginSiteCode": "LA55",
	"OriginSiteName": "LA",
	"OriginAddress": {
                "City": "Coco Cola (COWEV)",
                "State": "1239 Sweove sev",
                "Zip": "Bentonville",
                "Country": "AR"
    },
    "OriginMarketingArea": "CHNA",
	"Scheduled_pickup_appointment_dates_and_times": "16-12-2016",
	"Requested_pickup_dates_and_times": "16-12-2016",
	"DestinationSiteCode": "CH55", 
	"DestinationSiteName": "CH",
	"DestinationAddress": {
                "City": "Coco Cola (COWEV)",
                "State": "1239 Sweove sev",
                "Zip": "Bentonville",
                "Country": "AR"
    },
	"DestinationMarketingArea": "CH",
	"Scheduled_delivery_appointment_dates_and_times": "15-12-2016",
	"Requested_delivery_dates_and_times": "10-12-2016",
	"SCAC": "12345",
	"PrimLane": "Y",
	"Count_of_intermediate_stops": "65",
	"DesirabilityIndex": ""

},{
	"OrderNumber": "43243",
	"scheduledAmount":[
    	{
    		"day": "Mon",
    		"planned": 2,
    		"actual": 3
    	},
    	{
    		"day": "Tue",
    		"planned": 4,
    		"actual": 5
    	},
    	{
    		"day": "Wed",
    		"planned": 6,
    		"actual": 7
    	},
    	{
    		"day": "Thu",
    		"planned": 8,
    		"actual": 9
    	}
    ],
	"OrderStatus": {
                "Incomplete": "Coco Cola (COWEV)",
                "Pending": "Pending"
    },
	"OrderStatusReasonCode": "Success",
	"ShipmentIdentificationNumber": "34123423",
	"UCR_Type": "Original",
	"View_UCR_details": "YUT43",
	"OpportunityIndicator": "CNH",
	"RemainingTimeToExpire": "59 minutes",
	"MustRespondByTime": "10-12-2016",
	"OriginSiteCode": "LA55",
	"OriginSiteName": "LA",
	"OriginAddress": {
                "City": "Coco Cola (COWEV)",
                "State": "1239 Sweove sev",
                "Zip": "Bentonville",
                "Country": "AR"
    },
    "OriginMarketingArea": "CHNA",
	"Scheduled_pickup_appointment_dates_and_times": "16-12-2016",
	"Requested_pickup_dates_and_times": "16-12-2016",
	"DestinationSiteCode": "CH55", 
	"DestinationSiteName": "CH",
	"DestinationAddress": {
                "City": "Coco Cola (COWEV)",
                "State": "1239 Sweove sev",
                "Zip": "Bentonville",
                "Country": "AR"
    },
	"DestinationMarketingArea": "CH",
	"Scheduled_delivery_appointment_dates_and_times": "15-12-2016",
	"Requested_delivery_dates_and_times": "10-12-2016",
	"SCAC": "12345",
	"PrimLane": "Y",
	"Count_of_intermediate_stops": "65",
	"DesirabilityIndex": ""

},{
	"OrderNumber": "43243",
	"scheduledAmount":[
    	{
    		"day": "Mon",
    		"planned": 2,
    		"actual": 3
    	},
    	{
    		"day": "Tue",
    		"planned": 4,
    		"actual": 5
    	},
    	{
    		"day": "Wed",
    		"planned": 6,
    		"actual": 7
    	},
    	{
    		"day": "Thu",
    		"planned": 8,
    		"actual": 9
    	}
    ],
	"OrderStatus": {
                "Incomplete": "Coco Cola (COWEV)",
                "Pending": "Pending"
    },
	"OrderStatusReasonCode": "Success",
	"ShipmentIdentificationNumber": "34123423",
	"UCR_Type": "Original",
	"View_UCR_details": "YUT43",
	"OpportunityIndicator": "CNH",
	"RemainingTimeToExpire": "59 minutes",
	"MustRespondByTime": "10-12-2016",
	"OriginSiteCode": "LA55",
	"OriginSiteName": "LA",
	"OriginAddress": {
                "City": "Coco Cola (COWEV)",
                "State": "1239 Sweove sev",
                "Zip": "Bentonville",
                "Country": "AR"
    },
    "OriginMarketingArea": "CHNA",
	"Scheduled_pickup_appointment_dates_and_times": "16-12-2016",
	"Requested_pickup_dates_and_times": "16-12-2016",
	"DestinationSiteCode": "CH55", 
	"DestinationSiteName": "CH",
	"DestinationAddress": {
                "City": "Coco Cola (COWEV)",
                "State": "1239 Sweove sev",
                "Zip": "Bentonville",
                "Country": "AR"
    },
	"DestinationMarketingArea": "CH",
	"Scheduled_delivery_appointment_dates_and_times": "15-12-2016",
	"Requested_delivery_dates_and_times": "10-12-2016",
	"SCAC": "12345",
	"PrimLane": "Y",
	"Count_of_intermediate_stops": "65",
	"DesirabilityIndex": ""

},{
	"OrderNumber": "43243",
	"scheduledAmount":[
    	{
    		"day": "Mon",
    		"planned": 2,
    		"actual": 3
    	},
    	{
    		"day": "Tue",
    		"planned": 4,
    		"actual": 5
    	},
    	{
    		"day": "Wed",
    		"planned": 6,
    		"actual": 7
    	},
    	{
    		"day": "Thu",
    		"planned": 8,
    		"actual": 9
    	}
    ],
	"OrderStatus": {
                "Incomplete": "Coco Cola (COWEV)",
                "Pending": "Pending"
    },
	"OrderStatusReasonCode": "Success",
	"ShipmentIdentificationNumber": "34123423",
	"UCR_Type": "Original",
	"View_UCR_details": "YUT43",
	"OpportunityIndicator": "CNH",
	"RemainingTimeToExpire": "59 minutes",
	"MustRespondByTime": "10-12-2016",
	"OriginSiteCode": "LA55",
	"OriginSiteName": "LA",
	"OriginAddress": {
                "City": "Coco Cola (COWEV)",
                "State": "1239 Sweove sev",
                "Zip": "Bentonville",
                "Country": "AR"
    },
    "OriginMarketingArea": "CHNA",
	"Scheduled_pickup_appointment_dates_and_times": "16-12-2016",
	"Requested_pickup_dates_and_times": "16-12-2016",
	"DestinationSiteCode": "CH55", 
	"DestinationSiteName": "CH",
	"DestinationAddress": {
                "City": "Coco Cola (COWEV)",
                "State": "1239 Sweove sev",
                "Zip": "Bentonville",
                "Country": "AR"
    },
	"DestinationMarketingArea": "CH",
	"Scheduled_delivery_appointment_dates_and_times": "15-12-2016",
	"Requested_delivery_dates_and_times": "10-12-2016",
	"SCAC": "12345",
	"PrimLane": "Y",
	"Count_of_intermediate_stops": "65",
	"DesirabilityIndex": ""

},{
	"OrderNumber": "43243",
	"scheduledAmount":[
    	{
    		"day": "Mon",
    		"planned": 2,
    		"actual": 3
    	},
    	{
    		"day": "Tue",
    		"planned": 4,
    		"actual": 5
    	},
    	{
    		"day": "Wed",
    		"planned": 6,
    		"actual": 7
    	},
    	{
    		"day": "Thu",
    		"planned": 8,
    		"actual": 9
    	}
    ],
	"OrderStatus": {
                "Incomplete": "Coco Cola (COWEV)",
                "Pending": "Pending"
    },
	"OrderStatusReasonCode": "Success",
	"ShipmentIdentificationNumber": "34123423",
	"UCR_Type": "Original",
	"View_UCR_details": "YUT43",
	"OpportunityIndicator": "CNH",
	"RemainingTimeToExpire": "59 minutes",
	"MustRespondByTime": "10-12-2016",
	"OriginSiteCode": "LA55",
	"OriginSiteName": "LA",
	"OriginAddress": {
                "City": "Coco Cola (COWEV)",
                "State": "1239 Sweove sev",
                "Zip": "Bentonville",
                "Country": "AR"
    },
    "OriginMarketingArea": "CHNA",
	"Scheduled_pickup_appointment_dates_and_times": "16-12-2016",
	"Requested_pickup_dates_and_times": "16-12-2016",
	"DestinationSiteCode": "CH55", 
	"DestinationSiteName": "CH",
	"DestinationAddress": {
                "City": "Coco Cola (COWEV)",
                "State": "1239 Sweove sev",
                "Zip": "Bentonville",
                "Country": "AR"
    },
	"DestinationMarketingArea": "CH",
	"Scheduled_delivery_appointment_dates_and_times": "15-12-2016",
	"Requested_delivery_dates_and_times": "10-12-2016",
	"SCAC": "12345",
	"PrimLane": "Y",
	"Count_of_intermediate_stops": "65",
	"DesirabilityIndex": ""

},{
	"OrderNumber": "43243",
	"scheduledAmount":[
    	{
    		"day": "Mon",
    		"planned": 2,
    		"actual": 3
    	},
    	{
    		"day": "Tue",
    		"planned": 4,
    		"actual": 5
    	},
    	{
    		"day": "Wed",
    		"planned": 6,
    		"actual": 7
    	},
    	{
    		"day": "Thu",
    		"planned": 8,
    		"actual": 9
    	}
    ],
	"OrderStatus": {
                "Incomplete": "Coco Cola (COWEV)",
                "Pending": "Pending"
    },
	"OrderStatusReasonCode": "Success",
	"ShipmentIdentificationNumber": "34123423",
	"UCR_Type": "Original",
	"View_UCR_details": "YUT43",
	"OpportunityIndicator": "CNH",
	"RemainingTimeToExpire": "59 minutes",
	"MustRespondByTime": "10-12-2016",
	"OriginSiteCode": "LA55",
	"OriginSiteName": "LA",
	"OriginAddress": {
                "City": "Coco Cola (COWEV)",
                "State": "1239 Sweove sev",
                "Zip": "Bentonville",
                "Country": "AR"
    },
    "OriginMarketingArea": "CHNA",
	"Scheduled_pickup_appointment_dates_and_times": "16-12-2016",
	"Requested_pickup_dates_and_times": "16-12-2016",
	"DestinationSiteCode": "CH55", 
	"DestinationSiteName": "CH",
	"DestinationAddress": {
                "City": "Coco Cola (COWEV)",
                "State": "1239 Sweove sev",
                "Zip": "Bentonville",
                "Country": "AR"
    },
	"DestinationMarketingArea": "CH",
	"Scheduled_delivery_appointment_dates_and_times": "15-12-2016",
	"Requested_delivery_dates_and_times": "10-12-2016",
	"SCAC": "12345",
	"PrimLane": "Y",
	"Count_of_intermediate_stops": "65",
	"DesirabilityIndex": ""

},{
	"OrderNumber": "43243",
	"scheduledAmount":[
    	{
    		"day": "Mon",
    		"planned": 2,
    		"actual": 3
    	},
    	{
    		"day": "Tue",
    		"planned": 4,
    		"actual": 5
    	},
    	{
    		"day": "Wed",
    		"planned": 6,
    		"actual": 7
    	},
    	{
    		"day": "Thu",
    		"planned": 8,
    		"actual": 9
    	}
    ],
	"OrderStatus": {
                "Incomplete": "Coco Cola (COWEV)",
                "Pending": "Pending"
    },
	"OrderStatusReasonCode": "Success",
	"ShipmentIdentificationNumber": "34123423",
	"UCR_Type": "Original",
	"View_UCR_details": "YUT43",
	"OpportunityIndicator": "CNH",
	"RemainingTimeToExpire": "59 minutes",
	"MustRespondByTime": "10-12-2016",
	"OriginSiteCode": "LA55",
	"OriginSiteName": "LA",
	"OriginAddress": {
                "City": "Coco Cola (COWEV)",
                "State": "1239 Sweove sev",
                "Zip": "Bentonville",
                "Country": "AR"
    },
    "OriginMarketingArea": "CHNA",
	"Scheduled_pickup_appointment_dates_and_times": "16-12-2016",
	"Requested_pickup_dates_and_times": "16-12-2016",
	"DestinationSiteCode": "CH55", 
	"DestinationSiteName": "CH",
	"DestinationAddress": {
                "City": "Coco Cola (COWEV)",
                "State": "1239 Sweove sev",
                "Zip": "Bentonville",
                "Country": "AR"
    },
	"DestinationMarketingArea": "CH",
	"Scheduled_delivery_appointment_dates_and_times": "15-12-2016",
	"Requested_delivery_dates_and_times": "10-12-2016",
	"SCAC": "12345",
	"PrimLane": "Y",
	"Count_of_intermediate_stops": "65",
	"DesirabilityIndex": ""

},{
	"OrderNumber": "43243",
	"scheduledAmount":[
    	{
    		"day": "Mon",
    		"planned": 2,
    		"actual": 3
    	},
    	{
    		"day": "Tue",
    		"planned": 4,
    		"actual": 5
    	},
    	{
    		"day": "Wed",
    		"planned": 6,
    		"actual": 7
    	},
    	{
    		"day": "Thu",
    		"planned": 8,
    		"actual": 9
    	}
    ],
	"OrderStatus": {
                "Incomplete": "Coco Cola (COWEV)",
                "Pending": "Pending"
    },
	"OrderStatusReasonCode": "Success",
	"ShipmentIdentificationNumber": "34123423",
	"UCR_Type": "Original",
	"View_UCR_details": "YUT43",
	"OpportunityIndicator": "CNH",
	"RemainingTimeToExpire": "59 minutes",
	"MustRespondByTime": "10-12-2016",
	"OriginSiteCode": "LA55",
	"OriginSiteName": "LA",
	"OriginAddress": {
                "City": "Coco Cola (COWEV)",
                "State": "1239 Sweove sev",
                "Zip": "Bentonville",
                "Country": "AR"
    },
    "OriginMarketingArea": "CHNA",
	"Scheduled_pickup_appointment_dates_and_times": "16-12-2016",
	"Requested_pickup_dates_and_times": "16-12-2016",
	"DestinationSiteCode": "CH55", 
	"DestinationSiteName": "CH",
	"DestinationAddress": {
                "City": "Coco Cola (COWEV)",
                "State": "1239 Sweove sev",
                "Zip": "Bentonville",
                "Country": "AR"
    },
	"DestinationMarketingArea": "CH",
	"Scheduled_delivery_appointment_dates_and_times": "15-12-2016",
	"Requested_delivery_dates_and_times": "10-12-2016",
	"SCAC": "12345",
	"PrimLane": "Y",
	"Count_of_intermediate_stops": "65",
	"DesirabilityIndex": ""

},{
	"OrderNumber": "43243",
	"scheduledAmount":[
    	{
    		"day": "Mon",
    		"planned": 2,
    		"actual": 3
    	},
    	{
    		"day": "Tue",
    		"planned": 4,
    		"actual": 5
    	},
    	{
    		"day": "Wed",
    		"planned": 6,
    		"actual": 7
    	},
    	{
    		"day": "Thu",
    		"planned": 8,
    		"actual": 9
    	}
    ],
	"OrderStatus": {
                "Incomplete": "Coco Cola (COWEV)",
                "Pending": "Pending"
    },
	"OrderStatusReasonCode": "Success",
	"ShipmentIdentificationNumber": "34123423",
	"UCR_Type": "Original",
	"View_UCR_details": "YUT43",
	"OpportunityIndicator": "CNH",
	"RemainingTimeToExpire": "59 minutes",
	"MustRespondByTime": "10-12-2016",
	"OriginSiteCode": "LA55",
	"OriginSiteName": "LA",
	"OriginAddress": {
                "City": "Coco Cola (COWEV)",
                "State": "1239 Sweove sev",
                "Zip": "Bentonville",
                "Country": "AR"
    },
    "OriginMarketingArea": "CHNA",
	"Scheduled_pickup_appointment_dates_and_times": "16-12-2016",
	"Requested_pickup_dates_and_times": "16-12-2016",
	"DestinationSiteCode": "CH55", 
	"DestinationSiteName": "CH",
	"DestinationAddress": {
                "City": "Coco Cola (COWEV)",
                "State": "1239 Sweove sev",
                "Zip": "Bentonville",
                "Country": "AR"
    },
	"DestinationMarketingArea": "CH",
	"Scheduled_delivery_appointment_dates_and_times": "15-12-2016",
	"Requested_delivery_dates_and_times": "10-12-2016",
	"SCAC": "12345",
	"PrimLane": "Y",
	"Count_of_intermediate_stops": "65",
	"DesirabilityIndex": ""

}]





