[
  {
    "index": 0,
    "title": "Order Number",
    "key": "orderNumber",
    "SearchFilter": true,
    "componentType": "lsitType",
    "url": "",
    "methodType": "addData",
    "checkSelectionKey": "key",
    "valueField": [
      "key"
    ],
    "rootVal": [
      "aggregations",
      "filterException",
      "buckets"
    ],
    "params": {
      "size": 0,
      "query": {
        "bool": {
          "must": [
            {
              "term": {
                "category": "pending"
              }
            },
            {
              "match": {
                "orderDTO.orderID": "*"
              }
            }
          ]
        }
      },
      "aggs": {
        "filterException": {
          "terms": {
            "field": "orderDTO.orderID"
          }
        }
      }
    }
  },
  {
    "index": 1,
    "title": "Order Status",
    "key": "orderStatus",
    "componentType": "lsitType",
    "hideTypeAhead": true,
    "url": "",
    "rootVal": [
      "data"
    ],
    "checkSelectionKey": "orderStatus",
    "fieldName": "orderStatus",
    "myParentScope": "",
    "params": {}
  },
  {
    "index": 2,
    "title": "Shipment Identifier",
    "key": "shipId",
    "SearchFilter": true,
    "componentType": "lsitType",
    "url": "",
    "methodType": "addData",
    "checkSelectionKey": "key",
    "pagination": true,
    "paginationSize": 2,
    "valueField": [
      "key"
    ],
    "rootVal": [
      "aggregations",
      "filterException",
      "buckets"
    ],
    "params": {
      "size": 0,
      "query": {
        "bool": {
          "must": [
            {
              "term": {
                "category": "pending"
              }
            },
            {
              "match": {
                "orderDTO.shipmentIdentificationNumber": "*"
              }
            }
          ]
        }
      },
      "aggs": {
        "filterException": {
          "terms": {
            "field": "orderDTO.shipmentIdentificationNumber.keyword"
          }
        }
      }
    }
  },
  {
    "index": 3,
    "title": "Failure Reason",
    "key": "failureReason",
    "componentType": "lsitType",
    "hideTypeAhead": true,
    "url": "",
    "checkSelectionKey": "taskTypeName",
    "rootVal": [
      "_embedded",
      "taskTypes"
    ],
    "params": {}
  },
  {
    "index": 4,
    "title": "Ucr Type",
    "key": "ucrType",
    "componentType": "lsitType",
    "hideTypeAhead": true,
    "url": "",
    "checkSelectionKey": "ucrType",
    "fieldName": "ucrType",
    "rootVal": [
      "data"
    ],
    "params": {}
  },
  {
    "index": 5,
    "title": "Opportunity",
    "key": "PendingOpportunities",
    "componentType": "lsitType",
    "hideTypeAhead": true,
    "url": "",
    "checkSelectionKey": "pendingOpportunities",
    "fieldName": "pendingOpportunities",
    "rootVal": [
      "data"
    ],
    "params": {}
  },
  {
    "index": 6,
    "title": "Time To Expire",
    "key": "range",
    "fieldName": "mustRespondTime",
    "hideTypeAhead": true,
    "componentType": "lsitType",
    "url": "",
    "rootVal": [
      "data"
    ],
    "checkSelectionKey": "range",
    "myParentScope": ""
  },
  {
    "index": 7,
    "title": "Must Respond By ",
    "key": "range",
    "fieldName": "mustRespondTime",
    "hideTypeAhead": true,
    "componentType": "lsitType",
    "url": "",
    "rootVal": [
      "data"
    ],
    "checkSelectionKey": "range",
    "myParentScope": ""
  },
  {
    "index": 8,
    "title": "Origin",
    "key": "siteDetails",
    "componentType": "typeAhead",
    "methodType": "addData",
    "url": "",
    "rootVal": [
      "hits",
      "hits"
    ],
    "pagination": true,
    "serviceFilter": true,
    "paginationSize": 2,
    "params": {
      "size": 5,
      "_source": [
        "LocationName",
        "LocationCode",
        "LocationID",
        "locations.AddressLine1",
        "locations.AddressLine2",
        "locations.CityName",
        "locations.StateName",
        "locations.CountryName",
        "locations.PostalCode",
        "locations.LocationRoleTypeDescription",
        "locations.AddressID"
      ],
      "query": {
        "bool": {
          "should": [
            {
              "query_string": {
                "fields": [
                  "LocationName^6",
                  "LocationCode^3",
                  "LocationID^9"
                ],
                "query": "*",
                "default_operator": "and"
              }
            },
            {
              "nested": {
                "path": "locations",
                "query": {
                  "query_string": {
                    "fields": [
                      "locations.AddressLine1^18",
                      "locations.AddressLine2^18",
                      "locations.CityName^15",
                      "locations.StateName^12",
                      "locations.PostalCode^9",
                      "locations.CountryName"
                    ],
                    "query": "*",
                    "default_operator": "and"
                  }
                }
              }
            }
          ],
          "minimum_should_match": 1,
          "must": [
            {
              "nested": {
                "path": "locations",
                "query": {
                  "query_string": {
                    "fields": [
                      "locations.LocationRoleTypeDescription.keyword"
                    ],
                    "query": "(Shipper)",
                    "split_on_whitespace": false
                  }
                },
                "inner_hits": {
                  "size": 1,
                  "_source": {
                    "includes": [
                      "locations.AddressLine1",
                      "locations.AddressLine2",
                      "locations.CityName",
                      "locations.StateName",
                      "locations.CountryName",
                      "locations.PostalCode",
                      "locations.LocationRoleTypeDescription",
                      "locations.AddressID"
                    ]
                  }
                }
              }
            }
          ]
        }
      }
    },
    "myParentScope": "",
    "framerMethod": "frameOrigin"
  },
  {
    "index": 9,
    "title": "Origin Market Area",
    "key": "OriginMarketingArea",
    "componentType": "typeAhead",
    "checkSelectionKey": "marketingArea",
    "url": "",
    "serviceFilter": true,
    "pagination": true,
    "paginationSize": 2,
    "rootVal": [
      "_embedded",
      "areas"
    ],
    "params": {}
  },
  {
    "index": 10,
    "title": "Scheduled Pickup Appointment",
    "componentType": "Date",
    "dateFieldKey": "scheduledPickup"
  },
  {
    "index": 11,
    "title": "Requested Pickup Appointment",
    "componentType": "Date",
    "dateFieldKey": "requestedPickup"
  },
  {
    "index": 12,
    "title": "Destination",
    "key": "siteDetails",
    "componentType": "typeAhead",
    "methodType": "addData",
    "url": "",
    "rootVal": [
      "hits",
      "hits"
    ],
    "serviceFilter": true,
    "pagination": true,
    "paginationSize": 2,
    "params": {
      "size": 5,
      "_source": [
        "LocationName",
        "LocationCode",
        "LocationID",
        "locations.AddressLine1",
        "locations.AddressLine2",
        "locations.CityName",
        "locations.StateName",
        "locations.CountryName",
        "locations.PostalCode",
        "locations.LocationRoleTypeDescription",
        "locations.AddressID"
      ],
      "query": {
        "bool": {
          "should": [
            {
              "query_string": {
                "fields": [
                  "LocationName^6",
                  "LocationCode^3",
                  "LocationID^9"
                ],
                "query": "*",
                "default_operator": "and"
              }
            },
            {
              "nested": {
                "path": "locations",
                "query": {
                  "query_string": {
                    "fields": [
                      "locations.AddressLine1^18",
                      "locations.AddressLine2^18",
                      "locations.CityName^15",
                      "locations.StateName^12",
                      "locations.PostalCode^9",
                      "locations.CountryName"
                    ],
                    "query": "*",
                    "default_operator": "and"
                  }
                }
              }
            }
          ],
          "minimum_should_match": 1,
          "must": [
            {
              "nested": {
                "path": "locations",
                "query": {
                  "query_string": {
                    "fields": [
                      "locations.LocationRoleTypeDescription.keyword"
                    ],
                    "query": "(Shipper)",
                    "split_on_whitespace": false
                  }
                },
                "inner_hits": {
                  "size": 1,
                  "_source": {
                    "includes": [
                      "locations.AddressLine1",
                      "locations.AddressLine2",
                      "locations.CityName",
                      "locations.StateName",
                      "locations.CountryName",
                      "locations.PostalCode",
                      "locations.LocationRoleTypeDescription",
                      "locations.AddressID"
                    ]
                  }
                }
              }
            }
          ]
        }
      }
    },
    "myParentScope": "",
    "framerMethod": "frameOrigin"
  },
  {
    "index": 13,
    "title": "Destination Market Area",
    "key": "DestinationMarketingArea",
    "componentType": "typeAhead",
    "checkSelectionKey": "marketingArea",
    "url": "",
    "serviceFilter": true,
    "pagination": true,
    "paginationSize": 2,
    "rootVal": [
      "_embedded",
      "areas"
    ],
    "params": {}
  },
  {
    "index": 14,
    "title": "Scheduled Delivery Appointment",
    "componentType": "Date",
    "dateFieldKey": "scheduledDelivery"
  },
  {
    "index": 15,
    "title": "Requested Delivery Appointment",
    "componentType": "Date",
    "dateFieldKey": "requestedDelivery"
  },
  {
    "index": 16,
    "title": "SCAC",
    "key": "scac",
    "SearchFilter": true,
    "componentType": "lsitType",
    "url": "",
    "methodType": "addData",
    "checkSelectionKey": "key",
    "valueField": [
      "key"
    ],
    "rootVal": [
      "aggregations",
      "filterException",
      "buckets"
    ],
    "params": {
      "size": 5,
      "query": {
        "bool": {
          "must": [
            {
              "term": {
                "category": "pending"
              }
            },
            {
              "match": {
                "scac": "*"
              }
            }
          ]
        }
      },
      "aggs": {
        "filterException": {
          "terms": {
            "field": "scac.keyword"
          }
        }
      }
    }
  },
  {
    "index": 17,
    "title": "Intermediate Stops",
    "key": "intermediateStops",
    "SearchFilter": true,
    "componentType": "lsitType",
    "url": "",
    "methodType": "addData",
    "checkSelectionKey": "key",
    "fieldName": "key",
    "rootVal": [
      "aggregations",
      "filterException",
      "buckets"
    ],
    "params": {
      "size": 0,
      "query": {
        "bool": {
          "must": [
            {
              "term": {
                "category": "pending"
              }
            },
            {
              "match": {
                "intermediatestops": "*"
              }
            }
          ]
        }
      },
      "aggs": {
        "filterException": {
          "terms": {
            "field": "intermediatestops"
          }
        }
      }
    }
  },
  {
    "index": 18,
    "title": "Desirability Index",
    "key": "getDesirability",
    "checkSelectionKey": "value",
    "hideTypeAhead": true,
    "fieldName": "key",
    "componentType": "lsitType",
    "count": 0,
    "rootVal": [
    ],
    "url": "",
    "params": {}
  },
  {
    "index": 19,
    "title": "Bill To Account",
    "key": "billToCode",
    "componentType": "typeAhead",
    "url": "",
    "methodType": "addData",
    "pagination": true,
    "serviceFilter": true,
    "paginationSize": 2,
    "rootVal": [
      "hits",
      "hits"
    ],
    "params": {
      "size": 30,
      "_source": [
        "OrganizationName",
        "PartyID",
        "CustomerCode",
        "partyaddresses.AddressLine1",
        "partyaddresses.AddressLine2",
        "partyaddresses.CityName",
        "partyaddresses.StateName",
        "partyaddresses.CountryName",
        "partyaddresses.PostalCode",
        "partyaddresses.PartyRoleTypeDescription"
      ],
      "query": {
        "bool": {
          "should": [
            {
              "query_string": {
                "fields": [
                  "OrganizationName^6",
                  "CustomerCode^3",
                  "PartyID"
                ],
                "query": "*",
                "default_operator": "and"
              }
            },
            {
              "nested": {
                "path": "partyaddresses",
                "query": {
                  "query_string": {
                    "fields": [
                      "partyaddresses.AddressLine1^18",
                      "partyaddresses.AddressLine2^18",
                      "partyaddresses.CityName^15",
                      "partyaddresses.StateName^12",
                      "partyaddresses.PostalCode^9",
                      "partyaddresses.CountryName",
                      "OrganizationName"
                    ],
                    "query": "*",
                    "default_operator": "and"
                  }
                },
                "inner_hits": {
                  "size": 1,
                  "_source": {
                    "includes": [
                      "partyaddresses.AddressLine1",
                      "partyaddresses.AddressLine2",
                      "partyaddresses.CityName",
                      "partyaddresses.StateName",
                      "partyaddresses.CountryName",
                      "partyaddresses.PostalCode",
                      "partyaddresses.PartyRoleTypeDescription"
                    ]
                  }
                }
              }
            }
          ],
          "minimum_should_match": 1,
          "must": {
            "nested": {
              "path": "partyaddresses",
              "query": {
                "match": {
                  "partyaddresses.PartyRoleTypeDescription": "BILL TO"
                }
              }
            }
          }
        }
      }
    },
    "myParentScope": "",
    "framerMethod": "frameBillTo"
  },
  {
    "index": 20,
    "title": "Task Status",
    "key": "taskStatus",
    "componentType": "lsitType",
    "hideTypeAhead": true,
    "url": "",
    "rootVal": [
      "data"
    ],
    "checkSelectionKey": "taskStatus",
    "fieldName": "taskStatus",
    "myParentScope": "",
    "params": {}
  }
]