{
                "applicationDomainCode": "Order Management",
                "notificationDeliveryChannel": "EMAIL",
                "notificationRawDataID": null,
                "userNotificationSubscriptionDetailID": null,
                "subscriberUser": {
                                "id": "",
                                "firstName": "",
                                "lastName": "",
                                "emailAddress": "GaneshKumar-2.S-2@cognizant.com",
                                "phoneNumber": "",
                                "jobTitle": "",
                                "contactType": "",
                                "companyName": ""
                },
                "notificationSubscriptionInAppContent": {
                                "notificationType": "",
                                "notificationContent": ""
                },
                "notificationSubscriptionMessageContent": null,
                "notificationSubscriptionEmailContent": {
                                "templateId": "41739",
                                "dynamicContents": {
                                                "OrderNumber": "",
                                                "LoadNumber": ""
                                }
                }
}
