{
		"_embedded": {
		"orderStatusEventReasons": [
		{
		"orderStatusEventReasonID": "1",
		"orderStatusEventReasonDescription": "No capacity available",
		"_links": {
		"self": {
		"href": "http://ordermanagementreferencedataservices-dev.jbhunt.com/ordermanagementreferencedataservices/orderStatusEventReasons/1"
		},
		"orderStatusEventReason": {
		"href": "http://ordermanagementreferencedataservices-dev.jbhunt.com/ordermanagementreferencedataservices/orderStatusEventReasons/1"
		},
		"orderStatusCode": {
		"href": "http://ordermanagementreferencedataservices-dev.jbhunt.com/ordermanagementreferencedataservices/orderStatusEventReasons/1/orderStatusCode"
		}
		}
		},
		{
		"orderStatusEventReasonID": "2",
		"orderStatusEventReasonDescription": "No trailing equipment available",
		"_links": {
		"self": {
		"href": "http://ordermanagementreferencedataservices-dev.jbhunt.com/ordermanagementreferencedataservices/orderStatusEventReasons/2"
		},
		"orderStatusEventReason": {
		"href": "http://ordermanagementreferencedataservices-dev.jbhunt.com/ordermanagementreferencedataservices/orderStatusEventReasons/2"
		},
		"orderStatusCode": {
		"href": "http://ordermanagementreferencedataservices-dev.jbhunt.com/ordermanagementreferencedataservices/orderStatusEventReasons/2/orderStatusCode"
		}
		}
		},
		{
		"orderStatusEventReasonID": "3",
		"orderStatusEventReasonDescription": "Excess transit time",
		"_links": {
		"self": {
		"href": "http://ordermanagementreferencedataservices-dev.jbhunt.com/ordermanagementreferencedataservices/orderStatusEventReasons/3"
		},
		"orderStatusEventReason": {
		"href": "http://ordermanagementreferencedataservices-dev.jbhunt.com/ordermanagementreferencedataservices/orderStatusEventReasons/3"
		},
		"orderStatusCode": {
		"href": "http://ordermanagementreferencedataservices-dev.jbhunt.com/ordermanagementreferencedataservices/orderStatusEventReasons/3/orderStatusCode"
		}
		}
		},
		{
		"orderStatusEventReasonID": "4",
		"orderStatusEventReasonDescription": "Not enough transit time ",
		"_links": {
		"self": {
		"href": "http://ordermanagementreferencedataservices-dev.jbhunt.com/ordermanagementreferencedataservices/orderStatusEventReasons/4"
		},
		"orderStatusEventReason": {
		"href": "http://ordermanagementreferencedataservices-dev.jbhunt.com/ordermanagementreferencedataservices/orderStatusEventReasons/4"
		},
		"orderStatusCode": {
		"href": "http://ordermanagementreferencedataservices-dev.jbhunt.com/ordermanagementreferencedataservices/orderStatusEventReasons/4/orderStatusCode"
		}
		}
		},
		{
		"orderStatusEventReasonID": "5",
		"orderStatusEventReasonDescription": "Exceeds capacity reservation",
		"_links": {
		"self": {
		"href": "http://ordermanagementreferencedataservices-dev.jbhunt.com/ordermanagementreferencedataservices/orderStatusEventReasons/5"
		},
		"orderStatusEventReason": {
		"href": "http://ordermanagementreferencedataservices-dev.jbhunt.com/ordermanagementreferencedataservices/orderStatusEventReasons/5"
		},
		"orderStatusCode": {
		"href": "http://ordermanagementreferencedataservices-dev.jbhunt.com/ordermanagementreferencedataservices/orderStatusEventReasons/5/orderStatusCode"
		}
		}
		},
		{
		"orderStatusEventReasonID": "6",
		"orderStatusEventReasonDescription": "Excess stops",
		"_links": {
		"self": {
		"href": "http://ordermanagementreferencedataservices-dev.jbhunt.com/ordermanagementreferencedataservices/orderStatusEventReasons/6"
		},
		"orderStatusEventReason": {
		"href": "http://ordermanagementreferencedataservices-dev.jbhunt.com/ordermanagementreferencedataservices/orderStatusEventReasons/6"
		},
		"orderStatusCode": {
		"href": "http://ordermanagementreferencedataservices-dev.jbhunt.com/ordermanagementreferencedataservices/orderStatusEventReasons/6/orderStatusCode"
		}
		}
		},
		{
		"orderStatusEventReasonID": "7",
		"orderStatusEventReasonDescription": "Hazardous material",
		"_links": {
		"self": {
		"href": "http://ordermanagementreferencedataservices-dev.jbhunt.com/ordermanagementreferencedataservices/orderStatusEventReasons/7"
		},
		"orderStatusEventReason": {
		"href": "http://ordermanagementreferencedataservices-dev.jbhunt.com/ordermanagementreferencedataservices/orderStatusEventReasons/7"
		},
		"orderStatusCode": {
		"href": "http://ordermanagementreferencedataservices-dev.jbhunt.com/ordermanagementreferencedataservices/orderStatusEventReasons/7/orderStatusCode"
		}
		}
		},
		{
		"orderStatusEventReasonID": "8",
		"orderStatusEventReasonDescription": "No rate agreement",
		"_links": {
		"self": {
		"href": "http://ordermanagementreferencedataservices-dev.jbhunt.com/ordermanagementreferencedataservices/orderStatusEventReasons/8"
		},
		"orderStatusEventReason": {
		"href": "http://ordermanagementreferencedataservices-dev.jbhunt.com/ordermanagementreferencedataservices/orderStatusEventReasons/8"
		},
		"orderStatusCode": {
		"href": "http://ordermanagementreferencedataservices-dev.jbhunt.com/ordermanagementreferencedataservices/orderStatusEventReasons/8/orderStatusCode"
		}
		}
		},
		{
		"orderStatusEventReasonID": "9",
		"orderStatusEventReasonDescription": "Repeat of existing order",
		"_links": {
		"self": {
		"href": "http://ordermanagementreferencedataservices-dev.jbhunt.com/ordermanagementreferencedataservices/orderStatusEventReasons/9"
		},
		"orderStatusEventReason": {
		"href": "http://ordermanagementreferencedataservices-dev.jbhunt.com/ordermanagementreferencedataservices/orderStatusEventReasons/9"
		},
		"orderStatusCode": {
		"href": "http://ordermanagementreferencedataservices-dev.jbhunt.com/ordermanagementreferencedataservices/orderStatusEventReasons/9/orderStatusCode"
		}
		}
		},
		{
		"orderStatusEventReasonID": "10",
		"orderStatusEventReasonDescription": "Exceeds inbound restrictions",
		"_links": {
		"self": {
		"href": "http://ordermanagementreferencedataservices-dev.jbhunt.com/ordermanagementreferencedataservices/orderStatusEventReasons/10"
		},
		"orderStatusEventReason": {
		"href": "http://ordermanagementreferencedataservices-dev.jbhunt.com/ordermanagementreferencedataservices/orderStatusEventReasons/10"
		},
		"orderStatusCode": {
		"href": "http://ordermanagementreferencedataservices-dev.jbhunt.com/ordermanagementreferencedataservices/orderStatusEventReasons/10/orderStatusCode"
		}
		}
		},
		{
		"orderStatusEventReasonID": "11",
		"orderStatusEventReasonDescription": "Tendered to wrong carrier",
		"_links": {
		"self": {
		"href": "http://ordermanagementreferencedataservices-dev.jbhunt.com/ordermanagementreferencedataservices/orderStatusEventReasons/11"
		},
		"orderStatusEventReason": {
		"href": "http://ordermanagementreferencedataservices-dev.jbhunt.com/ordermanagementreferencedataservices/orderStatusEventReasons/11"
		},
		"orderStatusCode": {
		"href": "http://ordermanagementreferencedataservices-dev.jbhunt.com/ordermanagementreferencedataservices/orderStatusEventReasons/11/orderStatusCode"
		}
		}
		},
		{
		"orderStatusEventReasonID": "12",
		"orderStatusEventReasonDescription": "Tendered to wrong mode",
		"_links": {
		"self": {
		"href": "http://ordermanagementreferencedataservices-dev.jbhunt.com/ordermanagementreferencedataservices/orderStatusEventReasons/12"
		},
		"orderStatusEventReason": {
		"href": "http://ordermanagementreferencedataservices-dev.jbhunt.com/ordermanagementreferencedataservices/orderStatusEventReasons/12"
		},
		"orderStatusCode": {
		"href": "http://ordermanagementreferencedataservices-dev.jbhunt.com/ordermanagementreferencedataservices/orderStatusEventReasons/12/orderStatusCode"
		}
		}
		},
		{
		"orderStatusEventReasonID": "13",
		"orderStatusEventReasonDescription": "Customer over tendered",
		"_links": {
		"self": {
		"href": "http://ordermanagementreferencedataservices-dev.jbhunt.com/ordermanagementreferencedataservices/orderStatusEventReasons/13"
		},
		"orderStatusEventReason": {
		"href": "http://ordermanagementreferencedataservices-dev.jbhunt.com/ordermanagementreferencedataservices/orderStatusEventReasons/13"
		},
		"orderStatusCode": {
		"href": "http://ordermanagementreferencedataservices-dev.jbhunt.com/ordermanagementreferencedataservices/orderStatusEventReasons/13/orderStatusCode"
		}
		}
		},
		{
		"orderStatusEventReasonID": "14",
		"orderStatusEventReasonDescription": "No trailing equipment: reefer",
		"_links": {
		"self": {
		"href": "http://ordermanagementreferencedataservices-dev.jbhunt.com/ordermanagementreferencedataservices/orderStatusEventReasons/14"
		},
		"orderStatusEventReason": {
		"href": "http://ordermanagementreferencedataservices-dev.jbhunt.com/ordermanagementreferencedataservices/orderStatusEventReasons/14"
		},
		"orderStatusCode": {
		"href": "http://ordermanagementreferencedataservices-dev.jbhunt.com/ordermanagementreferencedataservices/orderStatusEventReasons/14/orderStatusCode"
		}
		}
		},
		{
		"orderStatusEventReasonID": "15",
		"orderStatusEventReasonDescription": "No accessorial agreement or refuse to pay accessorial",
		"_links": {
		"self": {
		"href": "http://ordermanagementreferencedataservices-dev.jbhunt.com/ordermanagementreferencedataservices/orderStatusEventReasons/15"
		},
		"orderStatusEventReason": {
		"href": "http://ordermanagementreferencedataservices-dev.jbhunt.com/ordermanagementreferencedataservices/orderStatusEventReasons/15"
		},
		"orderStatusCode": {
		"href": "http://ordermanagementreferencedataservices-dev.jbhunt.com/ordermanagementreferencedataservices/orderStatusEventReasons/15/orderStatusCode"
		}
		}
		},
		{
		"orderStatusEventReasonID": "16",
		"orderStatusEventReasonDescription": "Credit check failure",
		"_links": {
		"self": {
		"href": "http://ordermanagementreferencedataservices-dev.jbhunt.com/ordermanagementreferencedataservices/orderStatusEventReasons/16"
		},
		"orderStatusEventReason": {
		"href": "http://ordermanagementreferencedataservices-dev.jbhunt.com/ordermanagementreferencedataservices/orderStatusEventReasons/16"
		},
		"orderStatusCode": {
		"href": "http://ordermanagementreferencedataservices-dev.jbhunt.com/ordermanagementreferencedataservices/orderStatusEventReasons/16/orderStatusCode"
		}
		}
		},
		{
		"orderStatusEventReasonID": "17",
		"orderStatusEventReasonDescription": "Others",
		"_links": {
		"self": {
		"href": "http://ordermanagementreferencedataservices-dev.jbhunt.com/ordermanagementreferencedataservices/orderStatusEventReasons/17"
		},
		"orderStatusEventReason": {
		"href": "http://ordermanagementreferencedataservices-dev.jbhunt.com/ordermanagementreferencedataservices/orderStatusEventReasons/17"
		},
		"orderStatusCode": {
		"href": "http://ordermanagementreferencedataservices-dev.jbhunt.com/ordermanagementreferencedataservices/orderStatusEventReasons/17/orderStatusCode"
		}
		}
		}
		]
		},
		"_links": {
		"self": {
		"href": "http://ordermanagementreferencedataservices-dev.jbhunt.com/ordermanagementreferencedataservices/orderStatusEventReasons/search/findByOrderStatusCodeOrderStatusCode?orderStatusCode=Rejected"
		}
		}
}
