{
	"errors": [{
			"errorType": "Error",
			"errorMessage": "Invalid Service Offering ABC",
			"errorCode": "invalid_serviceoffering",
			"fieldName": "financeBusinessUnitCode",
			"fieldErrorFlag": true
		}, {
			"errorType": "Error",
			"errorMessage": "Invalid Transit Mode",
			"errorCode": "invalid_serviceoffering",
			"fieldName": "transitModeCode",
			"fieldErrorFlag": true
		},
		{
			"errorType": "Error",
			"errorMessage": "Invalid Operaqtional Service",
			"errorCode": "invalid_serviceoffering",
			"fieldName": "operationalServices",
			"fieldErrorFlag": true
		},{
			"errorType": "Error",
			"errorMessage": "Invalid solicitorCodeContact",
			"errorCode": "invalid_serviceoffering",
			"fieldName": "solicitorCodeContact",
			"fieldErrorFlag": true
		},
		{
			"errorType": "Error",
			"errorMessage": "Invalid lineofbusinessContact",
			"errorCode": "invalid_serviceoffering",
			"fieldName": "lineofbusinessContact",
			"fieldErrorFlag": true
		},{
			"errorType": "Error",
			"errorMessage": "Invalid vesselNumber",
			"errorCode": "invalid_serviceoffering",
			"fieldName": "vesselNumber",
			"fieldErrorFlag": true
		}, {
			"errorType": "Error",
			"errorMessage": "Invalid carrierName",
			"errorCode": "invalid_serviceoffering",
			"fieldName": "carrierName",
			"fieldErrorFlag": true
		},
		{
			"errorType": "Error",
			"errorMessage": "Invalid fleetCode",
			"errorCode": "invalid_serviceoffering",
			"fieldName": "fleetCode",
			"fieldErrorFlag": true
		}, {
			"errorType": "Error",
			"errorMessage": "Invalid Appointment Instruction",
			"errorCode": "invalid_serviceType",
			"fieldName": "stops/0/stopServices/0/serviceType ",
			"fieldErrorFlag": true
		}, {
			"errorType": "Error",
			"errorMessage": "Invalid Item Handling Unit",
			"errorCode": "invalid_serviceoffering",
			"fieldName": "stops/1/stopServices/1/serviceType ",
			"fieldErrorFlag": true
		},
		{
			"errorType": "Error",
			"errorMessage": "Invalid Servicetype",
			"errorCode": "invalid_serviceoffering",
			"fieldName": "stops/3/stopServices/3/serviceType ",
			"fieldErrorFlag": true
		},
		{
			"errorType": "Error",
			"errorMessage": "Delivery Stop is Mandetory",
			"errorCode": "invalid_serviceoffering",
			"fieldName": "stops/5/stopServices/5/serviceType ",
			"fieldErrorFlag": true
		},{
			"errorType": "Warning",
			"errorMessage": "Invalid Service Offering ABC",
			"errorCode": "invalid_serviceoffering",
			"fieldName": "financeBusinessUnitCode",
			"fieldErrorFlag": true
		}, {
			"errorType": "Warning",
			"errorMessage": "Invalid Transit Mode",
			"errorCode": "invalid_serviceoffering",
			"fieldName": "transitModeCode",
			"fieldErrorFlag": true
		},
		{
			"errorType": "Warning",
			"errorMessage": "Invalid Operaqtional Service",
			"errorCode": "invalid_serviceoffering",
			"fieldName": "operationalServices",
			"fieldErrorFlag": true
		},{
			"errorType": "Warning",
			"errorMessage": "Invalid solicitorCodeContact",
			"errorCode": "invalid_serviceoffering",
			"fieldName": "solicitorCodeContact",
			"fieldErrorFlag": true
		},
		{
			"errorType": "Warning",
			"errorMessage": "Invalid lineofbusinessContact",
			"errorCode": "invalid_serviceoffering",
			"fieldName": "lineofbusinessContact",
			"fieldErrorFlag": true
		},{
			"errorType": "Warning",
			"errorMessage": "Invalid vesselNumber",
			"errorCode": "invalid_serviceoffering",
			"fieldName": "vesselNumber",
			"fieldErrorFlag": true
		}, {
			"errorType": "Warning",
			"errorMessage": "Invalid carrierName",
			"errorCode": "invalid_serviceoffering",
			"fieldName": "carrierName",
			"fieldErrorFlag": true
		},
		{
			"errorType": "Warning",
			"errorMessage": "Invalid fleetCode",
			"errorCode": "invalid_serviceoffering",
			"fieldName": "fleetCode",
			"fieldErrorFlag": true
		}, {
			"errorType": "Warning",
			"errorMessage": "Invalid Appointment Instruction",
			"errorCode": "invalid_serviceType",
			"fieldName": "stops/0/stopServices/0/serviceType ",
			"fieldErrorFlag": true
		}, {
			"errorType": "Warning",
			"errorMessage": "Invalid Item Handling Unit",
			"errorCode": "invalid_serviceoffering",
			"fieldName": "stops/1/stopServices/1/serviceType ",
			"fieldErrorFlag": true
		},
		{
			"errorType": "Warning",
			"errorMessage": "Invalid Servicetype",
			"errorCode": "invalid_serviceoffering",
			"fieldName": "stops/3/stopServices/3/serviceType ",
			"fieldErrorFlag": true
		},
		{
			"errorType": "Warning",
			"errorMessage": "Delivery Stop is Mandetory",
			"errorCode": "invalid_serviceoffering",
			"fieldName": "stops/5/stopServices/5/serviceType ",
			"fieldErrorFlag": true
		}
	]
}