{
  "_embedded": {
    "acceptedOrderModificationFeeActionTypes": [
      {
        "acceptedOrderModificationFeeActionTypeCode": "ConfChgL",
        "acceptedOrderModificationFeeActionTypeDescription": "Confirm charges later",
        "effectiveTimestamp": "2016-01-01T00:00:00",
        "expirationTimestamp": "2199-12-31T23:59:59",
        "lastUpdateTimestampString": "2017-04-18T23:01:00.9924588",
        "_links": {
          "self": {
            "href": "http://localhost:8081/ordermanagementreconsignmentservices/acceptedOrderModificationFeeActionTypes/ConfChgL"
          },
          "acceptedOrderModificationFeeActionType": {
            "href": "http://localhost:8081/ordermanagementreconsignmentservices/acceptedOrderModificationFeeActionTypes/ConfChgL"
          }
        }
      },
      {
        "acceptedOrderModificationFeeActionTypeCode": "RatePerCon",
        "acceptedOrderModificationFeeActionTypeDescription": "Rate As Per Contract",
        "effectiveTimestamp": "2016-01-01T00:00:00",
        "expirationTimestamp": "2199-12-31T23:59:59",
        "lastUpdateTimestampString": "2017-04-18T23:01:00.9924588",
        "_links": {
          "self": {
            "href": "http://localhost:8081/ordermanagementreconsignmentservices/acceptedOrderModificationFeeActionTypes/RatePerCon"
          },
          "acceptedOrderModificationFeeActionType": {
            "href": "http://localhost:8081/ordermanagementreconsignmentservices/acceptedOrderModificationFeeActionTypes/RatePerCon"
          }
        }
      },
      {
        "acceptedOrderModificationFeeActionTypeCode": "UseNegoRt",
        "acceptedOrderModificationFeeActionTypeDescription": "Use Negotiated Rate",
        "effectiveTimestamp": "2016-01-01T00:00:00",
        "expirationTimestamp": "2199-12-31T23:59:59",
        "lastUpdateTimestampString": "2017-04-18T23:01:00.9924588",
        "_links": {
          "self": {
            "href": "http://localhost:8081/ordermanagementreconsignmentservices/acceptedOrderModificationFeeActionTypes/UseNegoRt"
          },
          "acceptedOrderModificationFeeActionType": {
            "href": "http://localhost:8081/ordermanagementreconsignmentservices/acceptedOrderModificationFeeActionTypes/UseNegoRt"
          }
        }
      },
      {
        "acceptedOrderModificationFeeActionTypeCode": "WaivRecFee",
        "acceptedOrderModificationFeeActionTypeDescription": "Waive Off Reconsignment Fee",
        "effectiveTimestamp": "2016-01-01T00:00:00",
        "expirationTimestamp": "2199-12-31T23:59:59",
        "lastUpdateTimestampString": "2017-04-18T23:01:00.9924588",
        "_links": {
          "self": {
            "href": "http://localhost:8081/ordermanagementreconsignmentservices/acceptedOrderModificationFeeActionTypes/WaivRecFee"
          },
          "acceptedOrderModificationFeeActionType": {
            "href": "http://localhost:8081/ordermanagementreconsignmentservices/acceptedOrderModificationFeeActionTypes/WaivRecFee"
          }
        }
      }
    ]
  },
  "_links": {
    "self": {
      "href": "http://localhost:8081/ordermanagementreconsignmentservices/acceptedOrderModificationFeeActionTypes"
    },
    "profile": {
      "href": "http://localhost:8081/ordermanagementreconsignmentservices/profile/acceptedOrderModificationFeeActionTypes"
    }
  },
  "page": {
    "size": 20,
    "totalElements": 4,
    "totalPages": 1,
    "number": 0
  }
}
