{
  "_embedded": {
    "acceptedOrderModificationFeeActionReasonTypes": [
      {
        "acceptedOrderModificationFeeActionReasonTypeCode": "AwtFinlDis",
        "acceptedOrderModificationFeeActionReasonTypeDescription": "Awaiting Final Disposition",
        "effectiveTimestamp": "2016-01-01T00:00:00",
        "expirationTimestamp": "2199-12-31T23:59:59",
        "lastUpdateTimestampString": "2017-04-18T23:01:00.9924588",
        "_links": {
          "self": {
            "href": "http://localhost:8081/ordermanagementreconsignmentservices/acceptedOrderModificationFeeActionReasonTypes/AwtFinlDis"
          },
          "acceptedOrderModificationFeeActionReasonType": {
            "href": "http://localhost:8081/ordermanagementreconsignmentservices/acceptedOrderModificationFeeActionReasonTypes/AwtFinlDis"
          }
        }
      },
      {
        "acceptedOrderModificationFeeActionReasonTypeCode": "CustReltn",
        "acceptedOrderModificationFeeActionReasonTypeDescription": "Customer Relations",
        "effectiveTimestamp": "2016-01-01T00:00:00",
        "expirationTimestamp": "2199-12-31T23:59:59",
        "lastUpdateTimestampString": "2017-04-18T23:01:00.9924588",
        "_links": {
          "self": {
            "href": "http://localhost:8081/ordermanagementreconsignmentservices/acceptedOrderModificationFeeActionReasonTypes/CustReltn"
          },
          "acceptedOrderModificationFeeActionReasonType": {
            "href": "http://localhost:8081/ordermanagementreconsignmentservices/acceptedOrderModificationFeeActionReasonTypes/CustReltn"
          }
        }
      },
      {
        "acceptedOrderModificationFeeActionReasonTypeCode": "JBHError",
        "acceptedOrderModificationFeeActionReasonTypeDescription": "JBH Error",
        "effectiveTimestamp": "2016-01-01T00:00:00",
        "expirationTimestamp": "2199-12-31T23:59:59",
        "lastUpdateTimestampString": "2017-04-18T23:01:00.9924588",
        "_links": {
          "self": {
            "href": "http://localhost:8081/ordermanagementreconsignmentservices/acceptedOrderModificationFeeActionReasonTypes/JBHError"
          },
          "acceptedOrderModificationFeeActionReasonType": {
            "href": "http://localhost:8081/ordermanagementreconsignmentservices/acceptedOrderModificationFeeActionReasonTypes/JBHError"
          }
        }
      }
    ]
  },
  "_links": {
    "self": {
      "href": "http://localhost:8081/ordermanagementreconsignmentservices/acceptedOrderModificationFeeActionReasonTypes"
    },
    "profile": {
      "href": "http://localhost:8081/ordermanagementreconsignmentservices/profile/acceptedOrderModificationFeeActionReasonTypes"
    }
  },
  "page": {
    "size": 20,
    "totalElements": 3,
    "totalPages": 1,
    "number": 0
  }
}
