[{
	"businessUnit": "JBI",
	"serviceOffering": [{
		"text": "Team Driving",
		"id": "Team Driving"
	}],
	"orderRuleCriteriaSetID": 5,
	"orderRuleDetailID": 41,
	"effectiveTimestamp": [2016, 1, 1, 0, 0],
	"expirationTimestamp": [2199, 12, 31, 23, 59, 59],
	"orderRuleCriteriaDetail": [{
		"orderRuleCriteriaDetailID": 17,
		"orderRuleCriteriaOperator": "O 1",
		"orderRuleCriteriaValue": "V 1",
		"orderRuleCriteria": {
			"orderRuleCriteriaCode": "BusUnit",
			"orderRuleCriteriaDescription": "Business Unit"
		}

	}, {
		"orderRuleCriteriaDetailID": 18,
		"orderRuleCriteriaOperator": "O 1",
		"orderRuleCriteriaValue": "V 1",
		"orderRuleCriteria": {
			"orderRuleCriteriaCode": "BusUnit",
			"orderRuleCriteriaDescription": "Business Unit"
		}

	}, {
		"orderRuleCriteriaDetailID": 19,
		"orderRuleCriteriaOperator": "O 1",
		"orderRuleCriteriaValue": "V 1",
		"orderRuleCriteria": {
			"orderRuleCriteriaCode": "BusUnit",
			"orderRuleCriteriaDescription": "Business Unit"
		}

	}],
	"orderRuleParameter": [],
	"lastUpdateTimestampString": [2017, 4, 24, 0, 7, 22, 102000000]
}]