{
  "(n)days": {
    "code": "(n)days",
    "desc": "(n) days",
    "type": "numberfield"
  },
  "(n)hours": {
    "code": "(n)hours",
    "desc": "(n) hours",
    "type": "numberfield"
  },
  "AftDermp": {
    "code": "AftDermp",
    "desc": "Amount Of Time After Deramp",
    "type": "numberfield"
  },
  "AppDtTm": {
    "code": "AppDtTm",
    "desc": "Time Beyond Appointment End Date And Time",
    "type": "numberfield"
  },
  "AppoThresh": {
    "code": "AppoThresh",
    "desc": "Appointment Rescheduled Threshold %",
    "type": "numberfield"
  },
  "CurrDate": {
    "code": "CurrDate",
    "desc": "Current Date + (n) Days ",
    "type": "numberfield"
  },
  "CurrDay": {
    "code": "CurrDay",
    "desc": "Current Day - (n) Days",
    "type": "numberfield"
  },
  "BeyndCrDt": {
    "code": "BeyndCrDt",
    "desc": "Time Beyond Current Date And Time",
    "type": "numberfield"
  },
  "BeyndDel": {
    "code": "BeyndDel",
    "desc": "Amount Of Time Beyond Delivery End Date And Time",
    "type": "numberfield"
  },
  "BeyndPck": {
    "code": "BeyndPck",
    "desc": "Amount Of Time Beyond Pickup End Date And Time",
    "type": "numberfield"
  },
  "BeyndSpnDt": {
    "code": "BeyndSpnDt",
    "desc": "Amount Of Time Beyond Spanning Dates",
    "type": "numberfield"
  },
  "DailyCom": {
    "code": "DailyCom",
    "desc": "Daily Commitment",
    "type": "numberfield"
  },
  "DI": {
    "code": "DI",
    "desc": "Desirability Index (n)",
    "type": "numberfield"
  },
  "ExisDate": {
    "code": "ExisDate",
    "desc": "Existing Date + (n) Days",
    "type": "numberfield"
  },
  "ExisTime": {
    "code": "ExisTime",
    "desc": "Existing Time + (n) hours ",
    "type": "numberfield"
  },
  "FxdTimeMin": {
    "code": "FxdTimeMin",
    "desc": "FIXED TIME (mins)",
    "type": "numberfield"
  },
  "ItmWtPcs": {
    "code": "ItmWtPcs",
    "desc": "Item Weights and Pieces",
    "type": "numberfield"
  },
  "OrdAccpt": {
    "code": "OrdAccpt",
    "desc": "Order Acceptance Time + (n) hours",
    "type": "numberfield"
  },
  "OrderQnty": {
    "code": "OrderQnty",
    "desc": "Order Quantity",
    "type": "numberfield"
  },
  "OrderVol": {
    "code": "OrderVol",
    "desc": "Order Volume",
    "type": "numberfield"
  },
  "OrderWt": {
    "code": "OrderWt",
    "desc": "Order Weight",
    "type": "numberfield"
  },
  "OrdPckBox": {
    "code": "OrdPckBox",
    "desc": "Order Packaging Quantity-Boxes",
    "type": "numberfield"
  },
  "OrdPckPalt": {
    "code": "OrdPckPalt",
    "desc": "Order Packaging Quantity-Pallet",
    "type": "numberfield"
  },
  "SpanDays": {
    "code": "SpanDays",
    "desc": "Spanning Days = (X) Days",
    "type": "numberfield"
  },
  "TrailrNo": {
    "code": "TrailrNo",
    "desc": "Trailer Number ",
    "type": "numberfield"
  },
  "TranRecoTm": {
    "code": "TranRecoTm",
    "desc": "Time Beyond Transit Vector Recommended Time",
    "type": "numberfield"
  },
  "WeekCom": {
    "code": "WeekCom",
    "desc": "Weekly Commitment ",
    "type": "numberfield"
  },
  "WeightVal": {
    "code": "WeightVal",
    "desc": "Weight type",
    "type": "numberfield"
  },
  "FxdThresh": {
    "code": "FxdThresh",
    "desc": "Fixed Threshold Weight (lbs)",
    "type": "numberfield"
  },
  "SchDrmpTm": {
    "code": "SchDrmpTm",
    "desc": "Time Ahead Of Scheduled Deramp Time",
    "type": "numberfield"
  },
  "Threshold": {
    "code": "Threshold%",
    "desc": "Threshold %",
    "type": "numberfield"
  },
  "(n) Number": {
    "code": "(n) Number",
    "desc": "(n) Number",
    "type": "numberfield"
  },
  "HourlySlct": {
    "code": "HourlySlct",
    "desc": "Hourly  selection from 01:00 hrs to 24:00 hrs",
    "type": "timefield"
  },
  "FxdTimeHr": {
    "code": "FxdTimeHr",
    "desc": "Fixed Time (hr)",
    "type": "timefield"
  },
  "FxdEndTime": {
    "code": "FxdEndTime",
    "desc": "Fixed End Time",
    "type": "timefield"
  },
  "BegEndTime": {
    "code": "BegEndTime",
    "desc": "Fixed Begin Time + Fixed End Time",
    "type": "timefield"
  },
  "AltSO": {
    "code": "AltSO",
    "desc": "Alternate Service Offering",
    "url": "/order/referencedataservices/serviceOfferings",
    "paramname": "",
    "responsenode": [
      "_embedded",
      "serviceOfferings"
    ],
    "responsecodeattr": [
      "serviceOfferingCode"
    ],
    "responsedescattr": [
      "serviceOfferingDescription"
    ],
    "type": "dropdown"
  },
  "ArrRDCLDC": {
    "code": "ArrRDCLDC",
    "desc": "Arrived at RDC/LDC [Y/N]",
    "data": [
      {
        "code": "Y",
        "description": "Yes"
      },
      {
        "code": "N",
        "description": "No"
      }
    ],
    "type": "boolean"
  },
  "BillParty": {
    "code": "BillParty",
    "desc": "Billing Party",
    "url": "/order/account-details/account_info/_search",
    "requestMethod": "post",
    "path": "['query']['bool']['should'][0]['query_string']['query']",
    "path1": "['query']['bool']['should'][1]['nested']['query']['query_string']['query']",
    "params": {
      "size": 5,
      "_source": [
        "OrganizationName",
        "PartyID",
        "CustomerCode",
        "partyaddresses.AddressLine1",
        "partyaddresses.AddressLine2",
        "partyaddresses.CityName",
        "partyaddresses.StateName",
        "partyaddresses.CountryName",
        "partyaddresses.PostalCode",
        "partyaddresses.PartyRoleTypeDescription"
      ],
      "query": {
        "bool": {
          "should": [
            {
              "query_string": {
                "fields": [
                  "OrganizationName^6",
                  "CustomerCode^3"
                ],
                "query": "*",
                "default_operator": "and"
              }
            },
            {
              "nested": {
                "path": "partyaddresses",
                "query": {
                  "query_string": {
                    "fields": [
                      "partyaddresses.AddressLine1^18",
                      "partyaddresses.AddressLine2^18",
                      "partyaddresses.CityName^15",
                      "partyaddresses.StateName^12",
                      "partyaddresses.PostalCode^9",
                      "partyaddresses.CountryName",
                      "OrganizationName"
                    ],
                    "query": "*",
                    "default_operator": "and"
                  }
                },
                "inner_hits": {
                  "size": 1,
                  "_source": {
                    "includes": [
                      "partyaddresses.AddressLine1",
                      "partyaddresses.AddressLine2",
                      "partyaddresses.CityName",
                      "partyaddresses.StateName",
                      "partyaddresses.CountryName",
                      "partyaddresses.PostalCode",
                      "partyaddresses.PartyRoleTypeDescription"
                    ]
                  }
                }
              }
            }
          ],
          "minimum_should_match": 1,
          "must": {
            "nested": {
              "path": "partyaddresses",
              "query": {
                "match": {
                  "partyaddresses.PartyRoleTypeDescription": "BILL TO"
                }
              }
            }
          }
        }
      }
    },
    "responsenodePath": "['hits']['hits']",
    "responsecodePath": "['_source']['CustomerCode']",
    "responsedescPath": "['_source']['OrganizationName']",
    "responseIdPath": "['_source']['PartyID']",
    "selectionAttr": "id",
    "type": "typeahead"
  },
  "BUServOffr": {
    "code": "BUServOffr",
    "desc": "Finance Business Unit Service Offering",
    "url": "/order/referencedataservices/serviceOfferings",
    "paramname": "",
    "responsenode": [
      "_embedded",
      "serviceOfferings"
    ],
    "responsecodeattr": [
      "serviceOfferingCode"
    ],
    "responsedescattr": [
      "serviceOfferingDescription"
    ],
    "type": "dropdown"
  },
  "BusUnit": {
    "code": "BusUnit",
    "desc": "Business Unit",
    "url": "/order/referencedataservices/serviceOfferingBusinessUnitTransitModeAssociations/search/fetchBusinessUnitCode",
    "paramname": "",
    "responsenode": [
      "_embedded",
      "serviceOfferingBusinessUnitTransitModeAssociations"
    ],
    "responsecodeattr": [
      "financeBusinessUnitServiceOfferingAssociation",
      "financeBusinessUnitCode"
    ],
    "responsedescattr": [
      "financeBusinessUnitServiceOfferingAssociation",
      "financeBusinessUnitCode"
    ],
    "type": "dropdown"
  },
  "CurrTime": {
    "code": "CurrTime",
    "desc": "Current Time + (n) hours",
    "type": "numberfield"
  },
  "CustAppoDt": {
    "code": "CustAppoDt",
    "desc": "Customer Appointment Date",
    "type": "datefield"
  },
  "CustAppoTm": {
    "code": "CustAppoTm",
    "desc": "Customer Appointment Time",
    "type": "timefield"
  },
  "Customer": {
    "code": "Customer",
    "desc": "Customer",
    "url": "/order/account-details/_search",
    "requestMethod": "post",
    "path": "['query']['bool']['must'][0]['query_string']['query']",
    "params": {
      "_source": [
        "PartyID",
        "OrganizationName",
        "CustomerCode"
      ],
      "size": 5,
      "query": {
        "bool": {
          "should": [
            {
              "query_string": {
                "fields": [
                  "OrganizationName",
                  "CustomerCode"
                ],
                "query": "*",
                "default_operator": "and"
              }
            }
          ]
        }
      }
    },
    "responsenodePath": "['hits']['hits']",
    "responsecodePath": "['_source']['CustomerCode']",
    "responsedescPath": "['_source']['OrganizationName']",
    "responseIdPath": "['_source']['PartyID']",
    "selectionAttr": "id",
    "type": "typeahead"
  },
  "FltCode": {
    "code": "FltCode",
    "desc": "Fleet Code",
    "requestMethod": "get",
    "url": "/order/ordermanagementintegrationservices/fleetCodes/findAllFleetCodes?start=0&end=10&",
    "paramname": "fleetcode",
    "responsenodePath": "",
    "responsecodePath": "['divisionCode']",
    "responsedescPath": "['description']",
    "responseIdPath": "['id']",
    "selectionAttr": "code",
    "type": "typeahead"
  },
  "Freetext": {
    "code": "Freetext",
    "desc": "Free text",
    "type": "textfield"
  },
  "FxdBegTime": {
    "code": "FxdBegTime",
    "desc": "Fixed Begin Time",
    "type": "timefield"
  },
  "IgnrOther": {
    "code": "IgnrOther",
    "desc": "Ignore Others (Y/N)",
    "data": [
      {
        "code": "Y",
        "description": "Yes"
      },
      {
        "code": "N",
        "description": "No"
      }
    ],
    "type": "boolean"
  },
  "Itemdesc": {
    "code": "Itemdesc",
    "desc": "Item Description",
    "requestMethod": "get",
    "url": "/order/ordermanagementintegrationservices/items/transactionalItem/",
    "paramname": "",
    "optionsfieldattr": "itemDescription",
    "responseattr": "",
    "selectionAttr": "id",
    "responsenodePath": "",
    "responsecodePath": "",
    "responsedescPath": "['itemDescription']",
    "responseIdPath": "['nmfcNumber']",
    "type": "typeahead"
  },
  "ItmWt": {
    "code": "ItmWt",
    "desc": "Item Weights and Pieces (Y/N)",
    "data": [
      {
        "code": "Y",
        "description": "Yes"
      },
      {
        "code": "N",
        "description": "No"
      }
    ],
    "type": "boolean"
  },
  "LOB": {
    "code": "LOB",
    "desc": "Line Of Business",
    "url": "/order/account-hierarchy/_search",
    "path": "['query']['bool']['must'][1]['query_string']['query']",
    "requestMethod": "post",
    "params": {
      "size": 0,
      "_source": [
        "OrganizationName",
        "Level"
      ],
      "query": {
        "bool": {
          "must": [
            {
              "query_string": {
                "default_field": "Level.keyword",
                "query": " Business Line ",
                "split_on_whitespace": false
              }
            },
            {
              "query_string": {
                "default_field": "OrganizationName",
                "query": "*"
              }
            }
          ]
        }
      },
      "aggs": {
        "unique": {
          "terms": {
            "field": "OrganizationName.keyword",
            "size": 5
          },
          "aggs": {
            "Level": {
              "top_hits": {
                "_source": {
                  "includes": [
                    "OrganizationName",
                    "Level",
                    "OrganizationID"
                  ]
                },
                "size": 1
              }
            }
          }
        }
      }
    },
    "responsenodePath": "['aggregations']['unique']['buckets']",
    "responsecodePath": "",
    "responsedescPath": "['Level']['hits']['hits'][0]['_source']['OrganizationName']",
    "responseIdPath": "['Level']['hits']['hits'][0]['_source']['OrganizationID']",
    "selectionAttr": "id",
    "type": "typeahead"
  },
  "ProjCode": {
    "code": "ProjCode",
    "desc": "Project Code",
    "type": "textfield"
  },
  "RefNumber": {
    "code": "RefNumber",
    "desc": "Reference Number (Y/N)",
    "data": [
      {
        "code": "Y",
        "description": "Yes"
      },
      {
        "code": "N",
        "description": "No"
      }
    ],
    "type": "boolean"
  },
  "RefNumTyp": {
    "code": "RefNumTyp",
    "desc": "Reference No. Type",
    "url": "/order/referencedataservices/referenceNumberTypes?size=100",
    "paramname": "",
    "responsenode": [
      "_embedded",
      "referenceNumberTypes"
    ],
    "responsecodeattr": [
      "referenceNumberTypeCode"
    ],
    "responsedescattr": [
      "referenceNumberTypeDescription"
    ],
    "type": "dropdown"
  },
  "ServOffr": {
    "code": "ServOffr",
    "desc": "Service Offering",
    "url": "/order/referencedataservices/serviceOfferings",
    "paramname": "",
    "responsenode": [
      "_embedded",
      "serviceOfferings"
    ],
    "responsecodeattr": [
      "serviceOfferingCode"
    ],
    "responsedescattr": [
      "serviceOfferingDescription"
    ],
    "type": "dropdown"
  },
  "SndWMS": {
    "code": "SndWMS",
    "desc": "Send to WMS = Yes/No",
    "data": [
      {
        "code": "Yes",
        "description": "Yes"
      },
      {
        "code": "No",
        "description": "No"
      }
    ],
    "type": "boolean"
  },
  "SolicitCon": {
    "code": "SolicitCon",
    "desc": "Solicitor Contact",
    "path": "['query']['bool']['must'][0]['query_string']['query']",
    "path1": "['query']['bool']['must'][1]['query_string']['query']",
    "requestMethod": "post",
    "url": "/order/contact-account/contact_info/_search",
    "params": {
      "size": 5,
      "_source": [
        "Name",
        "TelephoneNumber",
        "Email",
        "PartyId",
        "AddressID",
        "TelephoneID",
        "EmailID",
        "PersonRoleTypeCode",
        "PersonId"
      ],
      "query": {
        "bool": {
          "must": [
            {
              "query_string": {
                "default_field": "Name",
                "query": "*",
                "default_operator": "AND"
              }
            }
          ]
        }
      }
    },
    "responsenodePath": "['hits']['hits']",
    "responsecodePath": "['_source']['PersonRoleTypeCode']",
    "responsedescPath": "['_source']['Name']",
    "responseIdPath": "['_source']['PersonId']",
    "selectionAttr": "name",
    "type": "typeahead"
  },
  "SolParty": {
    "code": "SolParty",
    "desc": "Solicitor Party",
    "path": "['query']['bool']['must'][0]['query_string']['query']",
    "path1": "['query']['bool']['must'][1]['query_string']['query']",
    "requestMethod": "post",
    "url": "/order/contact-account/contact_info/_search",
    "params": {
      "size": 5,
      "_source": [
        "Name",
        "TelephoneNumber",
        "Email",
        "PartyId",
        "AddressID",
        "TelephoneID",
        "EmailID",
        "PersonRoleTypeCode",
        "PersonId"
      ],
      "query": {
        "bool": {
          "must": [
            {
              "query_string": {
                "default_field": "Name",
                "query": "*",
                "default_operator": "AND"
              }
            }
          ]
        }
      }
    },
    "responsenodePath": "['hits']['hits']",
    "responsecodePath": "['_source']['PersonRoleTypeCode']",
    "responsedescPath": "['_source']['Name']",
    "responseIdPath": "['_source']['PersonId']",
    "selectionAttr": "id",
    "type": "typeahead"
  },
  "StopReason": {
    "code": "StopReason",
    "desc": "StopReason",
    "url": "/order/ordermanagementreferencedataservices/stopReasons",
    "paramname": "",
    "responsenode": [
      "_embedded",
      "stopReasons"
    ],
    "responsecodeattr": [
      "stopReasonCode"
    ],
    "responsedescattr": [
      "stopReasonDescription"
    ],
    "type": "dropdown"
  },
  "TrailerNo": {
    "code": "TrailerNo",
    "desc": "Trailer Number (Y/N)",
    "data": [
      {
        "code": "Y",
        "description": "Yes"
      },
      {
        "code": "N",
        "description": "No"
      }
    ],
    "type": "boolean"
  }
}