{
  "took": 16,
  "timed_out": false,
  "_shards": {
    "total": 5,
    "successful": 5,
    "failed": 0
  },
  "hits": {
    "total": 4516,
    "max_score": 10.880895,
    "hits": [
      {
        "_index": "accountinfo",
        "_type": "accountdetails",
        "_id": "AVtHj-WJC_EewLwWsuxX",
        "_score": 10.880895,
        "_source": {
          "Zip": "97913",
          "AccountRole": "RECEIVER",
          "GPS": "43.88000000,116.99000000",
          "City": "NYSSA",
          "message": "211 EAST 2ND STREET,,WC CONSTRUCTION,WCNY1,5555555555,          ,\"43.88000000,116.99000000\",NYSSA,OR,97913,HJBT JBDCS,USA,RECEIVER\r",
          "BINNumber": "          ",
          "AddressLine2": null,
          "AddressLine1": "211 EAST 2ND STREET",
          "@timestamp": "2017-04-07T08:37:44.125Z",
          "State": "OR",
          "BusinessUnit": "HJBT JBDCS",
          "AccountCode": "WCNY1",
          "PhoneNumber": "5555555555",
          "Country": "USA",
          "AccountName": "WC CONSTRUCTION"
        },
        "highlight": {
          "City": [
            "<em>NYSSA</em>"
          ]
        }
      },
      {
        "_index": "accountinfo",
        "_type": "accountdetails",
        "_id": "AVtHlO35C_EewLwWtAs9",
        "_score": 10.874439,
        "_source": {
          "Zip": "97913",
          "AccountRole": "RECEIVER",
          "GPS": "43.88000000,116.99000000",
          "City": "NYSSA",
          "message": "DUMMY ADDRESS FOR JOBSITE,\"JOB SITE,ZIPCODE-97913\",97913-1  JOB SITE,WE979131,5018200000,,\"43.88000000,116.99000000\",NYSSA,OR,97913,HJBT JBDCS,USA,RECEIVER\r",
          "BINNumber": null,
          "AddressLine2": "JOB SITE,ZIPCODE-97913",
          "AddressLine1": "DUMMY ADDRESS FOR JOBSITE",
          "@timestamp": "2017-04-07T08:43:13.929Z",
          "State": "OR",
          "BusinessUnit": "HJBT JBDCS",
          "AccountCode": "WE979131",
          "PhoneNumber": "5018200000",
          "Country": "USA",
          "AccountName": "97913-1  JOB SITE"
        },
        "highlight": {
          "City": [
            "<em>NYSSA</em>"
          ]
        }
      },
      {
        "_index": "accountinfo",
        "_type": "accountdetails",
        "_id": "AVtHlO35C_EewLwWtAs-",
        "_score": 10.872264,
        "_source": {
          "Zip": "97913",
          "AccountRole": "SHIPPER",
          "GPS": "43.88000000,116.99000000",
          "City": "NYSSA",
          "message": "DUMMY ADDRESS FOR JOBSITE,\"JOB SITE,ZIPCODE-97913\",97913-1  JOB SITE,WE979131,5018200000,,\"43.88000000,116.99000000\",NYSSA,OR,97913,HJBT JBDCS,USA,SHIPPER\r",
          "BINNumber": null,
          "AddressLine2": "JOB SITE,ZIPCODE-97913",
          "AddressLine1": "DUMMY ADDRESS FOR JOBSITE",
          "@timestamp": "2017-04-07T08:43:13.929Z",
          "State": "OR",
          "BusinessUnit": "HJBT JBDCS",
          "AccountCode": "WE979131",
          "PhoneNumber": "5018200000",
          "Country": "USA",
          "AccountName": "97913-1  JOB SITE"
        },
        "highlight": {
          "City": [
            "<em>NYSSA</em>"
          ]
        }
      },
      {
        "_index": "accountinfo",
        "_type": "accountdetails",
        "_id": "AVtHkfAdC_EewLwWs2EE",
        "_score": 7.097513,
        "_source": {
          "Zip": "10994",
          "AccountRole": "RECEIVER",
          "GPS": "41.09341700,73.96713400",
          "City": "WEST NYACK",
          "message": "95 WEST NYACK WAY,,YABOO FENCE,YAWE1,8453580118,701328854,\"41.09341700,73.96713400\",WEST NYACK,NY,10994,HJBT JBDCS,USA,RECEIVER\r",
          "BINNumber": "701328854",
          "AddressLine2": null,
          "AddressLine1": "95 WEST NYACK WAY",
          "@timestamp": "2017-04-07T08:39:57.861Z",
          "State": "NY",
          "BusinessUnit": "HJBT JBDCS",
          "AccountCode": "YAWE1",
          "PhoneNumber": "8453580118",
          "Country": "USA",
          "AccountName": "YABOO FENCE"
        },
        "highlight": {
          "State": [
            "<em>NY</em>"
          ],
          "City": [
            "WEST <em>NYACK</em>"
          ]
        }
      },
      {
        "_index": "accountinfo",
        "_type": "accountdetails",
        "_id": "AVtHjgwhC_EewLwWsn31",
        "_score": 7.088984,
        "_source": {
          "Zip": "10994 2215      ",
          "AccountRole": "RECEIVER",
          "GPS": "41.09000000,73.98000000",
          "City": "WEST NYACK",
          "message": "4 CENTEROCK RD,,VERIZON WIRELESS,VEWE59,9142632700,701780312,\"41.09000000,73.98000000\",WEST NYACK,NY,10994 2215      ,HJBT JBDCS,USA,RECEIVER\r",
          "BINNumber": "701780312",
          "AddressLine2": null,
          "AddressLine1": "4 CENTEROCK RD",
          "@timestamp": "2017-04-07T08:35:42.933Z",
          "State": "NY",
          "BusinessUnit": "HJBT JBDCS",
          "AccountCode": "VEWE59",
          "PhoneNumber": "9142632700",
          "Country": "USA",
          "AccountName": "VERIZON WIRELESS"
        },
        "highlight": {
          "State": [
            "<em>NY</em>"
          ],
          "City": [
            "WEST <em>NYACK</em>"
          ]
        }
      }
    ]
  }
}