{
	"_embedded": {
		"orderReconsignmentReasons": [{
					"orderReconsignmentReasonCode": "CustError",
					"orderReconsignmentReasonDescription": "Customer Error",
					"effectiveTimestamp": "2016-01-01T00:00:00",
					"expirationTimestamp": "2199-12-31T23:59:59",
					"lastUpdateTimestampString": "2017-04-18T22:59:14.8942271",
					"_links": {
						"self": {
							"href": "http://jvdweb12801.jbhunt.com/ordermanagementreconsignmentservices/orderReconsignmentReasons/CustError"
						},
						"_links": {
							"self": {
								"href": "http://jvdweb12801.jbhunt.com/ordermanagementreconsignmentservices/orderReconsignmentReasons"
							},
							"profile": {
								"href": "http://jvdweb12801.jbhunt.com/ordermanagementreconsignmentservices/profile/orderReconsignmentReasons"
							},
							"search": {
								"href": "http://jvdweb12801.jbhunt.com/ordermanagementreconsignmentservices/orderReconsignmentReasons/search"
							}
						},
						"page": {
							"size": 20,
							"totalElements": 8,
							"totalPages": 1,
							"number": 0
						}
					}
				}, {
					"orderReconsignmentReasonCode": "CustError2",
					"orderReconsignmentReasonDescription": "Customer Error2",
					"effectiveTimestamp": "2016-01-01T00:00:00",
					"expirationTimestamp": "2199-12-31T23:59:59",
					"lastUpdateTimestampString": "2017-04-18T22:59:14.8942271",
					"_links": {
						"self": {
							"href": "http://jvdweb12801.jbhunt.com/ordermanagementreconsignmentservices/orderReconsignmentReasons/CustError"
						},
						"_links": {
							"self": {
								"href": "http://jvdweb12801.jbhunt.com/ordermanagementreconsignmentservices/orderReconsignmentReasons"
							},
							"profile": {
								"href": "http://jvdweb12801.jbhunt.com/ordermanagementreconsignmentservices/profile/orderReconsignmentReasons"
							},
							"search": {
								"href": "http://jvdweb12801.jbhunt.com/ordermanagementreconsignmentservices/orderReconsignmentReasons/search"
							}
						},
						"page": {
							"size": 20,
							"totalElements": 8,
							"totalPages": 1,
							"number": 0
						}
					}
				}, {
					"orderReconsignmentReasonCode": "CustError3",
					"orderReconsignmentReasonDescription": "Customer Error3",
					"effectiveTimestamp": "2016-01-01T00:00:00",
					"expirationTimestamp": "2199-12-31T23:59:59",
					"lastUpdateTimestampString": "2017-04-18T22:59:14.8942271",
					"_links": {
						"self": {
							"href": "http://jvdweb12801.jbhunt.com/ordermanagementreconsignmentservices/orderReconsignmentReasons/CustError"
						},
						"_links": {
							"self": {
								"href": "http://jvdweb12801.jbhunt.com/ordermanagementreconsignmentservices/orderReconsignmentReasons"
							},
							"profile": {
								"href": "http://jvdweb12801.jbhunt.com/ordermanagementreconsignmentservices/profile/orderReconsignmentReasons"
							},
							"search": {
								"href": "http://jvdweb12801.jbhunt.com/ordermanagementreconsignmentservices/orderReconsignmentReasons/search"
							}
						},
						"page": {
							"size": 20,
							"totalElements": 8,
							"totalPages": 1,
							"number": 0
						}
					}
				}, {
					"orderReconsignmentReasonCode": "CustError",
					"orderReconsignmentReasonDescription": "Customer Error",
					"effectiveTimestamp": "2016-01-01T00:00:00",
					"expirationTimestamp": "2199-12-31T23:59:59",
					"lastUpdateTimestampString": "2017-04-18T22:59:14.8942271",
					"_links": {
						"self": {
							"href": "http://jvdweb12801.jbhunt.com/ordermanagementreconsignmentservices/orderReconsignmentReasons/CustError"
						},
						"_links": {
							"self": {
								"href": "http://jvdweb12801.jbhunt.com/ordermanagementreconsignmentservices/orderReconsignmentReasons"
							},
							"profile": {
								"href": "http://jvdweb12801.jbhunt.com/ordermanagementreconsignmentservices/profile/orderReconsignmentReasons"
							},
							"search": {
								"href": "http://jvdweb12801.jbhunt.com/ordermanagementreconsignmentservices/orderReconsignmentReasons/search"
							}
						},
						"page": {
							"size": 20,
							"totalElements": 8,
							"totalPages": 1,
							"number": 0
						}
					}
				}]}}