{
   "orderReconsignmentID": "3",
   "acceptedOrderModificationID": "1",
   "orderID": "1",
   "orderReconsignmentReasonCode": "",
   "orderReconsignmentStatusCode": "",
   "driverCurrentLocationStateCode": "WA",
   "driverCurrentLocationCityName": "RENTON",
   "driverCurrentLocationLongitude": -122.231698,
   "driverCurrentLocationLatitude": 47.465894,
   "orderReconsignmentComment": "",
   "preApprovalText": "Redelivery / Reconsignment Request to deliver at a later date/time to same delivery location or to deliver to a different delivery location $1.40/mile (USD) or $200 (USD) Min Charge for USA $1.75/mile (CAD) or $250 (CAD) Min Charge for Can Fuel Surcharge does not apply for these miles **Same rates apply for Refused/Returned (if customer refuses all or part of shipment)**",
   "standardFee": "150.00",
   "ruleCheck": "true",
   "orderOwnerCheck": "true",
   "orderChannel": "",
   "businessUnit": "",
   "serviceOffering": "",
   "driverLocationDTO": {
      "driverCurrentCountryName": "USA",
      "driverCurrentAddress": "1101 SW 16TH AVE STE 110",
      "driverCurrentPostCode": "98055",
      "driverCurrentLocationCode": "",
      "driverName": "",
      "currentTime": "2017-05-19 01:34:03.4760000 -05:00"
   },

   "orderReconsignmentFeeDTO": {
      "orderReconsignmentFeeID": "",
      "orderReconsignmentID": "",
      "orderReconsignmentFeeActionTypeCode": "",
      "orderReconsignmentFeeActionReasonTypeCode": "",
      "orderReconsignmentCustomNegotiatedFeeAmount": "",
      "orderReconsignmentFeeComment": ""
   }
}