{
    "content": [
        {
            "type": "Change",
            "userId": "John Michel A",
            "attribute": "Reconsignment",
            "result": "Added Stop Details",
            "from": null,
            "to": null,
            "date": "07/07/2017",
            "time": "02:21",
            "captureDetails": null,
            "reconsignmentDetails": null,
            "acceptedRules": null,
            "ruleResults": null,
            "trackingStatus": null
        },
        {
            "type": "Change",
            "userId": "John Michel A",
            "attribute": "Reconsignment",
            "result": "Added Stop Details",
            "from": null,
            "to": null,
            "date": "07/07/2017",
            "time": "02:39",
            "captureDetails": null,
            "reconsignmentDetails": null,
            "acceptedRules": null,
            "ruleResults": null,
            "trackingStatus": null
        },
        {
            "type": "Change",
            "userId": "John Michel A",
            "attribute": "Reconsignment",
            "result": "Added Stop Details",
            "from": null,
            "to": null,
            "date": "07/07/2017",
            "time": "02:46",
            "captureDetails": null,
            "reconsignmentDetails": null,
            "acceptedRules": null,
            "ruleResults": null,
            "trackingStatus": null
        },
        {
            "type": "Change",
            "userId": "John Michel A",
            "attribute": "Reconsignment",
            "result": "Added Stop Details",
            "from": null,
            "to": null,
            "date": "07/07/2017",
            "time": "02:52",
            "captureDetails": null,
            "reconsignmentDetails": null,
            "acceptedRules": null,
            "ruleResults": null,
            "trackingStatus": null
        },
        {
            "type": "Change",
            "userId": "John Michel A",
            "attribute": "Reconsignment",
            "result": "Added Stop Details",
            "from": null,
            "to": null,
            "date": "07/07/2017",
            "time": "02:55",
            "captureDetails": null,
            "reconsignmentDetails": null,
            "acceptedRules": null,
            "ruleResults": null,
            "trackingStatus": null
        },
        {
            "type": "Change",
            "userId": "John Michel A",
            "attribute": "Reconsignment",
            "result": "Added Stop Details",
            "from": null,
            "to": null,
            "date": "07/07/2017",
            "time": "02:58",
            "captureDetails": null,
            "reconsignmentDetails": null,
            "acceptedRules": null,
            "ruleResults": null,
            "trackingStatus": null
        },
        {
            "type": "Change",
            "userId": "John Michel A",
            "attribute": "Reconsignment",
            "result": "Added Stop Details",
            "from": null,
            "to": null,
            "date": "07/07/2017",
            "time": "03:02",
            "captureDetails": null,
            "reconsignmentDetails": null,
            "acceptedRules": null,
            "ruleResults": null,
            "trackingStatus": null
        },
        {
            "type": "Change",
            "userId": "John Michel A",
            "attribute": "Reconsignment",
            "result": "Added Stop Details",
            "from": null,
            "to": null,
            "date": "07/07/2017",
            "time": "04:30",
            "captureDetails": null,
            "reconsignmentDetails": null,
            "acceptedRules": null,
            "ruleResults": null,
            "trackingStatus": null
        },
        {
            "type": "Capture",
            "userId": "John Michel A",
            "attribute": null,
            "result": null,
            "from": null,
            "to": null,
            "date": "11/07/2017",
            "time": "01:34",
            "captureDetails": null,
            "reconsignmentDetails": {
                "ReconsignmentFee": "100.00",
                "Comments": "comment",
                "ReasonForReconsignment": "JBHError"
            },
            "acceptedRules": null,
            "ruleResults": null,
            "trackingStatus": null
        },
        {
            "type": "Capture",
            "userId": "John Michel A",
            "attribute": null,
            "result": null,
            "from": null,
            "to": null,
            "date": "11/07/2017",
            "time": "02:14",
            "captureDetails": null,
            "reconsignmentDetails": {
                "ReconsignmentFee": "100.00",
                "Comments": "comment",
                "ReasonForReconsignment": "JB Hunt Error"
            },
            "acceptedRules": null,
            "ruleResults": null,
            "trackingStatus": null
        }
    ],
    "last": false,
    "totalPages": 2,
    "totalElements": 11,
    "size": 10,
    "number": 0,
    "sort": null,
    "numberOfElements": 10,
    "first": true
}